phase,present_count,present_percentage,mean_mol,std_mol,min_mol,max_mol,median_mol,mean_kg,std_kg
C-S-H_1.0,4928,100.0,0.419712654024298,0.22684372886457496,0.08508339,0.98000264,0.38841403808406244,0.07135115118413063,0.038563433906977744
Calcite,4224,85.71428571428571,0.012713794358015909,0.008504115890952572,0.0019212131924999,0.03875871,0.01094535954749995,0.001272523677293773,0.0008511769595254514
Ettringite,4480,90.9090909090909,0.011746969708333303,0.008530843829290171,0.000854325,0.0341730033333333,0.0093975758333333,0.014742446983958254,0.010706209005759207
Hydrotalcite,4928,100.0,0.029047697045454512,0.013399609908681031,0.010725876,0.063447168,0.025865661,0.012868129791136336,0.005936027189545703
Silica_gel,4928,100.0,1.044482087353543,0.2713973045486636,0.4105375299999999,1.7744546600000002,1.03107418389,0.06275248380820082,0.016305550057283714
