{
  "converged": false,
  "phases": {},
  "bulk_composition": {
    "Ca": 1.909320402078782,
    "Si": 0.7587799816000169,
    "Al": 0.39875668530619457,
    "Fe": 0.0811711076089411,
    "Mg": 0.030802720847112434,
    "K": 0.03186841117373119,
    "Na": 0.017394178221021083,
    "S": 0.14695846277645586,
    "C": 0.3875664116805573,
    "O": 4.8789978831283785,
    "H": 5.789654700855298
  },
  "pH": null,
  "ionic_strength": null,
  "temperature_K": 298.15,
  "pressure_bar": 1.01325,
  "gibbs_energy": null
}