{
  "converged": true,
  "phases": {
    "Portlandite": 0.09275410183585496,
    "CSH_TobH": 0.20508382534881905,
    "Ettringite": 0.026473485619598267,
    "Monosulfate": 0.011257167427469371,
    "Calcite": 0.06364104112637804,
    "Monocarboaluminate": 0.0094306794322898
  },
  "bulk_composition": {
    "Ca": 1.4103829230356297,
    "Si": 1.2555511385430487,
    "Al": 0.26863944964748676,
    "Fe": 0.0576979909828793,
    "Mg": 0.021590058116550723,
    "K": 0.016448851490160177,
    "Na": 0.04718790609370292,
    "S": 0.1308120379564417,
    "C": 0.31670187825521173,
    "O": 4.742921180375435,
    "H": 5.607344153798229
  },
  "pH": 12.508570691164703,
  "ionic_strength": 1.3890797687113117,
  "temperature_K": 298.15,
  "pressure_bar": 1.01325,
  "gibbs_energy": -17507.07770851125
}