{
  "converged": true,
  "phases": {
    "Portlandite": 0.06134735212405891,
    "CSH_TobH": 0.3849387236557126,
    "Ettringite": 0.07264036120285886,
    "Monosulfate": 0.020317665108606227,
    "Calcite": 0.06599840460341791,
    "Monocarboaluminate": 0.024516666006036473
  },
  "bulk_composition": {
    "Ca": 1.0931027678058993,
    "Si": 1.3972157579533269,
    "Al": 0.47012541714899914,
    "Fe": 0.1133101457273268,
    "Mg": 0.023561191641948028,
    "K": 0.023968382984506438,
    "Na": 0.03903822715480958,
    "S": 0.1397110259952577,
    "C": 0.44354321213255865,
    "O": 4.559751091715247,
    "H": 5.284063292308575
  },
  "pH": 12.555200811599462,
  "ionic_strength": 0.9355806940272078,
  "temperature_K": 298.15,
  "pressure_bar": 1.01325,
  "gibbs_energy": -17581.477090995482
}