{
  "converged": true,
  "phases": {
    "Portlandite": 0.12712703466859457,
    "CSH_TobH": 0.21480893034681808,
    "Ettringite": 0.041507943712656356,
    "Monosulfate": 0.014634762381005188,
    "Calcite": 0.08631034258755936,
    "Monocarboaluminate": 0.018698943804826736
  },
  "bulk_composition": {
    "Ca": 1.325183322026747,
    "Si": 1.229606178338064,
    "Al": 0.39126724140656394,
    "Fe": 0.13872127425763264,
    "Mg": 0.028888597006477973,
    "K": 0.014783769837532068,
    "Na": 0.0385297914889198,
    "S": 0.12607850486168976,
    "C": 0.2806385987847481,
    "O": 4.541934359909122,
    "H": 4.9875911927287815
  },
  "pH": 12.33089802485265,
  "ionic_strength": 0.3762700203432283,
  "temperature_K": 298.15,
  "pressure_bar": 1.01325,
  "gibbs_energy": -16890.176782843377
}