{
  "converged": true,
  "phases": {
    "Portlandite": 0.14218742350231167,
    "CSH_TobH": 0.2176985004103839,
    "Ettringite": 0.03175897174514871,
    "Monosulfate": 0.011809091556421522,
    "Calcite": 0.032533033076326434,
    "Monocarboaluminate": 0.01166031869068446
  },
  "bulk_composition": {
    "Ca": 1.2809345096873808,
    "Si": 1.0426960831582486,
    "Al": 0.2422772674924288,
    "Fe": 0.13021969807540396,
    "Mg": 0.012982025747190833,
    "K": 0.049475477464020694,
    "Na": 0.040889790771866295,
    "S": 0.06987156815341725,
    "C": 0.0027610585618011996,
    "O": 4.6309228569096685,
    "H": 5.413714687695235
  },
  "pH": 12.271349031773896,
  "ionic_strength": 1.2944850109823152,
  "temperature_K": 298.15,
  "pressure_bar": 1.01325,
  "gibbs_energy": -16432.466733064106
}