mix_id,R,f_FA,yCO2,w_SS,w_b,pH,C-S-H_1.0_kg,Calcite_kg,Ettringite_kg,Hydrotalcite_kg,Silica_gel_kg
MIX_1797,0.6,0.5,0.0,0.03,1.4,10.5,0.0586842465,0.0,0.0107217787499999,0.010953984804,0.0609089994608
MIX_1813,0.6,0.5,0.15,0.03,1.4,9.7400625,0.0581923702276781,0.000289599388804,0.0107217787499999,0.010953984804,0.0610828343222182
MIX_1829,0.6,0.5,0.2,0.03,1.4,9.48675,0.05780979979365,0.0005148433578739,0.0107217787499999,0.010953984804,0.0612180392144324
MIX_1845,0.6,0.5,0.25,0.03,1.4,9.2334375,0.0573179235213281,0.000804442746678,0.0107217787499999,0.010953984804,0.0613918740758506
MIX_1861,0.6,0.5,0.3,0.03,1.4,8.980125000000001,0.0567167414107125,0.0011583975552163,0.0107217787499999,0.010953984804,0.0616043389064729
MIX_1877,0.6,0.5,0.35,0.03,1.4,8.7268125,0.0560062549690125,0.0015767068960972,0.0107217787499999,0.010953984804,0.0618554331736337
MIX_1893,0.6,0.5,0.4,0.03,1.4,8.5,0.055232201,0.0020324425535,0.0107217787499999,0.010953984804,0.0621289929527999
