mix_id,R,f_FA,yCO2,w_SS,w_b,pH,C-S-H_1.0_kg,Calcite_kg,Ettringite_kg,Hydrotalcite_kg,Silica_gel_kg
MIX_1349,0.6,0.1,0.0,0.03,1.4,10.5,0.0786195515,0.0,0.0192992038416666,0.014752597725,0.0459801924896
MIX_1365,0.6,0.1,0.15,0.03,1.4,9.7400625,0.0781276752276781,0.000289599388804,0.0192992038416666,0.014752597725,0.0461540273510182
MIX_1381,0.6,0.1,0.2,0.03,1.4,9.48675,0.07774510479365,0.0005148433578739,0.0192992038416666,0.014752597725,0.0462892322432324
MIX_1397,0.6,0.1,0.25,0.03,1.4,9.2334375,0.0772532285213281,0.000804442746678,0.0192992038416666,0.014752597725,0.0464630671046506
MIX_1413,0.6,0.1,0.3,0.03,1.4,8.980125000000001,0.0766520464107125,0.0011583975552163,0.0192992038416666,0.014752597725,0.0466755319352729
MIX_1429,0.6,0.1,0.35,0.03,1.4,8.7268125,0.0759415599690125,0.0015767068960972,0.0192992038416666,0.014752597725,0.0469266262024337
MIX_1445,0.6,0.1,0.4,0.03,1.4,8.5,0.075167506,0.0020324425535,0.0192992038416666,0.014752597725,0.0472001859816
