{
  "converged": true,
  "method": "simplified_thermodynamic_model",
  "note": "Using simplified model until Cemdata18 integration complete",
  "temperature_K": 298.15,
  "pressure_bar": 1.01325,
  "CO2_fraction": 0.3,
  "pCO2_bar": 0.303975,
  "phases": {
    "Calcite": {
      "moles": 0.009012197604375,
      "mass_kg": 0.0009020308582218937
    },
    "C-S-H_1.0": {
      "moles": 0.150713462395625,
      "mass_kg": 0.02562128860725625
    },
    "Silica_gel": {
      "moles": 1.035900617604375,
      "mass_kg": 0.062236909105670854
    },
    "Ettringite": {
      "moles": 0.0034173,
      "mass_kg": 0.0042887114999999995
    },
    "Hydrotalcite": {
      "moles": 0.015013247999999998,
      "mass_kg": 0.006650868863999999
    }
  },
  "pH": 8.980125000000001,
  "pe": 4.0,
  "Eh": 0.24,
  "system_mass_kg": 0.099699808935149,
  "input_composition": {
    "Ca": 0.15972566,
    "Si": 1.18661408,
    "Al": 0.47516852,
    "Fe": 0.07330786,
    "Mg": 0.05004416,
    "K": 0.06410463,
    "Na": 0.05536969,
    "S": 0.0205038,
    "O": 6.8811855,
    "H": 6.66101223,
    "C": 0.01185913
  },
  "execution_time": 1.0013580322265625e-05,
  "mix_id": "MIX_0743",
  "input_file": "/teamspace/studios/this_studio/inputs/generated/MIX_0743.inp"
}