{
  "converged": true,
  "method": "simplified_thermodynamic_model",
  "note": "Using simplified model until Cemdata18 integration complete",
  "temperature_K": 298.15,
  "pressure_bar": 1.01325,
  "CO2_fraction": 0.35,
  "pCO2_bar": 0.3546375,
  "phases": {
    "Calcite": {
      "moles": 0.011685545005312499,
      "mass_kg": 0.001169606199581728
    },
    "C-S-H_1.0": {
      "moles": 0.1480401149946875,
      "mass_kg": 0.025166819549096876
    },
    "Silica_gel": {
      "moles": 1.0372212250053126,
      "mass_kg": 0.06231625119831918
    },
    "Ettringite": {
      "moles": 0.0034173,
      "mass_kg": 0.0042887114999999995
    },
    "Hydrotalcite": {
      "moles": 0.015013247999999998,
      "mass_kg": 0.006650868863999999
    }
  },
  "pH": 8.7268125,
  "pe": 4.0,
  "Eh": 0.24,
  "system_mass_kg": 0.09959225731099777,
  "input_composition": {
    "Ca": 0.15972566,
    "Si": 1.18526134,
    "Al": 0.47516852,
    "Fe": 0.07330786,
    "Mg": 0.05004416,
    "K": 0.06410463,
    "Na": 0.05274692,
    "S": 0.0205038,
    "O": 6.380235,
    "H": 5.6618604,
    "C": 0.01318027
  },
  "execution_time": 1.239776611328125e-05,
  "mix_id": "MIX_0758",
  "input_file": "/teamspace/studios/this_studio/inputs/generated/MIX_0758.inp"
}