{
  "converged": true,
  "method": "simplified_thermodynamic_model",
  "note": "Using simplified model until Cemdata18 integration complete",
  "temperature_K": 298.15,
  "pressure_bar": 1.01325,
  "CO2_fraction": 0.15,
  "pCO2_bar": 0.1519875,
  "phases": {
    "Calcite": {
      "moles": 0.004067345086874999,
      "mass_kg": 0.00040710056974531866
    },
    "C-S-H_1.0": {
      "moles": 0.731826254913125,
      "mass_kg": 0.12441046333523126
    },
    "Silica_gel": {
      "moles": 0.576695405086875,
      "mass_kg": 0.03464785993761945
    },
    "Ettringite": {
      "moles": 0.02562975166666667,
      "mass_kg": 0.03216533834166667
    },
    "Hydrotalcite": {
      "moles": 0.049446213,
      "mass_kg": 0.021904672359
    }
  },
  "pH": 9.7400625,
  "pe": 4.0,
  "Eh": 0.24,
  "system_mass_kg": 0.2135354345432627,
  "input_composition": {
    "Ca": 0.7358936,
    "Si": 1.30852166,
    "Al": 0.60617116,
    "Fe": 0.05961618,
    "Mg": 0.16482071,
    "K": 0.05860121,
    "Na": 0.09995686,
    "S": 0.15377851,
    "O": 13.57125263,
    "H": 16.9855811,
    "C": 0.01070442
  },
  "execution_time": 8.344650268554688e-06,
  "mix_id": "MIX_2486",
  "input_file": "/teamspace/studios/this_studio/inputs/generated/MIX_2486.inp"
}