{
  "converged": true,
  "method": "simplified_thermodynamic_model",
  "note": "Using simplified model until Cemdata18 integration complete",
  "temperature_K": 298.15,
  "pressure_bar": 1.01325,
  "CO2_fraction": 0.0,
  "pCO2_bar": 0.0,
  "phases": {
    "C-S-H_1.0": {
      "moles": 0.19861834,
      "mass_kg": 0.0337651178
    },
    "Silica_gel": {
      "moles": 1.3407799200000001,
      "mass_kg": 0.08055405759360001
    },
    "Hydrotalcite": {
      "moles": 0.014008394999999998,
      "mass_kg": 0.006205718984999999
    }
  },
  "pH": 10.5,
  "pe": 4.0,
  "Eh": 0.24,
  "system_mass_kg": 0.12052489437860002,
  "input_composition": {
    "Ca": 0.19861834,
    "Si": 1.53939826,
    "Al": 0.55197413,
    "Fe": 0.11590086,
    "Mg": 0.04669465,
    "K": 0.07694594,
    "Na": 0.10286297,
    "S": 0.0,
    "O": 10.07768686,
    "H": 11.32372081,
    "C": 0.0
  },
  "execution_time": 9.5367431640625e-06,
  "mix_id": "MIX_2362",
  "input_file": "/teamspace/studios/this_studio/inputs/generated/MIX_2362.inp"
}