{
  "converged": true,
  "method": "simplified_thermodynamic_model",
  "note": "Using simplified model until Cemdata18 integration complete",
  "temperature_K": 298.15,
  "pressure_bar": 1.01325,
  "CO2_fraction": 0.3,
  "pCO2_bar": 0.303975,
  "phases": {
    "Calcite": {
      "moles": 0.016269380347499997,
      "mass_kg": 0.0016284022789812746
    },
    "C-S-H_1.0": {
      "moles": 0.41179967965250003,
      "mass_kg": 0.07000594554092501
    },
    "Silica_gel": {
      "moles": 1.2411630403475,
      "mass_kg": 0.0745690754640778
    },
    "Ettringite": {
      "moles": 0.007688925,
      "mass_kg": 0.009649600874999999
    },
    "Hydrotalcite": {
      "moles": 0.026937506999999996,
      "mass_kg": 0.011933315600999998
    }
  },
  "pH": 8.980125000000001,
  "pe": 4.0,
  "Eh": 0.24,
  "system_mass_kg": 0.16778633975998408,
  "input_composition": {
    "Ca": 0.42806906,
    "Si": 1.65296272,
    "Al": 0.62013529,
    "Fe": 0.12068769,
    "Mg": 0.08979169,
    "K": 0.07786318,
    "Na": 0.09995686,
    "S": 0.04613355,
    "O": 13.69793958,
    "H": 16.9855811,
    "C": 0.02140884
  },
  "execution_time": 1.049041748046875e-05,
  "mix_id": "MIX_3318",
  "input_file": "/teamspace/studios/this_studio/inputs/generated/MIX_3318.inp"
}