{
  "converged": true,
  "method": "simplified_thermodynamic_model",
  "note": "Using simplified model until Cemdata18 integration complete",
  "temperature_K": 298.15,
  "pressure_bar": 1.01325,
  "CO2_fraction": 0.2,
  "pCO2_bar": 0.20265,
  "phases": {
    "Calcite": {
      "moles": 0.0039812517675,
      "mass_kg": 0.000398483489409075
    },
    "C-S-H_1.0": {
      "moles": 0.2290359682325,
      "mass_kg": 0.038936114599525
    },
    "Silica_gel": {
      "moles": 0.8658547917674999,
      "mass_kg": 0.0520205558893914
    },
    "Ettringite": {
      "moles": 0.007688925,
      "mass_kg": 0.009649600874999999
    },
    "Hydrotalcite": {
      "moles": 0.020372466000000002,
      "mass_kg": 0.009025002438000002
    }
  },
  "pH": 9.48675,
  "pe": 4.0,
  "Eh": 0.24,
  "system_mass_kg": 0.11002975729132547,
  "input_composition": {
    "Ca": 0.23301722,
    "Si": 1.09489076,
    "Al": 0.47184373,
    "Fe": 0.05876702,
    "Mg": 0.06790822,
    "K": 0.05951845,
    "Na": 0.03653646,
    "S": 0.04613355,
    "O": 6.81927407,
    "H": 6.66101223,
    "C": 0.00785838
  },
  "execution_time": 1.1205673217773438e-05,
  "mix_id": "MIX_0147",
  "input_file": "/teamspace/studios/this_studio/inputs/generated/MIX_0147.inp"
}