{
  "converged": true,
  "method": "simplified_thermodynamic_model",
  "note": "Using simplified model until Cemdata18 integration complete",
  "temperature_K": 298.15,
  "pressure_bar": 1.01325,
  "CO2_fraction": 0.2,
  "pCO2_bar": 0.20265,
  "phases": {
    "Calcite": {
      "moles": 0.00548993542125,
      "mass_kg": 0.0005494876363129125
    },
    "C-S-H_1.0": {
      "moles": 0.31039489457875,
      "mass_kg": 0.052767132078387506
    },
    "Silica_gel": {
      "moles": 1.07071974542125,
      "mass_kg": 0.0643288423049087
    },
    "Ettringite": {
      "moles": 0.0068346,
      "mass_kg": 0.008577422999999999
    },
    "Hydrotalcite": {
      "moles": 0.022583142,
      "mass_kg": 0.010004331906
    }
  },
  "pH": 9.48675,
  "pe": 4.0,
  "Eh": 0.24,
  "system_mass_kg": 0.13622721692560913,
  "input_composition": {
    "Ca": 0.31588483,
    "Si": 1.38111464,
    "Al": 0.54665447,
    "Fe": 0.09263552,
    "Mg": 0.07527714,
    "K": 0.06960805,
    "Na": 0.05038186,
    "S": 0.0410076,
    "O": 9.97887693,
    "H": 11.32372071,
    "C": 0.01083629
  },
  "execution_time": 1.621246337890625e-05,
  "mix_id": "MIX_1938",
  "input_file": "/teamspace/studios/this_studio/inputs/generated/MIX_1938.inp"
}