{
  "converged": true,
  "method": "simplified_thermodynamic_model",
  "note": "Using simplified model until Cemdata18 integration complete",
  "temperature_K": 298.15,
  "pressure_bar": 1.01325,
  "CO2_fraction": 0.4,
  "pCO2_bar": 0.4053,
  "phases": {
    "Calcite": {
      "moles": 0.03572542,
      "mass_kg": 0.0035757572878
    },
    "C-S-H_1.0": {
      "moles": 0.94427722,
      "mass_kg": 0.16052712740000002
    },
    "Silica_gel": {
      "moles": 0.5198025900000001,
      "mass_kg": 0.031229739607200005
    },
    "Ettringite": {
      "moles": 0.034173003333333334,
      "mass_kg": 0.04288711918333333
    },
    "Hydrotalcite": {
      "moles": 0.063447168,
      "mass_kg": 0.028107095424
    }
  },
  "pH": 8.5,
  "pe": 4.0,
  "Eh": 0.24,
  "system_mass_kg": 0.2663268389023334,
  "input_composition": {
    "Ca": 0.98000264,
    "Si": 1.46407981,
    "Al": 0.67366736,
    "Fe": 0.06149484,
    "Mg": 0.21149056,
    "K": 0.05860121,
    "Na": 0.2102719,
    "S": 0.20503802,
    "O": 17.36711833,
    "H": 22.64744153,
    "C": 0.03572542
  },
  "execution_time": 1.33514404296875e-05,
  "mix_id": "MIX_3806",
  "input_file": "/teamspace/studios/this_studio/inputs/generated/MIX_3806.inp"
}