{
  "converged": true,
  "method": "simplified_thermodynamic_model",
  "note": "Using simplified model until Cemdata18 integration complete",
  "temperature_K": 298.15,
  "pressure_bar": 1.01325,
  "CO2_fraction": 0.3,
  "pCO2_bar": 0.303975,
  "phases": {
    "Calcite": {
      "moles": 0.008158407823124998,
      "mass_kg": 0.000816575039016581
    },
    "C-S-H_1.0": {
      "moles": 0.19554219217687502,
      "mass_kg": 0.03324217267006876
    },
    "Silica_gel": {
      "moles": 0.9391605478231251,
      "mass_kg": 0.05642476571321336
    },
    "Ettringite": {
      "moles": 0.005980275,
      "mass_kg": 0.007505245125
    },
    "Hydrotalcite": {
      "moles": 0.01822878,
      "mass_kg": 0.00807534954
    }
  },
  "pH": 8.980125000000001,
  "pe": 4.0,
  "Eh": 0.24,
  "system_mass_kg": 0.1060641080872987,
  "input_composition": {
    "Ca": 0.2037006,
    "Si": 1.13470274,
    "Al": 0.47317365,
    "Fe": 0.06458336,
    "Mg": 0.0607626,
    "K": 0.06135292,
    "Na": 0.05012415,
    "S": 0.03588165,
    "O": 5.85671324,
    "H": 4.66270861,
    "C": 0.01073563
  },
  "execution_time": 1.049041748046875e-05,
  "mix_id": "MIX_0405",
  "input_file": "/teamspace/studios/this_studio/inputs/generated/MIX_0405.inp"
}