{
  "converged": true,
  "method": "simplified_thermodynamic_model",
  "note": "Using simplified model until Cemdata18 integration complete",
  "temperature_K": 298.15,
  "pressure_bar": 1.01325,
  "CO2_fraction": 0.15,
  "pCO2_bar": 0.1519875,
  "phases": {
    "Calcite": {
      "moles": 0.005488352218125,
      "mass_kg": 0.0005493291735121312
    },
    "C-S-H_1.0": {
      "moles": 0.6813480577818749,
      "mass_kg": 0.11582916982291874
    },
    "Silica_gel": {
      "moles": 1.095466632218125,
      "mass_kg": 0.06581563526366495
    },
    "Ettringite": {
      "moles": 0.017086501666666667,
      "mass_kg": 0.021443559591666665
    },
    "Hydrotalcite": {
      "moles": 0.042010302,
      "mass_kg": 0.018610563786
    }
  },
  "pH": 9.7400625,
  "pe": 4.0,
  "Eh": 0.24,
  "system_mass_kg": 0.2222482576377625,
  "input_composition": {
    "Ca": 0.68683641,
    "Si": 1.77681469,
    "Al": 0.68696653,
    "Fe": 0.11965818,
    "Mg": 0.14003434,
    "K": 0.07694594,
    "Na": 0.1805991,
    "S": 0.10251901,
    "O": 19.37767962,
    "H": 26.64404888,
    "C": 0.01444422
  },
  "execution_time": 1.4543533325195312e-05,
  "mix_id": "MIX_4283",
  "input_file": "/teamspace/studios/this_studio/inputs/generated/MIX_4283.inp"
}