{
  "converged": true,
  "method": "simplified_thermodynamic_model",
  "note": "Using simplified model until Cemdata18 integration complete",
  "temperature_K": 298.15,
  "pressure_bar": 1.01325,
  "CO2_fraction": 0.3,
  "pCO2_bar": 0.303975,
  "phases": {
    "Calcite": {
      "moles": 0.020361810971249998,
      "mass_kg": 0.002038013660112412
    },
    "C-S-H_1.0": {
      "moles": 0.66647459902875,
      "mass_kg": 0.11330068183488749
    },
    "Silica_gel": {
      "moles": 1.12564431097125,
      "mass_kg": 0.0676287102031527
    },
    "Ettringite": {
      "moles": 0.017086501666666667,
      "mass_kg": 0.021443559591666665
    },
    "Hydrotalcite": {
      "moles": 0.042010302,
      "mass_kg": 0.018610563786
    }
  },
  "pH": 8.980125000000001,
  "pe": 4.0,
  "Eh": 0.24,
  "system_mass_kg": 0.22302152907581926,
  "input_composition": {
    "Ca": 0.68683641,
    "Si": 1.79211891,
    "Al": 0.68696653,
    "Fe": 0.11965818,
    "Mg": 0.14003434,
    "K": 0.07694594,
    "Na": 0.2102719,
    "S": 0.10251901,
    "O": 17.44952048,
    "H": 22.64744153,
    "C": 0.02679406
  },
  "execution_time": 1.52587890625e-05,
  "mix_id": "MIX_4334",
  "input_file": "/teamspace/studios/this_studio/inputs/generated/MIX_4334.inp"
}