{
  "converged": true,
  "method": "simplified_thermodynamic_model",
  "note": "Using simplified model until Cemdata18 integration complete",
  "temperature_K": 298.15,
  "pressure_bar": 1.01325,
  "CO2_fraction": 0.3,
  "pCO2_bar": 0.303975,
  "phases": {
    "Calcite": {
      "moles": 0.010655083687499999,
      "mass_kg": 0.0010664673262818748
    },
    "C-S-H_1.0": {
      "moles": 0.3931796163125,
      "mass_kg": 0.066840534773125
    },
    "Silica_gel": {
      "moles": 0.8859527936875001,
      "mass_kg": 0.053228043844745006
    },
    "Ettringite": {
      "moles": 0.011960551666666666,
      "mass_kg": 0.015010492341666664
    },
    "Hydrotalcite": {
      "moles": 0.029014203,
      "mass_kg": 0.012853291929
    }
  },
  "pH": 8.980125000000001,
  "pe": 4.0,
  "Eh": 0.24,
  "system_mass_kg": 0.14899883021481855,
  "input_composition": {
    "Ca": 0.4038347,
    "Si": 1.27913241,
    "Al": 0.54266472,
    "Fe": 0.07518652,
    "Mg": 0.09671401,
    "K": 0.06410463,
    "Na": 0.04345916,
    "S": 0.07176331,
    "O": 7.9462609,
    "H": 7.32711342,
    "C": 0.014021
  },
  "execution_time": 1.0967254638671875e-05,
  "mix_id": "MIX_1632",
  "input_file": "/teamspace/studios/this_studio/inputs/generated/MIX_1632.inp"
}