{
  "converged": true,
  "method": "simplified_thermodynamic_model",
  "note": "Using simplified model until Cemdata18 integration complete",
  "temperature_K": 298.15,
  "pressure_bar": 1.01325,
  "CO2_fraction": 0.4,
  "pCO2_bar": 0.4053,
  "phases": {
    "Calcite": {
      "moles": 0.01364874,
      "mass_kg": 0.0013661023866
    },
    "C-S-H_1.0": {
      "moles": 0.17539355,
      "mass_kg": 0.029816903500000002
    },
    "Silica_gel": {
      "moles": 0.98286521,
      "mass_kg": 0.0590505418168
    },
    "Ettringite": {
      "moles": 0.00512595,
      "mass_kg": 0.006433067249999999
    },
    "Hydrotalcite": {
      "moles": 0.017156936999999997,
      "mass_kg": 0.007600523090999999
    }
  },
  "pH": 8.5,
  "pe": 4.0,
  "Eh": 0.24,
  "system_mass_kg": 0.1042671380444,
  "input_composition": {
    "Ca": 0.18904229,
    "Si": 1.15825876,
    "Al": 0.4738386,
    "Fe": 0.06749152,
    "Mg": 0.05718979,
    "K": 0.06227016,
    "Na": 0.0639949,
    "S": 0.0307557,
    "O": 5.38922029,
    "H": 3.66355677,
    "C": 0.01364874
  },
  "execution_time": 9.775161743164062e-06,
  "mix_id": "MIX_0552",
  "input_file": "/teamspace/studios/this_studio/inputs/generated/MIX_0552.inp"
}