{
  "converged": true,
  "method": "simplified_thermodynamic_model",
  "note": "Using simplified model until Cemdata18 integration complete",
  "temperature_K": 298.15,
  "pressure_bar": 1.01325,
  "CO2_fraction": 0.4,
  "pCO2_bar": 0.4053,
  "phases": {
    "Calcite": {
      "moles": 0.01449239,
      "mass_kg": 0.0014505433151
    },
    "C-S-H_1.0": {
      "moles": 0.14523327,
      "mass_kg": 0.024689655900000003
    },
    "Silica_gel": {
      "moles": 1.05681732,
      "mass_kg": 0.0634935845856
    },
    "Ettringite": {
      "moles": 0.0034173,
      "mass_kg": 0.0042887114999999995
    },
    "Hydrotalcite": {
      "moles": 0.015013247999999998,
      "mass_kg": 0.006650868863999999
    }
  },
  "pH": 8.5,
  "pe": 4.0,
  "Eh": 0.24,
  "system_mass_kg": 0.1005733641647,
  "input_composition": {
    "Ca": 0.15972566,
    "Si": 1.20205059,
    "Al": 0.47516852,
    "Fe": 0.07330786,
    "Mg": 0.05004416,
    "K": 0.06410463,
    "Na": 0.08529898,
    "S": 0.0205038,
    "O": 5.93313784,
    "H": 4.66270854,
    "C": 0.01449239
  },
  "execution_time": 7.867813110351562e-06,
  "mix_id": "MIX_0781",
  "input_file": "/teamspace/studios/this_studio/inputs/generated/MIX_0781.inp"
}