{
  "converged": true,
  "method": "simplified_thermodynamic_model",
  "note": "Using simplified model until Cemdata18 integration complete",
  "temperature_K": 298.15,
  "pressure_bar": 1.01325,
  "CO2_fraction": 0.3,
  "pCO2_bar": 0.303975,
  "phases": {
    "Calcite": {
      "moles": 0.013792470457499997,
      "mass_kg": 0.0013804883680911748
    },
    "C-S-H_1.0": {
      "moles": 0.5901763295425,
      "mass_kg": 0.100329976022225
    },
    "Silica_gel": {
      "moles": 0.8729291204575,
      "mass_kg": 0.052445581557086604
    },
    "Ettringite": {
      "moles": 0.017940826666666666,
      "mass_kg": 0.022515737466666665
    },
    "Hydrotalcite": {
      "moles": 0.039799626,
      "mass_kg": 0.017631234318
    }
  },
  "pH": 8.980125000000001,
  "pe": 4.0,
  "Eh": 0.24,
  "system_mass_kg": 0.19430301773206946,
  "input_composition": {
    "Ca": 0.6039688,
    "Si": 1.46310545,
    "Al": 0.61215579,
    "Fe": 0.08578968,
    "Mg": 0.13266542,
    "K": 0.06685634,
    "Na": 0.11346335,
    "S": 0.10764496,
    "O": 10.6544921,
    "H": 10.99067019,
    "C": 0.01814948
  },
  "execution_time": 8.344650268554688e-06,
  "mix_id": "MIX_2872",
  "input_file": "/teamspace/studios/this_studio/inputs/generated/MIX_2872.inp"
}