{
  "converged": true,
  "method": "simplified_thermodynamic_model",
  "note": "Using simplified model until Cemdata18 integration complete",
  "temperature_K": 298.15,
  "pressure_bar": 1.01325,
  "CO2_fraction": 0.4,
  "pCO2_bar": 0.4053,
  "phases": {
    "Calcite": {
      "moles": 0.02359226,
      "mass_kg": 0.0023613493034
    },
    "C-S-H_1.0": {
      "moles": 0.35092582,
      "mass_kg": 0.059657389400000004
    },
    "Silica_gel": {
      "moles": 1.01021441,
      "mass_kg": 0.060693681752799995
    },
    "Ettringite": {
      "moles": 0.010251901666666667,
      "mass_kg": 0.012866136591666666
    },
    "Hydrotalcite": {
      "moles": 0.026870514,
      "mass_kg": 0.011903637702000001
    }
  },
  "pH": 8.5,
  "pe": 4.0,
  "Eh": 0.24,
  "system_mass_kg": 0.14748219474986668,
  "input_composition": {
    "Ca": 0.37451808,
    "Si": 1.36114023,
    "Al": 0.54399463,
    "Fe": 0.08100285,
    "Mg": 0.08956838,
    "K": 0.06593911,
    "Na": 0.1388588,
    "S": 0.06151141,
    "O": 11.11899306,
    "H": 13.32202445,
    "C": 0.02359226
  },
  "execution_time": 0.001219034194946289,
  "mix_id": "MIX_1791",
  "input_file": "/teamspace/studios/this_studio/inputs/generated/MIX_1791.inp"
}