{
  "converged": true,
  "method": "simplified_thermodynamic_model",
  "note": "Using simplified model until Cemdata18 integration complete",
  "temperature_K": 298.15,
  "pressure_bar": 1.01325,
  "CO2_fraction": 0.35,
  "pCO2_bar": 0.3546375,
  "phases": {
    "Calcite": {
      "moles": 0.01124275348875,
      "mass_kg": 0.0011252871966889876
    },
    "C-S-H_1.0": {
      "moles": 0.23643277651125,
      "mass_kg": 0.0401935720069125
    },
    "Silica_gel": {
      "moles": 0.8672060834887501,
      "mass_kg": 0.052101741496004106
    },
    "Ettringite": {
      "moles": 0.00854325,
      "mass_kg": 0.010721778749999999
    },
    "Hydrotalcite": {
      "moles": 0.021444308999999998,
      "mass_kg": 0.009499828887
    }
  },
  "pH": 8.7268125,
  "pe": 4.0,
  "Eh": 0.24,
  "system_mass_kg": 0.1136422083366056,
  "input_composition": {
    "Ca": 0.24767553,
    "Si": 1.10363886,
    "Al": 0.47117877,
    "Fe": 0.05585885,
    "Mg": 0.07148103,
    "K": 0.05860121,
    "Na": 0.08529898,
    "S": 0.0512595,
    "O": 5.89943529,
    "H": 4.66270854,
    "C": 0.01268084
  },
  "execution_time": 9.5367431640625e-06,
  "mix_id": "MIX_0093",
  "input_file": "/teamspace/studios/this_studio/inputs/generated/MIX_0093.inp"
}