{
  "converged": true,
  "method": "simplified_thermodynamic_model",
  "note": "Using simplified model until Cemdata18 integration complete",
  "temperature_K": 298.15,
  "pressure_bar": 1.01325,
  "CO2_fraction": 0.35,
  "pCO2_bar": 0.3546375,
  "phases": {
    "Calcite": {
      "moles": 0.02403474089625,
      "mass_kg": 0.0024056372163056626
    },
    "C-S-H_1.0": {
      "moles": 0.49198418910374997,
      "mass_kg": 0.0836373121476375
    },
    "Silica_gel": {
      "moles": 1.0859349508962501,
      "mass_kg": 0.0652429718498467
    },
    "Ettringite": {
      "moles": 0.012814876666666667,
      "mass_kg": 0.016082670216666668
    },
    "Hydrotalcite": {
      "moles": 0.033368564999999996,
      "mass_kg": 0.014782274294999998
    }
  },
  "pH": 8.7268125,
  "pe": 4.0,
  "Eh": 0.24,
  "system_mass_kg": 0.18215086572545652,
  "input_composition": {
    "Ca": 0.51601893,
    "Si": 1.57791914,
    "Al": 0.61614554,
    "Fe": 0.10323869,
    "Mg": 0.11122855,
    "K": 0.07235976,
    "Na": 0.14526449,
    "S": 0.07688926,
    "O": 15.24737848,
    "H": 19.98303667,
    "C": 0.02710908
  },
  "execution_time": 8.106231689453125e-06,
  "mix_id": "MIX_3115",
  "input_file": "/teamspace/studios/this_studio/inputs/generated/MIX_3115.inp"
}