{
  "converged": true,
  "method": "simplified_thermodynamic_model",
  "note": "Using simplified model until Cemdata18 integration complete",
  "temperature_K": 298.15,
  "pressure_bar": 1.01325,
  "CO2_fraction": 0.3,
  "pCO2_bar": 0.303975,
  "phases": {
    "Calcite": {
      "moles": 0.016171204021875,
      "mass_kg": 0.0016185758105494686
    },
    "C-S-H_1.0": {
      "moles": 0.499847725978125,
      "mass_kg": 0.08497411341628125
    },
    "Silica_gel": {
      "moles": 1.0371677640218748,
      "mass_kg": 0.06231303926243424
    },
    "Ettringite": {
      "moles": 0.012814876666666667,
      "mass_kg": 0.016082670216666668
    },
    "Hydrotalcite": {
      "moles": 0.033368564999999996,
      "mass_kg": 0.014782274294999998
    }
  },
  "pH": 8.980125000000001,
  "pe": 4.0,
  "Eh": 0.24,
  "system_mass_kg": 0.17977067300093164,
  "input_composition": {
    "Ca": 0.51601893,
    "Si": 1.53701549,
    "Al": 0.61614554,
    "Fe": 0.10323869,
    "Mg": 0.11122855,
    "K": 0.07235976,
    "Na": 0.06595793,
    "S": 0.07688926,
    "O": 13.61553129,
    "H": 16.98558113,
    "C": 0.02127965
  },
  "execution_time": 8.58306884765625e-06,
  "mix_id": "MIX_3090",
  "input_file": "/teamspace/studios/this_studio/inputs/generated/MIX_3090.inp"
}