{
  "converged": true,
  "method": "simplified_thermodynamic_model",
  "note": "Using simplified model until Cemdata18 integration complete",
  "temperature_K": 298.15,
  "pressure_bar": 1.01325,
  "CO2_fraction": 0.35,
  "pCO2_bar": 0.3546375,
  "phases": {
    "Calcite": {
      "moles": 0.030067825180312497,
      "mass_kg": 0.0030094886222974777
    },
    "C-S-H_1.0": {
      "moles": 0.8326683248196876,
      "mass_kg": 0.1415536152193469
    },
    "Silica_gel": {
      "moles": 0.7718352451803125,
      "mass_kg": 0.04637186153043318
    },
    "Ettringite": {
      "moles": 0.027338403333333334,
      "mass_kg": 0.03430969618333333
    },
    "Hydrotalcite": {
      "moles": 0.054872421,
      "mass_kg": 0.024308482503
    }
  },
  "pH": 8.7268125,
  "pe": 4.0,
  "Eh": 0.24,
  "system_mass_kg": 0.24955314405841086,
  "input_composition": {
    "Ca": 0.86273615,
    "Si": 1.60450357,
    "Al": 0.67898703,
    "Fe": 0.08476018,
    "Mg": 0.18290807,
    "K": 0.06593911,
    "Na": 0.22812517,
    "S": 0.16403042,
    "O": 19.42924768,
    "H": 26.64404881,
    "C": 0.03391387
  },
  "execution_time": 8.58306884765625e-06,
  "mix_id": "MIX_4015",
  "input_file": "/teamspace/studios/this_studio/inputs/generated/MIX_4015.inp"
}