{
  "converged": true,
  "method": "simplified_thermodynamic_model",
  "note": "Using simplified model until Cemdata18 integration complete",
  "temperature_K": 298.15,
  "pressure_bar": 1.01325,
  "CO2_fraction": 0.15,
  "pCO2_bar": 0.1519875,
  "phases": {
    "Calcite": {
      "moles": 0.00225304750125,
      "mass_kg": 0.0002255075244001125
    },
    "C-S-H_1.0": {
      "moles": 0.12815599249875,
      "mass_kg": 0.021786518724787502
    },
    "Silica_gel": {
      "moles": 1.0912619975012499,
      "mass_kg": 0.0655630208098751
    },
    "Ettringite": {
      "moles": 0.00170865,
      "mass_kg": 0.0021443557499999997
    },
    "Hydrotalcite": {
      "moles": 0.012869562,
      "mass_kg": 0.0057012159659999995
    }
  },
  "pH": 9.7400625,
  "pe": 4.0,
  "Eh": 0.24,
  "system_mass_kg": 0.09542061877506271,
  "input_composition": {
    "Ca": 0.13040904,
    "Si": 1.21941799,
    "Al": 0.47649844,
    "Fe": 0.07912419,
    "Mg": 0.04289854,
    "K": 0.06593911,
    "Na": 0.05536969,
    "S": 0.0102519,
    "O": 6.87935286,
    "H": 6.66101223,
    "C": 0.00592956
  },
  "execution_time": 1.0251998901367188e-05,
  "mix_id": "MIX_0919",
  "input_file": "/teamspace/studios/this_studio/inputs/generated/MIX_0919.inp"
}