{
  "converged": true,
  "method": "simplified_thermodynamic_model",
  "note": "Using simplified model until Cemdata18 integration complete",
  "temperature_K": 298.15,
  "pressure_bar": 1.01325,
  "CO2_fraction": 0.35,
  "pCO2_bar": 0.3546375,
  "phases": {
    "Calcite": {
      "moles": 0.022865483326874998,
      "mass_kg": 0.0022886062261869185
    },
    "C-S-H_1.0": {
      "moles": 0.781237416673125,
      "mass_kg": 0.13281036083443126
    },
    "Silica_gel": {
      "moles": 0.842492353326875,
      "mass_kg": 0.05061694058787865
    },
    "Ettringite": {
      "moles": 0.023921101666666666,
      "mass_kg": 0.030020982591666665
    },
    "Hydrotalcite": {
      "moles": 0.050585049,
      "mass_kg": 0.022409176707
    }
  },
  "pH": 8.7268125,
  "pe": 4.0,
  "Eh": 0.24,
  "system_mass_kg": 0.2381460669471635,
  "input_composition": {
    "Ca": 0.8041029,
    "Si": 1.62372977,
    "Al": 0.68164686,
    "Fe": 0.09639285,
    "Mg": 0.16861683,
    "K": 0.06960805,
    "Na": 0.13819757,
    "S": 0.14352661,
    "O": 13.30041545,
    "H": 14.65422691,
    "C": 0.02579026
  },
  "execution_time": 1.3113021850585938e-05,
  "mix_id": "MIX_4120",
  "input_file": "/teamspace/studios/this_studio/inputs/generated/MIX_4120.inp"
}