{
  "converged": true,
  "method": "simplified_thermodynamic_model",
  "note": "Using simplified model until Cemdata18 integration complete",
  "temperature_K": 298.15,
  "pressure_bar": 1.01325,
  "CO2_fraction": 0.35,
  "pCO2_bar": 0.3546375,
  "phases": {
    "Calcite": {
      "moles": 0.011685545005312499,
      "mass_kg": 0.001169606199581728
    },
    "C-S-H_1.0": {
      "moles": 0.0894068749946875,
      "mass_kg": 0.015199168749096876
    },
    "Silica_gel": {
      "moles": 1.1614622850053125,
      "mass_kg": 0.06978065408311918
    },
    "Hydrotalcite": {
      "moles": 0.010725876,
      "mass_kg": 0.004751563068
    }
  },
  "pH": 8.7268125,
  "pe": 4.0,
  "Eh": 0.24,
  "system_mass_kg": 0.09090099209979778,
  "input_composition": {
    "Ca": 0.10109242,
    "Si": 1.25086916,
    "Al": 0.47782835,
    "Fe": 0.08494053,
    "Mg": 0.03575292,
    "K": 0.06777358,
    "Na": 0.05274692,
    "S": 0.0,
    "O": 6.40028798,
    "H": 5.6618604,
    "C": 0.01318027
  },
  "execution_time": 1.0013580322265625e-05,
  "mix_id": "MIX_1206",
  "input_file": "/teamspace/studios/this_studio/inputs/generated/MIX_1206.inp"
}