{
  "converged": true,
  "method": "simplified_thermodynamic_model",
  "note": "Using simplified model until Cemdata18 integration complete",
  "temperature_K": 298.15,
  "pressure_bar": 1.01325,
  "CO2_fraction": 0.3,
  "pCO2_bar": 0.303975,
  "phases": {
    "Calcite": {
      "moles": 0.013446478513124997,
      "mass_kg": 0.001345858034378681
    },
    "C-S-H_1.0": {
      "moles": 0.361071601486875,
      "mass_kg": 0.061382172252768756
    },
    "Silica_gel": {
      "moles": 1.0000686285131248,
      "mass_kg": 0.06008412320106854
    },
    "Ettringite": {
      "moles": 0.010251901666666667,
      "mass_kg": 0.012866136591666666
    },
    "Hydrotalcite": {
      "moles": 0.026870514,
      "mass_kg": 0.011903637702000001
    }
  },
  "pH": 8.980125000000001,
  "pe": 4.0,
  "Eh": 0.24,
  "system_mass_kg": 0.14758192778188264,
  "input_composition": {
    "Ca": 0.37451808,
    "Si": 1.36114023,
    "Al": 0.54399463,
    "Fe": 0.08100285,
    "Mg": 0.08956838,
    "K": 0.06593911,
    "Na": 0.1388588,
    "S": 0.06151141,
    "O": 11.10719693,
    "H": 13.32202445,
    "C": 0.01769419
  },
  "execution_time": 9.059906005859375e-06,
  "mix_id": "MIX_1759",
  "input_file": "/teamspace/studios/this_studio/inputs/generated/MIX_1759.inp"
}