{
  "converged": true,
  "method": "simplified_thermodynamic_model",
  "note": "Using simplified model until Cemdata18 integration complete",
  "temperature_K": 298.15,
  "pressure_bar": 1.01325,
  "CO2_fraction": 0.3,
  "pCO2_bar": 0.303975,
  "phases": {
    "Calcite": {
      "moles": 0.019990064744999998,
      "mass_kg": 0.00200080558032705
    },
    "C-S-H_1.0": {
      "moles": 0.608213095255,
      "mass_kg": 0.10339622619335001
    },
    "Silica_gel": {
      "moles": 1.183114984745,
      "mass_kg": 0.0710815482834796
    },
    "Ettringite": {
      "moles": 0.013669201666666667,
      "mass_kg": 0.017154848091666664
    },
    "Hydrotalcite": {
      "moles": 0.037722929999999995,
      "mass_kg": 0.01671125799
    }
  },
  "pH": 8.980125000000001,
  "pe": 4.0,
  "Eh": 0.24,
  "system_mass_kg": 0.21034468613882332,
  "input_composition": {
    "Ca": 0.62820316,
    "Si": 1.79132808,
    "Al": 0.68962636,
    "Fe": 0.13129085,
    "Mg": 0.1257431,
    "K": 0.08061489,
    "Na": 0.081534,
    "S": 0.08201521,
    "O": 17.27142883,
    "H": 22.64744155,
    "C": 0.02630488
  },
  "execution_time": 1.1444091796875e-05,
  "mix_id": "MIX_4434",
  "input_file": "/teamspace/studios/this_studio/inputs/generated/MIX_4434.inp"
}