{
  "converged": true,
  "method": "simplified_thermodynamic_model",
  "note": "Using simplified model until Cemdata18 integration complete",
  "temperature_K": 298.15,
  "pressure_bar": 1.01325,
  "CO2_fraction": 0.35,
  "pCO2_bar": 0.3546375,
  "phases": {
    "Calcite": {
      "moles": 0.011757536417812499,
      "mass_kg": 0.001176811820058853
    },
    "C-S-H_1.0": {
      "moles": 0.2359179935821875,
      "mass_kg": 0.04010605890897188
    },
    "Silica_gel": {
      "moles": 0.8603778264178124,
      "mass_kg": 0.051691499811182165
    },
    "Ettringite": {
      "moles": 0.00854325,
      "mass_kg": 0.010721778749999999
    },
    "Hydrotalcite": {
      "moles": 0.021444308999999998,
      "mass_kg": 0.009499828887
    }
  },
  "pH": 8.7268125,
  "pe": 4.0,
  "Eh": 0.24,
  "system_mass_kg": 0.1131959781772129,
  "input_composition": {
    "Ca": 0.24767553,
    "Si": 1.09629582,
    "Al": 0.47117877,
    "Fe": 0.05585885,
    "Mg": 0.07148103,
    "K": 0.05860121,
    "Na": 0.07106182,
    "S": 0.0512595,
    "O": 6.37836782,
    "H": 5.66186043,
    "C": 0.01326147
  },
  "execution_time": 8.821487426757812e-06,
  "mix_id": "MIX_0090",
  "input_file": "/teamspace/studios/this_studio/inputs/generated/MIX_0090.inp"
}