{
  "converged": true,
  "method": "simplified_thermodynamic_model",
  "note": "Using simplified model until Cemdata18 integration complete",
  "temperature_K": 298.15,
  "pressure_bar": 1.01325,
  "CO2_fraction": 0.25,
  "pCO2_bar": 0.2533125,
  "phases": {
    "Calcite": {
      "moles": 0.011524667503124999,
      "mass_kg": 0.0011535039703877811
    },
    "C-S-H_1.0": {
      "moles": 0.382145512496875,
      "mass_kg": 0.06496473712446875
    },
    "Silica_gel": {
      "moles": 1.6644728675031248,
      "mass_kg": 0.10000152987958774
    },
    "Hydrotalcite": {
      "moles": 0.020573436,
      "mass_kg": 0.009114032148
    }
  },
  "pH": 9.2334375,
  "pe": 4.0,
  "Eh": 0.24,
  "system_mass_kg": 0.17523380312244427,
  "input_composition": {
    "Ca": 0.39367018,
    "Si": 2.04661838,
    "Al": 0.70026569,
    "Fe": 0.17782153,
    "Mg": 0.06857812,
    "K": 0.09529067,
    "Na": 0.0676886,
    "S": 0.0,
    "O": 13.31761563,
    "H": 14.65422685,
    "C": 0.01819834
  },
  "execution_time": 7.867813110351562e-06,
  "mix_id": "MIX_4864",
  "input_file": "/teamspace/studios/this_studio/inputs/generated/MIX_4864.inp"
}