{
  "converged": true,
  "method": "simplified_thermodynamic_model",
  "note": "Using simplified model until Cemdata18 integration complete",
  "temperature_K": 298.15,
  "pressure_bar": 1.01325,
  "CO2_fraction": 0.15,
  "pCO2_bar": 0.1519875,
  "phases": {
    "Calcite": {
      "moles": 0.0033202809281249993,
      "mass_kg": 0.0003323269180960312
    },
    "C-S-H_1.0": {
      "moles": 0.195298059071875,
      "mass_kg": 0.03320067004221875
    },
    "Silica_gel": {
      "moles": 1.333132160928125,
      "mass_kg": 0.08009458022856175
    },
    "Hydrotalcite": {
      "moles": 0.014008394999999998,
      "mass_kg": 0.006205718984999999
    }
  },
  "pH": 9.7400625,
  "pe": 4.0,
  "Eh": 0.24,
  "system_mass_kg": 0.11983329617387653,
  "input_composition": {
    "Ca": 0.19861834,
    "Si": 1.52843022,
    "Al": 0.55197413,
    "Fe": 0.11590086,
    "Mg": 0.04669465,
    "K": 0.07694594,
    "Na": 0.08159744,
    "S": 0.0,
    "O": 11.06174644,
    "H": 13.32202445,
    "C": 0.0087383
  },
  "execution_time": 1.1444091796875e-05,
  "mix_id": "MIX_2375",
  "input_file": "/teamspace/studios/this_studio/inputs/generated/MIX_2375.inp"
}