{
  "converged": true,
  "method": "simplified_thermodynamic_model",
  "note": "Using simplified model until Cemdata18 integration complete",
  "temperature_K": 298.15,
  "pressure_bar": 1.01325,
  "CO2_fraction": 0.25,
  "pCO2_bar": 0.2533125,
  "phases": {
    "Calcite": {
      "moles": 0.007399359449999999,
      "mass_kg": 0.0007406018873505
    },
    "C-S-H_1.0": {
      "moles": 0.48438521055,
      "mass_kg": 0.08234548579350001
    },
    "Silica_gel": {
      "moles": 0.6963354694500001,
      "mass_kg": 0.04183583500455601
    },
    "Ettringite": {
      "moles": 0.017086501666666667,
      "mass_kg": 0.021443559591666665
    },
    "Hydrotalcite": {
      "moles": 0.035445261,
      "mass_kg": 0.015702250623
    }
  },
  "pH": 9.2334375,
  "pe": 4.0,
  "Eh": 0.24,
  "system_mass_kg": 0.16206773290007317,
  "input_composition": {
    "Ca": 0.49178457,
    "Si": 1.18072068,
    "Al": 0.53867497,
    "Fe": 0.05773752,
    "Mg": 0.11815087,
    "K": 0.05860121,
    "Na": 0.04345916,
    "S": 0.10251901,
    "O": 7.91150778,
    "H": 7.32711342,
    "C": 0.01168416
  },
  "execution_time": 1.049041748046875e-05,
  "mix_id": "MIX_1280",
  "input_file": "/teamspace/studios/this_studio/inputs/generated/MIX_1280.inp"
}