{
  "converged": true,
  "method": "simplified_thermodynamic_model",
  "note": "Using simplified model until Cemdata18 integration complete",
  "temperature_K": 298.15,
  "pressure_bar": 1.01325,
  "CO2_fraction": 0.4,
  "pCO2_bar": 0.4053,
  "phases": {
    "Calcite": {
      "moles": 0.02613944,
      "mass_kg": 0.0026162965496
    },
    "C-S-H_1.0": {
      "moles": 0.62180429,
      "mass_kg": 0.10570672930000001
    },
    "Silica_gel": {
      "moles": 0.76491574,
      "mass_kg": 0.0459561376592
    },
    "Ettringite": {
      "moles": 0.020503801666666665,
      "mass_kg": 0.02573227109166666
    },
    "Hydrotalcite": {
      "moles": 0.043015155,
      "mass_kg": 0.019055713665
    }
  },
  "pH": 8.5,
  "pe": 4.0,
  "Eh": 0.24,
  "system_mass_kg": 0.19906714826546668,
  "input_composition": {
    "Ca": 0.64794373,
    "Si": 1.38672003,
    "Al": 0.61016091,
    "Fe": 0.07706518,
    "Mg": 0.14338385,
    "K": 0.06410463,
    "Na": 0.06076591,
    "S": 0.12302281,
    "O": 12.07345216,
    "H": 13.9881256,
    "C": 0.02613944
  },
  "execution_time": 1.0728836059570312e-05,
  "mix_id": "MIX_2785",
  "input_file": "/teamspace/studios/this_studio/inputs/generated/MIX_2785.inp"
}