{
  "converged": true,
  "method": "simplified_thermodynamic_model",
  "note": "Using simplified model until Cemdata18 integration complete",
  "temperature_K": 298.15,
  "pressure_bar": 1.01325,
  "CO2_fraction": 0.2,
  "pCO2_bar": 0.20265,
  "phases": {
    "Calcite": {
      "moles": 0.00552326121375,
      "mass_kg": 0.0005528232148842375
    },
    "C-S-H_1.0": {
      "moles": 0.39831143878624997,
      "mass_kg": 0.0677129445936625
    },
    "Silica_gel": {
      "moles": 0.89778593121375,
      "mass_kg": 0.053938978747322106
    },
    "Ettringite": {
      "moles": 0.011960551666666666,
      "mass_kg": 0.015010492341666664
    },
    "Hydrotalcite": {
      "moles": 0.029014203,
      "mass_kg": 0.012853291929
    }
  },
  "pH": 9.48675,
  "pe": 4.0,
  "Eh": 0.24,
  "system_mass_kg": 0.1500685308265355,
  "input_composition": {
    "Ca": 0.4038347,
    "Si": 1.29609737,
    "Al": 0.54266472,
    "Fe": 0.07518652,
    "Mg": 0.09671401,
    "K": 0.06410463,
    "Na": 0.07635189,
    "S": 0.07176331,
    "O": 9.98870299,
    "H": 11.32372072,
    "C": 0.01090207
  },
  "execution_time": 1.3113021850585938e-05,
  "mix_id": "MIX_1606",
  "input_file": "/teamspace/studios/this_studio/inputs/generated/MIX_1606.inp"
}