{
  "converged": true,
  "method": "simplified_thermodynamic_model",
  "note": "Using simplified model until Cemdata18 integration complete",
  "temperature_K": 298.15,
  "pressure_bar": 1.01325,
  "CO2_fraction": 0.35,
  "pCO2_bar": 0.3546375,
  "phases": {
    "Calcite": {
      "moles": 0.017968010379375,
      "mass_kg": 0.0017984181588716437
    },
    "C-S-H_1.0": {
      "moles": 0.180650329620625,
      "mass_kg": 0.03071055603550625
    },
    "Silica_gel": {
      "moles": 1.333465200379375,
      "mass_kg": 0.08011458923879285
    },
    "Hydrotalcite": {
      "moles": 0.014008394999999998,
      "mass_kg": 0.006205718984999999
    }
  },
  "pH": 8.7268125,
  "pe": 4.0,
  "Eh": 0.24,
  "system_mass_kg": 0.11882928241817074,
  "input_composition": {
    "Ca": 0.19861834,
    "Si": 1.51411553,
    "Al": 0.55197413,
    "Fe": 0.11590086,
    "Mg": 0.04669465,
    "K": 0.07694594,
    "Na": 0.05384321,
    "S": 0.0,
    "O": 11.04229599,
    "H": 13.32202441,
    "C": 0.02026634
  },
  "execution_time": 2.7894973754882812e-05,
  "mix_id": "MIX_2435",
  "input_file": "/teamspace/studios/this_studio/inputs/generated/MIX_2435.inp"
}