{
  "converged": true,
  "method": "simplified_thermodynamic_model",
  "note": "Using simplified model until Cemdata18 integration complete",
  "temperature_K": 298.15,
  "pressure_bar": 1.01325,
  "CO2_fraction": 0.4,
  "pCO2_bar": 0.4053,
  "phases": {
    "Calcite": {
      "moles": 0.03248903,
      "mass_kg": 0.0032518270127
    },
    "C-S-H_1.0": {
      "moles": 0.94751361,
      "mass_kg": 0.1610773137
    },
    "Silica_gel": {
      "moles": 0.48668246000000004,
      "mass_kg": 0.0292398821968
    },
    "Ettringite": {
      "moles": 0.034173003333333334,
      "mass_kg": 0.04288711918333333
    },
    "Hydrotalcite": {
      "moles": 0.063447168,
      "mass_kg": 0.028107095424
    }
  },
  "pH": 8.5,
  "pe": 4.0,
  "Eh": 0.24,
  "system_mass_kg": 0.26456323751683336,
  "input_composition": {
    "Ca": 0.98000264,
    "Si": 1.43419607,
    "Al": 0.67366736,
    "Fe": 0.06149484,
    "Mg": 0.21149056,
    "K": 0.05860121,
    "Na": 0.15233141,
    "S": 0.20503802,
    "O": 15.27360418,
    "H": 18.65083423,
    "C": 0.03248903
  },
  "execution_time": 1.1205673217773438e-05,
  "mix_id": "MIX_3801",
  "input_file": "/teamspace/studios/this_studio/inputs/generated/MIX_3801.inp"
}