{
  "converged": true,
  "method": "simplified_thermodynamic_model",
  "note": "Using simplified model until Cemdata18 integration complete",
  "temperature_K": 298.15,
  "pressure_bar": 1.01325,
  "CO2_fraction": 0.35,
  "pCO2_bar": 0.3546375,
  "phases": {
    "Calcite": {
      "moles": 0.029698080122812498,
      "mass_kg": 0.002972480839492303
    },
    "C-S-H_1.0": {
      "moles": 0.7157715698771875,
      "mass_kg": 0.12168116687912188
    },
    "Silica_gel": {
      "moles": 0.9714283601228125,
      "mass_kg": 0.058363415876178576
    },
    "Ettringite": {
      "moles": 0.020503801666666665,
      "mass_kg": 0.02573227109166666
    },
    "Hydrotalcite": {
      "moles": 0.046297674,
      "mass_kg": 0.020509869582
    }
  },
  "pH": 8.7268125,
  "pe": 4.0,
  "Eh": 0.24,
  "system_mass_kg": 0.22925920426845942,
  "input_composition": {
    "Ca": 0.74546965,
    "Si": 1.68719993,
    "Al": 0.68430669,
    "Fe": 0.10802551,
    "Mg": 0.15432558,
    "K": 0.073277,
    "Na": 0.13405294,
    "S": 0.12302281,
    "O": 19.32444486,
    "H": 26.64404877,
    "C": 0.03349683
  },
  "execution_time": 1.0013580322265625e-05,
  "mix_id": "MIX_4231",
  "input_file": "/teamspace/studios/this_studio/inputs/generated/MIX_4231.inp"
}