{
  "converged": true,
  "method": "simplified_thermodynamic_model",
  "note": "Using simplified model until Cemdata18 integration complete",
  "temperature_K": 298.15,
  "pressure_bar": 1.01325,
  "CO2_fraction": 0.4,
  "pCO2_bar": 0.4053,
  "phases": {
    "Calcite": {
      "moles": 0.02018362,
      "mass_kg": 0.0020201785258
    },
    "C-S-H_1.0": {
      "moles": 0.38365108,
      "mass_kg": 0.0652206836
    },
    "Silica_gel": {
      "moles": 0.8972665800000001,
      "mass_kg": 0.05390777612640001
    },
    "Ettringite": {
      "moles": 0.011960551666666666,
      "mass_kg": 0.015010492341666664
    },
    "Hydrotalcite": {
      "moles": 0.029014203,
      "mass_kg": 0.012853291929
    }
  },
  "pH": 8.5,
  "pe": 4.0,
  "Eh": 0.24,
  "system_mass_kg": 0.14901242252286667,
  "input_composition": {
    "Ca": 0.4038347,
    "Si": 1.28091766,
    "Al": 0.54266472,
    "Fe": 0.07518652,
    "Mg": 0.09671401,
    "K": 0.06410463,
    "Na": 0.04692051,
    "S": 0.07176331,
    "O": 8.96303916,
    "H": 9.32541712,
    "C": 0.02018362
  },
  "execution_time": 7.867813110351562e-06,
  "mix_id": "MIX_1665",
  "input_file": "/teamspace/studios/this_studio/inputs/generated/MIX_1665.inp"
}