{
  "converged": true,
  "method": "simplified_thermodynamic_model",
  "note": "Using simplified model until Cemdata18 integration complete",
  "temperature_K": 298.15,
  "pressure_bar": 1.01325,
  "CO2_fraction": 0.4,
  "pCO2_bar": 0.4053,
  "phases": {
    "Calcite": {
      "moles": 0.01348332,
      "mass_kg": 0.0013495454988
    },
    "C-S-H_1.0": {
      "moles": 0.14624234,
      "mass_kg": 0.024861197800000002
    },
    "Silica_gel": {
      "moles": 1.02798033,
      "mass_kg": 0.06176105822640001
    },
    "Ettringite": {
      "moles": 0.0034173,
      "mass_kg": 0.0042887114999999995
    },
    "Hydrotalcite": {
      "moles": 0.015013247999999998,
      "mass_kg": 0.006650868863999999
    }
  },
  "pH": 8.5,
  "pe": 4.0,
  "Eh": 0.24,
  "system_mass_kg": 0.09891138188920001,
  "input_composition": {
    "Ca": 0.15972566,
    "Si": 1.17422267,
    "Al": 0.47516852,
    "Fe": 0.07330786,
    "Mg": 0.05004416,
    "K": 0.06410463,
    "Na": 0.03134444,
    "S": 0.0205038,
    "O": 5.34891066,
    "H": 3.6635567,
    "C": 0.01348332
  },
  "execution_time": 1.0967254638671875e-05,
  "mix_id": "MIX_0768",
  "input_file": "/teamspace/studios/this_studio/inputs/generated/MIX_0768.inp"
}