{
  "converged": true,
  "method": "simplified_thermodynamic_model",
  "note": "Using simplified model until Cemdata18 integration complete",
  "temperature_K": 298.15,
  "pressure_bar": 1.01325,
  "CO2_fraction": 0.3,
  "pCO2_bar": 0.303975,
  "phases": {
    "Calcite": {
      "moles": 0.009067711038749999,
      "mass_kg": 0.0009075871978684874
    },
    "C-S-H_1.0": {
      "moles": 0.16531626896124998,
      "mass_kg": 0.0281037657234125
    },
    "Silica_gel": {
      "moles": 1.0148117610387501,
      "mass_kg": 0.06096989060320811
    },
    "Ettringite": {
      "moles": 0.004271625,
      "mass_kg": 0.0053608893749999996
    },
    "Hydrotalcite": {
      "moles": 0.016085091,
      "mass_kg": 0.007125695313
    }
  },
  "pH": 8.980125000000001,
  "pe": 4.0,
  "Eh": 0.24,
  "system_mass_kg": 0.10246782821248909,
  "input_composition": {
    "Ca": 0.17438398,
    "Si": 1.18012803,
    "Al": 0.47450356,
    "Fe": 0.07039969,
    "Mg": 0.05361697,
    "K": 0.0631874,
    "Na": 0.07459528,
    "S": 0.02562975,
    "O": 6.90576299,
    "H": 6.66101226,
    "C": 0.01193218
  },
  "execution_time": 0.0005991458892822266,
  "mix_id": "MIX_0635",
  "input_file": "/teamspace/studios/this_studio/inputs/generated/MIX_0635.inp"
}