{
  "converged": true,
  "method": "simplified_thermodynamic_model",
  "note": "Using simplified model until Cemdata18 integration complete",
  "temperature_K": 298.15,
  "pressure_bar": 1.01325,
  "CO2_fraction": 0.0,
  "pCO2_bar": 0.0,
  "phases": {
    "C-S-H_1.0": {
      "moles": 0.74546965,
      "mass_kg": 0.1267298405
    },
    "Silica_gel": {
      "moles": 0.98104144,
      "mass_kg": 0.058940969715200006
    },
    "Ettringite": {
      "moles": 0.020503801666666665,
      "mass_kg": 0.02573227109166666
    },
    "Hydrotalcite": {
      "moles": 0.046297674,
      "mass_kg": 0.020509869582
    }
  },
  "pH": 10.5,
  "pe": 4.0,
  "Eh": 0.24,
  "system_mass_kg": 0.23191295088886665,
  "input_composition": {
    "Ca": 0.74546965,
    "Si": 1.72651109,
    "Al": 0.68430669,
    "Fe": 0.10802551,
    "Mg": 0.15432558,
    "K": 0.073277,
    "Na": 0.2102719,
    "S": 0.12302281,
    "O": 17.37587938,
    "H": 22.64744153,
    "C": 0.0
  },
  "execution_time": 1.0013580322265625e-05,
  "mix_id": "MIX_4158",
  "input_file": "/teamspace/studios/this_studio/inputs/generated/MIX_4158.inp"
}