{
  "converged": true,
  "method": "simplified_thermodynamic_model",
  "note": "Using simplified model until Cemdata18 integration complete",
  "temperature_K": 298.15,
  "pressure_bar": 1.01325,
  "CO2_fraction": 0.15,
  "pCO2_bar": 0.1519875,
  "phases": {
    "Calcite": {
      "moles": 0.004174070709375,
      "mass_kg": 0.00041778273730134374
    },
    "C-S-H_1.0": {
      "moles": 0.5653958492906249,
      "mass_kg": 0.09611729437940625
    },
    "Silica_gel": {
      "moles": 1.3023946807093751,
      "mass_kg": 0.07824787241701926
    },
    "Ettringite": {
      "moles": 0.010251901666666667,
      "mass_kg": 0.012866136591666666
    },
    "Hydrotalcite": {
      "moles": 0.033435555,
      "mass_kg": 0.014811950865
    }
  },
  "pH": 9.7400625,
  "pe": 4.0,
  "Eh": 0.24,
  "system_mass_kg": 0.20246103699039353,
  "input_composition": {
    "Ca": 0.56956992,
    "Si": 1.86779053,
    "Al": 0.69228619,
    "Fe": 0.14292352,
    "Mg": 0.11145185,
    "K": 0.08428383,
    "Na": 0.10257964,
    "S": 0.06151141,
    "O": 13.29646736,
    "H": 14.65422683,
    "C": 0.0109853
  },
  "execution_time": 1.0013580322265625e-05,
  "mix_id": "MIX_4500",
  "input_file": "/teamspace/studios/this_studio/inputs/generated/MIX_4500.inp"
}