{
  "converged": true,
  "method": "simplified_thermodynamic_model",
  "note": "Using simplified model until Cemdata18 integration complete",
  "temperature_K": 298.15,
  "pressure_bar": 1.01325,
  "CO2_fraction": 0.3,
  "pCO2_bar": 0.303975,
  "phases": {
    "Calcite": {
      "moles": 0.011503713493125,
      "mass_kg": 0.0011514066835268811
    },
    "C-S-H_1.0": {
      "moles": 0.48028085650687496,
      "mass_kg": 0.08164774560616875
    },
    "Silica_gel": {
      "moles": 0.702225073493125,
      "mass_kg": 0.04218968241546695
    },
    "Ettringite": {
      "moles": 0.017086501666666667,
      "mass_kg": 0.021443559591666665
    },
    "Hydrotalcite": {
      "moles": 0.035445261,
      "mass_kg": 0.015702250623
    }
  },
  "pH": 8.980125000000001,
  "pe": 4.0,
  "Eh": 0.24,
  "system_mass_kg": 0.16213464491982923,
  "input_composition": {
    "Ca": 0.49178457,
    "Si": 1.18250593,
    "Al": 0.53867497,
    "Fe": 0.05773752,
    "Mg": 0.11815087,
    "K": 0.05860121,
    "Na": 0.04692051,
    "S": 0.10251901,
    "O": 8.9228679,
    "H": 9.32541712,
    "C": 0.01513771
  },
  "execution_time": 1.33514404296875e-05,
  "mix_id": "MIX_1297",
  "input_file": "/teamspace/studios/this_studio/inputs/generated/MIX_1297.inp"
}