{
  "converged": true,
  "method": "simplified_thermodynamic_model",
  "note": "Using simplified model until Cemdata18 integration complete",
  "temperature_K": 298.15,
  "pressure_bar": 1.01325,
  "CO2_fraction": 0.3,
  "pCO2_bar": 0.303975,
  "phases": {
    "Calcite": {
      "moles": 0.009012197604375,
      "mass_kg": 0.0009020308582218937
    },
    "C-S-H_1.0": {
      "moles": 0.165371782395625,
      "mass_kg": 0.02811320300725625
    },
    "Silica_gel": {
      "moles": 1.0048403476043748,
      "mass_kg": 0.06037080808407084
    },
    "Ettringite": {
      "moles": 0.004271625,
      "mass_kg": 0.0053608893749999996
    },
    "Hydrotalcite": {
      "moles": 0.016085091,
      "mass_kg": 0.007125695313
    }
  },
  "pH": 8.980125000000001,
  "pe": 4.0,
  "Eh": 0.24,
  "system_mass_kg": 0.10187262663754898,
  "input_composition": {
    "Ca": 0.17438398,
    "Si": 1.17021213,
    "Al": 0.47450356,
    "Fe": 0.07039969,
    "Mg": 0.05361697,
    "K": 0.0631874,
    "Na": 0.05536969,
    "S": 0.02562975,
    "O": 6.87617225,
    "H": 6.66101223,
    "C": 0.01185913
  },
  "execution_time": 1.1205673217773438e-05,
  "mix_id": "MIX_0631",
  "input_file": "/teamspace/studios/this_studio/inputs/generated/MIX_0631.inp"
}