{
  "converged": true,
  "method": "simplified_thermodynamic_model",
  "note": "Using simplified model until Cemdata18 integration complete",
  "temperature_K": 298.15,
  "pressure_bar": 1.01325,
  "CO2_fraction": 0.25,
  "pCO2_bar": 0.2533125,
  "phases": {
    "Calcite": {
      "moles": 0.012113999034374998,
      "mass_kg": 0.0012124901633505936
    },
    "C-S-H_1.0": {
      "moles": 0.5039049309656249,
      "mass_kg": 0.08566383826415624
    },
    "Silica_gel": {
      "moles": 1.035788429034375,
      "mass_kg": 0.06223016881638525
    },
    "Ettringite": {
      "moles": 0.012814876666666667,
      "mass_kg": 0.016082670216666668
    },
    "Hydrotalcite": {
      "moles": 0.033368564999999996,
      "mass_kg": 0.014782274294999998
    }
  },
  "pH": 9.2334375,
  "pe": 4.0,
  "Eh": 0.24,
  "system_mass_kg": 0.17997144175555876,
  "input_composition": {
    "Ca": 0.51601893,
    "Si": 1.53969336,
    "Al": 0.61614554,
    "Fe": 0.10323869,
    "Mg": 0.11122855,
    "K": 0.07235976,
    "Na": 0.07114995,
    "S": 0.07688926,
    "O": 15.11790938,
    "H": 19.98303666,
    "C": 0.01912894
  },
  "execution_time": 2.0265579223632812e-05,
  "mix_id": "MIX_3075",
  "input_file": "/teamspace/studios/this_studio/inputs/generated/MIX_3075.inp"
}