{
  "converged": true,
  "method": "simplified_thermodynamic_model",
  "note": "Using simplified model until Cemdata18 integration complete",
  "temperature_K": 298.15,
  "pressure_bar": 1.01325,
  "CO2_fraction": 0.0,
  "pCO2_bar": 0.0,
  "phases": {
    "C-S-H_1.0": {
      "moles": 0.29614426,
      "mass_kg": 0.050344524200000004
    },
    "Silica_gel": {
      "moles": 1.54061457,
      "mass_kg": 0.0925601233656
    },
    "Hydrotalcite": {
      "moles": 0.017290917,
      "mass_kg": 0.007659876231
    }
  },
  "pH": 10.5,
  "pe": 4.0,
  "Eh": 0.24,
  "system_mass_kg": 0.1505645237966,
  "input_composition": {
    "Ca": 0.29614426,
    "Si": 1.83675883,
    "Al": 0.62611991,
    "Fe": 0.1468612,
    "Mg": 0.05763639,
    "K": 0.08611831,
    "Na": 0.17010204,
    "S": 0.0,
    "O": 13.80767069,
    "H": 16.98558112,
    "C": 0.0
  },
  "execution_time": 6.198883056640625e-06,
  "mix_id": "MIX_3598",
  "input_file": "/teamspace/studios/this_studio/inputs/generated/MIX_3598.inp"
}