{
  "converged": true,
  "method": "simplified_thermodynamic_model",
  "note": "Using simplified model until Cemdata18 integration complete",
  "temperature_K": 298.15,
  "pressure_bar": 1.01325,
  "CO2_fraction": 0.2,
  "pCO2_bar": 0.20265,
  "phases": {
    "Calcite": {
      "moles": 0.0078480772125,
      "mass_kg": 0.000785514048199125
    },
    "C-S-H_1.0": {
      "moles": 0.3322711127875,
      "mass_kg": 0.056486089173875
    },
    "Silica_gel": {
      "moles": 1.4424714872125,
      "mass_kg": 0.086663686951727
    },
    "Ettringite": {
      "moles": 0.002562975,
      "mass_kg": 0.0032165336249999994
    },
    "Hydrotalcite": {
      "moles": 0.020506445999999998,
      "mass_kg": 0.009084355577999999
    }
  },
  "pH": 9.48675,
  "pe": 4.0,
  "Eh": 0.24,
  "system_mass_kg": 0.15623617937680112,
  "input_composition": {
    "Ca": 0.34011919,
    "Si": 1.7747426,
    "Al": 0.62412504,
    "Fe": 0.13813669,
    "Mg": 0.06835482,
    "K": 0.0833666,
    "Na": 0.14526449,
    "S": 0.01537785,
    "O": 15.28430105,
    "H": 19.98303667,
    "C": 0.0154909
  },
  "execution_time": 1.7881393432617188e-05,
  "mix_id": "MIX_3515",
  "input_file": "/teamspace/studios/this_studio/inputs/generated/MIX_3515.inp"
}