{
  "converged": true,
  "method": "simplified_thermodynamic_model",
  "note": "Using simplified model until Cemdata18 integration complete",
  "temperature_K": 298.15,
  "pressure_bar": 1.01325,
  "CO2_fraction": 0.35,
  "pCO2_bar": 0.3546375,
  "phases": {
    "Calcite": {
      "moles": 0.018188453049374997,
      "mass_kg": 0.0018204822657119436
    },
    "C-S-H_1.0": {
      "moles": 0.209746506950625,
      "mass_kg": 0.03565690618160625
    },
    "Silica_gel": {
      "moles": 1.300492723049375,
      "mass_kg": 0.07813360280080646
    },
    "Ettringite": {
      "moles": 0.00170865,
      "mass_kg": 0.0021443557499999997
    },
    "Hydrotalcite": {
      "moles": 0.016152083999999997,
      "mass_kg": 0.007155373211999999
    }
  },
  "pH": 8.7268125,
  "pe": 4.0,
  "Eh": 0.24,
  "system_mass_kg": 0.12491072021012466,
  "input_composition": {
    "Ca": 0.22793496,
    "Si": 1.51023923,
    "Al": 0.55064422,
    "Fe": 0.11008453,
    "Mg": 0.05384028,
    "K": 0.07511147,
    "Na": 0.10992989,
    "S": 0.0102519,
    "O": 11.11866538,
    "H": 13.32202447,
    "C": 0.02051498
  },
  "execution_time": 1.1920928955078125e-05,
  "mix_id": "MIX_2331",
  "input_file": "/teamspace/studios/this_studio/inputs/generated/MIX_2331.inp"
}