{
  "converged": true,
  "method": "simplified_thermodynamic_model",
  "note": "Using simplified model until Cemdata18 integration complete",
  "temperature_K": 298.15,
  "pressure_bar": 1.01325,
  "CO2_fraction": 0.35,
  "pCO2_bar": 0.3546375,
  "phases": {
    "Calcite": {
      "moles": 0.029881028743125,
      "mass_kg": 0.002990792166899381
    },
    "C-S-H_1.0": {
      "moles": 0.363789151256875,
      "mass_kg": 0.061844155713668754
    },
    "Silica_gel": {
      "moles": 1.741064638743125,
      "mass_kg": 0.10460316349568695
    },
    "Hydrotalcite": {
      "moles": 0.020573436,
      "mass_kg": 0.009114032148
    }
  },
  "pH": 8.7268125,
  "pe": 4.0,
  "Eh": 0.24,
  "system_mass_kg": 0.17855214352425508,
  "input_composition": {
    "Ca": 0.39367018,
    "Si": 2.10485379,
    "Al": 0.70026569,
    "Fe": 0.17782153,
    "Mg": 0.06857812,
    "K": 0.09529067,
    "Na": 0.1805991,
    "S": 0.0,
    "O": 19.5164624,
    "H": 26.64404888,
    "C": 0.03370318
  },
  "execution_time": 8.106231689453125e-06,
  "mix_id": "MIX_4907",
  "input_file": "/teamspace/studios/this_studio/inputs/generated/MIX_4907.inp"
}