{
  "converged": true,
  "method": "simplified_thermodynamic_model",
  "note": "Using simplified model until Cemdata18 integration complete",
  "temperature_K": 298.15,
  "pressure_bar": 1.01325,
  "CO2_fraction": 0.4,
  "pCO2_bar": 0.4053,
  "phases": {
    "Calcite": {
      "moles": 0.02965884,
      "mass_kg": 0.0029685532956
    },
    "C-S-H_1.0": {
      "moles": 0.8330773100000001,
      "mass_kg": 0.1416231427
    },
    "Silica_gel": {
      "moles": 0.7438019099999998,
      "mass_kg": 0.044687618752799994
    },
    "Ettringite": {
      "moles": 0.027338403333333334,
      "mass_kg": 0.03430969618333333
    },
    "Hydrotalcite": {
      "moles": 0.054872421,
      "mass_kg": 0.024308482503
    }
  },
  "pH": 8.5,
  "pe": 4.0,
  "Eh": 0.24,
  "system_mass_kg": 0.24789749343473333,
  "input_composition": {
    "Ca": 0.86273615,
    "Si": 1.57687922,
    "Al": 0.67898703,
    "Fe": 0.08476018,
    "Mg": 0.18290807,
    "K": 0.06593911,
    "Na": 0.17456535,
    "S": 0.16403042,
    "O": 13.34379807,
    "H": 14.65422691,
    "C": 0.02965884
  },
  "execution_time": 9.775161743164062e-06,
  "mix_id": "MIX_4028",
  "input_file": "/teamspace/studios/this_studio/inputs/generated/MIX_4028.inp"
}