{
  "converged": true,
  "method": "simplified_thermodynamic_model",
  "note": "Using simplified model until Cemdata18 integration complete",
  "temperature_K": 298.15,
  "pressure_bar": 1.01325,
  "CO2_fraction": 0.25,
  "pCO2_bar": 0.2533125,
  "phases": {
    "Calcite": {
      "moles": 0.0062584716140624995,
      "mass_kg": 0.0006264104238515156
    },
    "C-S-H_1.0": {
      "moles": 0.1094922583859375,
      "mass_kg": 0.018613683925609376
    },
    "Silica_gel": {
      "moles": 1.1263276916140625,
      "mass_kg": 0.06766976771217288
    },
    "Ettringite": {
      "moles": 0.000854325,
      "mass_kg": 0.0010721778749999999
    },
    "Hydrotalcite": {
      "moles": 0.011797719,
      "mass_kg": 0.005226389517
    }
  },
  "pH": 9.2334375,
  "pe": 4.0,
  "Eh": 0.24,
  "system_mass_kg": 0.09320842945363378,
  "input_composition": {
    "Ca": 0.11575073,
    "Si": 1.23581995,
    "Al": 0.47716339,
    "Fe": 0.08203236,
    "Mg": 0.03932573,
    "K": 0.06685634,
    "Na": 0.05536969,
    "S": 0.00512595,
    "O": 6.89227218,
    "H": 6.66101223,
    "C": 0.00988261
  },
  "execution_time": 8.106231689453125e-06,
  "mix_id": "MIX_1063",
  "input_file": "/teamspace/studios/this_studio/inputs/generated/MIX_1063.inp"
}