{
  "converged": true,
  "method": "simplified_thermodynamic_model",
  "note": "Using simplified model until Cemdata18 integration complete",
  "temperature_K": 298.15,
  "pressure_bar": 1.01325,
  "CO2_fraction": 0.35,
  "pCO2_bar": 0.3546375,
  "phases": {
    "Calcite": {
      "moles": 0.027714690110625,
      "mass_kg": 0.002773963333172456
    },
    "C-S-H_1.0": {
      "moles": 0.893654699889375,
      "mass_kg": 0.15192129898119375
    },
    "Silica_gel": {
      "moles": 0.636032930110625,
      "mass_kg": 0.038212858441046355
    },
    "Ettringite": {
      "moles": 0.030755703333333332,
      "mass_kg": 0.03859840768333333
    },
    "Hydrotalcite": {
      "moles": 0.059159792999999995,
      "mass_kg": 0.026207788298999998
    }
  },
  "pH": 8.7268125,
  "pe": 4.0,
  "Eh": 0.24,
  "system_mass_kg": 0.25771431673774586,
  "input_composition": {
    "Ca": 0.92136939,
    "Si": 1.52968763,
    "Al": 0.67632719,
    "Fe": 0.07312751,
    "Mg": 0.19719931,
    "K": 0.06227016,
    "Na": 0.2102719,
    "S": 0.18453422,
    "O": 17.37823995,
    "H": 22.64744153,
    "C": 0.03125974
  },
  "execution_time": 9.775161743164062e-06,
  "mix_id": "MIX_3902",
  "input_file": "/teamspace/studios/this_studio/inputs/generated/MIX_3902.inp"
}