{
  "converged": true,
  "method": "simplified_thermodynamic_model",
  "note": "Using simplified model until Cemdata18 integration complete",
  "temperature_K": 298.15,
  "pressure_bar": 1.01325,
  "CO2_fraction": 0.15,
  "pCO2_bar": 0.1519875,
  "phases": {
    "Calcite": {
      "moles": 0.0020521656225,
      "mass_kg": 0.00020540125715602498
    },
    "C-S-H_1.0": {
      "moles": 0.20164843437750002,
      "mass_kg": 0.03428023384417501
    },
    "Silica_gel": {
      "moles": 0.9420308056225,
      "mass_kg": 0.0565972108017998
    },
    "Ettringite": {
      "moles": 0.005980275,
      "mass_kg": 0.007505245125
    },
    "Hydrotalcite": {
      "moles": 0.01822878,
      "mass_kg": 0.00807534954
    }
  },
  "pH": 9.7400625,
  "pe": 4.0,
  "Eh": 0.24,
  "system_mass_kg": 0.10666344056813083,
  "input_composition": {
    "Ca": 0.2037006,
    "Si": 1.14367924,
    "Al": 0.47317365,
    "Fe": 0.06458336,
    "Mg": 0.0607626,
    "K": 0.06135292,
    "Na": 0.06752836,
    "S": 0.03588165,
    "O": 5.87269885,
    "H": 4.6627086,
    "C": 0.00540088
  },
  "execution_time": 8.821487426757812e-06,
  "mix_id": "MIX_0361",
  "input_file": "/teamspace/studios/this_studio/inputs/generated/MIX_0361.inp"
}