{
  "converged": true,
  "method": "simplified_thermodynamic_model",
  "note": "Using simplified model until Cemdata18 integration complete",
  "temperature_K": 298.15,
  "pressure_bar": 1.01325,
  "CO2_fraction": 0.35,
  "pCO2_bar": 0.3546375,
  "phases": {
    "Calcite": {
      "moles": 0.011757536417812499,
      "mass_kg": 0.001176811820058853
    },
    "C-S-H_1.0": {
      "moles": 0.13330981358218752,
      "mass_kg": 0.02266266830897188
    },
    "Silica_gel": {
      "moles": 1.0777996864178125,
      "mass_kg": 0.06475420515998218
    },
    "Ettringite": {
      "moles": 0.002562975,
      "mass_kg": 0.0032165336249999994
    },
    "Hydrotalcite": {
      "moles": 0.013941405,
      "mass_kg": 0.006176042415
    }
  },
  "pH": 8.7268125,
  "pe": 4.0,
  "Eh": 0.24,
  "system_mass_kg": 0.0979862613290129,
  "input_composition": {
    "Ca": 0.14506735,
    "Si": 1.2111095,
    "Al": 0.47583348,
    "Fe": 0.07621603,
    "Mg": 0.04647135,
    "K": 0.06502187,
    "Na": 0.07106182,
    "S": 0.01537785,
    "O": 6.41346052,
    "H": 5.66186043,
    "C": 0.01326147
  },
  "execution_time": 1.0728836059570312e-05,
  "mix_id": "MIX_0874",
  "input_file": "/teamspace/studios/this_studio/inputs/generated/MIX_0874.inp"
}