{
  "converged": true,
  "method": "simplified_thermodynamic_model",
  "note": "Using simplified model until Cemdata18 integration complete",
  "temperature_K": 298.15,
  "pressure_bar": 1.01325,
  "CO2_fraction": 0.25,
  "pCO2_bar": 0.2533125,
  "phases": {
    "Calcite": {
      "moles": 0.005402180371874999,
      "mass_kg": 0.0005407042334209687
    },
    "C-S-H_1.0": {
      "moles": 0.183640109628125,
      "mass_kg": 0.03121881863678125
    },
    "Silica_gel": {
      "moles": 0.974618650371875,
      "mass_kg": 0.058555088514342254
    },
    "Ettringite": {
      "moles": 0.00512595,
      "mass_kg": 0.006433067249999999
    },
    "Hydrotalcite": {
      "moles": 0.017156936999999997,
      "mass_kg": 0.007600523090999999
    }
  },
  "pH": 9.2334375,
  "pe": 4.0,
  "Eh": 0.24,
  "system_mass_kg": 0.10434820172554447,
  "input_composition": {
    "Ca": 0.18904229,
    "Si": 1.15825876,
    "Al": 0.4738386,
    "Fe": 0.06749152,
    "Mg": 0.05718979,
    "K": 0.06227016,
    "Na": 0.0639949,
    "S": 0.0307557,
    "O": 5.37898373,
    "H": 3.66355677,
    "C": 0.00853046
  },
  "execution_time": 1.049041748046875e-05,
  "mix_id": "MIX_0504",
  "input_file": "/teamspace/studios/this_studio/inputs/generated/MIX_0504.inp"
}