{
  "converged": true,
  "method": "simplified_thermodynamic_model",
  "note": "Using simplified model until Cemdata18 integration complete",
  "temperature_K": 298.15,
  "pressure_bar": 1.01325,
  "CO2_fraction": 0.35,
  "pCO2_bar": 0.3546375,
  "phases": {
    "Calcite": {
      "moles": 0.0204012935240625,
      "mass_kg": 0.0020419654688234156
    },
    "C-S-H_1.0": {
      "moles": 0.5395925764759375,
      "mass_kg": 0.09173073800090938
    },
    "Silica_gel": {
      "moles": 0.9616943335240624,
      "mass_kg": 0.05777859555812567
    },
    "Ettringite": {
      "moles": 0.015377851666666666,
      "mass_kg": 0.019299203841666664
    },
    "Hydrotalcite": {
      "moles": 0.036584094,
      "mass_kg": 0.016206753642
    }
  },
  "pH": 8.7268125,
  "pe": 4.0,
  "Eh": 0.24,
  "system_mass_kg": 0.18705725651152513,
  "input_composition": {
    "Ca": 0.55999387,
    "Si": 1.50128691,
    "Al": 0.61415066,
    "Fe": 0.09451418,
    "Mg": 0.12194698,
    "K": 0.06960805,
    "Na": 0.09208854,
    "S": 0.09226711,
    "O": 12.14524615,
    "H": 13.9881257,
    "C": 0.02301087
  },
  "execution_time": 1.4066696166992188e-05,
  "mix_id": "MIX_2997",
  "input_file": "/teamspace/studios/this_studio/inputs/generated/MIX_2997.inp"
}