{
  "converged": true,
  "method": "simplified_thermodynamic_model",
  "note": "Using simplified model until Cemdata18 integration complete",
  "temperature_K": 298.15,
  "pressure_bar": 1.01325,
  "CO2_fraction": 0.4,
  "pCO2_bar": 0.4053,
  "phases": {
    "Calcite": {
      "moles": 0.02316153,
      "mass_kg": 0.0023182375377
    },
    "C-S-H_1.0": {
      "moles": 0.43930642000000003,
      "mass_kg": 0.07468209140000001
    },
    "Silica_gel": {
      "moles": 0.7795739099999999,
      "mass_kg": 0.046836800512799995
    },
    "Ettringite": {
      "moles": 0.015377851666666666,
      "mass_kg": 0.019299203841666664
    },
    "Hydrotalcite": {
      "moles": 0.033301575,
      "mass_kg": 0.014752597725
    }
  },
  "pH": 8.5,
  "pe": 4.0,
  "Eh": 0.24,
  "system_mass_kg": 0.15788893101716667,
  "input_composition": {
    "Ca": 0.46246795,
    "Si": 1.21888033,
    "Al": 0.54000488,
    "Fe": 0.06355385,
    "Mg": 0.11100525,
    "K": 0.06043569,
    "Na": 0.05384321,
    "S": 0.09226711,
    "O": 10.957848,
    "H": 13.32202441,
    "C": 0.02316153
  },
  "execution_time": 1.239776611328125e-05,
  "mix_id": "MIX_1443",
  "input_file": "/teamspace/studios/this_studio/inputs/generated/MIX_1443.inp"
}