{
  "converged": true,
  "method": "simplified_thermodynamic_model",
  "note": "Using simplified model until Cemdata18 integration complete",
  "temperature_K": 298.15,
  "pressure_bar": 1.01325,
  "CO2_fraction": 0.25,
  "pCO2_bar": 0.2533125,
  "phases": {
    "Calcite": {
      "moles": 0.012939569803124997,
      "mass_kg": 0.001295121541594781
    },
    "C-S-H_1.0": {
      "moles": 0.7911633301968749,
      "mass_kg": 0.13449776613346875
    },
    "Silica_gel": {
      "moles": 0.8605318298031251,
      "mass_kg": 0.05170075233457176
    },
    "Ettringite": {
      "moles": 0.023921101666666666,
      "mass_kg": 0.030020982591666665
    },
    "Hydrotalcite": {
      "moles": 0.050585049,
      "mass_kg": 0.022409176707
    }
  },
  "pH": 9.2334375,
  "pe": 4.0,
  "Eh": 0.24,
  "system_mass_kg": 0.23992379930830196,
  "input_composition": {
    "Ca": 0.8041029,
    "Si": 1.65169516,
    "Al": 0.68164686,
    "Fe": 0.09639285,
    "Mg": 0.16861683,
    "K": 0.06960805,
    "Na": 0.19241863,
    "S": 0.14352661,
    "O": 15.37104504,
    "H": 18.65083419,
    "C": 0.02043258
  },
  "execution_time": 9.5367431640625e-06,
  "mix_id": "MIX_4093",
  "input_file": "/teamspace/studios/this_studio/inputs/generated/MIX_4093.inp"
}