{
  "converged": true,
  "method": "simplified_thermodynamic_model",
  "note": "Using simplified model until Cemdata18 integration complete",
  "temperature_K": 298.15,
  "pressure_bar": 1.01325,
  "CO2_fraction": 0.15,
  "pCO2_bar": 0.1519875,
  "phases": {
    "Calcite": {
      "moles": 0.002027292868125,
      "mass_kg": 0.00020291174317063122
    },
    "C-S-H_1.0": {
      "moles": 0.113723437131875,
      "mass_kg": 0.01933298431241875
    },
    "Silica_gel": {
      "moles": 1.110597712868125,
      "mass_kg": 0.06672471058911696
    },
    "Ettringite": {
      "moles": 0.000854325,
      "mass_kg": 0.0010721778749999999
    },
    "Hydrotalcite": {
      "moles": 0.011797719,
      "mass_kg": 0.005226389517
    }
  },
  "pH": 9.7400625,
  "pe": 4.0,
  "Eh": 0.24,
  "system_mass_kg": 0.09255917403670634,
  "input_composition": {
    "Ca": 0.11575073,
    "Si": 1.22432115,
    "Al": 0.47716339,
    "Fe": 0.08203236,
    "Mg": 0.03932573,
    "K": 0.06685634,
    "Na": 0.03307511,
    "S": 0.00512595,
    "O": 5.84988109,
    "H": 4.66270853,
    "C": 0.00533542
  },
  "execution_time": 1.1205673217773438e-05,
  "mix_id": "MIX_1025",
  "input_file": "/teamspace/studios/this_studio/inputs/generated/MIX_1025.inp"
}