{
  "converged": true,
  "method": "simplified_thermodynamic_model",
  "note": "Using simplified model until Cemdata18 integration complete",
  "temperature_K": 298.15,
  "pressure_bar": 1.01325,
  "CO2_fraction": 0.15,
  "pCO2_bar": 0.1519875,
  "phases": {
    "Calcite": {
      "moles": 0.005421831089062499,
      "mass_kg": 0.0005426710737042656
    },
    "C-S-H_1.0": {
      "moles": 0.6227813289109375,
      "mass_kg": 0.10587282591485939
    },
    "Silica_gel": {
      "moles": 1.1721172510890625,
      "mass_kg": 0.07042080444543088
    },
    "Ettringite": {
      "moles": 0.013669201666666667,
      "mass_kg": 0.017154848091666664
    },
    "Hydrotalcite": {
      "moles": 0.037722929999999995,
      "mass_kg": 0.01671125799
    }
  },
  "pH": 9.7400625,
  "pe": 4.0,
  "Eh": 0.24,
  "system_mass_kg": 0.2107024075156612,
  "input_composition": {
    "Ca": 0.62820316,
    "Si": 1.79489858,
    "Al": 0.68962636,
    "Fe": 0.13129085,
    "Mg": 0.1257431,
    "K": 0.08061489,
    "Na": 0.0884567,
    "S": 0.08201521,
    "O": 19.25626337,
    "H": 26.64404884,
    "C": 0.01426915
  },
  "execution_time": 9.059906005859375e-06,
  "mix_id": "MIX_4387",
  "input_file": "/teamspace/studios/this_studio/inputs/generated/MIX_4387.inp"
}