{
  "converged": true,
  "method": "simplified_thermodynamic_model",
  "note": "Using simplified model until Cemdata18 integration complete",
  "temperature_K": 298.15,
  "pressure_bar": 1.01325,
  "CO2_fraction": 0.4,
  "pCO2_bar": 0.4053,
  "phases": {
    "Calcite": {
      "moles": 0.02193847,
      "mass_kg": 0.0021958214623
    },
    "C-S-H_1.0": {
      "moles": 0.17667987000000002,
      "mass_kg": 0.030035577900000006
    },
    "Silica_gel": {
      "moles": 1.36271839,
      "mass_kg": 0.0818721208712
    },
    "Hydrotalcite": {
      "moles": 0.014008394999999998,
      "mass_kg": 0.006205718984999999
    }
  },
  "pH": 8.5,
  "pe": 4.0,
  "Eh": 0.24,
  "system_mass_kg": 0.1203092392185,
  "input_composition": {
    "Ca": 0.19861834,
    "Si": 1.53939826,
    "Al": 0.55197413,
    "Fe": 0.11590086,
    "Mg": 0.04669465,
    "K": 0.07694594,
    "Na": 0.10286297,
    "S": 0.0,
    "O": 10.12156379,
    "H": 11.32372081,
    "C": 0.02193847
  },
  "execution_time": 1.0251998901367188e-05,
  "mix_id": "MIX_2458",
  "input_file": "/teamspace/studios/this_studio/inputs/generated/MIX_2458.inp"
}