{
  "converged": true,
  "method": "simplified_thermodynamic_model",
  "note": "Using simplified model until Cemdata18 integration complete",
  "temperature_K": 298.15,
  "pressure_bar": 1.01325,
  "CO2_fraction": 0.0,
  "pCO2_bar": 0.0,
  "phases": {
    "C-S-H_1.0": {
      "moles": 0.49178457,
      "mass_kg": 0.0836033769
    },
    "Silica_gel": {
      "moles": 0.73814002,
      "mass_kg": 0.0443474524016
    },
    "Ettringite": {
      "moles": 0.017086501666666667,
      "mass_kg": 0.021443559591666665
    },
    "Hydrotalcite": {
      "moles": 0.035445261,
      "mass_kg": 0.015702250623
    }
  },
  "pH": 10.5,
  "pe": 4.0,
  "Eh": 0.24,
  "system_mass_kg": 0.16509663951626666,
  "input_composition": {
    "Ca": 0.49178457,
    "Si": 1.22992459,
    "Al": 0.53867497,
    "Fe": 0.05773752,
    "Mg": 0.11815087,
    "K": 0.05860121,
    "Na": 0.1388588,
    "S": 0.10251901,
    "O": 11.0317026,
    "H": 13.32202445,
    "C": 0.0
  },
  "execution_time": 8.821487426757812e-06,
  "mix_id": "MIX_1247",
  "input_file": "/teamspace/studios/this_studio/inputs/generated/MIX_1247.inp"
}