{
  "converged": true,
  "method": "simplified_thermodynamic_model",
  "note": "Using simplified model until Cemdata18 integration complete",
  "temperature_K": 298.15,
  "pressure_bar": 1.01325,
  "CO2_fraction": 0.3,
  "pCO2_bar": 0.303975,
  "phases": {
    "Calcite": {
      "moles": 0.019990064744999998,
      "mass_kg": 0.00200080558032705
    },
    "C-S-H_1.0": {
      "moles": 0.901379325255,
      "mass_kg": 0.15323448529335001
    },
    "Silica_gel": {
      "moles": 0.561909654745,
      "mass_kg": 0.0337595320570796
    },
    "Ettringite": {
      "moles": 0.030755703333333332,
      "mass_kg": 0.03859840768333333
    },
    "Hydrotalcite": {
      "moles": 0.059159792999999995,
      "mass_kg": 0.026207788298999998
    }
  },
  "pH": 8.980125000000001,
  "pe": 4.0,
  "Eh": 0.24,
  "system_mass_kg": 0.25380101891309,
  "input_composition": {
    "Ca": 0.92136939,
    "Si": 1.46328898,
    "Al": 0.67632719,
    "Fe": 0.07312751,
    "Mg": 0.19719931,
    "K": 0.06227016,
    "Na": 0.081534,
    "S": 0.18453422,
    "O": 17.17116397,
    "H": 22.64744155,
    "C": 0.02630488
  },
  "execution_time": 1.0728836059570312e-05,
  "mix_id": "MIX_3874",
  "input_file": "/teamspace/studios/this_studio/inputs/generated/MIX_3874.inp"
}