{
  "converged": true,
  "method": "simplified_thermodynamic_model",
  "note": "Using simplified model until Cemdata18 integration complete",
  "temperature_K": 298.15,
  "pressure_bar": 1.01325,
  "CO2_fraction": 0.25,
  "pCO2_bar": 0.2533125,
  "phases": {
    "Calcite": {
      "moles": 0.011524667503124999,
      "mass_kg": 0.0011535039703877811
    },
    "C-S-H_1.0": {
      "moles": 0.675311742496875,
      "mass_kg": 0.11480299622446875
    },
    "Silica_gel": {
      "moles": 1.043267527503125,
      "mass_kg": 0.06267951305238774
    },
    "Ettringite": {
      "moles": 0.017086501666666667,
      "mass_kg": 0.021443559591666665
    },
    "Hydrotalcite": {
      "moles": 0.042010302,
      "mass_kg": 0.018610563786
    }
  },
  "pH": 9.2334375,
  "pe": 4.0,
  "Eh": 0.24,
  "system_mass_kg": 0.21869013662491094,
  "input_composition": {
    "Ca": 0.68683641,
    "Si": 1.71857927,
    "Al": 0.68696653,
    "Fe": 0.11965818,
    "Mg": 0.14003434,
    "K": 0.07694594,
    "Na": 0.0676886,
    "S": 0.10251901,
    "O": 13.21735077,
    "H": 14.65422685,
    "C": 0.01819834
  },
  "execution_time": 1.2874603271484375e-05,
  "mix_id": "MIX_4304",
  "input_file": "/teamspace/studios/this_studio/inputs/generated/MIX_4304.inp"
}