{
  "converged": true,
  "method": "simplified_thermodynamic_model",
  "note": "Using simplified model until Cemdata18 integration complete",
  "temperature_K": 298.15,
  "pressure_bar": 1.01325,
  "CO2_fraction": 0.4,
  "pCO2_bar": 0.4053,
  "phases": {
    "Calcite": {
      "moles": 0.03269213,
      "mass_kg": 0.0032721552916999998
    },
    "C-S-H_1.0": {
      "moles": 0.36097805,
      "mass_kg": 0.0613662685
    },
    "Silica_gel": {
      "moles": 1.74997186,
      "mass_kg": 0.1051383093488
    },
    "Hydrotalcite": {
      "moles": 0.020573436,
      "mass_kg": 0.009114032148
    }
  },
  "pH": 8.5,
  "pe": 4.0,
  "Eh": 0.24,
  "system_mass_kg": 0.1788907652885,
  "input_composition": {
    "Ca": 0.39367018,
    "Si": 2.11094991,
    "Al": 0.70026569,
    "Fe": 0.17782153,
    "Mg": 0.06857812,
    "K": 0.09529067,
    "Na": 0.19241863,
    "S": 0.0,
    "O": 15.53593494,
    "H": 18.65083419,
    "C": 0.03269213
  },
  "execution_time": 1.0967254638671875e-05,
  "mix_id": "MIX_4925",
  "input_file": "/teamspace/studios/this_studio/inputs/generated/MIX_4925.inp"
}