{
  "converged": true,
  "method": "simplified_thermodynamic_model",
  "note": "Using simplified model until Cemdata18 integration complete",
  "temperature_K": 298.15,
  "pressure_bar": 1.01325,
  "CO2_fraction": 0.35,
  "pCO2_bar": 0.3546375,
  "phases": {
    "Calcite": {
      "moles": 0.012419316590625,
      "mass_kg": 0.0012430493975556561
    },
    "C-S-H_1.0": {
      "moles": 0.14730634340937498,
      "mass_kg": 0.025042078379593748
    },
    "Silica_gel": {
      "moles": 1.0593483065906248,
      "mass_kg": 0.06364564625996474
    },
    "Ettringite": {
      "moles": 0.0034173,
      "mass_kg": 0.0042887114999999995
    },
    "Hydrotalcite": {
      "moles": 0.015013247999999998,
      "mass_kg": 0.006650868863999999
    }
  },
  "pH": 8.7268125,
  "pe": 4.0,
  "Eh": 0.24,
  "system_mass_kg": 0.10087035440111415,
  "input_composition": {
    "Ca": 0.15972566,
    "Si": 1.20665465,
    "Al": 0.47516852,
    "Fe": 0.07330786,
    "Mg": 0.05004416,
    "K": 0.06410463,
    "Na": 0.09422562,
    "S": 0.0205038,
    "O": 6.94499214,
    "H": 6.66101221,
    "C": 0.0140079
  },
  "execution_time": 9.5367431640625e-06,
  "mix_id": "MIX_0767",
  "input_file": "/teamspace/studios/this_studio/inputs/generated/MIX_0767.inp"
}