{
  "converged": true,
  "method": "simplified_thermodynamic_model",
  "note": "Using simplified model until Cemdata18 integration complete",
  "temperature_K": 298.15,
  "pressure_bar": 1.01325,
  "CO2_fraction": 0.15,
  "pCO2_bar": 0.1519875,
  "phases": {
    "Calcite": {
      "moles": 0.0037938283818749995,
      "mass_kg": 0.00037972428274186867
    },
    "C-S-H_1.0": {
      "moles": 0.732099771618125,
      "mass_kg": 0.12445696117508126
    },
    "Silica_gel": {
      "moles": 0.6056943083818751,
      "mass_kg": 0.03639011404758306
    },
    "Ettringite": {
      "moles": 0.02562975166666667,
      "mass_kg": 0.03216533834166667
    },
    "Hydrotalcite": {
      "moles": 0.049446213,
      "mass_kg": 0.021904672359
    }
  },
  "pH": 9.7400625,
  "pe": 4.0,
  "Eh": 0.24,
  "system_mass_kg": 0.21529681020607286,
  "input_composition": {
    "Ca": 0.7358936,
    "Si": 1.33779408,
    "Al": 0.60617116,
    "Fe": 0.05961618,
    "Mg": 0.16482071,
    "K": 0.05860121,
    "Na": 0.15671208,
    "S": 0.15377851,
    "O": 12.15800766,
    "H": 13.98812562,
    "C": 0.00998458
  },
  "execution_time": 1.52587890625e-05,
  "mix_id": "MIX_2493",
  "input_file": "/teamspace/studios/this_studio/inputs/generated/MIX_2493.inp"
}