{
  "converged": true,
  "method": "simplified_thermodynamic_model",
  "note": "Using simplified model until Cemdata18 integration complete",
  "temperature_K": 298.15,
  "pressure_bar": 1.01325,
  "CO2_fraction": 0.35,
  "pCO2_bar": 0.3546375,
  "phases": {
    "Calcite": {
      "moles": 0.010459944403125,
      "mass_kg": 0.001046935835308781
    },
    "C-S-H_1.0": {
      "moles": 0.178582345596875,
      "mass_kg": 0.030358998751468753
    },
    "Silica_gel": {
      "moles": 0.9628364144031251,
      "mass_kg": 0.05784721177733976
    },
    "Ettringite": {
      "moles": 0.00512595,
      "mass_kg": 0.006433067249999999
    },
    "Hydrotalcite": {
      "moles": 0.017156936999999997,
      "mass_kg": 0.007600523090999999
    }
  },
  "pH": 8.7268125,
  "pe": 4.0,
  "Eh": 0.24,
  "system_mass_kg": 0.10328673670511729,
  "input_composition": {
    "Ca": 0.18904229,
    "Si": 1.14141876,
    "Al": 0.4738386,
    "Fe": 0.06749152,
    "Mg": 0.05718979,
    "K": 0.06227016,
    "Na": 0.03134444,
    "S": 0.0307557,
    "O": 5.33551335,
    "H": 3.6635567,
    "C": 0.0117979
  },
  "execution_time": 1.1444091796875e-05,
  "mix_id": "MIX_0528",
  "input_file": "/teamspace/studios/this_studio/inputs/generated/MIX_0528.inp"
}