{
  "converged": true,
  "method": "simplified_thermodynamic_model",
  "note": "Using simplified model until Cemdata18 integration complete",
  "temperature_K": 298.15,
  "pressure_bar": 1.01325,
  "CO2_fraction": 0.3,
  "pCO2_bar": 0.303975,
  "phases": {
    "Calcite": {
      "moles": 0.007684860369374999,
      "mass_kg": 0.0007691776743707437
    },
    "C-S-H_1.0": {
      "moles": 0.10806586963062499,
      "mass_kg": 0.01837119783720625
    },
    "Silica_gel": {
      "moles": 1.1153626603693751,
      "mass_kg": 0.06701098863499207
    },
    "Ettringite": {
      "moles": 0.000854325,
      "mass_kg": 0.0010721778749999999
    },
    "Hydrotalcite": {
      "moles": 0.011797719,
      "mass_kg": 0.005226389517
    }
  },
  "pH": 8.980125000000001,
  "pe": 4.0,
  "Eh": 0.24,
  "system_mass_kg": 0.09244993153856906,
  "input_composition": {
    "Ca": 0.11575073,
    "Si": 1.22342853,
    "Al": 0.47716339,
    "Fe": 0.08203236,
    "Mg": 0.03932573,
    "K": 0.06685634,
    "Na": 0.03134444,
    "S": 0.00512595,
    "O": 5.35720873,
    "H": 3.6635567,
    "C": 0.01011249
  },
  "execution_time": 1.6450881958007812e-05,
  "mix_id": "MIX_1072",
  "input_file": "/teamspace/studios/this_studio/inputs/generated/MIX_1072.inp"
}