{
  "converged": true,
  "method": "simplified_thermodynamic_model",
  "note": "Using simplified model until Cemdata18 integration complete",
  "temperature_K": 298.15,
  "pressure_bar": 1.01325,
  "CO2_fraction": 0.4,
  "pCO2_bar": 0.4053,
  "phases": {
    "Calcite": {
      "moles": 0.02837287,
      "mass_kg": 0.0028398405583
    },
    "C-S-H_1.0": {
      "moles": 0.39969619,
      "mass_kg": 0.0679483523
    },
    "Silica_gel": {
      "moles": 1.23573103,
      "mass_kg": 0.0742427202824
    },
    "Ettringite": {
      "moles": 0.007688925,
      "mass_kg": 0.009649600874999999
    },
    "Hydrotalcite": {
      "moles": 0.026937506999999996,
      "mass_kg": 0.011933315600999998
    }
  },
  "pH": 8.5,
  "pe": 4.0,
  "Eh": 0.24,
  "system_mass_kg": 0.16661382961670002,
  "input_composition": {
    "Ca": 0.42806906,
    "Si": 1.63542722,
    "Al": 0.62013529,
    "Fe": 0.12068769,
    "Mg": 0.08979169,
    "K": 0.07786318,
    "Na": 0.06595793,
    "S": 0.04613355,
    "O": 13.65979718,
    "H": 16.98558113,
    "C": 0.02837287
  },
  "execution_time": 1.4066696166992188e-05,
  "mix_id": "MIX_3346",
  "input_file": "/teamspace/studios/this_studio/inputs/generated/MIX_3346.inp"
}