{
  "converged": true,
  "method": "simplified_thermodynamic_model",
  "note": "Using simplified model until Cemdata18 integration complete",
  "temperature_K": 298.15,
  "pressure_bar": 1.01325,
  "CO2_fraction": 0.2,
  "pCO2_bar": 0.20265,
  "phases": {
    "Calcite": {
      "moles": 0.00347900907375,
      "mass_kg": 0.0003482140181916375
    },
    "C-S-H_1.0": {
      "moles": 0.20022159092625,
      "mass_kg": 0.034037670457462504
    },
    "Silica_gel": {
      "moles": 0.9503211090737499,
      "mass_kg": 0.05709529223315089
    },
    "Ettringite": {
      "moles": 0.005980275,
      "mass_kg": 0.007505245125
    },
    "Hydrotalcite": {
      "moles": 0.01822878,
      "mass_kg": 0.00807534954
    }
  },
  "pH": 9.48675,
  "pe": 4.0,
  "Eh": 0.24,
  "system_mass_kg": 0.10706177137380503,
  "input_composition": {
    "Ca": 0.2037006,
    "Si": 1.1505427,
    "Al": 0.47317365,
    "Fe": 0.06458336,
    "Mg": 0.0607626,
    "K": 0.06135292,
    "Na": 0.08083566,
    "S": 0.03588165,
    "O": 5.39643576,
    "H": 3.66355671,
    "C": 0.00686703
  },
  "execution_time": 1.0967254638671875e-05,
  "mix_id": "MIX_0380",
  "input_file": "/teamspace/studios/this_studio/inputs/generated/MIX_0380.inp"
}