{
  "converged": true,
  "method": "simplified_thermodynamic_model",
  "note": "Using simplified model until Cemdata18 integration complete",
  "temperature_K": 298.15,
  "pressure_bar": 1.01325,
  "CO2_fraction": 0.2,
  "pCO2_bar": 0.20265,
  "phases": {
    "Calcite": {
      "moles": 0.00727537818,
      "mass_kg": 0.0007281926020362
    },
    "C-S-H_1.0": {
      "moles": 0.28886888182,
      "mass_kg": 0.0491077099094
    },
    "Silica_gel": {
      "moles": 1.52961226818,
      "mass_kg": 0.0918991050722544
    },
    "Hydrotalcite": {
      "moles": 0.017290917,
      "mass_kg": 0.007659876231
    }
  },
  "pH": 9.48675,
  "pe": 4.0,
  "Eh": 0.24,
  "system_mass_kg": 0.1493948838146906,
  "input_composition": {
    "Ca": 0.29614426,
    "Si": 1.81848115,
    "Al": 0.62611991,
    "Fe": 0.1468612,
    "Mg": 0.05763639,
    "K": 0.08611831,
    "Na": 0.13466411,
    "S": 0.0,
    "O": 13.78211737,
    "H": 16.98558118,
    "C": 0.01436048
  },
  "execution_time": 1.3828277587890625e-05,
  "mix_id": "MIX_3626",
  "input_file": "/teamspace/studios/this_studio/inputs/generated/MIX_3626.inp"
}