{
  "converged": true,
  "method": "simplified_thermodynamic_model",
  "note": "Using simplified model until Cemdata18 integration complete",
  "temperature_K": 298.15,
  "pressure_bar": 1.01325,
  "CO2_fraction": 0.3,
  "pCO2_bar": 0.303975,
  "phases": {
    "Calcite": {
      "moles": 0.008158407823124998,
      "mass_kg": 0.000816575039016581
    },
    "C-S-H_1.0": {
      "moles": 0.092934012176875,
      "mass_kg": 0.01579878207006875
    },
    "Silica_gel": {
      "moles": 1.156582407823125,
      "mass_kg": 0.06948747106201335
    },
    "Hydrotalcite": {
      "moles": 0.010725876,
      "mass_kg": 0.004751563068
    }
  },
  "pH": 8.980125000000001,
  "pe": 4.0,
  "Eh": 0.24,
  "system_mass_kg": 0.09085439123909868,
  "input_composition": {
    "Ca": 0.10109242,
    "Si": 1.24951642,
    "Al": 0.47782835,
    "Fe": 0.08494053,
    "Mg": 0.03575292,
    "K": 0.06777358,
    "Na": 0.05012415,
    "S": 0.0,
    "O": 5.89180594,
    "H": 4.66270861,
    "C": 0.01073563
  },
  "execution_time": 9.298324584960938e-06,
  "mix_id": "MIX_1189",
  "input_file": "/teamspace/studios/this_studio/inputs/generated/MIX_1189.inp"
}