{
  "converged": true,
  "method": "simplified_thermodynamic_model",
  "note": "Using simplified model until Cemdata18 integration complete",
  "temperature_K": 298.15,
  "pressure_bar": 1.01325,
  "CO2_fraction": 0.3,
  "pCO2_bar": 0.303975,
  "phases": {
    "Calcite": {
      "moles": 0.008585302713749998,
      "mass_kg": 0.0008593029486192372
    },
    "C-S-H_1.0": {
      "moles": 0.15114035728625,
      "mass_kg": 0.0256938607386625
    },
    "Silica_gel": {
      "moles": 1.03412098271375,
      "mass_kg": 0.062129988641442105
    },
    "Ettringite": {
      "moles": 0.0034173,
      "mass_kg": 0.0042887114999999995
    },
    "Hydrotalcite": {
      "moles": 0.015013247999999998,
      "mass_kg": 0.006650868863999999
    }
  },
  "pH": 8.980125000000001,
  "pe": 4.0,
  "Eh": 0.24,
  "system_mass_kg": 0.09962273269272384,
  "input_composition": {
    "Ca": 0.15972566,
    "Si": 1.18526134,
    "Al": 0.47516852,
    "Fe": 0.07330786,
    "Mg": 0.05004416,
    "K": 0.06410463,
    "Na": 0.05274692,
    "S": 0.0205038,
    "O": 6.37646921,
    "H": 5.6618604,
    "C": 0.01129738
  },
  "execution_time": 1.0251998901367188e-05,
  "mix_id": "MIX_0742",
  "input_file": "/teamspace/studios/this_studio/inputs/generated/MIX_0742.inp"
}