{
  "converged": true,
  "method": "simplified_thermodynamic_model",
  "note": "Using simplified model until Cemdata18 integration complete",
  "temperature_K": 298.15,
  "pressure_bar": 1.01325,
  "CO2_fraction": 0.4,
  "pCO2_bar": 0.4053,
  "phases": {
    "Calcite": {
      "moles": 0.03079212,
      "mass_kg": 0.0030819832908
    },
    "C-S-H_1.0": {
      "moles": 0.30932707000000004,
      "mass_kg": 0.05258560190000001
    },
    "Silica_gel": {
      "moles": 1.4461056,
      "mass_kg": 0.08688202444800001
    },
    "Ettringite": {
      "moles": 0.002562975,
      "mass_kg": 0.0032165336249999994
    },
    "Hydrotalcite": {
      "moles": 0.020506445999999998,
      "mass_kg": 0.009084355577999999
    }
  },
  "pH": 8.5,
  "pe": 4.0,
  "Eh": 0.24,
  "system_mass_kg": 0.15485049884180002,
  "input_composition": {
    "Ca": 0.34011919,
    "Si": 1.75543267,
    "Al": 0.62412504,
    "Fe": 0.13813669,
    "Mg": 0.06835482,
    "K": 0.0833666,
    "Na": 0.10782519,
    "S": 0.01537785,
    "O": 15.25756397,
    "H": 19.98303666,
    "C": 0.03079212
  },
  "execution_time": 1.0967254638671875e-05,
  "mix_id": "MIX_3575",
  "input_file": "/teamspace/studios/this_studio/inputs/generated/MIX_3575.inp"
}