{
  "converged": true,
  "method": "simplified_thermodynamic_model",
  "note": "Using simplified model until Cemdata18 integration complete",
  "temperature_K": 298.15,
  "pressure_bar": 1.01325,
  "CO2_fraction": 0.25,
  "pCO2_bar": 0.2533125,
  "phases": {
    "Calcite": {
      "moles": 0.011298180796875,
      "mass_kg": 0.0011308349159592187
    },
    "C-S-H_1.0": {
      "moles": 0.7245954192031251,
      "mass_kg": 0.12318122126453128
    },
    "Silica_gel": {
      "moles": 0.5839262407968749,
      "mass_kg": 0.03508228854707625
    },
    "Ettringite": {
      "moles": 0.02562975166666667,
      "mass_kg": 0.03216533834166667
    },
    "Hydrotalcite": {
      "moles": 0.049446213,
      "mass_kg": 0.021904672359
    }
  },
  "pH": 9.2334375,
  "pe": 4.0,
  "Eh": 0.24,
  "system_mass_kg": 0.21346435542823342,
  "input_composition": {
    "Ca": 0.7358936,
    "Si": 1.30852166,
    "Al": 0.60617116,
    "Fe": 0.05961618,
    "Mg": 0.16482071,
    "K": 0.05860121,
    "Na": 0.09995686,
    "S": 0.15377851,
    "O": 13.5855252,
    "H": 16.9855811,
    "C": 0.0178407
  },
  "execution_time": 1.0251998901367188e-05,
  "mix_id": "MIX_2518",
  "input_file": "/teamspace/studios/this_studio/inputs/generated/MIX_2518.inp"
}