{
  "converged": true,
  "method": "simplified_thermodynamic_model",
  "note": "Using simplified model until Cemdata18 integration complete",
  "temperature_K": 298.15,
  "pressure_bar": 1.01325,
  "CO2_fraction": 0.25,
  "pCO2_bar": 0.2533125,
  "phases": {
    "Calcite": {
      "moles": 0.005926036954687499,
      "mass_kg": 0.0005931370387946718
    },
    "C-S-H_1.0": {
      "moles": 0.13914131304531252,
      "mass_kg": 0.02365402321770313
    },
    "Silica_gel": {
      "moles": 1.0532685569546876,
      "mass_kg": 0.06328037490183763
    },
    "Ettringite": {
      "moles": 0.002562975,
      "mass_kg": 0.0032165336249999994
    },
    "Hydrotalcite": {
      "moles": 0.013941405,
      "mass_kg": 0.006176042415
    }
  },
  "pH": 9.2334375,
  "pe": 4.0,
  "Eh": 0.24,
  "system_mass_kg": 0.09692011119833543,
  "input_composition": {
    "Ca": 0.14506735,
    "Si": 1.19240987,
    "Al": 0.47583348,
    "Fe": 0.07621603,
    "Mg": 0.04647135,
    "K": 0.06502187,
    "Na": 0.03480579,
    "S": 0.01537785,
    "O": 6.35012563,
    "H": 5.6618604,
    "C": 0.00935767
  },
  "execution_time": 1.0728836059570312e-05,
  "mix_id": "MIX_0834",
  "input_file": "/teamspace/studios/this_studio/inputs/generated/MIX_0834.inp"
}