{
  "converged": true,
  "method": "simplified_thermodynamic_model",
  "note": "Using simplified model until Cemdata18 integration complete",
  "temperature_K": 298.15,
  "pressure_bar": 1.01325,
  "CO2_fraction": 0.25,
  "pCO2_bar": 0.2533125,
  "phases": {
    "Calcite": {
      "moles": 0.008737546059374999,
      "mass_kg": 0.0008745409850828436
    },
    "C-S-H_1.0": {
      "moles": 0.277830663940625,
      "mass_kg": 0.04723121286990625
    },
    "Silica_gel": {
      "moles": 1.1771172360593751,
      "mass_kg": 0.07072120354244726
    },
    "Ettringite": {
      "moles": 0.00512595,
      "mass_kg": 0.006433067249999999
    },
    "Hydrotalcite": {
      "moles": 0.020439455999999998,
      "mass_kg": 0.009054679008
    }
  },
  "pH": 9.2334375,
  "pe": 4.0,
  "Eh": 0.24,
  "system_mass_kg": 0.13431470365543635,
  "input_composition": {
    "Ca": 0.28656821,
    "Si": 1.4549479,
    "Al": 0.54798438,
    "Fe": 0.09845186,
    "Mg": 0.06813152,
    "K": 0.07144252,
    "Na": 0.12993217,
    "S": 0.0307557,
    "O": 10.11665925,
    "H": 11.32372077,
    "C": 0.01379726
  },
  "execution_time": 8.344650268554688e-06,
  "mix_id": "MIX_2078",
  "input_file": "/teamspace/studios/this_studio/inputs/generated/MIX_2078.inp"
}