{
  "converged": true,
  "method": "simplified_thermodynamic_model",
  "note": "Using simplified model until Cemdata18 integration complete",
  "temperature_K": 298.15,
  "pressure_bar": 1.01325,
  "CO2_fraction": 0.35,
  "pCO2_bar": 0.3546375,
  "phases": {
    "Calcite": {
      "moles": 0.029881028743125,
      "mass_kg": 0.002990792166899381
    },
    "C-S-H_1.0": {
      "moles": 0.715588621256875,
      "mass_kg": 0.12165006561366876
    },
    "Silica_gel": {
      "moles": 0.9956182487431251,
      "mass_kg": 0.059816744384486954
    },
    "Ettringite": {
      "moles": 0.020503801666666665,
      "mass_kg": 0.02573227109166666
    },
    "Hydrotalcite": {
      "moles": 0.046297674,
      "mass_kg": 0.020509869582
    }
  },
  "pH": 8.7268125,
  "pe": 4.0,
  "Eh": 0.24,
  "system_mass_kg": 0.23069974283872174,
  "input_composition": {
    "Ca": 0.74546965,
    "Si": 1.71120687,
    "Al": 0.68430669,
    "Fe": 0.10802551,
    "Mg": 0.15432558,
    "K": 0.073277,
    "Na": 0.1805991,
    "S": 0.12302281,
    "O": 19.39614456,
    "H": 26.64404888,
    "C": 0.03370318
  },
  "execution_time": 1.0013580322265625e-05,
  "mix_id": "MIX_4235",
  "input_file": "/teamspace/studios/this_studio/inputs/generated/MIX_4235.inp"
}