{
  "converged": true,
  "method": "simplified_thermodynamic_model",
  "note": "Using simplified model until Cemdata18 integration complete",
  "temperature_K": 298.15,
  "pressure_bar": 1.01325,
  "CO2_fraction": 0.4,
  "pCO2_bar": 0.4053,
  "phases": {
    "Calcite": {
      "moles": 0.03117548,
      "mass_kg": 0.0031203537932
    },
    "C-S-H_1.0": {
      "moles": 0.44086852000000004,
      "mass_kg": 0.07494764840000001
    },
    "Silica_gel": {
      "moles": 1.20597293,
      "mass_kg": 0.0724548536344
    },
    "Ettringite": {
      "moles": 0.010251901666666667,
      "mass_kg": 0.012866136591666666
    },
    "Hydrotalcite": {
      "moles": 0.030153035999999998,
      "mass_kg": 0.013357794947999999
    }
  },
  "pH": 8.5,
  "pe": 4.0,
  "Eh": 0.24,
  "system_mass_kg": 0.17674678736726668,
  "input_composition": {
    "Ca": 0.472044,
    "Si": 1.64684145,
    "Al": 0.61814041,
    "Fe": 0.11196319,
    "Mg": 0.10051012,
    "K": 0.07511147,
    "Na": 0.18349199,
    "S": 0.06151141,
    "O": 15.32909761,
    "H": 19.98303657,
    "C": 0.03117548
  },
  "execution_time": 9.059906005859375e-06,
  "mix_id": "MIX_3247",
  "input_file": "/teamspace/studios/this_studio/inputs/generated/MIX_3247.inp"
}