{
  "converged": true,
  "method": "simplified_thermodynamic_model",
  "note": "Using simplified model until Cemdata18 integration complete",
  "temperature_K": 298.15,
  "pressure_bar": 1.01325,
  "CO2_fraction": 0.4,
  "pCO2_bar": 0.4053,
  "phases": {
    "Calcite": {
      "moles": 0.01497227,
      "mass_kg": 0.0014985745043
    },
    "C-S-H_1.0": {
      "moles": 0.20338663999999998,
      "mass_kg": 0.0345757288
    },
    "Silica_gel": {
      "moles": 0.90701345,
      "mass_kg": 0.054493368076
    },
    "Ettringite": {
      "moles": 0.0068346,
      "mass_kg": 0.008577422999999999
    },
    "Hydrotalcite": {
      "moles": 0.019300623,
      "mass_kg": 0.008550175989
    }
  },
  "pH": 8.5,
  "pe": 4.0,
  "Eh": 0.24,
  "system_mass_kg": 0.10769527036929999,
  "input_composition": {
    "Ca": 0.21835891,
    "Si": 1.11040009,
    "Al": 0.47250869,
    "Fe": 0.06167519,
    "Mg": 0.06433541,
    "K": 0.06043569,
    "Na": 0.03480579,
    "S": 0.0410076,
    "O": 6.33628862,
    "H": 5.6618604,
    "C": 0.01497227
  },
  "execution_time": 9.775161743164062e-06,
  "mix_id": "MIX_0322",
  "input_file": "/teamspace/studios/this_studio/inputs/generated/MIX_0322.inp"
}