{
  "converged": true,
  "method": "simplified_thermodynamic_model",
  "note": "Using simplified model until Cemdata18 integration complete",
  "temperature_K": 298.15,
  "pressure_bar": 1.01325,
  "CO2_fraction": 0.25,
  "pCO2_bar": 0.2533125,
  "phases": {
    "Calcite": {
      "moles": 0.007444284421874998,
      "mass_kg": 0.0007450984277854685
    },
    "C-S-H_1.0": {
      "moles": 0.367073795578125,
      "mass_kg": 0.062402545248281246
    },
    "Silica_gel": {
      "moles": 0.9564165344218751,
      "mass_kg": 0.05746150538806626
    },
    "Ettringite": {
      "moles": 0.010251901666666667,
      "mass_kg": 0.012866136591666666
    },
    "Hydrotalcite": {
      "moles": 0.026870514,
      "mass_kg": 0.011903637702000001
    }
  },
  "pH": 9.2334375,
  "pe": 4.0,
  "Eh": 0.24,
  "system_mass_kg": 0.14537892335779964,
  "input_composition": {
    "Ca": 0.37451808,
    "Si": 1.32349033,
    "Al": 0.54399463,
    "Fe": 0.08100285,
    "Mg": 0.08956838,
    "K": 0.06593911,
    "Na": 0.06586079,
    "S": 0.06151141,
    "O": 7.98606445,
    "H": 7.32711348,
    "C": 0.0117551
  },
  "execution_time": 1.0967254638671875e-05,
  "mix_id": "MIX_1732",
  "input_file": "/teamspace/studios/this_studio/inputs/generated/MIX_1732.inp"
}