{
  "converged": true,
  "method": "simplified_thermodynamic_model",
  "note": "Using simplified model until Cemdata18 integration complete",
  "temperature_K": 298.15,
  "pressure_bar": 1.01325,
  "CO2_fraction": 0.15,
  "pCO2_bar": 0.1519875,
  "phases": {
    "Calcite": {
      "moles": 0.0019447864537499998,
      "mass_kg": 0.0001946536761558375
    },
    "C-S-H_1.0": {
      "moles": 0.14312256354625003,
      "mass_kg": 0.024330835802862508
    },
    "Silica_gel": {
      "moles": 1.06434205645375,
      "mass_kg": 0.0639456707517413
    },
    "Ettringite": {
      "moles": 0.002562975,
      "mass_kg": 0.0032165336249999994
    },
    "Hydrotalcite": {
      "moles": 0.013941405,
      "mass_kg": 0.006176042415
    }
  },
  "pH": 9.7400625,
  "pe": 4.0,
  "Eh": 0.24,
  "system_mass_kg": 0.09786373627075964,
  "input_composition": {
    "Ca": 0.14506735,
    "Si": 1.20746462,
    "Al": 0.47583348,
    "Fe": 0.07621603,
    "Mg": 0.04647135,
    "K": 0.06502187,
    "Na": 0.0639949,
    "S": 0.01537785,
    "O": 5.38719909,
    "H": 3.66355677,
    "C": 0.00511828
  },
  "execution_time": 1.4543533325195312e-05,
  "mix_id": "MIX_0808",
  "input_file": "/teamspace/studios/this_studio/inputs/generated/MIX_0808.inp"
}