{
  "converged": true,
  "method": "simplified_thermodynamic_model",
  "note": "Using simplified model until Cemdata18 integration complete",
  "temperature_K": 298.15,
  "pressure_bar": 1.01325,
  "CO2_fraction": 0.3,
  "pCO2_bar": 0.303975,
  "phases": {
    "Calcite": {
      "moles": 0.017768562249374998,
      "mass_kg": 0.0017784553955399434
    },
    "C-S-H_1.0": {
      "moles": 0.542225307750625,
      "mass_kg": 0.09217830231760626
    },
    "Silica_gel": {
      "moles": 1.006204412249375,
      "mass_kg": 0.060452761087942446
    },
    "Ettringite": {
      "moles": 0.015377851666666666,
      "mass_kg": 0.019299203841666664
    },
    "Hydrotalcite": {
      "moles": 0.036584094,
      "mass_kg": 0.016206753642
    }
  },
  "pH": 8.980125000000001,
  "pe": 4.0,
  "Eh": 0.24,
  "system_mass_kg": 0.18991547628475533,
  "input_composition": {
    "Ca": 0.55999387,
    "Si": 1.54842972,
    "Al": 0.61415066,
    "Fe": 0.09451418,
    "Mg": 0.12194698,
    "K": 0.06960805,
    "Na": 0.18349199,
    "S": 0.09226711,
    "O": 15.28343041,
    "H": 19.98303657,
    "C": 0.02338161
  },
  "execution_time": 1.1205673217773438e-05,
  "mix_id": "MIX_2991",
  "input_file": "/teamspace/studios/this_studio/inputs/generated/MIX_2991.inp"
}