{
  "converged": true,
  "method": "simplified_thermodynamic_model",
  "note": "Using simplified model until Cemdata18 integration complete",
  "temperature_K": 298.15,
  "pressure_bar": 1.01325,
  "CO2_fraction": 0.2,
  "pCO2_bar": 0.20265,
  "phases": {
    "Calcite": {
      "moles": 0.0067445821012499995,
      "mass_kg": 0.0006750652225141125
    },
    "C-S-H_1.0": {
      "moles": 0.28939967789875,
      "mass_kg": 0.0491979452427875
    },
    "Silica_gel": {
      "moles": 1.54045306210125,
      "mass_kg": 0.0925504199710431
    },
    "Hydrotalcite": {
      "moles": 0.017290917,
      "mass_kg": 0.007659876231
    }
  },
  "pH": 9.48675,
  "pe": 4.0,
  "Eh": 0.24,
  "system_mass_kg": 0.1500833066673447,
  "input_composition": {
    "Ca": 0.29614426,
    "Si": 1.82985274,
    "Al": 0.62611991,
    "Fe": 0.1468612,
    "Mg": 0.05763639,
    "K": 0.08611831,
    "Na": 0.15671208,
    "S": 0.0,
    "O": 12.31506134,
    "H": 13.98812562,
    "C": 0.01331277
  },
  "execution_time": 1.3589859008789062e-05,
  "mix_id": "MIX_3629",
  "input_file": "/teamspace/studios/this_studio/inputs/generated/MIX_3629.inp"
}