{
  "converged": true,
  "method": "simplified_thermodynamic_model",
  "note": "Using simplified model until Cemdata18 integration complete",
  "temperature_K": 298.15,
  "pressure_bar": 1.01325,
  "CO2_fraction": 0.35,
  "pCO2_bar": 0.3546375,
  "phases": {
    "Calcite": {
      "moles": 0.011685545005312499,
      "mass_kg": 0.001169606199581728
    },
    "C-S-H_1.0": {
      "moles": 0.2213316749946875,
      "mass_kg": 0.03762638474909688
    },
    "Silica_gel": {
      "moles": 0.8819198850053124,
      "mass_kg": 0.05298574669111917
    },
    "Ettringite": {
      "moles": 0.007688925,
      "mass_kg": 0.009649600874999999
    },
    "Hydrotalcite": {
      "moles": 0.020372466000000002,
      "mass_kg": 0.009025002438000002
    }
  },
  "pH": 8.7268125,
  "pe": 4.0,
  "Eh": 0.24,
  "system_mass_kg": 0.11045634095279777,
  "input_composition": {
    "Ca": 0.23301722,
    "Si": 1.10325156,
    "Al": 0.47184373,
    "Fe": 0.05876702,
    "Mg": 0.06790822,
    "K": 0.05951845,
    "Na": 0.05274692,
    "S": 0.04613355,
    "O": 6.35516879,
    "H": 5.6618604,
    "C": 0.01318027
  },
  "execution_time": 1.049041748046875e-05,
  "mix_id": "MIX_0198",
  "input_file": "/teamspace/studios/this_studio/inputs/generated/MIX_0198.inp"
}