{
  "converged": true,
  "method": "simplified_thermodynamic_model",
  "note": "Using simplified model until Cemdata18 integration complete",
  "temperature_K": 298.15,
  "pressure_bar": 1.01325,
  "CO2_fraction": 0.35,
  "pCO2_bar": 0.3546375,
  "phases": {
    "Calcite": {
      "moles": 0.016812920578125,
      "mass_kg": 0.0016828052206645315
    },
    "C-S-H_1.0": {
      "moles": 0.474971649421875,
      "mass_kg": 0.08074518040171876
    },
    "Silica_gel": {
      "moles": 0.7093195205781251,
      "mass_kg": 0.04261591679633376
    },
    "Ettringite": {
      "moles": 0.017086501666666667,
      "mass_kg": 0.021443559591666665
    },
    "Hydrotalcite": {
      "moles": 0.035445261,
      "mass_kg": 0.015702250623
    }
  },
  "pH": 8.7268125,
  "pe": 4.0,
  "Eh": 0.24,
  "system_mass_kg": 0.16218971263338372,
  "input_composition": {
    "Ca": 0.49178457,
    "Si": 1.18429117,
    "Al": 0.53867497,
    "Fe": 0.05773752,
    "Mg": 0.11815087,
    "K": 0.05860121,
    "Na": 0.05038186,
    "S": 0.10251901,
    "O": 9.93497244,
    "H": 11.32372071,
    "C": 0.0189635
  },
  "execution_time": 2.1696090698242188e-05,
  "mix_id": "MIX_1314",
  "input_file": "/teamspace/studios/this_studio/inputs/generated/MIX_1314.inp"
}