{
  "converged": true,
  "method": "simplified_thermodynamic_model",
  "note": "Using simplified model until Cemdata18 integration complete",
  "temperature_K": 298.15,
  "pressure_bar": 1.01325,
  "CO2_fraction": 0.4,
  "pCO2_bar": 0.4053,
  "phases": {
    "Calcite": {
      "moles": 0.02929412,
      "mass_kg": 0.0029320484708
    },
    "C-S-H_1.0": {
      "moles": 0.9507085200000001,
      "mass_kg": 0.16162044840000003
    },
    "Silica_gel": {
      "moles": 0.45782725999999996,
      "mass_kg": 0.027506261780799998
    },
    "Ettringite": {
      "moles": 0.034173003333333334,
      "mass_kg": 0.04288711918333333
    },
    "Hydrotalcite": {
      "moles": 0.063447168,
      "mass_kg": 0.028107095424
    }
  },
  "pH": 8.5,
  "pe": 4.0,
  "Eh": 0.24,
  "system_mass_kg": 0.26305297325893334,
  "input_composition": {
    "Ca": 0.98000264,
    "Si": 1.40853578,
    "Al": 0.67366736,
    "Fe": 0.06149484,
    "Mg": 0.21149056,
    "K": 0.05860121,
    "Na": 0.10257964,
    "S": 0.20503802,
    "O": 13.19271421,
    "H": 14.65422683,
    "C": 0.02929412
  },
  "execution_time": 2.0503997802734375e-05,
  "mix_id": "MIX_3796",
  "input_file": "/teamspace/studios/this_studio/inputs/generated/MIX_3796.inp"
}