{
  "converged": true,
  "method": "simplified_thermodynamic_model",
  "note": "Using simplified model until Cemdata18 integration complete",
  "temperature_K": 298.15,
  "pressure_bar": 1.01325,
  "CO2_fraction": 0.35,
  "pCO2_bar": 0.3546375,
  "phases": {
    "Calcite": {
      "moles": 0.023887584065625,
      "mass_kg": 0.002390908289128406
    },
    "C-S-H_1.0": {
      "moles": 0.404181475934375,
      "mass_kg": 0.06871085090884375
    },
    "Silica_gel": {
      "moles": 1.252839464065625,
      "mass_kg": 0.07527059500106276
    },
    "Ettringite": {
      "moles": 0.007688925,
      "mass_kg": 0.009649600874999999
    },
    "Hydrotalcite": {
      "moles": 0.026937506999999996,
      "mass_kg": 0.011933315600999998
    }
  },
  "pH": 8.7268125,
  "pe": 4.0,
  "Eh": 0.24,
  "system_mass_kg": 0.1679552706750349,
  "input_composition": {
    "Ca": 0.42806906,
    "Si": 1.65702094,
    "Al": 0.62013529,
    "Fe": 0.12068769,
    "Mg": 0.08979169,
    "K": 0.07786318,
    "Na": 0.10782519,
    "S": 0.04613355,
    "O": 15.21978648,
    "H": 19.98303666,
    "C": 0.0269431
  },
  "execution_time": 1.0967254638671875e-05,
  "mix_id": "MIX_3335",
  "input_file": "/teamspace/studios/this_studio/inputs/generated/MIX_3335.inp"
}