{
  "converged": true,
  "method": "simplified_thermodynamic_model",
  "note": "Using simplified model until Cemdata18 integration complete",
  "temperature_K": 298.15,
  "pressure_bar": 1.01325,
  "CO2_fraction": 0.25,
  "pCO2_bar": 0.2533125,
  "phases": {
    "Calcite": {
      "moles": 0.0062207027203125,
      "mass_kg": 0.0006226301352760781
    },
    "C-S-H_1.0": {
      "moles": 0.1388466472796875,
      "mass_kg": 0.023603930037546877
    },
    "Silica_gel": {
      "moles": 1.0544558427203126,
      "mass_kg": 0.06335170703063638
    },
    "Ettringite": {
      "moles": 0.002562975,
      "mass_kg": 0.0032165336249999994
    },
    "Hydrotalcite": {
      "moles": 0.013941405,
      "mass_kg": 0.006176042415
    }
  },
  "pH": 9.2334375,
  "pe": 4.0,
  "Eh": 0.24,
  "system_mass_kg": 0.09697084324345934,
  "input_composition": {
    "Ca": 0.14506735,
    "Si": 1.19330249,
    "Al": 0.47583348,
    "Fe": 0.07621603,
    "Mg": 0.04647135,
    "K": 0.06502187,
    "Na": 0.03653646,
    "S": 0.01537785,
    "O": 6.85328272,
    "H": 6.66101223,
    "C": 0.00982297
  },
  "execution_time": 1.1682510375976562e-05,
  "mix_id": "MIX_0835",
  "input_file": "/teamspace/studios/this_studio/inputs/generated/MIX_0835.inp"
}