{
  "converged": true,
  "method": "simplified_thermodynamic_model",
  "note": "Using simplified model until Cemdata18 integration complete",
  "temperature_K": 298.15,
  "pressure_bar": 1.01325,
  "CO2_fraction": 0.25,
  "pCO2_bar": 0.2533125,
  "phases": {
    "Calcite": {
      "moles": 0.009279824793749999,
      "mass_kg": 0.0009288176636064373
    },
    "C-S-H_1.0": {
      "moles": 0.18933851520625,
      "mass_kg": 0.0321875475850625
    },
    "Silica_gel": {
      "moles": 1.35370462479375,
      "mass_kg": 0.0813305738576085
    },
    "Hydrotalcite": {
      "moles": 0.014008394999999998,
      "mass_kg": 0.006205718984999999
    }
  },
  "pH": 9.2334375,
  "pe": 4.0,
  "Eh": 0.24,
  "system_mass_kg": 0.12065265809127744,
  "input_composition": {
    "Ca": 0.19861834,
    "Si": 1.54304314,
    "Al": 0.55197413,
    "Fe": 0.11590086,
    "Mg": 0.04669465,
    "K": 0.07694594,
    "Na": 0.10992989,
    "S": 0.0,
    "O": 11.11696902,
    "H": 13.32202447,
    "C": 0.01465356
  },
  "execution_time": 8.344650268554688e-06,
  "mix_id": "MIX_2411",
  "input_file": "/teamspace/studios/this_studio/inputs/generated/MIX_2411.inp"
}