{
  "converged": true,
  "method": "simplified_thermodynamic_model",
  "note": "Using simplified model until Cemdata18 integration complete",
  "temperature_K": 298.15,
  "pressure_bar": 1.01325,
  "CO2_fraction": 0.15,
  "pCO2_bar": 0.1519875,
  "phases": {
    "Calcite": {
      "moles": 0.0034063248515625,
      "mass_kg": 0.0003409390543928906
    },
    "C-S-H_1.0": {
      "moles": 0.6885123451484375,
      "mass_kg": 0.11704709867523438
    },
    "Silica_gel": {
      "moles": 0.6463239448515624,
      "mass_kg": 0.03883114260668187
    },
    "Ettringite": {
      "moles": 0.023066776666666667,
      "mass_kg": 0.028948804716666665
    },
    "Hydrotalcite": {
      "moles": 0.046230684,
      "mass_kg": 0.020480193012000002
    }
  },
  "pH": 9.7400625,
  "pe": 4.0,
  "Eh": 0.24,
  "system_mass_kg": 0.20564817806497582,
  "input_composition": {
    "Ca": 0.69191867,
    "Si": 1.33483629,
    "Al": 0.60816604,
    "Fe": 0.06834068,
    "Mg": 0.15410228,
    "K": 0.06135292,
    "Na": 0.05557388,
    "S": 0.13840066,
    "O": 10.51738357,
    "H": 10.99067014,
    "C": 0.00896475
  },
  "execution_time": 1.0728836059570312e-05,
  "mix_id": "MIX_2592",
  "input_file": "/teamspace/studios/this_studio/inputs/generated/MIX_2592.inp"
}