{
  "converged": true,
  "method": "simplified_thermodynamic_model",
  "note": "Using simplified model until Cemdata18 integration complete",
  "temperature_K": 298.15,
  "pressure_bar": 1.01325,
  "CO2_fraction": 0.4,
  "pCO2_bar": 0.4053,
  "phases": {
    "Calcite": {
      "moles": 0.0306063,
      "mass_kg": 0.003063384567
    },
    "C-S-H_1.0": {
      "moles": 0.39746276,
      "mass_kg": 0.06756866920000001
    },
    "Silica_gel": {
      "moles": 1.24064233,
      "mass_kg": 0.0745377911864
    },
    "Ettringite": {
      "moles": 0.007688925,
      "mass_kg": 0.009649600874999999
    },
    "Hydrotalcite": {
      "moles": 0.026937506999999996,
      "mass_kg": 0.011933315600999998
    }
  },
  "pH": 8.5,
  "pe": 4.0,
  "Eh": 0.24,
  "system_mass_kg": 0.16675276142940001,
  "input_composition": {
    "Ca": 0.42806906,
    "Si": 1.63810509,
    "Al": 0.62013529,
    "Fe": 0.12068769,
    "Mg": 0.08979169,
    "K": 0.07786318,
    "Na": 0.07114995,
    "S": 0.04613355,
    "O": 15.17094356,
    "H": 19.98303666,
    "C": 0.0306063
  },
  "execution_time": 9.298324584960938e-06,
  "mix_id": "MIX_3347",
  "input_file": "/teamspace/studios/this_studio/inputs/generated/MIX_3347.inp"
}