{
  "converged": true,
  "method": "simplified_thermodynamic_model",
  "note": "Using simplified model until Cemdata18 integration complete",
  "temperature_K": 298.15,
  "pressure_bar": 1.01325,
  "CO2_fraction": 0.15,
  "pCO2_bar": 0.1519875,
  "phases": {
    "Calcite": {
      "moles": 0.004387514354999999,
      "mass_kg": 0.0004391463117919499
    },
    "C-S-H_1.0": {
      "moles": 0.467656485645,
      "mass_kg": 0.07950160255965001
    },
    "Silica_gel": {
      "moles": 1.140158584355,
      "mass_kg": 0.0685007277480484
    },
    "Ettringite": {
      "moles": 0.010251901666666667,
      "mass_kg": 0.012866136591666666
    },
    "Hydrotalcite": {
      "moles": 0.030153035999999998,
      "mass_kg": 0.013357794947999999
    }
  },
  "pH": 9.7400625,
  "pe": 4.0,
  "Eh": 0.24,
  "system_mass_kg": 0.17466540815915702,
  "input_composition": {
    "Ca": 0.472044,
    "Si": 1.60781507,
    "Al": 0.61814041,
    "Fe": 0.11196319,
    "Mg": 0.10051012,
    "K": 0.07511147,
    "Na": 0.10782519,
    "S": 0.06151141,
    "O": 15.17395463,
    "H": 19.98303666,
    "C": 0.01154704
  },
  "execution_time": 1.239776611328125e-05,
  "mix_id": "MIX_3159",
  "input_file": "/teamspace/studios/this_studio/inputs/generated/MIX_3159.inp"
}