{
  "converged": true,
  "method": "simplified_thermodynamic_model",
  "note": "Using simplified model until Cemdata18 integration complete",
  "temperature_K": 298.15,
  "pressure_bar": 1.01325,
  "CO2_fraction": 0.3,
  "pCO2_bar": 0.303975,
  "phases": {
    "Calcite": {
      "moles": 0.01362529940625,
      "mass_kg": 0.0013637562175715624
    },
    "C-S-H_1.0": {
      "moles": 0.41444376059375,
      "mass_kg": 0.0704554393009375
    },
    "Silica_gel": {
      "moles": 1.2156277194062501,
      "mass_kg": 0.07303491338192751
    },
    "Ettringite": {
      "moles": 0.007688925,
      "mass_kg": 0.009649600874999999
    },
    "Hydrotalcite": {
      "moles": 0.026937506999999996,
      "mass_kg": 0.011933315600999998
    }
  },
  "pH": 8.980125000000001,
  "pe": 4.0,
  "Eh": 0.24,
  "system_mass_kg": 0.16643702537643656,
  "input_composition": {
    "Ca": 0.42806906,
    "Si": 1.63007148,
    "Al": 0.62013529,
    "Fe": 0.12068769,
    "Mg": 0.08979169,
    "K": 0.07786318,
    "Na": 0.05557388,
    "S": 0.04613355,
    "O": 10.62555145,
    "H": 10.99067014,
    "C": 0.0179295
  },
  "execution_time": 1.8358230590820312e-05,
  "mix_id": "MIX_3312",
  "input_file": "/teamspace/studios/this_studio/inputs/generated/MIX_3312.inp"
}