{
  "converged": true,
  "method": "simplified_thermodynamic_model",
  "note": "Using simplified model until Cemdata18 integration complete",
  "temperature_K": 298.15,
  "pressure_bar": 1.01325,
  "CO2_fraction": 0.15,
  "pCO2_bar": 0.1519875,
  "phases": {
    "Calcite": {
      "moles": 0.0050278566909375,
      "mass_kg": 0.0005032381761959343
    },
    "C-S-H_1.0": {
      "moles": 0.4472755633090625,
      "mass_kg": 0.07603684576254063
    },
    "Silica_gel": {
      "moles": 1.5625525166909378,
      "mass_kg": 0.09387815520279154
    },
    "Ettringite": {
      "moles": 0.0034173,
      "mass_kg": 0.0042887114999999995
    },
    "Hydrotalcite": {
      "moles": 0.024860808,
      "mass_kg": 0.011013337944000001
    }
  },
  "pH": 9.7400625,
  "pe": 4.0,
  "Eh": 0.24,
  "system_mass_kg": 0.1857202885855281,
  "input_composition": {
    "Ca": 0.45230342,
    "Si": 2.00982808,
    "Al": 0.69760586,
    "Fe": 0.16618886,
    "Mg": 0.08286936,
    "K": 0.09162172,
    "Na": 0.12356184,
    "S": 0.0205038,
    "O": 17.36980956,
    "H": 22.64744153,
    "C": 0.01323229
  },
  "execution_time": 2.002716064453125e-05,
  "mix_id": "MIX_4726",
  "input_file": "/teamspace/studios/this_studio/inputs/generated/MIX_4726.inp"
}