{
  "converged": true,
  "method": "simplified_thermodynamic_model",
  "note": "Using simplified model until Cemdata18 integration complete",
  "temperature_K": 298.15,
  "pressure_bar": 1.01325,
  "CO2_fraction": 0.4,
  "pCO2_bar": 0.4053,
  "phases": {
    "Calcite": {
      "moles": 0.02890052,
      "mass_kg": 0.0028926530468
    },
    "C-S-H_1.0": {
      "moles": 0.44314348000000003,
      "mass_kg": 0.07533439160000001
    },
    "Silica_gel": {
      "moles": 1.1967918899999999,
      "mass_kg": 0.07190325675119999
    },
    "Ettringite": {
      "moles": 0.010251901666666667,
      "mass_kg": 0.012866136591666666
    },
    "Hydrotalcite": {
      "moles": 0.030153035999999998,
      "mass_kg": 0.013357794947999999
    }
  },
  "pH": 8.5,
  "pe": 4.0,
  "Eh": 0.24,
  "system_mass_kg": 0.17635423293766667,
  "input_composition": {
    "Ca": 0.472044,
    "Si": 1.63993537,
    "Al": 0.61814041,
    "Fe": 0.11196319,
    "Mg": 0.10051012,
    "K": 0.07511147,
    "Na": 0.17010204,
    "S": 0.06151141,
    "O": 13.80531281,
    "H": 16.98558112,
    "C": 0.02890052
  },
  "execution_time": 9.5367431640625e-06,
  "mix_id": "MIX_3246",
  "input_file": "/teamspace/studios/this_studio/inputs/generated/MIX_3246.inp"
}