{
  "converged": true,
  "method": "simplified_thermodynamic_model",
  "note": "Using simplified model until Cemdata18 integration complete",
  "temperature_K": 298.15,
  "pressure_bar": 1.01325,
  "CO2_fraction": 0.4,
  "pCO2_bar": 0.4053,
  "phases": {
    "Calcite": {
      "moles": 0.02929412,
      "mass_kg": 0.0029320484708
    },
    "C-S-H_1.0": {
      "moles": 0.8334420300000001,
      "mass_kg": 0.14168514510000002
    },
    "Silica_gel": {
      "moles": 0.7063093999999999,
      "mass_kg": 0.042435068751999996
    },
    "Ettringite": {
      "moles": 0.027338403333333334,
      "mass_kg": 0.03430969618333333
    },
    "Hydrotalcite": {
      "moles": 0.054872421,
      "mass_kg": 0.024308482503
    }
  },
  "pH": 8.5,
  "pe": 4.0,
  "Eh": 0.24,
  "system_mass_kg": 0.24567044100913335,
  "input_composition": {
    "Ca": 0.86273615,
    "Si": 1.53975143,
    "Al": 0.67898703,
    "Fe": 0.08476018,
    "Mg": 0.18290807,
    "K": 0.06593911,
    "Na": 0.10257964,
    "S": 0.16403042,
    "O": 13.23282016,
    "H": 14.65422683,
    "C": 0.02929412
  },
  "execution_time": 1.2636184692382812e-05,
  "mix_id": "MIX_4020",
  "input_file": "/teamspace/studios/this_studio/inputs/generated/MIX_4020.inp"
}