{
  "converged": true,
  "method": "simplified_thermodynamic_model",
  "note": "Using simplified model until Cemdata18 integration complete",
  "temperature_K": 298.15,
  "pressure_bar": 1.01325,
  "CO2_fraction": 0.25,
  "pCO2_bar": 0.2533125,
  "phases": {
    "Calcite": {
      "moles": 0.005336705423437499,
      "mass_kg": 0.0005341508458318593
    },
    "C-S-H_1.0": {
      "moles": 0.0957557145765625,
      "mass_kg": 0.016278471478015626
    },
    "Silica_gel": {
      "moles": 1.1440747754234375,
      "mass_kg": 0.06873601250744013
    },
    "Hydrotalcite": {
      "moles": 0.010725876,
      "mass_kg": 0.004751563068
    }
  },
  "pH": 9.2334375,
  "pe": 4.0,
  "Eh": 0.24,
  "system_mass_kg": 0.09030019789928762,
  "input_composition": {
    "Ca": 0.10109242,
    "Si": 1.23983049,
    "Al": 0.47782835,
    "Fe": 0.08494053,
    "Mg": 0.03575292,
    "K": 0.06777358,
    "Na": 0.03134444,
    "S": 0.0,
    "O": 5.35885115,
    "H": 3.6635567,
    "C": 0.00842707
  },
  "execution_time": 1.0967254638671875e-05,
  "mix_id": "MIX_1168",
  "input_file": "/teamspace/studios/this_studio/inputs/generated/MIX_1168.inp"
}