{
  "converged": true,
  "method": "simplified_thermodynamic_model",
  "note": "Using simplified model until Cemdata18 integration complete",
  "temperature_K": 298.15,
  "pressure_bar": 1.01325,
  "CO2_fraction": 0.25,
  "pCO2_bar": 0.2533125,
  "phases": {
    "Calcite": {
      "moles": 0.012187541985937498,
      "mass_kg": 0.0012198510773724842
    },
    "C-S-H_1.0": {
      "moles": 0.37190658801406246,
      "mass_kg": 0.06322411996239062
    },
    "Silica_gel": {
      "moles": 1.3343202219859376,
      "mass_kg": 0.08016595893691514
    },
    "Ettringite": {
      "moles": 0.00512595,
      "mass_kg": 0.006433067249999999
    },
    "Hydrotalcite": {
      "moles": 0.023721975,
      "mass_kg": 0.010508834925
    }
  },
  "pH": 9.2334375,
  "pe": 4.0,
  "Eh": 0.24,
  "system_mass_kg": 0.16155183215167823,
  "input_composition": {
    "Ca": 0.38409413,
    "Si": 1.70622681,
    "Al": 0.62213016,
    "Fe": 0.12941219,
    "Mg": 0.07907325,
    "K": 0.08061489,
    "Na": 0.10782519,
    "S": 0.0307557,
    "O": 15.21943015,
    "H": 19.98303666,
    "C": 0.01924507
  },
  "execution_time": 1.8358230590820312e-05,
  "mix_id": "MIX_3415",
  "input_file": "/teamspace/studios/this_studio/inputs/generated/MIX_3415.inp"
}