{
  "converged": true,
  "method": "simplified_thermodynamic_model",
  "note": "Using simplified model until Cemdata18 integration complete",
  "temperature_K": 298.15,
  "pressure_bar": 1.01325,
  "CO2_fraction": 0.2,
  "pCO2_bar": 0.20265,
  "phases": {
    "Calcite": {
      "moles": 0.0096388142025,
      "mass_kg": 0.000964748913528225
    },
    "C-S-H_1.0": {
      "moles": 0.4426646057975,
      "mass_kg": 0.075252982985575
    },
    "Silica_gel": {
      "moles": 1.5490574342025,
      "mass_kg": 0.09306737064688621
    },
    "Ettringite": {
      "moles": 0.0034173,
      "mass_kg": 0.0042887114999999995
    },
    "Hydrotalcite": {
      "moles": 0.024860808,
      "mass_kg": 0.011013337944000001
    }
  },
  "pH": 9.48675,
  "pe": 4.0,
  "Eh": 0.24,
  "system_mass_kg": 0.18458715198998943,
  "input_composition": {
    "Ca": 0.45230342,
    "Si": 1.99172204,
    "Al": 0.69760586,
    "Fe": 0.16618886,
    "Mg": 0.08286936,
    "K": 0.09162172,
    "Na": 0.0884567,
    "S": 0.0205038,
    "O": 19.32593506,
    "H": 26.64404884,
    "C": 0.01902554
  },
  "execution_time": 1.3113021850585938e-05,
  "mix_id": "MIX_4739",
  "input_file": "/teamspace/studios/this_studio/inputs/generated/MIX_4739.inp"
}