{
  "converged": true,
  "method": "simplified_thermodynamic_model",
  "note": "Using simplified model until Cemdata18 integration complete",
  "temperature_K": 298.15,
  "pressure_bar": 1.01325,
  "CO2_fraction": 0.35,
  "pCO2_bar": 0.3546375,
  "phases": {
    "Calcite": {
      "moles": 0.02374344165375,
      "mass_kg": 0.0023764810751238374
    },
    "C-S-H_1.0": {
      "moles": 0.66817522834625,
      "mass_kg": 0.1135897888188625
    },
    "Silica_gel": {
      "moles": 0.67469467165375,
      "mass_kg": 0.0405356558729573
    },
    "Ettringite": {
      "moles": 0.023066776666666667,
      "mass_kg": 0.028948804716666665
    },
    "Hydrotalcite": {
      "moles": 0.046230684,
      "mass_kg": 0.020480193012000002
    }
  },
  "pH": 8.7268125,
  "pe": 4.0,
  "Eh": 0.24,
  "system_mass_kg": 0.20593092349561032,
  "input_composition": {
    "Ca": 0.69191867,
    "Si": 1.3428699,
    "Al": 0.60816604,
    "Fe": 0.06834068,
    "Mg": 0.15410228,
    "K": 0.06135292,
    "Na": 0.07114995,
    "S": 0.13840066,
    "O": 15.07305361,
    "H": 19.98303666,
    "C": 0.02678052
  },
  "execution_time": 1.1920928955078125e-05,
  "mix_id": "MIX_2659",
  "input_file": "/teamspace/studios/this_studio/inputs/generated/MIX_2659.inp"
}