{
  "converged": true,
  "method": "simplified_thermodynamic_model",
  "note": "Using simplified model until Cemdata18 integration complete",
  "temperature_K": 298.15,
  "pressure_bar": 1.01325,
  "CO2_fraction": 0.35,
  "pCO2_bar": 0.3546375,
  "phases": {
    "Calcite": {
      "moles": 0.02403474089625,
      "mass_kg": 0.0024056372163056626
    },
    "C-S-H_1.0": {
      "moles": 0.62390898910375,
      "mass_kg": 0.10606452814763752
    },
    "Silica_gel": {
      "moles": 0.8063925508962501,
      "mass_kg": 0.048448064457846704
    },
    "Ettringite": {
      "moles": 0.020503801666666665,
      "mass_kg": 0.02573227109166666
    },
    "Hydrotalcite": {
      "moles": 0.043015155,
      "mass_kg": 0.019055713665
    }
  },
  "pH": 8.7268125,
  "pe": 4.0,
  "Eh": 0.24,
  "system_mass_kg": 0.20170621457845656,
  "input_composition": {
    "Ca": 0.64794373,
    "Si": 1.43030154,
    "Al": 0.61016091,
    "Fe": 0.07706518,
    "Mg": 0.14338385,
    "K": 0.06410463,
    "Na": 0.14526449,
    "S": 0.12302281,
    "O": 15.2022593,
    "H": 19.98303667,
    "C": 0.02710908
  },
  "execution_time": 1.2636184692382812e-05,
  "mix_id": "MIX_2779",
  "input_file": "/teamspace/studios/this_studio/inputs/generated/MIX_2779.inp"
}