{
  "converged": true,
  "method": "simplified_thermodynamic_model",
  "note": "Using simplified model until Cemdata18 integration complete",
  "temperature_K": 298.15,
  "pressure_bar": 1.01325,
  "CO2_fraction": 0.15,
  "pCO2_bar": 0.1519875,
  "phases": {
    "Calcite": {
      "moles": 0.0030880858246874992,
      "mass_kg": 0.0003090865101929718
    },
    "C-S-H_1.0": {
      "moles": 0.4300632341753125,
      "mass_kg": 0.07311074980980313
    },
    "Silica_gel": {
      "moles": 0.8198357658246875,
      "mass_kg": 0.04925573281074723
    },
    "Ettringite": {
      "moles": 0.013669201666666667,
      "mass_kg": 0.017154848091666664
    },
    "Hydrotalcite": {
      "moles": 0.031157888999999998,
      "mass_kg": 0.013802944826999999
    }
  },
  "pH": 9.7400625,
  "pe": 4.0,
  "Eh": 0.24,
  "system_mass_kg": 0.15363336204941,
  "input_composition": {
    "Ca": 0.43315132,
    "Si": 1.249899,
    "Al": 0.5413348,
    "Fe": 0.06937019,
    "Mg": 0.10385963,
    "K": 0.06227016,
    "Na": 0.05038186,
    "S": 0.08201521,
    "O": 9.93335284,
    "H": 11.32372071,
    "C": 0.00812721
  },
  "execution_time": 1.430511474609375e-05,
  "mix_id": "MIX_1474",
  "input_file": "/teamspace/studios/this_studio/inputs/generated/MIX_1474.inp"
}