{
  "converged": true,
  "method": "simplified_thermodynamic_model",
  "note": "Using simplified model until Cemdata18 integration complete",
  "temperature_K": 298.15,
  "pressure_bar": 1.01325,
  "CO2_fraction": 0.2,
  "pCO2_bar": 0.20265,
  "phases": {
    "Calcite": {
      "moles": 0.006092454401249999,
      "mass_kg": 0.0006097937610211124
    },
    "C-S-H_1.0": {
      "moles": 0.50992647559875,
      "mass_kg": 0.08668750085178752
    },
    "Silica_gel": {
      "moles": 1.03650808440125,
      "mass_kg": 0.0622734057108271
    },
    "Ettringite": {
      "moles": 0.012814876666666667,
      "mass_kg": 0.016082670216666668
    },
    "Hydrotalcite": {
      "moles": 0.033368564999999996,
      "mass_kg": 0.014782274294999998
    }
  },
  "pH": 9.48675,
  "pe": 4.0,
  "Eh": 0.24,
  "system_mass_kg": 0.1804356448353024,
  "input_composition": {
    "Ca": 0.51601893,
    "Si": 1.54643456,
    "Al": 0.61614554,
    "Fe": 0.10323869,
    "Mg": 0.11122855,
    "K": 0.07235976,
    "Na": 0.08422021,
    "S": 0.07688926,
    "O": 10.6275369,
    "H": 10.99067013,
    "C": 0.01202557
  },
  "execution_time": 1.0251998901367188e-05,
  "mix_id": "MIX_3060",
  "input_file": "/teamspace/studios/this_studio/inputs/generated/MIX_3060.inp"
}