{
  "converged": true,
  "method": "simplified_thermodynamic_model",
  "note": "Using simplified model until Cemdata18 integration complete",
  "temperature_K": 298.15,
  "pressure_bar": 1.01325,
  "CO2_fraction": 0.25,
  "pCO2_bar": 0.2533125,
  "phases": {
    "Calcite": {
      "moles": 0.015060644024999998,
      "mass_kg": 0.0015074198604622497
    },
    "C-S-H_1.0": {
      "moles": 0.613142515975,
      "mass_kg": 0.10423422771575001
    },
    "Silica_gel": {
      "moles": 1.181756064025,
      "mass_kg": 0.070999904326622
    },
    "Ettringite": {
      "moles": 0.013669201666666667,
      "mass_kg": 0.017154848091666664
    },
    "Hydrotalcite": {
      "moles": 0.037722929999999995,
      "mass_kg": 0.01671125799
    }
  },
  "pH": 9.2334375,
  "pe": 4.0,
  "Eh": 0.24,
  "system_mass_kg": 0.21060765798450093,
  "input_composition": {
    "Ca": 0.62820316,
    "Si": 1.79489858,
    "Al": 0.68962636,
    "Fe": 0.13129085,
    "Mg": 0.1257431,
    "K": 0.08061489,
    "Na": 0.0884567,
    "S": 0.08201521,
    "O": 19.27528891,
    "H": 26.64404884,
    "C": 0.02378192
  },
  "execution_time": 9.298324584960938e-06,
  "mix_id": "MIX_4419",
  "input_file": "/teamspace/studios/this_studio/inputs/generated/MIX_4419.inp"
}