{
  "converged": true,
  "method": "simplified_thermodynamic_model",
  "note": "Using simplified model until Cemdata18 integration complete",
  "temperature_K": 298.15,
  "pressure_bar": 1.01325,
  "CO2_fraction": 0.35,
  "pCO2_bar": 0.3546375,
  "phases": {
    "Calcite": {
      "moles": 0.014590797466874998,
      "mass_kg": 0.0014603929184595185
    },
    "C-S-H_1.0": {
      "moles": 0.44787715253312504,
      "mass_kg": 0.07613911593063126
    },
    "Silica_gel": {
      "moles": 0.777201437466875,
      "mass_kg": 0.04669426236300985
    },
    "Ettringite": {
      "moles": 0.015377851666666666,
      "mass_kg": 0.019299203841666664
    },
    "Hydrotalcite": {
      "moles": 0.033301575,
      "mass_kg": 0.014752597725
    }
  },
  "pH": 8.7268125,
  "pe": 4.0,
  "Eh": 0.24,
  "system_mass_kg": 0.1583455727787673,
  "input_composition": {
    "Ca": 0.46246795,
    "Si": 1.22507859,
    "Al": 0.54000488,
    "Fe": 0.06355385,
    "Mg": 0.11100525,
    "K": 0.06043569,
    "Na": 0.06586079,
    "S": 0.09226711,
    "O": 7.96538907,
    "H": 7.32711348,
    "C": 0.01645714
  },
  "execution_time": 1.0728836059570312e-05,
  "mix_id": "MIX_1428",
  "input_file": "/teamspace/studios/this_studio/inputs/generated/MIX_1428.inp"
}