{
  "converged": true,
  "method": "simplified_thermodynamic_model",
  "note": "Using simplified model until Cemdata18 integration complete",
  "temperature_K": 298.15,
  "pressure_bar": 1.01325,
  "CO2_fraction": 0.35,
  "pCO2_bar": 0.3546375,
  "phases": {
    "Calcite": {
      "moles": 0.011831035039687498,
      "mass_kg": 0.0011841682971223217
    },
    "C-S-H_1.0": {
      "moles": 0.11857800496031251,
      "mass_kg": 0.020158260843253128
    },
    "Silica_gel": {
      "moles": 1.1185785250396876,
      "mass_kg": 0.06720419778438443
    },
    "Ettringite": {
      "moles": 0.00170865,
      "mass_kg": 0.0021443557499999997
    },
    "Hydrotalcite": {
      "moles": 0.012869562,
      "mass_kg": 0.0057012159659999995
    }
  },
  "pH": 8.7268125,
  "pe": 4.0,
  "Eh": 0.24,
  "system_mass_kg": 0.09639219864075987,
  "input_composition": {
    "Ca": 0.13040904,
    "Si": 1.23715653,
    "Al": 0.47649844,
    "Fe": 0.07912419,
    "Mg": 0.04289854,
    "K": 0.06593911,
    "Na": 0.0897623,
    "S": 0.0102519,
    "O": 6.44727995,
    "H": 5.66186043,
    "C": 0.01334437
  },
  "execution_time": 2.1696090698242188e-05,
  "mix_id": "MIX_0990",
  "input_file": "/teamspace/studios/this_studio/inputs/generated/MIX_0990.inp"
}