{
  "converged": true,
  "method": "simplified_thermodynamic_model",
  "note": "Using simplified model until Cemdata18 integration complete",
  "temperature_K": 298.15,
  "pressure_bar": 1.01325,
  "CO2_fraction": 0.35,
  "pCO2_bar": 0.3546375,
  "phases": {
    "Calcite": {
      "moles": 0.0123421652025,
      "mass_kg": 0.001235327315118225
    },
    "C-S-H_1.0": {
      "moles": 0.2206750547975,
      "mass_kg": 0.037514759315575
    },
    "Silica_gel": {
      "moles": 0.8938451552025,
      "mass_kg": 0.0537022169245662
    },
    "Ettringite": {
      "moles": 0.007688925,
      "mass_kg": 0.009649600874999999
    },
    "Hydrotalcite": {
      "moles": 0.020372466000000002,
      "mass_kg": 0.009025002438000002
    }
  },
  "pH": 8.7268125,
  "pe": 4.0,
  "Eh": 0.24,
  "system_mass_kg": 0.11112690686825942,
  "input_composition": {
    "Ca": 0.23301722,
    "Si": 1.11452021,
    "Al": 0.47184373,
    "Fe": 0.05876702,
    "Mg": 0.06790822,
    "K": 0.05951845,
    "Na": 0.07459528,
    "S": 0.04613355,
    "O": 6.88968741,
    "H": 6.66101226,
    "C": 0.01392088
  },
  "execution_time": 1.049041748046875e-05,
  "mix_id": "MIX_0203",
  "input_file": "/teamspace/studios/this_studio/inputs/generated/MIX_0203.inp"
}