{
  "converged": true,
  "method": "simplified_thermodynamic_model",
  "note": "Using simplified model until Cemdata18 integration complete",
  "temperature_K": 298.15,
  "pressure_bar": 1.01325,
  "CO2_fraction": 0.2,
  "pCO2_bar": 0.20265,
  "phases": {
    "Calcite": {
      "moles": 0.0034154934975,
      "mass_kg": 0.00034185674416477497
    },
    "C-S-H_1.0": {
      "moles": 0.0976769265025,
      "mass_kg": 0.016605077505425
    },
    "Silica_gel": {
      "moles": 1.1421535634975,
      "mass_kg": 0.0686205860949298
    },
    "Hydrotalcite": {
      "moles": 0.010725876,
      "mass_kg": 0.004751563068
    }
  },
  "pH": 9.48675,
  "pe": 4.0,
  "Eh": 0.24,
  "system_mass_kg": 0.09031908341251957,
  "input_composition": {
    "Ca": 0.10109242,
    "Si": 1.23983049,
    "Al": 0.47782835,
    "Fe": 0.08494053,
    "Mg": 0.03575292,
    "K": 0.06777358,
    "Na": 0.03134444,
    "S": 0.0,
    "O": 5.35548032,
    "H": 3.6635567,
    "C": 0.00674166
  },
  "execution_time": 1.0728836059570312e-05,
  "mix_id": "MIX_1152",
  "input_file": "/teamspace/studios/this_studio/inputs/generated/MIX_1152.inp"
}