{
  "converged": true,
  "method": "simplified_thermodynamic_model",
  "note": "Using simplified model until Cemdata18 integration complete",
  "temperature_K": 298.15,
  "pressure_bar": 1.01325,
  "CO2_fraction": 0.4,
  "pCO2_bar": 0.4053,
  "phases": {
    "Calcite": {
      "moles": 0.01348332,
      "mass_kg": 0.0013495454988
    },
    "C-S-H_1.0": {
      "moles": 0.23419221,
      "mass_kg": 0.03981267570000001
    },
    "Silica_gel": {
      "moles": 0.84161873,
      "mass_kg": 0.0505644532984
    },
    "Ettringite": {
      "moles": 0.00854325,
      "mass_kg": 0.010721778749999999
    },
    "Hydrotalcite": {
      "moles": 0.021444308999999998,
      "mass_kg": 0.009499828887
    }
  },
  "pH": 8.5,
  "pe": 4.0,
  "Eh": 0.24,
  "system_mass_kg": 0.11194828213420001,
  "input_composition": {
    "Ca": 0.24767553,
    "Si": 1.07581094,
    "Al": 0.47117877,
    "Fe": 0.05585885,
    "Mg": 0.07148103,
    "K": 0.05860121,
    "Na": 0.03134444,
    "S": 0.0512595,
    "O": 5.3188312,
    "H": 3.6635567,
    "C": 0.01348332
  },
  "execution_time": 8.106231689453125e-06,
  "mix_id": "MIX_0096",
  "input_file": "/teamspace/studios/this_studio/inputs/generated/MIX_0096.inp"
}