{
  "converged": true,
  "method": "simplified_thermodynamic_model",
  "note": "Using simplified model until Cemdata18 integration complete",
  "temperature_K": 298.15,
  "pressure_bar": 1.01325,
  "CO2_fraction": 0.4,
  "pCO2_bar": 0.4053,
  "phases": {
    "Calcite": {
      "moles": 0.01356518,
      "mass_kg": 0.0013577388662
    },
    "C-S-H_1.0": {
      "moles": 0.10218555,
      "mass_kg": 0.017371543500000003
    },
    "Silica_gel": {
      "moles": 1.1295761800000002,
      "mass_kg": 0.06786493689440001
    },
    "Ettringite": {
      "moles": 0.000854325,
      "mass_kg": 0.0010721778749999999
    },
    "Hydrotalcite": {
      "moles": 0.011797719,
      "mass_kg": 0.005226389517
    }
  },
  "pH": 8.5,
  "pe": 4.0,
  "Eh": 0.24,
  "system_mass_kg": 0.09289278665260002,
  "input_composition": {
    "Ca": 0.11575073,
    "Si": 1.23176173,
    "Al": 0.47716339,
    "Fe": 0.08203236,
    "Mg": 0.03932573,
    "K": 0.06685634,
    "Na": 0.04750137,
    "S": 0.00512595,
    "O": 5.38885894,
    "H": 3.66355667,
    "C": 0.01356518
  },
  "execution_time": 9.5367431640625e-06,
  "mix_id": "MIX_1108",
  "input_file": "/teamspace/studios/this_studio/inputs/generated/MIX_1108.inp"
}