{
  "converged": true,
  "method": "simplified_thermodynamic_model",
  "note": "Using simplified model until Cemdata18 integration complete",
  "temperature_K": 298.15,
  "pressure_bar": 1.01325,
  "CO2_fraction": 0.4,
  "pCO2_bar": 0.4053,
  "phases": {
    "Calcite": {
      "moles": 0.01600903,
      "mass_kg": 0.0016023438127
    },
    "C-S-H_1.0": {
      "moles": 0.15837495,
      "mass_kg": 0.0269237415
    },
    "Silica_gel": {
      "moles": 1.0318777399999999,
      "mass_kg": 0.0619952146192
    },
    "Ettringite": {
      "moles": 0.004271625,
      "mass_kg": 0.0053608893749999996
    },
    "Hydrotalcite": {
      "moles": 0.016085091,
      "mass_kg": 0.007125695313
    }
  },
  "pH": 8.5,
  "pe": 4.0,
  "Eh": 0.24,
  "system_mass_kg": 0.1030078846199,
  "input_composition": {
    "Ca": 0.17438398,
    "Si": 1.19025269,
    "Al": 0.47450356,
    "Fe": 0.07039969,
    "Mg": 0.05361697,
    "K": 0.0631874,
    "Na": 0.09422562,
    "S": 0.02562975,
    "O": 6.94398115,
    "H": 6.66101221,
    "C": 0.01600903
  },
  "execution_time": 1.1682510375976562e-05,
  "mix_id": "MIX_0671",
  "input_file": "/teamspace/studios/this_studio/inputs/generated/MIX_0671.inp"
}