{
  "converged": true,
  "method": "simplified_thermodynamic_model",
  "note": "Using simplified model until Cemdata18 integration complete",
  "temperature_K": 298.15,
  "pressure_bar": 1.01325,
  "CO2_fraction": 0.2,
  "pCO2_bar": 0.20265,
  "phases": {
    "Calcite": {
      "moles": 0.00969733445625,
      "mass_kg": 0.0009706062057260624
    },
    "C-S-H_1.0": {
      "moles": 0.44260608554375,
      "mass_kg": 0.07524303454243751
    },
    "Silica_gel": {
      "moles": 1.57263295445625,
      "mass_kg": 0.0944837879037315
    },
    "Ettringite": {
      "moles": 0.0034173,
      "mass_kg": 0.0042887114999999995
    },
    "Hydrotalcite": {
      "moles": 0.024860808,
      "mass_kg": 0.011013337944000001
    }
  },
  "pH": 9.48675,
  "pe": 4.0,
  "Eh": 0.24,
  "system_mass_kg": 0.1859994780958951,
  "input_composition": {
    "Ca": 0.45230342,
    "Si": 2.01523904,
    "Al": 0.69760586,
    "Fe": 0.16618886,
    "Mg": 0.08286936,
    "K": 0.09162172,
    "Na": 0.13405294,
    "S": 0.0205038,
    "O": 19.39599815,
    "H": 26.64404877,
    "C": 0.01914105
  },
  "execution_time": 8.821487426757812e-06,
  "mix_id": "MIX_4743",
  "input_file": "/teamspace/studios/this_studio/inputs/generated/MIX_4743.inp"
}