{
  "converged": true,
  "method": "simplified_thermodynamic_model",
  "note": "Using simplified model until Cemdata18 integration complete",
  "temperature_K": 298.15,
  "pressure_bar": 1.01325,
  "CO2_fraction": 0.25,
  "pCO2_bar": 0.2533125,
  "phases": {
    "Calcite": {
      "moles": 0.008086703920312499,
      "mass_kg": 0.000809398195384078
    },
    "C-S-H_1.0": {
      "moles": 0.2491648760796875,
      "mass_kg": 0.04235802893354688
    },
    "Silica_gel": {
      "moles": 1.2209806839203126,
      "mass_kg": 0.07335651948993238
    },
    "Ettringite": {
      "moles": 0.0034173,
      "mass_kg": 0.0042887114999999995
    },
    "Hydrotalcite": {
      "moles": 0.01829577,
      "mass_kg": 0.00810502611
    }
  },
  "pH": 9.2334375,
  "pe": 4.0,
  "Eh": 0.24,
  "system_mass_kg": 0.12891768422886335,
  "input_composition": {
    "Ca": 0.25725158,
    "Si": 1.47014556,
    "Al": 0.5493143,
    "Fe": 0.10426819,
    "Mg": 0.0609859,
    "K": 0.073277,
    "Na": 0.09579605,
    "S": 0.0205038,
    "O": 9.07319789,
    "H": 9.32541714,
    "C": 0.01276953
  },
  "execution_time": 9.059906005859375e-06,
  "mix_id": "MIX_2185",
  "input_file": "/teamspace/studios/this_studio/inputs/generated/MIX_2185.inp"
}