{
  "converged": true,
  "method": "simplified_thermodynamic_model",
  "note": "Using simplified model until Cemdata18 integration complete",
  "temperature_K": 298.15,
  "pressure_bar": 1.01325,
  "CO2_fraction": 0.15,
  "pCO2_bar": 0.1519875,
  "phases": {
    "Calcite": {
      "moles": 0.005488352218125,
      "mass_kg": 0.0005493291735121312
    },
    "C-S-H_1.0": {
      "moles": 0.446815067781875,
      "mass_kg": 0.07595856152291876
    },
    "Silica_gel": {
      "moles": 1.592430902218125,
      "mass_kg": 0.09567324860526497
    },
    "Ettringite": {
      "moles": 0.0034173,
      "mass_kg": 0.0042887114999999995
    },
    "Hydrotalcite": {
      "moles": 0.024860808,
      "mass_kg": 0.011013337944000001
    }
  },
  "pH": 9.7400625,
  "pe": 4.0,
  "Eh": 0.24,
  "system_mass_kg": 0.18748318874569586,
  "input_composition": {
    "Ca": 0.45230342,
    "Si": 2.03924597,
    "Al": 0.69760586,
    "Fe": 0.16618886,
    "Mg": 0.08286936,
    "K": 0.09162172,
    "Na": 0.1805991,
    "S": 0.0205038,
    "O": 19.45789151,
    "H": 26.64404888,
    "C": 0.01444422
  },
  "execution_time": 2.2649765014648438e-05,
  "mix_id": "MIX_4731",
  "input_file": "/teamspace/studios/this_studio/inputs/generated/MIX_4731.inp"
}