{
  "converged": true,
  "method": "simplified_thermodynamic_model",
  "note": "Using simplified model until Cemdata18 integration complete",
  "temperature_K": 298.15,
  "pressure_bar": 1.01325,
  "CO2_fraction": 0.25,
  "pCO2_bar": 0.2533125,
  "phases": {
    "Calcite": {
      "moles": 0.011367784739062498,
      "mass_kg": 0.0011378015745327655
    },
    "C-S-H_1.0": {
      "moles": 0.3287514052609375,
      "mass_kg": 0.05588773889435938
    },
    "Silica_gel": {
      "moles": 1.4405238747390625,
      "mass_kg": 0.08654667439432288
    },
    "Ettringite": {
      "moles": 0.002562975,
      "mass_kg": 0.0032165336249999994
    },
    "Hydrotalcite": {
      "moles": 0.020506445999999998,
      "mass_kg": 0.009084355577999999
    }
  },
  "pH": 9.2334375,
  "pe": 4.0,
  "Eh": 0.24,
  "system_mass_kg": 0.15587310406621502,
  "input_composition": {
    "Ca": 0.34011919,
    "Si": 1.76927528,
    "Al": 0.62412504,
    "Fe": 0.13813669,
    "Mg": 0.06835482,
    "K": 0.0833666,
    "Na": 0.13466411,
    "S": 0.01537785,
    "O": 13.77425788,
    "H": 16.98558118,
    "C": 0.01795061
  },
  "execution_time": 1.1444091796875e-05,
  "mix_id": "MIX_3530",
  "input_file": "/teamspace/studios/this_studio/inputs/generated/MIX_3530.inp"
}