{
  "converged": true,
  "method": "simplified_thermodynamic_model",
  "note": "Using simplified model until Cemdata18 integration complete",
  "temperature_K": 298.15,
  "pressure_bar": 1.01325,
  "CO2_fraction": 0.35,
  "pCO2_bar": 0.3546375,
  "phases": {
    "Calcite": {
      "moles": 0.01889044024875,
      "mass_kg": 0.0018907441644973877
    },
    "C-S-H_1.0": {
      "moles": 0.40917861975125003,
      "mass_kg": 0.06956036535771251
    },
    "Silica_gel": {
      "moles": 1.26615044024875,
      "mass_kg": 0.0760703184501449
    },
    "Ettringite": {
      "moles": 0.007688925,
      "mass_kg": 0.009649600874999999
    },
    "Hydrotalcite": {
      "moles": 0.026937506999999996,
      "mass_kg": 0.011933315600999998
    }
  },
  "pH": 8.7268125,
  "pe": 4.0,
  "Eh": 0.24,
  "system_mass_kg": 0.16910434444835482,
  "input_composition": {
    "Ca": 0.42806906,
    "Si": 1.67532906,
    "Al": 0.62013529,
    "Fe": 0.12068769,
    "Mg": 0.08979169,
    "K": 0.07786318,
    "Na": 0.14332212,
    "S": 0.04613355,
    "O": 10.76669521,
    "H": 10.99067012,
    "C": 0.02130676
  },
  "execution_time": 2.002716064453125e-05,
  "mix_id": "MIX_3340",
  "input_file": "/teamspace/studios/this_studio/inputs/generated/MIX_3340.inp"
}