{
  "converged": true,
  "method": "simplified_thermodynamic_model",
  "note": "Using simplified model until Cemdata18 integration complete",
  "temperature_K": 298.15,
  "pressure_bar": 1.01325,
  "CO2_fraction": 0.15,
  "pCO2_bar": 0.1519875,
  "phases": {
    "Calcite": {
      "moles": 0.005421831089062499,
      "mass_kg": 0.0005426710737042656
    },
    "C-S-H_1.0": {
      "moles": 0.7986810689109375,
      "mass_kg": 0.13577578171485938
    },
    "Silica_gel": {
      "moles": 0.7993940410890624,
      "mass_kg": 0.04802759398863087
    },
    "Ettringite": {
      "moles": 0.023921101666666666,
      "mass_kg": 0.030020982591666665
    },
    "Hydrotalcite": {
      "moles": 0.050585049,
      "mass_kg": 0.022409176707
    }
  },
  "pH": 9.7400625,
  "pe": 4.0,
  "Eh": 0.24,
  "system_mass_kg": 0.23677620607586117,
  "input_composition": {
    "Ca": 0.8041029,
    "Si": 1.59807511,
    "Al": 0.68164686,
    "Fe": 0.09639285,
    "Mg": 0.16861683,
    "K": 0.06960805,
    "Na": 0.0884567,
    "S": 0.14352661,
    "O": 19.19610446,
    "H": 26.64404884,
    "C": 0.01426915
  },
  "execution_time": 8.344650268554688e-06,
  "mix_id": "MIX_4051",
  "input_file": "/teamspace/studios/this_studio/inputs/generated/MIX_4051.inp"
}