{
  "converged": true,
  "method": "simplified_thermodynamic_model",
  "note": "Using simplified model until Cemdata18 integration complete",
  "temperature_K": 298.15,
  "pressure_bar": 1.01325,
  "CO2_fraction": 0.3,
  "pCO2_bar": 0.303975,
  "phases": {
    "Calcite": {
      "moles": 0.012352350898125,
      "mass_kg": 0.0012363468013933312
    },
    "C-S-H_1.0": {
      "moles": 0.186265989101875,
      "mass_kg": 0.03166521814731875
    },
    "Silica_gel": {
      "moles": 1.326064290898125,
      "mass_kg": 0.07966994259715936
    },
    "Hydrotalcite": {
      "moles": 0.014008394999999998,
      "mass_kg": 0.006205718984999999
    }
  },
  "pH": 8.980125000000001,
  "pe": 4.0,
  "Eh": 0.24,
  "system_mass_kg": 0.11877722653087144,
  "input_composition": {
    "Ca": 0.19861834,
    "Si": 1.51233028,
    "Al": 0.55197413,
    "Fe": 0.11590086,
    "Mg": 0.04669465,
    "K": 0.07694594,
    "Na": 0.05038186,
    "S": 0.0,
    "O": 10.02981915,
    "H": 11.32372071,
    "C": 0.01625443
  },
  "execution_time": 9.775161743164062e-06,
  "mix_id": "MIX_2418",
  "input_file": "/teamspace/studios/this_studio/inputs/generated/MIX_2418.inp"
}