{
  "converged": true,
  "method": "simplified_thermodynamic_model",
  "note": "Using simplified model until Cemdata18 integration complete",
  "temperature_K": 298.15,
  "pressure_bar": 1.01325,
  "CO2_fraction": 0.25,
  "pCO2_bar": 0.2533125,
  "phases": {
    "Calcite": {
      "moles": 0.0091673477109375,
      "mass_kg": 0.0009175598323877342
    },
    "C-S-H_1.0": {
      "moles": 0.24808423228906248,
      "mass_kg": 0.042174319489140626
    },
    "Silica_gel": {
      "moles": 1.2004234777109375,
      "mass_kg": 0.07212144254087313
    },
    "Ettringite": {
      "moles": 0.0034173,
      "mass_kg": 0.0042887114999999995
    },
    "Hydrotalcite": {
      "moles": 0.01829577,
      "mass_kg": 0.00810502611
    }
  },
  "pH": 9.2334375,
  "pe": 4.0,
  "Eh": 0.24,
  "system_mass_kg": 0.1276070594724015,
  "input_composition": {
    "Ca": 0.25725158,
    "Si": 1.44850771,
    "Al": 0.5493143,
    "Fe": 0.10426819,
    "Mg": 0.0609859,
    "K": 0.073277,
    "Na": 0.05384321,
    "S": 0.0205038,
    "O": 11.01066225,
    "H": 13.32202441,
    "C": 0.01447595
  },
  "execution_time": 1.33514404296875e-05,
  "mix_id": "MIX_2179",
  "input_file": "/teamspace/studios/this_studio/inputs/generated/MIX_2179.inp"
}