{
  "converged": true,
  "method": "simplified_thermodynamic_model",
  "note": "Using simplified model until Cemdata18 integration complete",
  "temperature_K": 298.15,
  "pressure_bar": 1.01325,
  "CO2_fraction": 0.25,
  "pCO2_bar": 0.2533125,
  "phases": {
    "Calcite": {
      "moles": 0.008137252429687498,
      "mass_kg": 0.0008144575956874217
    },
    "C-S-H_1.0": {
      "moles": 0.3663808275703125,
      "mass_kg": 0.062284740686953124
    },
    "Silica_gel": {
      "moles": 0.9855512824296875,
      "mass_kg": 0.059211921048375624
    },
    "Ettringite": {
      "moles": 0.010251901666666667,
      "mass_kg": 0.012866136591666666
    },
    "Hydrotalcite": {
      "moles": 0.026870514,
      "mass_kg": 0.011903637702000001
    }
  },
  "pH": 9.2334375,
  "pe": 4.0,
  "Eh": 0.24,
  "system_mass_kg": 0.14708089362468282,
  "input_composition": {
    "Ca": 0.37451808,
    "Si": 1.35193211,
    "Al": 0.54399463,
    "Fe": 0.08100285,
    "Mg": 0.08956838,
    "K": 0.06593911,
    "Na": 0.12100552,
    "S": 0.06151141,
    "O": 9.07186069,
    "H": 9.32541705,
    "C": 0.01284935
  },
  "execution_time": 9.775161743164062e-06,
  "mix_id": "MIX_1741",
  "input_file": "/teamspace/studios/this_studio/inputs/generated/MIX_1741.inp"
}