{
  "converged": true,
  "method": "simplified_thermodynamic_model",
  "note": "Using simplified model until Cemdata18 integration complete",
  "temperature_K": 298.15,
  "pressure_bar": 1.01325,
  "CO2_fraction": 0.35,
  "pCO2_bar": 0.3546375,
  "phases": {
    "Calcite": {
      "moles": 0.0185455464140625,
      "mass_kg": 0.0018562237405835155
    },
    "C-S-H_1.0": {
      "moles": 0.2775987135859375,
      "mass_kg": 0.04719178130960938
    },
    "Silica_gel": {
      "moles": 1.5000903664140626,
      "mass_kg": 0.09012542921415688
    },
    "Hydrotalcite": {
      "moles": 0.017290917,
      "mass_kg": 0.007659876231
    }
  },
  "pH": 8.7268125,
  "pe": 4.0,
  "Eh": 0.24,
  "system_mass_kg": 0.14683331049534978,
  "input_composition": {
    "Ca": 0.29614426,
    "Si": 1.77768908,
    "Al": 0.62611991,
    "Fe": 0.1468612,
    "Mg": 0.05763639,
    "K": 0.08611831,
    "Na": 0.05557388,
    "S": 0.0,
    "O": 10.67664713,
    "H": 10.99067014,
    "C": 0.02091775
  },
  "execution_time": 1.2159347534179688e-05,
  "mix_id": "MIX_3664",
  "input_file": "/teamspace/studios/this_studio/inputs/generated/MIX_3664.inp"
}