{
  "converged": true,
  "method": "simplified_thermodynamic_model",
  "note": "Using simplified model until Cemdata18 integration complete",
  "temperature_K": 298.15,
  "pressure_bar": 1.01325,
  "CO2_fraction": 0.3,
  "pCO2_bar": 0.303975,
  "phases": {
    "Calcite": {
      "moles": 0.008638186764375,
      "mass_kg": 0.0008645961132462938
    },
    "C-S-H_1.0": {
      "moles": 0.180404103235625,
      "mass_kg": 0.030668697550056252
    },
    "Silica_gel": {
      "moles": 0.9814995367643751,
      "mass_kg": 0.058968492168803656
    },
    "Ettringite": {
      "moles": 0.00512595,
      "mass_kg": 0.006433067249999999
    },
    "Hydrotalcite": {
      "moles": 0.017156936999999997,
      "mass_kg": 0.007600523090999999
    }
  },
  "pH": 8.980125000000001,
  "pe": 4.0,
  "Eh": 0.24,
  "system_mass_kg": 0.1045353761731062,
  "input_composition": {
    "Ca": 0.18904229,
    "Si": 1.16190364,
    "Al": 0.4738386,
    "Fe": 0.06749152,
    "Mg": 0.05718979,
    "K": 0.06227016,
    "Na": 0.07106182,
    "S": 0.0307557,
    "O": 6.3946318,
    "H": 5.66186043,
    "C": 0.01136697
  },
  "execution_time": 0.00023674964904785156,
  "mix_id": "MIX_0522",
  "input_file": "/teamspace/studios/this_studio/inputs/generated/MIX_0522.inp"
}