{
  "converged": true,
  "method": "simplified_thermodynamic_model",
  "note": "Using simplified model until Cemdata18 integration complete",
  "temperature_K": 298.15,
  "pressure_bar": 1.01325,
  "CO2_fraction": 0.35,
  "pCO2_bar": 0.3546375,
  "phases": {
    "Calcite": {
      "moles": 0.011831035039687498,
      "mass_kg": 0.0011841682971223217
    },
    "C-S-H_1.0": {
      "moles": 0.1039196949603125,
      "mass_kg": 0.017666348143253126
    },
    "Silica_gel": {
      "moles": 1.1496387950396876,
      "mass_kg": 0.06907029880598443
    },
    "Ettringite": {
      "moles": 0.000854325,
      "mass_kg": 0.0010721778749999999
    },
    "Hydrotalcite": {
      "moles": 0.011797719,
      "mass_kg": 0.005226389517
    }
  },
  "pH": 8.7268125,
  "pe": 4.0,
  "Eh": 0.24,
  "system_mass_kg": 0.09421938263835988,
  "input_composition": {
    "Ca": 0.11575073,
    "Si": 1.25355849,
    "Al": 0.47716339,
    "Fe": 0.08203236,
    "Mg": 0.03932573,
    "K": 0.06685634,
    "Na": 0.0897623,
    "S": 0.00512595,
    "O": 6.4522932,
    "H": 5.66186043,
    "C": 0.01334437
  },
  "execution_time": 1.0967254638671875e-05,
  "mix_id": "MIX_1102",
  "input_file": "/teamspace/studios/this_studio/inputs/generated/MIX_1102.inp"
}