{
  "converged": true,
  "method": "simplified_thermodynamic_model",
  "note": "Using simplified model until Cemdata18 integration complete",
  "temperature_K": 298.15,
  "pressure_bar": 1.01325,
  "CO2_fraction": 0.2,
  "pCO2_bar": 0.20265,
  "phases": {
    "Calcite": {
      "moles": 0.0039812517675,
      "mass_kg": 0.000398483489409075
    },
    "C-S-H_1.0": {
      "moles": 0.2436942782325,
      "mass_kg": 0.041428027299525
    },
    "Silica_gel": {
      "moles": 0.8347945217674999,
      "mass_kg": 0.050154454867791395
    },
    "Ettringite": {
      "moles": 0.00854325,
      "mass_kg": 0.010721778749999999
    },
    "Hydrotalcite": {
      "moles": 0.021444308999999998,
      "mass_kg": 0.009499828887
    }
  },
  "pH": 9.48675,
  "pe": 4.0,
  "Eh": 0.24,
  "system_mass_kg": 0.11220257329372547,
  "input_composition": {
    "Ca": 0.24767553,
    "Si": 1.0784888,
    "Al": 0.47117877,
    "Fe": 0.05585885,
    "Mg": 0.07148103,
    "K": 0.05860121,
    "Na": 0.03653646,
    "S": 0.0512595,
    "O": 6.81426083,
    "H": 6.66101223,
    "C": 0.00785838
  },
  "execution_time": 1.049041748046875e-05,
  "mix_id": "MIX_0035",
  "input_file": "/teamspace/studios/this_studio/inputs/generated/MIX_0035.inp"
}