{
  "converged": true,
  "method": "simplified_thermodynamic_model",
  "note": "Using simplified model until Cemdata18 integration complete",
  "temperature_K": 298.15,
  "pressure_bar": 1.01325,
  "CO2_fraction": 0.25,
  "pCO2_bar": 0.2533125,
  "phases": {
    "Calcite": {
      "moles": 0.011738988876562498,
      "mass_kg": 0.0011749553966551405
    },
    "C-S-H_1.0": {
      "moles": 0.4991976811234375,
      "mass_kg": 0.08486360579098438
    },
    "Silica_gel": {
      "moles": 1.4713284688765624,
      "mass_kg": 0.08839741441010388
    },
    "Ettringite": {
      "moles": 0.0068346,
      "mass_kg": 0.008577422999999999
    },
    "Hydrotalcite": {
      "moles": 0.029148182999999998,
      "mass_kg": 0.012912645068999999
    }
  },
  "pH": 9.2334375,
  "pe": 4.0,
  "Eh": 0.24,
  "system_mass_kg": 0.1959260436667434,
  "input_composition": {
    "Ca": 0.51093667,
    "Si": 1.97052615,
    "Al": 0.69494602,
    "Fe": 0.15455619,
    "Mg": 0.09716061,
    "K": 0.08795278,
    "Na": 0.17456535,
    "S": 0.0410076,
    "O": 13.44187178,
    "H": 14.65422691,
    "C": 0.01853677
  },
  "execution_time": 1.0251998901367188e-05,
  "mix_id": "MIX_4652",
  "input_file": "/teamspace/studios/this_studio/inputs/generated/MIX_4652.inp"
}