{
  "converged": true,
  "method": "simplified_thermodynamic_model",
  "note": "Using simplified model until Cemdata18 integration complete",
  "temperature_K": 298.15,
  "pressure_bar": 1.01325,
  "CO2_fraction": 0.2,
  "pCO2_bar": 0.20265,
  "phases": {
    "Calcite": {
      "moles": 0.0038391941175,
      "mass_kg": 0.000384264939220575
    },
    "C-S-H_1.0": {
      "moles": 0.1265698458825,
      "mass_kg": 0.021516873800025003
    },
    "Silica_gel": {
      "moles": 1.1009416141175001,
      "mass_kg": 0.0661445721761794
    },
    "Ettringite": {
      "moles": 0.00170865,
      "mass_kg": 0.0021443557499999997
    },
    "Hydrotalcite": {
      "moles": 0.012869562,
      "mass_kg": 0.0057012159659999995
    }
  },
  "pH": 9.48675,
  "pe": 4.0,
  "Eh": 0.24,
  "system_mass_kg": 0.09589128263142498,
  "input_composition": {
    "Ca": 0.13040904,
    "Si": 1.22751146,
    "Al": 0.47649844,
    "Fe": 0.07912419,
    "Mg": 0.04289854,
    "K": 0.06593911,
    "Na": 0.07106182,
    "S": 0.0102519,
    "O": 6.40710679,
    "H": 5.66186043,
    "C": 0.00757798
  },
  "execution_time": 1.1205673217773438e-05,
  "mix_id": "MIX_0938",
  "input_file": "/teamspace/studios/this_studio/inputs/generated/MIX_0938.inp"
}