{
  "converged": true,
  "method": "simplified_thermodynamic_model",
  "note": "Using simplified model until Cemdata18 integration complete",
  "temperature_K": 298.15,
  "pressure_bar": 1.01325,
  "CO2_fraction": 0.25,
  "pCO2_bar": 0.2533125,
  "phases": {
    "Calcite": {
      "moles": 0.011230001737499997,
      "mass_kg": 0.0011240108739063747
    },
    "C-S-H_1.0": {
      "moles": 0.3288891882625,
      "mass_kg": 0.05591116200462501
    },
    "Silica_gel": {
      "moles": 1.4049497717375,
      "mass_kg": 0.084409382285989
    },
    "Ettringite": {
      "moles": 0.002562975,
      "mass_kg": 0.0032165336249999994
    },
    "Hydrotalcite": {
      "moles": 0.020506445999999998,
      "mass_kg": 0.009084355577999999
    }
  },
  "pH": 9.2334375,
  "pe": 4.0,
  "Eh": 0.24,
  "system_mass_kg": 0.15374544436752038,
  "input_composition": {
    "Ca": 0.34011919,
    "Si": 1.73383896,
    "Al": 0.62412504,
    "Fe": 0.13813669,
    "Mg": 0.06835482,
    "K": 0.0833666,
    "Na": 0.06595793,
    "S": 0.01537785,
    "O": 13.66859699,
    "H": 16.98558113,
    "C": 0.01773304
  },
  "execution_time": 1.6450881958007812e-05,
  "mix_id": "MIX_3522",
  "input_file": "/teamspace/studios/this_studio/inputs/generated/MIX_3522.inp"
}