{
  "converged": true,
  "method": "simplified_thermodynamic_model",
  "note": "Using simplified model until Cemdata18 integration complete",
  "temperature_K": 298.15,
  "pressure_bar": 1.01325,
  "CO2_fraction": 0.2,
  "pCO2_bar": 0.20265,
  "phases": {
    "Calcite": {
      "moles": 0.0067445821012499995,
      "mass_kg": 0.0006750652225141125
    },
    "C-S-H_1.0": {
      "moles": 0.6411991478987501,
      "mass_kg": 0.10900385514278753
    },
    "Silica_gel": {
      "moles": 0.79500667210125,
      "mass_kg": 0.0477640008598431
    },
    "Ettringite": {
      "moles": 0.020503801666666665,
      "mass_kg": 0.02573227109166666
    },
    "Hydrotalcite": {
      "moles": 0.043015155,
      "mass_kg": 0.019055713665
    }
  },
  "pH": 9.48675,
  "pe": 4.0,
  "Eh": 0.24,
  "system_mass_kg": 0.2022309059818114,
  "input_composition": {
    "Ca": 0.64794373,
    "Si": 1.43620582,
    "Al": 0.61016091,
    "Fe": 0.07706518,
    "Mg": 0.14338385,
    "K": 0.06410463,
    "Na": 0.15671208,
    "S": 0.12302281,
    "O": 12.19474351,
    "H": 13.98812562,
    "C": 0.01331277
  },
  "execution_time": 1.2159347534179688e-05,
  "mix_id": "MIX_2733",
  "input_file": "/teamspace/studios/this_studio/inputs/generated/MIX_2733.inp"
}