{
  "converged": true,
  "method": "simplified_thermodynamic_model",
  "note": "Using simplified model until Cemdata18 integration complete",
  "temperature_K": 298.15,
  "pressure_bar": 1.01325,
  "CO2_fraction": 0.3,
  "pCO2_bar": 0.303975,
  "phases": {
    "Calcite": {
      "moles": 0.016369608504375,
      "mass_kg": 0.001638434115202894
    },
    "C-S-H_1.0": {
      "moles": 0.27977465149562497,
      "mass_kg": 0.04756169075425625
    },
    "Silica_gel": {
      "moles": 1.538706498504375,
      "mass_kg": 0.09244548643014286
    },
    "Hydrotalcite": {
      "moles": 0.017290917,
      "mass_kg": 0.007659876231
    }
  },
  "pH": 8.980125000000001,
  "pe": 4.0,
  "Eh": 0.24,
  "system_mass_kg": 0.149305487530602,
  "input_composition": {
    "Ca": 0.29614426,
    "Si": 1.81848115,
    "Al": 0.62611991,
    "Fe": 0.1468612,
    "Mg": 0.05763639,
    "K": 0.08611831,
    "Na": 0.13466411,
    "S": 0.0,
    "O": 13.79647785,
    "H": 16.98558118,
    "C": 0.02154073
  },
  "execution_time": 5.9604644775390625e-06,
  "mix_id": "MIX_3658",
  "input_file": "/teamspace/studios/this_studio/inputs/generated/MIX_3658.inp"
}