{
  "converged": true,
  "method": "simplified_thermodynamic_model",
  "note": "Using simplified model until Cemdata18 integration complete",
  "temperature_K": 298.15,
  "pressure_bar": 1.01325,
  "CO2_fraction": 0.2,
  "pCO2_bar": 0.20265,
  "phases": {
    "Calcite": {
      "moles": 0.00737578618875,
      "mass_kg": 0.0007382424396319875
    },
    "C-S-H_1.0": {
      "moles": 0.6794606238112499,
      "mass_kg": 0.1155083060479125
    },
    "Silica_gel": {
      "moles": 1.03911864618875,
      "mass_kg": 0.062430248263020106
    },
    "Ettringite": {
      "moles": 0.017086501666666667,
      "mass_kg": 0.021443559591666665
    },
    "Hydrotalcite": {
      "moles": 0.042010302,
      "mass_kg": 0.018610563786
    }
  },
  "pH": 9.48675,
  "pe": 4.0,
  "Eh": 0.24,
  "system_mass_kg": 0.21873092012823125,
  "input_composition": {
    "Ca": 0.68683641,
    "Si": 1.71857927,
    "Al": 0.68696653,
    "Fe": 0.11965818,
    "Mg": 0.14003434,
    "K": 0.07694594,
    "Na": 0.0676886,
    "S": 0.10251901,
    "O": 13.21007143,
    "H": 14.65422685,
    "C": 0.01455867
  },
  "execution_time": 1.5020370483398438e-05,
  "mix_id": "MIX_4288",
  "input_file": "/teamspace/studios/this_studio/inputs/generated/MIX_4288.inp"
}