{
  "converged": true,
  "method": "simplified_thermodynamic_model",
  "note": "Using simplified model until Cemdata18 integration complete",
  "temperature_K": 298.15,
  "pressure_bar": 1.01325,
  "CO2_fraction": 0.25,
  "pCO2_bar": 0.2533125,
  "phases": {
    "Calcite": {
      "moles": 0.015060644024999998,
      "mass_kg": 0.0015074198604622497
    },
    "C-S-H_1.0": {
      "moles": 0.9649419959750001,
      "mass_kg": 0.16404013931575004
    },
    "Silica_gel": {
      "moles": 0.436309654025,
      "mass_kg": 0.026213484013822
    },
    "Ettringite": {
      "moles": 0.034173003333333334,
      "mass_kg": 0.04288711918333333
    },
    "Hydrotalcite": {
      "moles": 0.063447168,
      "mass_kg": 0.028107095424
    }
  },
  "pH": 9.2334375,
  "pe": 4.0,
  "Eh": 0.24,
  "system_mass_kg": 0.26275525779736764,
  "input_composition": {
    "Ca": 0.98000264,
    "Si": 1.40125165,
    "Al": 0.67366736,
    "Fe": 0.06149484,
    "Mg": 0.21149056,
    "K": 0.05860121,
    "Na": 0.0884567,
    "S": 0.20503802,
    "O": 19.15497108,
    "H": 26.64404884,
    "C": 0.02378192
  },
  "execution_time": 1.2159347534179688e-05,
  "mix_id": "MIX_3747",
  "input_file": "/teamspace/studios/this_studio/inputs/generated/MIX_3747.inp"
}