{
  "converged": true,
  "method": "simplified_thermodynamic_model",
  "note": "Using simplified model until Cemdata18 integration complete",
  "temperature_K": 298.15,
  "pressure_bar": 1.01325,
  "CO2_fraction": 0.3,
  "pCO2_bar": 0.303975,
  "phases": {
    "Calcite": {
      "moles": 0.018517222276875,
      "mass_kg": 0.0018533887776924186
    },
    "C-S-H_1.0": {
      "moles": 0.9028521677231249,
      "mass_kg": 0.15348486851293125
    },
    "Silica_gel": {
      "moles": 0.596951722276875,
      "mass_kg": 0.03586485947439465
    },
    "Ettringite": {
      "moles": 0.030755703333333332,
      "mass_kg": 0.03859840768333333
    },
    "Hydrotalcite": {
      "moles": 0.059159792999999995,
      "mass_kg": 0.026207788298999998
    }
  },
  "pH": 8.980125000000001,
  "pe": 4.0,
  "Eh": 0.24,
  "system_mass_kg": 0.25600931274735167,
  "input_composition": {
    "Ca": 0.92136939,
    "Si": 1.49980389,
    "Al": 0.67632719,
    "Fe": 0.07312751,
    "Mg": 0.19719931,
    "K": 0.06227016,
    "Na": 0.15233141,
    "S": 0.18453422,
    "O": 15.27741263,
    "H": 18.65083423,
    "C": 0.02436677
  },
  "execution_time": 1.430511474609375e-05,
  "mix_id": "MIX_3881",
  "input_file": "/teamspace/studios/this_studio/inputs/generated/MIX_3881.inp"
}