{
  "converged": true,
  "method": "simplified_thermodynamic_model",
  "note": "Using simplified model until Cemdata18 integration complete",
  "temperature_K": 298.15,
  "pressure_bar": 1.01325,
  "CO2_fraction": 0.15,
  "pCO2_bar": 0.1519875,
  "phases": {
    "Calcite": {
      "moles": 0.004600961800312499,
      "mass_kg": 0.000460510266593278
    },
    "C-S-H_1.0": {
      "moles": 0.7995019381996874,
      "mass_kg": 0.13591532949394686
    },
    "Silica_gel": {
      "moles": 0.8112682618003125,
      "mass_kg": 0.048740997168962776
    },
    "Ettringite": {
      "moles": 0.023921101666666666,
      "mass_kg": 0.030020982591666665
    },
    "Hydrotalcite": {
      "moles": 0.050585049,
      "mass_kg": 0.022409176707
    }
  },
  "pH": 9.7400625,
  "pe": 4.0,
  "Eh": 0.24,
  "system_mass_kg": 0.23754699622816958,
  "input_composition": {
    "Ca": 0.8041029,
    "Si": 1.6107702,
    "Al": 0.68164686,
    "Fe": 0.09639285,
    "Mg": 0.16861683,
    "K": 0.06960805,
    "Na": 0.11307074,
    "S": 0.14352661,
    "O": 15.2328736,
    "H": 18.65083418,
    "C": 0.01210879
  },
  "execution_time": 9.775161743164062e-06,
  "mix_id": "MIX_4053",
  "input_file": "/teamspace/studios/this_studio/inputs/generated/MIX_4053.inp"
}