{
  "converged": true,
  "method": "simplified_thermodynamic_model",
  "note": "Using simplified model until Cemdata18 integration complete",
  "temperature_K": 298.15,
  "pressure_bar": 1.01325,
  "CO2_fraction": 0.3,
  "pCO2_bar": 0.303975,
  "phases": {
    "Calcite": {
      "moles": 0.01362529940625,
      "mass_kg": 0.0013637562175715624
    },
    "C-S-H_1.0": {
      "moles": 0.67829337059375,
      "mass_kg": 0.1153098730009375
    },
    "Silica_gel": {
      "moles": 0.65654291940625,
      "mass_kg": 0.0394450985979275
    },
    "Ettringite": {
      "moles": 0.023066776666666667,
      "mass_kg": 0.028948804716666665
    },
    "Hydrotalcite": {
      "moles": 0.046230684,
      "mass_kg": 0.020480193012000002
    }
  },
  "pH": 8.980125000000001,
  "pe": 4.0,
  "Eh": 0.24,
  "system_mass_kg": 0.20554772554510323,
  "input_composition": {
    "Ca": 0.69191867,
    "Si": 1.33483629,
    "Al": 0.60816604,
    "Fe": 0.06834068,
    "Mg": 0.15410228,
    "K": 0.06135292,
    "Na": 0.05557388,
    "S": 0.13840066,
    "O": 10.53531307,
    "H": 10.99067014,
    "C": 0.0179295
  },
  "execution_time": 1.2159347534179688e-05,
  "mix_id": "MIX_2640",
  "input_file": "/teamspace/studios/this_studio/inputs/generated/MIX_2640.inp"
}