{
  "converged": true,
  "method": "simplified_thermodynamic_model",
  "note": "Using simplified model until Cemdata18 integration complete",
  "temperature_K": 298.15,
  "pressure_bar": 1.01325,
  "CO2_fraction": 0.4,
  "pCO2_bar": 0.4053,
  "phases": {
    "Calcite": {
      "moles": 0.02167257,
      "mass_kg": 0.0021692075313
    },
    "C-S-H_1.0": {
      "moles": 0.38216213,
      "mass_kg": 0.0649675621
    },
    "Silica_gel": {
      "moles": 0.90054078,
      "mass_kg": 0.05410449006240001
    },
    "Ettringite": {
      "moles": 0.011960551666666666,
      "mass_kg": 0.015010492341666664
    },
    "Hydrotalcite": {
      "moles": 0.029014203,
      "mass_kg": 0.012853291929
    }
  },
  "pH": 8.5,
  "pe": 4.0,
  "Eh": 0.24,
  "system_mass_kg": 0.14910504396436666,
  "input_composition": {
    "Ca": 0.4038347,
    "Si": 1.28270291,
    "Al": 0.54266472,
    "Fe": 0.07518652,
    "Mg": 0.09671401,
    "K": 0.06410463,
    "Na": 0.05038186,
    "S": 0.07176331,
    "O": 9.97047004,
    "H": 11.32372071,
    "C": 0.02167257
  },
  "execution_time": 6.9141387939453125e-06,
  "mix_id": "MIX_1666",
  "input_file": "/teamspace/studios/this_studio/inputs/generated/MIX_1666.inp"
}