{
  "converged": true,
  "method": "simplified_thermodynamic_model",
  "note": "Using simplified model until Cemdata18 integration complete",
  "temperature_K": 298.15,
  "pressure_bar": 1.01325,
  "CO2_fraction": 0.2,
  "pCO2_bar": 0.20265,
  "phases": {
    "Calcite": {
      "moles": 0.0038391941175,
      "mass_kg": 0.000384264939220575
    },
    "C-S-H_1.0": {
      "moles": 0.1558864658825,
      "mass_kg": 0.026500699200025
    },
    "Silica_gel": {
      "moles": 1.0388210841175,
      "mass_kg": 0.06241237073377941
    },
    "Ettringite": {
      "moles": 0.0034173,
      "mass_kg": 0.0042887114999999995
    },
    "Hydrotalcite": {
      "moles": 0.015013247999999998,
      "mass_kg": 0.006650868863999999
    }
  },
  "pH": 9.48675,
  "pe": 4.0,
  "Eh": 0.24,
  "system_mass_kg": 0.10023691523702498,
  "input_composition": {
    "Ca": 0.15972566,
    "Si": 1.19470755,
    "Al": 0.47516852,
    "Fe": 0.07330786,
    "Mg": 0.05004416,
    "K": 0.06410463,
    "Na": 0.07106182,
    "S": 0.0205038,
    "O": 6.3970803,
    "H": 5.66186043,
    "C": 0.00757798
  },
  "execution_time": 1.1205673217773438e-05,
  "mix_id": "MIX_0714",
  "input_file": "/teamspace/studios/this_studio/inputs/generated/MIX_0714.inp"
}