{
  "converged": true,
  "method": "simplified_thermodynamic_model",
  "note": "Using simplified model until Cemdata18 integration complete",
  "temperature_K": 298.15,
  "pressure_bar": 1.01325,
  "CO2_fraction": 0.4,
  "pCO2_bar": 0.4053,
  "phases": {
    "Calcite": {
      "moles": 0.02316153,
      "mass_kg": 0.0023182375377
    },
    "C-S-H_1.0": {
      "moles": 0.38067317,
      "mass_kg": 0.0647144389
    },
    "Silica_gel": {
      "moles": 0.90381498,
      "mass_kg": 0.0543012039984
    },
    "Ettringite": {
      "moles": 0.011960551666666666,
      "mass_kg": 0.015010492341666664
    },
    "Hydrotalcite": {
      "moles": 0.029014203,
      "mass_kg": 0.012853291929
    }
  },
  "pH": 8.5,
  "pe": 4.0,
  "Eh": 0.24,
  "system_mass_kg": 0.14919766470676668,
  "input_composition": {
    "Ca": 0.4038347,
    "Si": 1.28448815,
    "Al": 0.54266472,
    "Fe": 0.07518652,
    "Mg": 0.09671401,
    "K": 0.06410463,
    "Na": 0.05384321,
    "S": 0.07176331,
    "O": 10.97790097,
    "H": 13.32202441,
    "C": 0.02316153
  },
  "execution_time": 1.0967254638671875e-05,
  "mix_id": "MIX_1667",
  "input_file": "/teamspace/studios/this_studio/inputs/generated/MIX_1667.inp"
}