{
  "converged": true,
  "method": "simplified_thermodynamic_model",
  "note": "Using simplified model until Cemdata18 integration complete",
  "temperature_K": 298.15,
  "pressure_bar": 1.01325,
  "CO2_fraction": 0.4,
  "pCO2_bar": 0.4053,
  "phases": {
    "Calcite": {
      "moles": 0.02435058,
      "mass_kg": 0.0024372495522
    },
    "C-S-H_1.0": {
      "moles": 0.57961822,
      "mass_kg": 0.09853509740000001
    },
    "Silica_gel": {
      "moles": 0.89888737,
      "mass_kg": 0.0540051531896
    },
    "Ettringite": {
      "moles": 0.017940826666666666,
      "mass_kg": 0.022515737466666665
    },
    "Hydrotalcite": {
      "moles": 0.039799626,
      "mass_kg": 0.017631234318
    }
  },
  "pH": 8.5,
  "pe": 4.0,
  "Eh": 0.24,
  "system_mass_kg": 0.19512447192646667,
  "input_composition": {
    "Ca": 0.6039688,
    "Si": 1.47850559,
    "Al": 0.61215579,
    "Fe": 0.08578968,
    "Mg": 0.13266542,
    "K": 0.06685634,
    "Na": 0.14332212,
    "S": 0.10764496,
    "O": 10.71262394,
    "H": 10.99067012,
    "C": 0.02435058
  },
  "execution_time": 2.0503997802734375e-05,
  "mix_id": "MIX_2908",
  "input_file": "/teamspace/studios/this_studio/inputs/generated/MIX_2908.inp"
}