{
  "converged": true,
  "method": "simplified_thermodynamic_model",
  "note": "Using simplified model until Cemdata18 integration complete",
  "temperature_K": 298.15,
  "pressure_bar": 1.01325,
  "CO2_fraction": 0.3,
  "pCO2_bar": 0.303975,
  "phases": {
    "Calcite": {
      "moles": 0.016595522724375,
      "mass_kg": 0.0016610458694826936
    },
    "C-S-H_1.0": {
      "moles": 0.846140627275625,
      "mass_kg": 0.14384390663685626
    },
    "Silica_gel": {
      "moles": 0.6756151827243749,
      "mass_kg": 0.04059096017808045
    },
    "Ettringite": {
      "moles": 0.027338403333333334,
      "mass_kg": 0.03430969618333333
    },
    "Hydrotalcite": {
      "moles": 0.054872421,
      "mass_kg": 0.024308482503
    }
  },
  "pH": 8.980125000000001,
  "pe": 4.0,
  "Eh": 0.24,
  "system_mass_kg": 0.24471409137075273,
  "input_composition": {
    "Ca": 0.86273615,
    "Si": 1.52175581,
    "Al": 0.67898703,
    "Fe": 0.08476018,
    "Mg": 0.18290807,
    "K": 0.06593911,
    "Na": 0.0676886,
    "S": 0.16403042,
    "O": 13.16447119,
    "H": 14.65422685,
    "C": 0.02183801
  },
  "execution_time": 8.106231689453125e-06,
  "mix_id": "MIX_3984",
  "input_file": "/teamspace/studios/this_studio/inputs/generated/MIX_3984.inp"
}