{
  "converged": true,
  "method": "simplified_thermodynamic_model",
  "note": "Using simplified model until Cemdata18 integration complete",
  "temperature_K": 298.15,
  "pressure_bar": 1.01325,
  "CO2_fraction": 0.2,
  "pCO2_bar": 0.20265,
  "phases": {
    "Calcite": {
      "moles": 0.0074205667725,
      "mass_kg": 0.0007427245282595249
    },
    "C-S-H_1.0": {
      "moles": 0.5621493532274999,
      "mass_kg": 0.095565390048675
    },
    "Silica_gel": {
      "moles": 1.3056411767725,
      "mass_kg": 0.0784429219004918
    },
    "Ettringite": {
      "moles": 0.010251901666666667,
      "mass_kg": 0.012866136591666666
    },
    "Hydrotalcite": {
      "moles": 0.033435555,
      "mass_kg": 0.014811950865
    }
  },
  "pH": 9.48675,
  "pe": 4.0,
  "Eh": 0.24,
  "system_mass_kg": 0.20242912393409299,
  "input_composition": {
    "Ca": 0.56956992,
    "Si": 1.86779053,
    "Al": 0.69228619,
    "Fe": 0.14292352,
    "Mg": 0.11145185,
    "K": 0.08428383,
    "Na": 0.10257964,
    "S": 0.06151141,
    "O": 13.30379089,
    "H": 14.65422683,
    "C": 0.01464706
  },
  "execution_time": 1.239776611328125e-05,
  "mix_id": "MIX_4516",
  "input_file": "/teamspace/studios/this_studio/inputs/generated/MIX_4516.inp"
}