{
  "converged": true,
  "method": "simplified_thermodynamic_model",
  "note": "Using simplified model until Cemdata18 integration complete",
  "temperature_K": 298.15,
  "pressure_bar": 1.01325,
  "CO2_fraction": 0.15,
  "pCO2_bar": 0.1519875,
  "phases": {
    "Calcite": {
      "moles": 0.0021463256784374995,
      "mass_kg": 0.0002148257371548093
    },
    "C-S-H_1.0": {
      "moles": 0.2308708943215625,
      "mass_kg": 0.03924805203466562
    },
    "Silica_gel": {
      "moles": 0.8723806656784374,
      "mass_kg": 0.05241263039396052
    },
    "Ettringite": {
      "moles": 0.007688925,
      "mass_kg": 0.009649600874999999
    },
    "Hydrotalcite": {
      "moles": 0.020372466000000002,
      "mass_kg": 0.009025002438000002
    }
  },
  "pH": 9.7400625,
  "pe": 4.0,
  "Eh": 0.24,
  "system_mass_kg": 0.11055011147878095,
  "input_composition": {
    "Ca": 0.23301722,
    "Si": 1.10325156,
    "Al": 0.47184373,
    "Fe": 0.05876702,
    "Mg": 0.06790822,
    "K": 0.05951845,
    "Na": 0.05274692,
    "S": 0.04613355,
    "O": 6.34010562,
    "H": 5.6618604,
    "C": 0.00564869
  },
  "execution_time": 9.775161743164062e-06,
  "mix_id": "MIX_0134",
  "input_file": "/teamspace/studios/this_studio/inputs/generated/MIX_0134.inp"
}