{
  "converged": true,
  "method": "simplified_thermodynamic_model",
  "note": "Using simplified model until Cemdata18 integration complete",
  "temperature_K": 298.15,
  "pressure_bar": 1.01325,
  "CO2_fraction": 0.2,
  "pCO2_bar": 0.20265,
  "phases": {
    "Calcite": {
      "moles": 0.004005417779999999,
      "mass_kg": 0.00040090226560019995
    },
    "C-S-H_1.0": {
      "moles": 0.14106193222000002,
      "mass_kg": 0.023980528477400006
    },
    "Silica_gel": {
      "moles": 1.06195410778,
      "mass_kg": 0.06380220279542241
    },
    "Ettringite": {
      "moles": 0.002562975,
      "mass_kg": 0.0032165336249999994
    },
    "Hydrotalcite": {
      "moles": 0.013941405,
      "mass_kg": 0.006176042415
    }
  },
  "pH": 9.48675,
  "pe": 4.0,
  "Eh": 0.24,
  "system_mass_kg": 0.09757620957842261,
  "input_composition": {
    "Ca": 0.14506735,
    "Si": 1.20301604,
    "Al": 0.47583348,
    "Fe": 0.07621603,
    "Mg": 0.04647135,
    "K": 0.06502187,
    "Na": 0.05536969,
    "S": 0.01537785,
    "O": 6.87829265,
    "H": 6.66101223,
    "C": 0.00790608
  },
  "execution_time": 1.049041748046875e-05,
  "mix_id": "MIX_0823",
  "input_file": "/teamspace/studios/this_studio/inputs/generated/MIX_0823.inp"
}