{
  "converged": true,
  "method": "simplified_thermodynamic_model",
  "note": "Using simplified model until Cemdata18 integration complete",
  "temperature_K": 298.15,
  "pressure_bar": 1.01325,
  "CO2_fraction": 0.2,
  "pCO2_bar": 0.20265,
  "phases": {
    "Calcite": {
      "moles": 0.00813013054875,
      "mass_kg": 0.0008137447666243875
    },
    "C-S-H_1.0": {
      "moles": 0.91323925945125,
      "mass_kg": 0.1552506741067125
    },
    "Silica_gel": {
      "moles": 0.5464792205487501,
      "mass_kg": 0.03283247157056891
    },
    "Ettringite": {
      "moles": 0.030755703333333332,
      "mass_kg": 0.03859840768333333
    },
    "Hydrotalcite": {
      "moles": 0.059159792999999995,
      "mass_kg": 0.026207788298999998
    }
  },
  "pH": 9.48675,
  "pe": 4.0,
  "Eh": 0.24,
  "system_mass_kg": 0.2537030864262391,
  "input_composition": {
    "Ca": 0.92136939,
    "Si": 1.45971848,
    "Al": 0.67632719,
    "Fe": 0.07312751,
    "Mg": 0.19719931,
    "K": 0.06227016,
    "Na": 0.0746113,
    "S": 0.18453422,
    "O": 15.14174344,
    "H": 18.65083414,
    "C": 0.01604763
  },
  "execution_time": 0.0003185272216796875,
  "mix_id": "MIX_3841",
  "input_file": "/teamspace/studios/this_studio/inputs/generated/MIX_3841.inp"
}