{
  "converged": true,
  "method": "simplified_thermodynamic_model",
  "note": "Using simplified model until Cemdata18 integration complete",
  "temperature_K": 298.15,
  "pressure_bar": 1.01325,
  "CO2_fraction": 0.15,
  "pCO2_bar": 0.1519875,
  "phases": {
    "Calcite": {
      "moles": 0.004226035235624999,
      "mass_kg": 0.00042298386673370617
    },
    "C-S-H_1.0": {
      "moles": 0.9171433547643749,
      "mass_kg": 0.15591437030994373
    },
    "Silica_gel": {
      "moles": 0.5941280452356251,
      "mass_kg": 0.03569521295775636
    },
    "Ettringite": {
      "moles": 0.030755703333333332,
      "mass_kg": 0.03859840768333333
    },
    "Hydrotalcite": {
      "moles": 0.059159792999999995,
      "mass_kg": 0.026207788298999998
    }
  },
  "pH": 9.7400625,
  "pe": 4.0,
  "Eh": 0.24,
  "system_mass_kg": 0.2568387631167671,
  "input_composition": {
    "Ca": 0.92136939,
    "Si": 1.5112714,
    "Al": 0.67632719,
    "Fe": 0.07312751,
    "Mg": 0.19719931,
    "K": 0.06227016,
    "Na": 0.17456535,
    "S": 0.18453422,
    "O": 13.28667155,
    "H": 14.65422691,
    "C": 0.01112206
  },
  "execution_time": 1.9550323486328125e-05,
  "mix_id": "MIX_3836",
  "input_file": "/teamspace/studios/this_studio/inputs/generated/MIX_3836.inp"
}