{
  "converged": true,
  "method": "simplified_thermodynamic_model",
  "note": "Using simplified model until Cemdata18 integration complete",
  "temperature_K": 298.15,
  "pressure_bar": 1.01325,
  "CO2_fraction": 0.2,
  "pCO2_bar": 0.20265,
  "phases": {
    "Calcite": {
      "moles": 0.005112763241249999,
      "mass_kg": 0.0005117364728167125
    },
    "C-S-H_1.0": {
      "moles": 0.45735518675875003,
      "mass_kg": 0.0777503817489875
    },
    "Silica_gel": {
      "moles": 0.75795465324125,
      "mass_kg": 0.045537915566734304
    },
    "Ettringite": {
      "moles": 0.015377851666666666,
      "mass_kg": 0.019299203841666664
    },
    "Hydrotalcite": {
      "moles": 0.033301575,
      "mass_kg": 0.014752597725
    }
  },
  "pH": 9.48675,
  "pe": 4.0,
  "Eh": 0.24,
  "system_mass_kg": 0.1578518353552052,
  "input_composition": {
    "Ca": 0.46246795,
    "Si": 1.21530984,
    "Al": 0.54000488,
    "Fe": 0.06355385,
    "Mg": 0.11100525,
    "K": 0.06043569,
    "Na": 0.04692051,
    "S": 0.09226711,
    "O": 8.92280258,
    "H": 9.32541712,
    "C": 0.01009181
  },
  "execution_time": 1.0251998901367188e-05,
  "mix_id": "MIX_1377",
  "input_file": "/teamspace/studios/this_studio/inputs/generated/MIX_1377.inp"
}