{
  "converged": true,
  "method": "simplified_thermodynamic_model",
  "note": "Using simplified model until Cemdata18 integration complete",
  "temperature_K": 298.15,
  "pressure_bar": 1.01325,
  "CO2_fraction": 0.35,
  "pCO2_bar": 0.3546375,
  "phases": {
    "Calcite": {
      "moles": 0.012266600817187499,
      "mass_kg": 0.0012277640757922968
    },
    "C-S-H_1.0": {
      "moles": 0.1767756891828125,
      "mass_kg": 0.030051867161078126
    },
    "Silica_gel": {
      "moles": 0.9770344808171876,
      "mass_kg": 0.05870023160749663
    },
    "Ettringite": {
      "moles": 0.00512595,
      "mass_kg": 0.006433067249999999
    },
    "Hydrotalcite": {
      "moles": 0.017156936999999997,
      "mass_kg": 0.007600523090999999
    }
  },
  "pH": 8.7268125,
  "pe": 4.0,
  "Eh": 0.24,
  "system_mass_kg": 0.10401345318536705,
  "input_composition": {
    "Ca": 0.18904229,
    "Si": 1.15381017,
    "Al": 0.4738386,
    "Fe": 0.06749152,
    "Mg": 0.05718979,
    "K": 0.06227016,
    "Na": 0.05536969,
    "S": 0.0307557,
    "O": 6.87511205,
    "H": 6.66101223,
    "C": 0.01383565
  },
  "execution_time": 8.58306884765625e-06,
  "mix_id": "MIX_0535",
  "input_file": "/teamspace/studios/this_studio/inputs/generated/MIX_0535.inp"
}