{
  "converged": true,
  "method": "simplified_thermodynamic_model",
  "note": "Using simplified model until Cemdata18 integration complete",
  "temperature_K": 298.15,
  "pressure_bar": 1.01325,
  "CO2_fraction": 0.4,
  "pCO2_bar": 0.4053,
  "phases": {
    "Calcite": {
      "moles": 0.01364874,
      "mass_kg": 0.0013661023866
    },
    "C-S-H_1.0": {
      "moles": 0.08744368,
      "mass_kg": 0.014865425600000001
    },
    "Silica_gel": {
      "moles": 1.16922681,
      "mass_kg": 0.07024714674480001
    },
    "Hydrotalcite": {
      "moles": 0.010725876,
      "mass_kg": 0.004751563068
    }
  },
  "pH": 8.5,
  "pe": 4.0,
  "Eh": 0.24,
  "system_mass_kg": 0.09123023779940001,
  "input_composition": {
    "Ca": 0.10109242,
    "Si": 1.25667049,
    "Al": 0.47782835,
    "Fe": 0.08494053,
    "Mg": 0.03575292,
    "K": 0.06777358,
    "Na": 0.0639949,
    "S": 0.0,
    "O": 5.41929974,
    "H": 3.66355677,
    "C": 0.01364874
  },
  "execution_time": 1.0728836059570312e-05,
  "mix_id": "MIX_1224",
  "input_file": "/teamspace/studios/this_studio/inputs/generated/MIX_1224.inp"
}