{
  "converged": true,
  "method": "simplified_thermodynamic_model",
  "note": "Using simplified model until Cemdata18 integration complete",
  "temperature_K": 298.15,
  "pressure_bar": 1.01325,
  "CO2_fraction": 0.15,
  "pCO2_bar": 0.1519875,
  "phases": {
    "Calcite": {
      "moles": 0.0044421424621875,
      "mass_kg": 0.0004446140390403468
    },
    "C-S-H_1.0": {
      "moles": 0.4236269175378125,
      "mass_kg": 0.07201657598142813
    },
    "Silica_gel": {
      "moles": 1.2724204024621875,
      "mass_kg": 0.07644701777992823
    },
    "Ettringite": {
      "moles": 0.007688925,
      "mass_kg": 0.009649600874999999
    },
    "Hydrotalcite": {
      "moles": 0.026937506999999996,
      "mass_kg": 0.011933315600999998
    }
  },
  "pH": 9.7400625,
  "pe": 4.0,
  "Eh": 0.24,
  "system_mass_kg": 0.1704911242763967,
  "input_composition": {
    "Ca": 0.42806906,
    "Si": 1.69604732,
    "Al": 0.62013529,
    "Fe": 0.12068769,
    "Mg": 0.08979169,
    "K": 0.07786318,
    "Na": 0.18349199,
    "S": 0.04613355,
    "O": 15.30516799,
    "H": 19.98303657,
    "C": 0.01169081
  },
  "execution_time": 1.4066696166992188e-05,
  "mix_id": "MIX_3279",
  "input_file": "/teamspace/studios/this_studio/inputs/generated/MIX_3279.inp"
}