{
  "converged": true,
  "method": "simplified_thermodynamic_model",
  "note": "Using simplified model until Cemdata18 integration complete",
  "temperature_K": 298.15,
  "pressure_bar": 1.01325,
  "CO2_fraction": 0.2,
  "pCO2_bar": 0.20265,
  "phases": {
    "Calcite": {
      "moles": 0.004005417779999999,
      "mass_kg": 0.00040090226560019995
    },
    "C-S-H_1.0": {
      "moles": 0.15572024222,
      "mass_kg": 0.0264724411774
    },
    "Silica_gel": {
      "moles": 1.03089383778,
      "mass_kg": 0.06193610177382241
    },
    "Ettringite": {
      "moles": 0.0034173,
      "mass_kg": 0.0042887114999999995
    },
    "Hydrotalcite": {
      "moles": 0.015013247999999998,
      "mass_kg": 0.006650868863999999
    }
  },
  "pH": 9.48675,
  "pe": 4.0,
  "Eh": 0.24,
  "system_mass_kg": 0.0997490255808226,
  "input_composition": {
    "Ca": 0.15972566,
    "Si": 1.18661408,
    "Al": 0.47516852,
    "Fe": 0.07330786,
    "Mg": 0.05004416,
    "K": 0.06410463,
    "Na": 0.05536969,
    "S": 0.0205038,
    "O": 6.87327941,
    "H": 6.66101223,
    "C": 0.00790608
  },
  "execution_time": 1.0013580322265625e-05,
  "mix_id": "MIX_0711",
  "input_file": "/teamspace/studios/this_studio/inputs/generated/MIX_0711.inp"
}