{
  "converged": true,
  "method": "simplified_thermodynamic_model",
  "note": "Using simplified model until Cemdata18 integration complete",
  "temperature_K": 298.15,
  "pressure_bar": 1.01325,
  "CO2_fraction": 0.35,
  "pCO2_bar": 0.3546375,
  "phases": {
    "Calcite": {
      "moles": 0.0123421652025,
      "mass_kg": 0.001235327315118225
    },
    "C-S-H_1.0": {
      "moles": 0.1473834947975,
      "mass_kg": 0.025055194115575
    },
    "Silica_gel": {
      "moles": 1.0491464952025,
      "mass_kg": 0.0630327214317662
    },
    "Ettringite": {
      "moles": 0.0034173,
      "mass_kg": 0.0042887114999999995
    },
    "Hydrotalcite": {
      "moles": 0.015013247999999998,
      "mass_kg": 0.006650868863999999
    }
  },
  "pH": 8.7268125,
  "pe": 4.0,
  "Eh": 0.24,
  "system_mass_kg": 0.10026282322645944,
  "input_composition": {
    "Ca": 0.15972566,
    "Si": 1.19652999,
    "Al": 0.47516852,
    "Fe": 0.07330786,
    "Mg": 0.05004416,
    "K": 0.06410463,
    "Na": 0.07459528,
    "S": 0.0205038,
    "O": 6.91475362,
    "H": 6.66101226,
    "C": 0.01392088
  },
  "execution_time": 1.0251998901367188e-05,
  "mix_id": "MIX_0763",
  "input_file": "/teamspace/studios/this_studio/inputs/generated/MIX_0763.inp"
}