{
  "converged": true,
  "method": "simplified_thermodynamic_model",
  "note": "Using simplified model until Cemdata18 integration complete",
  "temperature_K": 298.15,
  "pressure_bar": 1.01325,
  "CO2_fraction": 0.3,
  "pCO2_bar": 0.303975,
  "phases": {
    "Calcite": {
      "moles": 0.00820866249,
      "mass_kg": 0.0008216050286240999
    },
    "C-S-H_1.0": {
      "moles": 0.22480855751,
      "mass_kg": 0.0382174547767
    },
    "Silica_gel": {
      "moles": 0.88606677249,
      "mass_kg": 0.0532348916911992
    },
    "Ettringite": {
      "moles": 0.007688925,
      "mass_kg": 0.009649600874999999
    },
    "Hydrotalcite": {
      "moles": 0.020372466000000002,
      "mass_kg": 0.009025002438000002
    }
  },
  "pH": 8.980125000000001,
  "pe": 4.0,
  "Eh": 0.24,
  "system_mass_kg": 0.1109485548095233,
  "input_composition": {
    "Ca": 0.23301722,
    "Si": 1.11087533,
    "Al": 0.47184373,
    "Fe": 0.05876702,
    "Mg": 0.06790822,
    "K": 0.05951845,
    "Na": 0.06752836,
    "S": 0.04613355,
    "O": 5.87347413,
    "H": 4.6627086,
    "C": 0.01080176
  },
  "execution_time": 1.049041748046875e-05,
  "mix_id": "MIX_0185",
  "input_file": "/teamspace/studios/this_studio/inputs/generated/MIX_0185.inp"
}