{
  "converged": true,
  "method": "simplified_thermodynamic_model",
  "note": "Using simplified model until Cemdata18 integration complete",
  "temperature_K": 298.15,
  "pressure_bar": 1.01325,
  "CO2_fraction": 0.15,
  "pCO2_bar": 0.1519875,
  "phases": {
    "Calcite": {
      "moles": 0.0019569416540624997,
      "mass_kg": 0.0001958702901551156
    },
    "C-S-H_1.0": {
      "moles": 0.1870853483459375,
      "mass_kg": 0.03180450921880938
    },
    "Silica_gel": {
      "moles": 0.9798593016540625,
      "mass_kg": 0.05886994684337608
    },
    "Ettringite": {
      "moles": 0.00512595,
      "mass_kg": 0.006433067249999999
    },
    "Hydrotalcite": {
      "moles": 0.017156936999999997,
      "mass_kg": 0.007600523090999999
    }
  },
  "pH": 9.7400625,
  "pe": 4.0,
  "Eh": 0.24,
  "system_mass_kg": 0.10490391669334057,
  "input_composition": {
    "Ca": 0.18904229,
    "Si": 1.16694465,
    "Al": 0.4738386,
    "Fe": 0.06749152,
    "Mg": 0.05718979,
    "K": 0.06227016,
    "Na": 0.08083566,
    "S": 0.0307557,
    "O": 5.39801549,
    "H": 3.66355671,
    "C": 0.00515027
  },
  "execution_time": 9.298324584960938e-06,
  "mix_id": "MIX_0476",
  "input_file": "/teamspace/studios/this_studio/inputs/generated/MIX_0476.inp"
}