{
  "converged": true,
  "method": "simplified_thermodynamic_model",
  "note": "Using simplified model until Cemdata18 integration complete",
  "temperature_K": 298.15,
  "pressure_bar": 1.01325,
  "CO2_fraction": 0.15,
  "pCO2_bar": 0.1519875,
  "phases": {
    "Calcite": {
      "moles": 0.00225304750125,
      "mass_kg": 0.0002255075244001125
    },
    "C-S-H_1.0": {
      "moles": 0.09883937249875001,
      "mass_kg": 0.016802693324787503
    },
    "Silica_gel": {
      "moles": 1.1533825275012501,
      "mass_kg": 0.06929522225227511
    },
    "Hydrotalcite": {
      "moles": 0.010725876,
      "mass_kg": 0.004751563068
    }
  },
  "pH": 9.7400625,
  "pe": 4.0,
  "Eh": 0.24,
  "system_mass_kg": 0.09107498616946272,
  "input_composition": {
    "Ca": 0.10109242,
    "Si": 1.2522219,
    "Al": 0.47782835,
    "Fe": 0.08494053,
    "Mg": 0.03575292,
    "K": 0.06777358,
    "Na": 0.05536969,
    "S": 0.0,
    "O": 6.88937934,
    "H": 6.66101223,
    "C": 0.00592956
  },
  "execution_time": 7.62939453125e-06,
  "mix_id": "MIX_1143",
  "input_file": "/teamspace/studios/this_studio/inputs/generated/MIX_1143.inp"
}