{
  "converged": true,
  "method": "simplified_thermodynamic_model",
  "note": "Using simplified model until Cemdata18 integration complete",
  "temperature_K": 298.15,
  "pressure_bar": 1.01325,
  "CO2_fraction": 0.35,
  "pCO2_bar": 0.3546375,
  "phases": {
    "Calcite": {
      "moles": 0.022865483326874998,
      "mass_kg": 0.0022886062261869185
    },
    "C-S-H_1.0": {
      "moles": 0.663970926673125,
      "mass_kg": 0.11287505753443125
    },
    "Silica_gel": {
      "moles": 1.090974483326875,
      "mass_kg": 0.06554574695827865
    },
    "Ettringite": {
      "moles": 0.017086501666666667,
      "mass_kg": 0.021443559591666665
    },
    "Hydrotalcite": {
      "moles": 0.042010302,
      "mass_kg": 0.018610563786
    }
  },
  "pH": 8.7268125,
  "pe": 4.0,
  "Eh": 0.24,
  "system_mass_kg": 0.2207635340965635,
  "input_composition": {
    "Ca": 0.68683641,
    "Si": 1.75494541,
    "Al": 0.68696653,
    "Fe": 0.11965818,
    "Mg": 0.14003434,
    "K": 0.07694594,
    "Na": 0.13819757,
    "S": 0.10251901,
    "O": 13.3405214,
    "H": 14.65422691,
    "C": 0.02579026
  },
  "execution_time": 1.0728836059570312e-05,
  "mix_id": "MIX_4344",
  "input_file": "/teamspace/studios/this_studio/inputs/generated/MIX_4344.inp"
}