{
  "converged": true,
  "method": "simplified_thermodynamic_model",
  "note": "Using simplified model until Cemdata18 integration complete",
  "temperature_K": 298.15,
  "pressure_bar": 1.01325,
  "CO2_fraction": 0.3,
  "pCO2_bar": 0.303975,
  "phases": {
    "Calcite": {
      "moles": 0.013362946183124998,
      "mass_kg": 0.0013374972834689811
    },
    "C-S-H_1.0": {
      "moles": 0.24388863381687498,
      "mass_kg": 0.04146106774886875
    },
    "Silica_gel": {
      "moles": 1.233546686183125,
      "mass_kg": 0.07411148490588215
    },
    "Ettringite": {
      "moles": 0.0034173,
      "mass_kg": 0.0042887114999999995
    },
    "Hydrotalcite": {
      "moles": 0.01829577,
      "mass_kg": 0.00810502611
    }
  },
  "pH": 8.980125000000001,
  "pe": 4.0,
  "Eh": 0.24,
  "system_mass_kg": 0.1293037875482199,
  "input_composition": {
    "Ca": 0.25725158,
    "Si": 1.47743532,
    "Al": 0.5493143,
    "Fe": 0.10426819,
    "Mg": 0.0609859,
    "K": 0.073277,
    "Na": 0.10992989,
    "S": 0.0205038,
    "O": 11.10277747,
    "H": 13.32202447,
    "C": 0.01758427
  },
  "execution_time": 9.298324584960938e-06,
  "mix_id": "MIX_2203",
  "input_file": "/teamspace/studios/this_studio/inputs/generated/MIX_2203.inp"
}