{
  "converged": true,
  "method": "simplified_thermodynamic_model",
  "note": "Using simplified model until Cemdata18 integration complete",
  "temperature_K": 298.15,
  "pressure_bar": 1.01325,
  "CO2_fraction": 0.25,
  "pCO2_bar": 0.2533125,
  "phases": {
    "Calcite": {
      "moles": 0.0056313711890625,
      "mass_kg": 0.0005636439423132656
    },
    "C-S-H_1.0": {
      "moles": 0.2420441588109375,
      "mass_kg": 0.04114750699785938
    },
    "Silica_gel": {
      "moles": 0.8346594011890625,
      "mass_kg": 0.05014633682343887
    },
    "Ettringite": {
      "moles": 0.00854325,
      "mass_kg": 0.010721778749999999
    },
    "Hydrotalcite": {
      "moles": 0.021444308999999998,
      "mass_kg": 0.009499828887
    }
  },
  "pH": 9.2334375,
  "pe": 4.0,
  "Eh": 0.24,
  "system_mass_kg": 0.11207909540061152,
  "input_composition": {
    "Ca": 0.24767553,
    "Si": 1.07670356,
    "Al": 0.47117877,
    "Fe": 0.05585885,
    "Mg": 0.07148103,
    "K": 0.05860121,
    "Na": 0.03307511,
    "S": 0.0512595,
    "O": 5.8118758,
    "H": 4.66270853,
    "C": 0.00889237
  },
  "execution_time": 1.4066696166992188e-05,
  "mix_id": "MIX_0049",
  "input_file": "/teamspace/studios/this_studio/inputs/generated/MIX_0049.inp"
}