{
  "converged": true,
  "method": "simplified_thermodynamic_model",
  "note": "Using simplified model until Cemdata18 integration complete",
  "temperature_K": 298.15,
  "pressure_bar": 1.01325,
  "CO2_fraction": 0.4,
  "pCO2_bar": 0.4053,
  "phases": {
    "Calcite": {
      "moles": 0.02193847,
      "mass_kg": 0.0021958214623
    },
    "C-S-H_1.0": {
      "moles": 0.35257961,
      "mass_kg": 0.059938533700000005
    },
    "Silica_gel": {
      "moles": 0.9899951899999999,
      "mass_kg": 0.059478911015199996
    },
    "Ettringite": {
      "moles": 0.010251901666666667,
      "mass_kg": 0.012866136591666666
    },
    "Hydrotalcite": {
      "moles": 0.026870514,
      "mass_kg": 0.011903637702000001
    }
  },
  "pH": 8.5,
  "pe": 4.0,
  "Eh": 0.24,
  "system_mass_kg": 0.14638304047116668,
  "input_composition": {
    "Ca": 0.37451808,
    "Si": 1.3425748,
    "Al": 0.54399463,
    "Fe": 0.08100285,
    "Mg": 0.08956838,
    "K": 0.06593911,
    "Na": 0.10286297,
    "S": 0.06151141,
    "O": 10.06140487,
    "H": 11.32372081,
    "C": 0.02193847
  },
  "execution_time": 1.7404556274414062e-05,
  "mix_id": "MIX_1786",
  "input_file": "/teamspace/studios/this_studio/inputs/generated/MIX_1786.inp"
}