{
  "converged": true,
  "method": "simplified_thermodynamic_model",
  "note": "Using simplified model until Cemdata18 integration complete",
  "temperature_K": 298.15,
  "pressure_bar": 1.01325,
  "CO2_fraction": 0.15,
  "pCO2_bar": 0.1519875,
  "phases": {
    "Calcite": {
      "moles": 0.0043610381325,
      "mass_kg": 0.000436496306681925
    },
    "C-S-H_1.0": {
      "moles": 0.6435826918675001,
      "mass_kg": 0.10940905761747502
    },
    "Silica_gel": {
      "moles": 0.7484930681324999,
      "mass_kg": 0.044969463533400596
    },
    "Ettringite": {
      "moles": 0.020503801666666665,
      "mass_kg": 0.02573227109166666
    },
    "Hydrotalcite": {
      "moles": 0.043015155,
      "mass_kg": 0.019055713665
    }
  },
  "pH": 9.7400625,
  "pe": 4.0,
  "Eh": 0.24,
  "system_mass_kg": 0.1996030022142242,
  "input_composition": {
    "Ca": 0.64794373,
    "Si": 1.39207576,
    "Al": 0.61016091,
    "Fe": 0.07706518,
    "Mg": 0.14338385,
    "K": 0.06410463,
    "Na": 0.07114995,
    "S": 0.12302281,
    "O": 15.05748704,
    "H": 19.98303666,
    "C": 0.01147736
  },
  "execution_time": 1.049041748046875e-05,
  "mix_id": "MIX_2707",
  "input_file": "/teamspace/studios/this_studio/inputs/generated/MIX_2707.inp"
}