{
  "converged": true,
  "method": "simplified_thermodynamic_model",
  "note": "Using simplified model until Cemdata18 integration complete",
  "temperature_K": 298.15,
  "pressure_bar": 1.01325,
  "CO2_fraction": 0.15,
  "pCO2_bar": 0.1519875,
  "phases": {
    "Calcite": {
      "moles": 0.004226035235624999,
      "mass_kg": 0.00042298386673370617
    },
    "C-S-H_1.0": {
      "moles": 0.975776604764375,
      "mass_kg": 0.16588202280994377
    },
    "Silica_gel": {
      "moles": 0.46988697523562495,
      "mass_kg": 0.028230809472156348
    },
    "Ettringite": {
      "moles": 0.034173003333333334,
      "mass_kg": 0.04288711918333333
    },
    "Hydrotalcite": {
      "moles": 0.063447168,
      "mass_kg": 0.028107095424
    }
  },
  "pH": 9.7400625,
  "pe": 4.0,
  "Eh": 0.24,
  "system_mass_kg": 0.26553003075616716,
  "input_composition": {
    "Ca": 0.98000264,
    "Si": 1.44566358,
    "Al": 0.67366736,
    "Fe": 0.06149484,
    "Mg": 0.21149056,
    "K": 0.05860121,
    "Na": 0.17456535,
    "S": 0.20503802,
    "O": 13.26661858,
    "H": 14.65422691,
    "C": 0.01112206
  },
  "execution_time": 1.6689300537109375e-05,
  "mix_id": "MIX_3724",
  "input_file": "/teamspace/studios/this_studio/inputs/generated/MIX_3724.inp"
}