{
  "converged": true,
  "method": "simplified_thermodynamic_model",
  "note": "Using simplified model until Cemdata18 integration complete",
  "temperature_K": 298.15,
  "pressure_bar": 1.01325,
  "CO2_fraction": 0.3,
  "pCO2_bar": 0.303975,
  "phases": {
    "Calcite": {
      "moles": 0.012582064805624998,
      "mass_kg": 0.001259338866395006
    },
    "C-S-H_1.0": {
      "moles": 0.303302765194375,
      "mass_kg": 0.05156147008304375
    },
    "Silica_gel": {
      "moles": 1.118841224805625,
      "mass_kg": 0.06721998078632195
    },
    "Ettringite": {
      "moles": 0.0068346,
      "mass_kg": 0.008577422999999999
    },
    "Hydrotalcite": {
      "moles": 0.022583142,
      "mass_kg": 0.010004331906
    }
  },
  "pH": 8.980125000000001,
  "pe": 4.0,
  "Eh": 0.24,
  "system_mass_kg": 0.13862254464176071,
  "input_composition": {
    "Ca": 0.31588483,
    "Si": 1.42214399,
    "Al": 0.54665447,
    "Fe": 0.09263552,
    "Mg": 0.07527714,
    "K": 0.06960805,
    "Na": 0.12993217,
    "S": 0.0410076,
    "O": 10.11215167,
    "H": 11.32372077,
    "C": 0.01655671
  },
  "execution_time": 1.6927719116210938e-05,
  "mix_id": "MIX_1982",
  "input_file": "/teamspace/studios/this_studio/inputs/generated/MIX_1982.inp"
}