{
  "converged": true,
  "method": "simplified_thermodynamic_model",
  "note": "Using simplified model until Cemdata18 integration complete",
  "temperature_K": 298.15,
  "pressure_bar": 1.01325,
  "CO2_fraction": 0.4,
  "pCO2_bar": 0.4053,
  "phases": {
    "Calcite": {
      "moles": 0.03550347,
      "mass_kg": 0.0035535423123000003
    },
    "C-S-H_1.0": {
      "moles": 0.4754332,
      "mass_kg": 0.080823644
    },
    "Silica_gel": {
      "moles": 1.49091519,
      "mass_kg": 0.0895741846152
    },
    "Ettringite": {
      "moles": 0.0068346,
      "mass_kg": 0.008577422999999999
    },
    "Hydrotalcite": {
      "moles": 0.029148182999999998,
      "mass_kg": 0.012912645068999999
    }
  },
  "pH": 8.5,
  "pe": 4.0,
  "Eh": 0.24,
  "system_mass_kg": 0.1954414389965,
  "input_composition": {
    "Ca": 0.51093667,
    "Si": 1.96634839,
    "Al": 0.69494602,
    "Fe": 0.15455619,
    "Mg": 0.09716061,
    "K": 0.08795278,
    "Na": 0.16646526,
    "S": 0.0410076,
    "O": 17.46000694,
    "H": 22.64744156,
    "C": 0.03550347
  },
  "execution_time": 1.8835067749023438e-05,
  "mix_id": "MIX_4698",
  "input_file": "/teamspace/studios/this_studio/inputs/generated/MIX_4698.inp"
}