{
  "converged": true,
  "method": "simplified_thermodynamic_model",
  "note": "Using simplified model until Cemdata18 integration complete",
  "temperature_K": 298.15,
  "pressure_bar": 1.01325,
  "CO2_fraction": 0.25,
  "pCO2_bar": 0.2533125,
  "phases": {
    "Calcite": {
      "moles": 0.011738988876562498,
      "mass_kg": 0.0011749553966551405
    },
    "C-S-H_1.0": {
      "moles": 0.9682636511234375,
      "mass_kg": 0.1646048206909844
    },
    "Silica_gel": {
      "moles": 0.47739992887656246,
      "mass_kg": 0.028682187726903872
    },
    "Ettringite": {
      "moles": 0.034173003333333334,
      "mass_kg": 0.04288711918333333
    },
    "Hydrotalcite": {
      "moles": 0.063447168,
      "mass_kg": 0.028107095424
    }
  },
  "pH": 9.2334375,
  "pe": 4.0,
  "Eh": 0.24,
  "system_mass_kg": 0.26545617842187674,
  "input_composition": {
    "Ca": 0.98000264,
    "Si": 1.44566358,
    "Al": 0.67366736,
    "Fe": 0.06149484,
    "Mg": 0.21149056,
    "K": 0.05860121,
    "Na": 0.17456535,
    "S": 0.20503802,
    "O": 13.281448,
    "H": 14.65422691,
    "C": 0.01853677
  },
  "execution_time": 1.1444091796875e-05,
  "mix_id": "MIX_3756",
  "input_file": "/teamspace/studios/this_studio/inputs/generated/MIX_3756.inp"
}