{
  "converged": true,
  "method": "simplified_thermodynamic_model",
  "note": "Using simplified model until Cemdata18 integration complete",
  "temperature_K": 298.15,
  "pressure_bar": 1.01325,
  "CO2_fraction": 0.4,
  "pCO2_bar": 0.4053,
  "phases": {
    "Calcite": {
      "moles": 0.02330214,
      "mass_kg": 0.0023323111926
    },
    "C-S-H_1.0": {
      "moles": 0.35121594,
      "mass_kg": 0.05970670980000001
    },
    "Silica_gel": {
      "moles": 0.9803908199999999,
      "mass_kg": 0.05890188046559999
    },
    "Ettringite": {
      "moles": 0.010251901666666667,
      "mass_kg": 0.012866136591666666
    },
    "Hydrotalcite": {
      "moles": 0.026870514,
      "mass_kg": 0.011903637702000001
    }
  },
  "pH": 8.5,
  "pe": 4.0,
  "Eh": 0.24,
  "system_mass_kg": 0.14571067575186666,
  "input_composition": {
    "Ca": 0.37451808,
    "Si": 1.33160676,
    "Al": 0.54399463,
    "Fe": 0.08100285,
    "Mg": 0.08956838,
    "K": 0.06593911,
    "Na": 0.08159744,
    "S": 0.06151141,
    "O": 11.03071521,
    "H": 13.32202445,
    "C": 0.02330214
  },
  "execution_time": 1.430511474609375e-05,
  "mix_id": "MIX_1783",
  "input_file": "/teamspace/studios/this_studio/inputs/generated/MIX_1783.inp"
}