{
  "converged": true,
  "method": "simplified_thermodynamic_model",
  "note": "Using simplified model until Cemdata18 integration complete",
  "temperature_K": 298.15,
  "pressure_bar": 1.01325,
  "CO2_fraction": 0.2,
  "pCO2_bar": 0.20265,
  "phases": {
    "Calcite": {
      "moles": 0.005867102535,
      "mass_kg": 0.00058723829272815
    },
    "C-S-H_1.0": {
      "moles": 0.368650977465,
      "mass_kg": 0.06267066616905
    },
    "Silica_gel": {
      "moles": 0.948641082535,
      "mass_kg": 0.056994356238702804
    },
    "Ettringite": {
      "moles": 0.010251901666666667,
      "mass_kg": 0.012866136591666666
    },
    "Hydrotalcite": {
      "moles": 0.026870514,
      "mass_kg": 0.011903637702000001
    }
  },
  "pH": 9.48675,
  "pe": 4.0,
  "Eh": 0.24,
  "system_mass_kg": 0.14502203499414762,
  "input_composition": {
    "Ca": 0.37451808,
    "Si": 1.31729206,
    "Al": 0.54399463,
    "Fe": 0.08100285,
    "Mg": 0.08956838,
    "K": 0.06593911,
    "Na": 0.05384321,
    "S": 0.06151141,
    "O": 10.96476593,
    "H": 13.32202441,
    "C": 0.01158076
  },
  "execution_time": 1.1205673217773438e-05,
  "mix_id": "MIX_1715",
  "input_file": "/teamspace/studios/this_studio/inputs/generated/MIX_1715.inp"
}