{
  "converged": true,
  "method": "simplified_thermodynamic_model",
  "note": "Using simplified model until Cemdata18 integration complete",
  "temperature_K": 298.15,
  "pressure_bar": 1.01325,
  "CO2_fraction": 0.3,
  "pCO2_bar": 0.303975,
  "phases": {
    "Calcite": {
      "moles": 0.0089578088775,
      "mass_kg": 0.0008965870905489749
    },
    "C-S-H_1.0": {
      "moles": 0.2387177211225,
      "mass_kg": 0.040582012590825
    },
    "Silica_gel": {
      "moles": 0.8397710788774999,
      "mass_kg": 0.0504534464189602
    },
    "Ettringite": {
      "moles": 0.00854325,
      "mass_kg": 0.010721778749999999
    },
    "Hydrotalcite": {
      "moles": 0.021444308999999998,
      "mass_kg": 0.009499828887
    }
  },
  "pH": 8.980125000000001,
  "pe": 4.0,
  "Eh": 0.24,
  "system_mass_kg": 0.11215365373733417,
  "input_composition": {
    "Ca": 0.24767553,
    "Si": 1.0784888,
    "Al": 0.47117877,
    "Fe": 0.05585885,
    "Mg": 0.07148103,
    "K": 0.05860121,
    "Na": 0.03653646,
    "S": 0.0512595,
    "O": 6.82211921,
    "H": 6.66101223,
    "C": 0.01178756
  },
  "execution_time": 1.2159347534179688e-05,
  "mix_id": "MIX_0067",
  "input_file": "/teamspace/studios/this_studio/inputs/generated/MIX_0067.inp"
}