{
  "converged": true,
  "method": "simplified_thermodynamic_model",
  "note": "Using simplified model until Cemdata18 integration complete",
  "temperature_K": 298.15,
  "pressure_bar": 1.01325,
  "CO2_fraction": 0.2,
  "pCO2_bar": 0.20265,
  "phases": {
    "Calcite": {
      "moles": 0.00893841020625,
      "mass_kg": 0.0008946454775435625
    },
    "C-S-H_1.0": {
      "moles": 0.79516448979375,
      "mass_kg": 0.1351779632649375
    },
    "Silica_gel": {
      "moles": 0.82101667020625,
      "mass_kg": 0.0493266815459915
    },
    "Ettringite": {
      "moles": 0.023921101666666666,
      "mass_kg": 0.030020982591666665
    },
    "Hydrotalcite": {
      "moles": 0.050585049,
      "mass_kg": 0.022409176707
    }
  },
  "pH": 9.48675,
  "pe": 4.0,
  "Eh": 0.24,
  "system_mass_kg": 0.23782944958713922,
  "input_composition": {
    "Ca": 0.8041029,
    "Si": 1.61618116,
    "Al": 0.68164686,
    "Fe": 0.09639285,
    "Mg": 0.16861683,
    "K": 0.06960805,
    "Na": 0.12356184,
    "S": 0.14352661,
    "O": 17.25831325,
    "H": 22.64744153,
    "C": 0.01764305
  },
  "execution_time": 1.2636184692382812e-05,
  "mix_id": "MIX_4070",
  "input_file": "/teamspace/studios/this_studio/inputs/generated/MIX_4070.inp"
}