{
  "converged": true,
  "method": "simplified_thermodynamic_model",
  "note": "Using simplified model until Cemdata18 integration complete",
  "temperature_K": 298.15,
  "pressure_bar": 1.01325,
  "CO2_fraction": 0.2,
  "pCO2_bar": 0.20265,
  "phases": {
    "Calcite": {
      "moles": 0.00666164758875,
      "mass_kg": 0.0006667643071579874
    },
    "C-S-H_1.0": {
      "moles": 0.42140741241125,
      "mass_kg": 0.0716392601099125
    },
    "Silica_gel": {
      "moles": 1.22749709758875,
      "mass_kg": 0.07374802562313211
    },
    "Ettringite": {
      "moles": 0.007688925,
      "mass_kg": 0.009649600874999999
    },
    "Hydrotalcite": {
      "moles": 0.026937506999999996,
      "mass_kg": 0.011933315600999998
    }
  },
  "pH": 9.48675,
  "pe": 4.0,
  "Eh": 0.24,
  "system_mass_kg": 0.1676369665162026,
  "input_composition": {
    "Ca": 0.42806906,
    "Si": 1.64890451,
    "Al": 0.62013529,
    "Fe": 0.12068769,
    "Mg": 0.08979169,
    "K": 0.07786318,
    "Na": 0.09208854,
    "S": 0.04613355,
    "O": 12.17064174,
    "H": 13.9881257,
    "C": 0.01314907
  },
  "execution_time": 1.049041748046875e-05,
  "mix_id": "MIX_3285",
  "input_file": "/teamspace/studios/this_studio/inputs/generated/MIX_3285.inp"
}