{
  "converged": true,
  "method": "simplified_thermodynamic_model",
  "note": "Using simplified model until Cemdata18 integration complete",
  "temperature_K": 298.15,
  "pressure_bar": 1.01325,
  "CO2_fraction": 0.2,
  "pCO2_bar": 0.20265,
  "phases": {
    "Calcite": {
      "moles": 0.0037926656775,
      "mass_kg": 0.000379607907660975
    },
    "C-S-H_1.0": {
      "moles": 0.2145662443225,
      "mass_kg": 0.036476261534825
    },
    "Silica_gel": {
      "moles": 0.8958338456774999,
      "mass_kg": 0.053821697448304194
    },
    "Ettringite": {
      "moles": 0.0068346,
      "mass_kg": 0.008577422999999999
    },
    "Hydrotalcite": {
      "moles": 0.019300623,
      "mass_kg": 0.008550175989
    }
  },
  "pH": 9.48675,
  "pe": 4.0,
  "Eh": 0.24,
  "system_mass_kg": 0.10780516587979017,
  "input_composition": {
    "Ca": 0.21835891,
    "Si": 1.11040009,
    "Al": 0.47250869,
    "Fe": 0.06167519,
    "Mg": 0.06433541,
    "K": 0.06043569,
    "Na": 0.03480579,
    "S": 0.0410076,
    "O": 6.32131635,
    "H": 5.6618604,
    "C": 0.00748614
  },
  "execution_time": 1.1682510375976562e-05,
  "mix_id": "MIX_0258",
  "input_file": "/teamspace/studios/this_studio/inputs/generated/MIX_0258.inp"
}