{
  "converged": true,
  "method": "simplified_thermodynamic_model",
  "note": "Using simplified model until Cemdata18 integration complete",
  "temperature_K": 298.15,
  "pressure_bar": 1.01325,
  "CO2_fraction": 0.0,
  "pCO2_bar": 0.0,
  "phases": {
    "C-S-H_1.0": {
      "moles": 0.39367018,
      "mass_kg": 0.0669239306
    },
    "Silica_gel": {
      "moles": 1.67635477,
      "mass_kg": 0.1007153945816
    },
    "Hydrotalcite": {
      "moles": 0.020573436,
      "mass_kg": 0.009114032148
    }
  },
  "pH": 10.5,
  "pe": 4.0,
  "Eh": 0.24,
  "system_mass_kg": 0.1767533573296,
  "input_composition": {
    "Ca": 0.39367018,
    "Si": 2.07002495,
    "Al": 0.70026569,
    "Fe": 0.17782153,
    "Mg": 0.06857812,
    "K": 0.09529067,
    "Na": 0.11307074,
    "S": 0.0,
    "O": 15.34902682,
    "H": 18.65083418,
    "C": 0.0
  },
  "execution_time": 5.4836273193359375e-06,
  "mix_id": "MIX_4821",
  "input_file": "/teamspace/studios/this_studio/inputs/generated/MIX_4821.inp"
}