{
  "converged": true,
  "method": "simplified_thermodynamic_model",
  "note": "Using simplified model until Cemdata18 integration complete",
  "temperature_K": 298.15,
  "pressure_bar": 1.01325,
  "CO2_fraction": 0.3,
  "pCO2_bar": 0.303975,
  "phases": {
    "Calcite": {
      "moles": 0.008259981069375,
      "mass_kg": 0.0008267415052337437
    },
    "C-S-H_1.0": {
      "moles": 0.092832438930625,
      "mass_kg": 0.01578151461820625
    },
    "Silica_gel": {
      "moles": 1.174825981069375,
      "mass_kg": 0.07058354494264805
    },
    "Hydrotalcite": {
      "moles": 0.010725876,
      "mass_kg": 0.004751563068
    }
  },
  "pH": 8.980125000000001,
  "pe": 4.0,
  "Eh": 0.24,
  "system_mass_kg": 0.09194336413408805,
  "input_composition": {
    "Ca": 0.10109242,
    "Si": 1.26765842,
    "Al": 0.47782835,
    "Fe": 0.08494053,
    "Mg": 0.03575292,
    "K": 0.06777358,
    "Na": 0.08529898,
    "S": 0.0,
    "O": 5.94594462,
    "H": 4.66270854,
    "C": 0.01086929
  },
  "execution_time": 8.344650268554688e-06,
  "mix_id": "MIX_1197",
  "input_file": "/teamspace/studios/this_studio/inputs/generated/MIX_1197.inp"
}