{
  "converged": true,
  "method": "simplified_thermodynamic_model",
  "note": "Using simplified model until Cemdata18 integration complete",
  "temperature_K": 298.15,
  "pressure_bar": 1.01325,
  "CO2_fraction": 0.3,
  "pCO2_bar": 0.303975,
  "phases": {
    "Calcite": {
      "moles": 0.008158407823124998,
      "mass_kg": 0.000816575039016581
    },
    "C-S-H_1.0": {
      "moles": 0.180883882176875,
      "mass_kg": 0.030750259970068753
    },
    "Silica_gel": {
      "moles": 0.9702208078231249,
      "mass_kg": 0.058290866134013346
    },
    "Ettringite": {
      "moles": 0.00512595,
      "mass_kg": 0.006433067249999999
    },
    "Hydrotalcite": {
      "moles": 0.017156936999999997,
      "mass_kg": 0.007600523090999999
    }
  },
  "pH": 8.980125000000001,
  "pe": 4.0,
  "Eh": 0.24,
  "system_mass_kg": 0.10389129148409867,
  "input_composition": {
    "Ca": 0.18904229,
    "Si": 1.15110469,
    "Al": 0.4738386,
    "Fe": 0.06749152,
    "Mg": 0.05718979,
    "K": 0.06227016,
    "Na": 0.05012415,
    "S": 0.0307557,
    "O": 5.86172648,
    "H": 4.66270861,
    "C": 0.01073563
  },
  "execution_time": 1.0013580322265625e-05,
  "mix_id": "MIX_0517",
  "input_file": "/teamspace/studios/this_studio/inputs/generated/MIX_0517.inp"
}