{
  "converged": true,
  "method": "simplified_thermodynamic_model",
  "note": "Using simplified model until Cemdata18 integration complete",
  "temperature_K": 298.15,
  "pressure_bar": 1.01325,
  "CO2_fraction": 0.2,
  "pCO2_bar": 0.20265,
  "phases": {
    "Calcite": {
      "moles": 0.005143804155,
      "mass_kg": 0.00051484335787395
    },
    "C-S-H_1.0": {
      "moles": 0.19347453584500002,
      "mass_kg": 0.03289067109365001
    },
    "Silica_gel": {
      "moles": 1.329544734155,
      "mass_kg": 0.0798790476280324
    },
    "Hydrotalcite": {
      "moles": 0.014008394999999998,
      "mass_kg": 0.006205718984999999
    }
  },
  "pH": 9.48675,
  "pe": 4.0,
  "Eh": 0.24,
  "system_mass_kg": 0.11949028106455635,
  "input_composition": {
    "Ca": 0.19861834,
    "Si": 1.52301927,
    "Al": 0.55197413,
    "Fe": 0.11590086,
    "Mg": 0.04669465,
    "K": 0.07694594,
    "Na": 0.07110634,
    "S": 0.0,
    "O": 9.05020486,
    "H": 9.3254171,
    "C": 0.01015308
  },
  "execution_time": 9.775161743164062e-06,
  "mix_id": "MIX_2389",
  "input_file": "/teamspace/studios/this_studio/inputs/generated/MIX_2389.inp"
}