{
  "converged": true,
  "method": "simplified_thermodynamic_model",
  "note": "Using simplified model until Cemdata18 integration complete",
  "temperature_K": 298.15,
  "pressure_bar": 1.01325,
  "CO2_fraction": 0.35,
  "pCO2_bar": 0.3546375,
  "phases": {
    "Calcite": {
      "moles": 0.01712558673,
      "mass_kg": 0.0017140999758056999
    },
    "C-S-H_1.0": {
      "moles": 0.21080937327,
      "mass_kg": 0.0358375934559
    },
    "Silica_gel": {
      "moles": 1.30974635673,
      "mass_kg": 0.07868956111233841
    },
    "Ettringite": {
      "moles": 0.00170865,
      "mass_kg": 0.0021443557499999997
    },
    "Hydrotalcite": {
      "moles": 0.016152083999999997,
      "mass_kg": 0.007155373211999999
    }
  },
  "pH": 8.7268125,
  "pe": 4.0,
  "Eh": 0.24,
  "system_mass_kg": 0.12554098350604412,
  "input_composition": {
    "Ca": 0.22793496,
    "Si": 1.52055573,
    "Al": 0.55064422,
    "Fe": 0.11008453,
    "Mg": 0.05384028,
    "K": 0.07511147,
    "Na": 0.12993217,
    "S": 0.0102519,
    "O": 10.14775003,
    "H": 11.32372077,
    "C": 0.01931616
  },
  "execution_time": 1.4781951904296875e-05,
  "mix_id": "MIX_2334",
  "input_file": "/teamspace/studios/this_studio/inputs/generated/MIX_2334.inp"
}