{
  "converged": true,
  "method": "simplified_thermodynamic_model",
  "note": "Using simplified model until Cemdata18 integration complete",
  "temperature_K": 298.15,
  "pressure_bar": 1.01325,
  "CO2_fraction": 0.4,
  "pCO2_bar": 0.4053,
  "phases": {
    "Calcite": {
      "moles": 0.01590957,
      "mass_kg": 0.0015923888613000002
    },
    "C-S-H_1.0": {
      "moles": 0.14381608999999998,
      "mass_kg": 0.0244487353
    },
    "Silica_gel": {
      "moles": 1.0527138999999999,
      "mass_kg": 0.06324705111199999
    },
    "Ettringite": {
      "moles": 0.0034173,
      "mass_kg": 0.0042887114999999995
    },
    "Hydrotalcite": {
      "moles": 0.015013247999999998,
      "mass_kg": 0.006650868863999999
    }
  },
  "pH": 8.5,
  "pe": 4.0,
  "Eh": 0.24,
  "system_mass_kg": 0.10022775563729999,
  "input_composition": {
    "Ca": 0.15972566,
    "Si": 1.19652999,
    "Al": 0.47516852,
    "Fe": 0.07330786,
    "Mg": 0.05004416,
    "K": 0.06410463,
    "Na": 0.07459528,
    "S": 0.0205038,
    "O": 6.91873102,
    "H": 6.66101226,
    "C": 0.01590957
  },
  "execution_time": 9.298324584960938e-06,
  "mix_id": "MIX_0779",
  "input_file": "/teamspace/studios/this_studio/inputs/generated/MIX_0779.inp"
}