{
  "converged": true,
  "method": "simplified_thermodynamic_model",
  "note": "Using simplified model until Cemdata18 integration complete",
  "temperature_K": 298.15,
  "pressure_bar": 1.01325,
  "CO2_fraction": 0.35,
  "pCO2_bar": 0.3546375,
  "phases": {
    "Calcite": {
      "moles": 0.012419316590625,
      "mass_kg": 0.0012430493975556561
    },
    "C-S-H_1.0": {
      "moles": 0.161964663409375,
      "mass_kg": 0.02753399277959375
    },
    "Silica_gel": {
      "moles": 1.028288026590625,
      "mass_kg": 0.06177954463756474
    },
    "Ettringite": {
      "moles": 0.004271625,
      "mass_kg": 0.0053608893749999996
    },
    "Hydrotalcite": {
      "moles": 0.016085091,
      "mass_kg": 0.007125695313
    }
  },
  "pH": 8.7268125,
  "pe": 4.0,
  "Eh": 0.24,
  "system_mass_kg": 0.10304317150271415,
  "input_composition": {
    "Ca": 0.17438398,
    "Si": 1.19025269,
    "Al": 0.47450356,
    "Fe": 0.07039969,
    "Mg": 0.05361697,
    "K": 0.0631874,
    "Na": 0.09422562,
    "S": 0.02562975,
    "O": 6.93997889,
    "H": 6.66101221,
    "C": 0.0140079
  },
  "execution_time": 0.00017571449279785156,
  "mix_id": "MIX_0655",
  "input_file": "/teamspace/studios/this_studio/inputs/generated/MIX_0655.inp"
}