{
  "converged": true,
  "method": "simplified_thermodynamic_model",
  "note": "Using simplified model until Cemdata18 integration complete",
  "temperature_K": 298.15,
  "pressure_bar": 1.01325,
  "CO2_fraction": 0.25,
  "pCO2_bar": 0.2533125,
  "phases": {
    "Calcite": {
      "moles": 0.005336705423437499,
      "mass_kg": 0.0005341508458318593
    },
    "C-S-H_1.0": {
      "moles": 0.1983638945765625,
      "mass_kg": 0.03372186207801563
    },
    "Silica_gel": {
      "moles": 0.9266529054234376,
      "mass_kg": 0.055673306557840134
    },
    "Ettringite": {
      "moles": 0.005980275,
      "mass_kg": 0.007505245125
    },
    "Hydrotalcite": {
      "moles": 0.01822878,
      "mass_kg": 0.00807534954
    }
  },
  "pH": 9.2334375,
  "pe": 4.0,
  "Eh": 0.24,
  "system_mass_kg": 0.10550991414668762,
  "input_composition": {
    "Ca": 0.2037006,
    "Si": 1.1250168,
    "Al": 0.47317365,
    "Fe": 0.06458336,
    "Mg": 0.0607626,
    "K": 0.06135292,
    "Na": 0.03134444,
    "S": 0.03588165,
    "O": 5.32375845,
    "H": 3.6635567,
    "C": 0.00842707
  },
  "execution_time": 1.049041748046875e-05,
  "mix_id": "MIX_0384",
  "input_file": "/teamspace/studios/this_studio/inputs/generated/MIX_0384.inp"
}