{
  "converged": true,
  "method": "simplified_thermodynamic_model",
  "note": "Using simplified model until Cemdata18 integration complete",
  "temperature_K": 298.15,
  "pressure_bar": 1.01325,
  "CO2_fraction": 0.25,
  "pCO2_bar": 0.2533125,
  "phases": {
    "Calcite": {
      "moles": 0.009462013476562498,
      "mass_kg": 0.0009470529288691404
    },
    "C-S-H_1.0": {
      "moles": 0.3746321165234375,
      "mass_kg": 0.06368745980898438
    },
    "Silica_gel": {
      "moles": 1.3046452334765626,
      "mass_kg": 0.07838308562727188
    },
    "Ettringite": {
      "moles": 0.00512595,
      "mass_kg": 0.006433067249999999
    },
    "Hydrotalcite": {
      "moles": 0.023721975,
      "mass_kg": 0.010508834925
    }
  },
  "pH": 9.2334375,
  "pe": 4.0,
  "Eh": 0.24,
  "system_mass_kg": 0.1599595005401254,
  "input_composition": {
    "Ca": 0.38409413,
    "Si": 1.67927735,
    "Al": 0.62213016,
    "Fe": 0.12941219,
    "Mg": 0.07907325,
    "K": 0.08061489,
    "Na": 0.05557388,
    "S": 0.0307557,
    "O": 10.63461467,
    "H": 10.99067014,
    "C": 0.01494125
  },
  "execution_time": 1.049041748046875e-05,
  "mix_id": "MIX_3408",
  "input_file": "/teamspace/studios/this_studio/inputs/generated/MIX_3408.inp"
}