{
  "converged": true,
  "method": "simplified_thermodynamic_model",
  "note": "Using simplified model until Cemdata18 integration complete",
  "temperature_K": 298.15,
  "pressure_bar": 1.01325,
  "CO2_fraction": 0.25,
  "pCO2_bar": 0.2533125,
  "phases": {
    "Calcite": {
      "moles": 0.00951945841875,
      "mass_kg": 0.0009528025931326875
    },
    "C-S-H_1.0": {
      "moles": 0.55047441158125,
      "mass_kg": 0.0935806499688125
    },
    "Silica_gel": {
      "moles": 0.94675427841875,
      "mass_kg": 0.056880997047398504
    },
    "Ettringite": {
      "moles": 0.015377851666666666,
      "mass_kg": 0.019299203841666664
    },
    "Hydrotalcite": {
      "moles": 0.036584094,
      "mass_kg": 0.016206753642
    }
  },
  "pH": 9.2334375,
  "pe": 4.0,
  "Eh": 0.24,
  "system_mass_kg": 0.18692040709301036,
  "input_composition": {
    "Ca": 0.55999387,
    "Si": 1.49722869,
    "Al": 0.61415066,
    "Fe": 0.09451418,
    "Mg": 0.12194698,
    "K": 0.06960805,
    "Na": 0.08422021,
    "S": 0.09226711,
    "O": 10.61850996,
    "H": 10.99067013,
    "C": 0.01503196
  },
  "execution_time": 1.430511474609375e-05,
  "mix_id": "MIX_2964",
  "input_file": "/teamspace/studios/this_studio/inputs/generated/MIX_2964.inp"
}