{
  "converged": true,
  "method": "simplified_thermodynamic_model",
  "note": "Using simplified model until Cemdata18 integration complete",
  "temperature_K": 298.15,
  "pressure_bar": 1.01325,
  "CO2_fraction": 0.25,
  "pCO2_bar": 0.2533125,
  "phases": {
    "Calcite": {
      "moles": 0.012339282506249999,
      "mass_kg": 0.0012350387860505622
    },
    "C-S-H_1.0": {
      "moles": 0.45970471749375,
      "mass_kg": 0.0781498019739375
    },
    "Silica_gel": {
      "moles": 1.1871367325062498,
      "mass_kg": 0.0713231748889755
    },
    "Ettringite": {
      "moles": 0.010251901666666667,
      "mass_kg": 0.012866136591666666
    },
    "Hydrotalcite": {
      "moles": 0.030153035999999998,
      "mass_kg": 0.013357794947999999
    }
  },
  "pH": 9.2334375,
  "pe": 4.0,
  "Eh": 0.24,
  "system_mass_kg": 0.17693194718863023,
  "input_composition": {
    "Ca": 0.472044,
    "Si": 1.64684145,
    "Al": 0.61814041,
    "Fe": 0.11196319,
    "Mg": 0.10051012,
    "K": 0.07511147,
    "Na": 0.18349199,
    "S": 0.06151141,
    "O": 15.305716,
    "H": 19.98303657,
    "C": 0.01948468
  },
  "execution_time": 1.1205673217773438e-05,
  "mix_id": "MIX_3199",
  "input_file": "/teamspace/studios/this_studio/inputs/generated/MIX_3199.inp"
}