{
  "converged": true,
  "method": "simplified_thermodynamic_model",
  "note": "Using simplified model until Cemdata18 integration complete",
  "temperature_K": 298.15,
  "pressure_bar": 1.01325,
  "CO2_fraction": 0.0,
  "pCO2_bar": 0.0,
  "phases": {
    "C-S-H_1.0": {
      "moles": 0.19861834,
      "mass_kg": 0.0337651178
    },
    "Silica_gel": {
      "moles": 1.3547413000000001,
      "mass_kg": 0.081392857304
    },
    "Hydrotalcite": {
      "moles": 0.014008394999999998,
      "mass_kg": 0.006205718984999999
    }
  },
  "pH": 10.5,
  "pe": 4.0,
  "Eh": 0.24,
  "system_mass_kg": 0.12136369408900001,
  "input_composition": {
    "Ca": 0.19861834,
    "Si": 1.55335964,
    "Al": 0.55197413,
    "Fe": 0.11590086,
    "Mg": 0.04669465,
    "K": 0.07694594,
    "Na": 0.12993217,
    "S": 0.0,
    "O": 10.1191442,
    "H": 11.32372077,
    "C": 0.0
  },
  "execution_time": 1.1205673217773438e-05,
  "mix_id": "MIX_2366",
  "input_file": "/teamspace/studios/this_studio/inputs/generated/MIX_2366.inp"
}