{
  "converged": true,
  "method": "simplified_thermodynamic_model",
  "note": "Using simplified model until Cemdata18 integration complete",
  "temperature_K": 298.15,
  "pressure_bar": 1.01325,
  "CO2_fraction": 0.2,
  "pCO2_bar": 0.20265,
  "phases": {
    "Calcite": {
      "moles": 0.00822987487875,
      "mass_kg": 0.0008237281766140874
    },
    "C-S-H_1.0": {
      "moles": 0.9131395151212499,
      "mass_kg": 0.1552337175706125
    },
    "Silica_gel": {
      "moles": 0.58666437487875,
      "mass_kg": 0.0352467956427153
    },
    "Ettringite": {
      "moles": 0.030755703333333332,
      "mass_kg": 0.03859840768333333
    },
    "Hydrotalcite": {
      "moles": 0.059159792999999995,
      "mass_kg": 0.026207788298999998
    }
  },
  "pH": 9.48675,
  "pe": 4.0,
  "Eh": 0.24,
  "system_mass_kg": 0.25611043737227523,
  "input_composition": {
    "Ca": 0.92136939,
    "Si": 1.49980389,
    "Al": 0.67632719,
    "Fe": 0.07312751,
    "Mg": 0.19719931,
    "K": 0.06227016,
    "Na": 0.15233141,
    "S": 0.18453422,
    "O": 15.26116812,
    "H": 18.65083423,
    "C": 0.01624451
  },
  "execution_time": 1.6927719116210938e-05,
  "mix_id": "MIX_3849",
  "input_file": "/teamspace/studios/this_studio/inputs/generated/MIX_3849.inp"
}