{
  "converged": true,
  "method": "simplified_thermodynamic_model",
  "note": "Using simplified model until Cemdata18 integration complete",
  "temperature_K": 298.15,
  "pressure_bar": 1.01325,
  "CO2_fraction": 0.35,
  "pCO2_bar": 0.3546375,
  "phases": {
    "Calcite": {
      "moles": 0.012419316590625,
      "mass_kg": 0.0012430493975556561
    },
    "C-S-H_1.0": {
      "moles": 0.10333141340937499,
      "mass_kg": 0.01756634027959375
    },
    "Silica_gel": {
      "moles": 1.152529106590625,
      "mass_kg": 0.06924394872396475
    },
    "Ettringite": {
      "moles": 0.000854325,
      "mass_kg": 0.0010721778749999999
    },
    "Hydrotalcite": {
      "moles": 0.011797719,
      "mass_kg": 0.005226389517
    }
  },
  "pH": 8.7268125,
  "pe": 4.0,
  "Eh": 0.24,
  "system_mass_kg": 0.09435190579311416,
  "input_composition": {
    "Ca": 0.11575073,
    "Si": 1.25586052,
    "Al": 0.47716339,
    "Fe": 0.08203236,
    "Mg": 0.03932573,
    "K": 0.06685634,
    "Na": 0.09422562,
    "S": 0.00512595,
    "O": 6.96003187,
    "H": 6.66101221,
    "C": 0.0140079
  },
  "execution_time": 1.0728836059570312e-05,
  "mix_id": "MIX_1103",
  "input_file": "/teamspace/studios/this_studio/inputs/generated/MIX_1103.inp"
}