{
  "converged": true,
  "method": "simplified_thermodynamic_model",
  "note": "Using simplified model until Cemdata18 integration complete",
  "temperature_K": 298.15,
  "pressure_bar": 1.01325,
  "CO2_fraction": 0.3,
  "pCO2_bar": 0.303975,
  "phases": {
    "Calcite": {
      "moles": 0.011573559348749998,
      "mass_kg": 0.0011583975552163872
    },
    "C-S-H_1.0": {
      "moles": 0.36294452065125,
      "mass_kg": 0.061700568510712504
    },
    "Silica_gel": {
      "moles": 0.96325127934875,
      "mass_kg": 0.0578721368632729
    },
    "Ettringite": {
      "moles": 0.010251901666666667,
      "mass_kg": 0.012866136591666666
    },
    "Hydrotalcite": {
      "moles": 0.026870514,
      "mass_kg": 0.011903637702000001
    }
  },
  "pH": 8.980125000000001,
  "pe": 4.0,
  "Eh": 0.24,
  "system_mass_kg": 0.14550087722286847,
  "input_composition": {
    "Ca": 0.37451808,
    "Si": 1.3261958,
    "Al": 0.54399463,
    "Fe": 0.08100285,
    "Mg": 0.08956838,
    "K": 0.06593911,
    "Na": 0.07110634,
    "S": 0.06151141,
    "O": 9.00019902,
    "H": 9.3254171,
    "C": 0.01522962
  },
  "execution_time": 1.1444091796875e-05,
  "mix_id": "MIX_1749",
  "input_file": "/teamspace/studios/this_studio/inputs/generated/MIX_1749.inp"
}