{
  "converged": true,
  "method": "simplified_thermodynamic_model",
  "note": "Using simplified model until Cemdata18 integration complete",
  "temperature_K": 298.15,
  "pressure_bar": 1.01325,
  "CO2_fraction": 0.0,
  "pCO2_bar": 0.0,
  "phases": {
    "C-S-H_1.0": {
      "moles": 0.49178457,
      "mass_kg": 0.0836033769
    },
    "Silica_gel": {
      "moles": 0.70860654,
      "mass_kg": 0.0425730809232
    },
    "Ettringite": {
      "moles": 0.017086501666666667,
      "mass_kg": 0.021443559591666665
    },
    "Hydrotalcite": {
      "moles": 0.035445261,
      "mass_kg": 0.015702250623
    }
  },
  "pH": 10.5,
  "pe": 4.0,
  "Eh": 0.24,
  "system_mass_kg": 0.16332226803786667,
  "input_composition": {
    "Ca": 0.49178457,
    "Si": 1.20039111,
    "Al": 0.53867497,
    "Fe": 0.05773752,
    "Mg": 0.11815087,
    "K": 0.05860121,
    "Na": 0.08159744,
    "S": 0.10251901,
    "O": 10.94400498,
    "H": 13.32202445,
    "C": 0.0
  },
  "execution_time": 1.2636184692382812e-05,
  "mix_id": "MIX_1239",
  "input_file": "/teamspace/studios/this_studio/inputs/generated/MIX_1239.inp"
}