{
  "converged": true,
  "method": "simplified_thermodynamic_model",
  "note": "Using simplified model until Cemdata18 integration complete",
  "temperature_K": 298.15,
  "pressure_bar": 1.01325,
  "CO2_fraction": 0.4,
  "pCO2_bar": 0.4053,
  "phases": {
    "Calcite": {
      "moles": 0.02662555,
      "mass_kg": 0.0026649512995
    },
    "C-S-H_1.0": {
      "moles": 0.70926805,
      "mass_kg": 0.12057556850000002
    },
    "Silica_gel": {
      "moles": 0.6285260300000001,
      "mass_kg": 0.037761843882400004
    },
    "Ettringite": {
      "moles": 0.02562975166666667,
      "mass_kg": 0.03216533834166667
    },
    "Hydrotalcite": {
      "moles": 0.049446213,
      "mass_kg": 0.021904672359
    }
  },
  "pH": 8.5,
  "pe": 4.0,
  "Eh": 0.24,
  "system_mass_kg": 0.21507237438256668,
  "input_composition": {
    "Ca": 0.7358936,
    "Si": 1.33779408,
    "Al": 0.60617116,
    "Fe": 0.05961618,
    "Mg": 0.16482071,
    "K": 0.05860121,
    "Na": 0.15671208,
    "S": 0.15377851,
    "O": 12.1912896,
    "H": 13.98812562,
    "C": 0.02662555
  },
  "execution_time": 1.5020370483398438e-05,
  "mix_id": "MIX_2573",
  "input_file": "/teamspace/studios/this_studio/inputs/generated/MIX_2573.inp"
}