{
  "converged": true,
  "method": "simplified_thermodynamic_model",
  "note": "Using simplified model until Cemdata18 integration complete",
  "temperature_K": 298.15,
  "pressure_bar": 1.01325,
  "CO2_fraction": 0.3,
  "pCO2_bar": 0.303975,
  "phases": {
    "Calcite": {
      "moles": 0.016696275238125,
      "mass_kg": 0.001671130188583931
    },
    "C-S-H_1.0": {
      "moles": 0.728773374761875,
      "mass_kg": 0.12389147370951875
    },
    "Silica_gel": {
      "moles": 0.9421936952381251,
      "mass_kg": 0.05660699720990656
    },
    "Ettringite": {
      "moles": 0.020503801666666665,
      "mass_kg": 0.02573227109166666
    },
    "Hydrotalcite": {
      "moles": 0.046297674,
      "mass_kg": 0.020509869582
    }
  },
  "pH": 8.980125000000001,
  "pe": 4.0,
  "Eh": 0.24,
  "system_mass_kg": 0.2284117417816759,
  "input_composition": {
    "Ca": 0.74546965,
    "Si": 1.67096707,
    "Al": 0.68430669,
    "Fe": 0.10802551,
    "Mg": 0.15432558,
    "K": 0.073277,
    "Na": 0.10257964,
    "S": 0.12302281,
    "O": 13.25827904,
    "H": 14.65422683,
    "C": 0.02197059
  },
  "execution_time": 9.298324584960938e-06,
  "mix_id": "MIX_4212",
  "input_file": "/teamspace/studios/this_studio/inputs/generated/MIX_4212.inp"
}