{
  "converged": true,
  "method": "simplified_thermodynamic_model",
  "note": "Using simplified model until Cemdata18 integration complete",
  "temperature_K": 298.15,
  "pressure_bar": 1.01325,
  "CO2_fraction": 0.15,
  "pCO2_bar": 0.1519875,
  "phases": {
    "Calcite": {
      "moles": 0.0050278566909375,
      "mass_kg": 0.0005032381761959343
    },
    "C-S-H_1.0": {
      "moles": 0.5059088133090625,
      "mass_kg": 0.08600449826254063
    },
    "Silica_gel": {
      "moles": 1.4383114466909377,
      "mass_kg": 0.08641375171719154
    },
    "Ettringite": {
      "moles": 0.0068346,
      "mass_kg": 0.008577422999999999
    },
    "Hydrotalcite": {
      "moles": 0.029148182999999998,
      "mass_kg": 0.012912645068999999
    }
  },
  "pH": 9.7400625,
  "pe": 4.0,
  "Eh": 0.24,
  "system_mass_kg": 0.1944115562249281,
  "input_composition": {
    "Ca": 0.51093667,
    "Si": 1.94422026,
    "Al": 0.69494602,
    "Fe": 0.15455619,
    "Mg": 0.09716061,
    "K": 0.08795278,
    "Na": 0.12356184,
    "S": 0.0410076,
    "O": 17.34975658,
    "H": 22.64744153,
    "C": 0.01323229
  },
  "execution_time": 1.0013580322265625e-05,
  "mix_id": "MIX_4614",
  "input_file": "/teamspace/studios/this_studio/inputs/generated/MIX_4614.inp"
}