{
  "converged": true,
  "method": "simplified_thermodynamic_model",
  "note": "Using simplified model until Cemdata18 integration complete",
  "temperature_K": 298.15,
  "pressure_bar": 1.01325,
  "CO2_fraction": 0.2,
  "pCO2_bar": 0.20265,
  "phases": {
    "Calcite": {
      "moles": 0.00476434203,
      "mass_kg": 0.0004768629937827
    },
    "C-S-H_1.0": {
      "moles": 0.42838697797,
      "mass_kg": 0.07282578625490001
    },
    "Silica_gel": {
      "moles": 0.82949552203,
      "mass_kg": 0.0498360909635624
    },
    "Ettringite": {
      "moles": 0.013669201666666667,
      "mass_kg": 0.017154848091666664
    },
    "Hydrotalcite": {
      "moles": 0.031157888999999998,
      "mass_kg": 0.013802944826999999
    }
  },
  "pH": 9.48675,
  "pe": 4.0,
  "Eh": 0.24,
  "system_mass_kg": 0.15409653313091176,
  "input_composition": {
    "Ca": 0.43315132,
    "Si": 1.2578825,
    "Al": 0.5413348,
    "Fe": 0.06937019,
    "Mg": 0.10385963,
    "K": 0.06227016,
    "Na": 0.06586079,
    "S": 0.08201521,
    "O": 7.96130944,
    "H": 7.32711348,
    "C": 0.00940408
  },
  "execution_time": 0.00016951560974121094,
  "mix_id": "MIX_1492",
  "input_file": "/teamspace/studios/this_studio/inputs/generated/MIX_1492.inp"
}