{
  "converged": true,
  "method": "simplified_thermodynamic_model",
  "note": "Using simplified model until Cemdata18 integration complete",
  "temperature_K": 298.15,
  "pressure_bar": 1.01325,
  "CO2_fraction": 0.25,
  "pCO2_bar": 0.2533125,
  "phases": {
    "Calcite": {
      "moles": 0.005435953260937499,
      "mass_kg": 0.0005440845618872343
    },
    "C-S-H_1.0": {
      "moles": 0.13963139673906252,
      "mass_kg": 0.02373733744564063
    },
    "Silica_gel": {
      "moles": 1.0765191232609375,
      "mass_kg": 0.06467726892551712
    },
    "Ettringite": {
      "moles": 0.002562975,
      "mass_kg": 0.0032165336249999994
    },
    "Hydrotalcite": {
      "moles": 0.013941405,
      "mass_kg": 0.006176042415
    }
  },
  "pH": 9.2334375,
  "pe": 4.0,
  "Eh": 0.24,
  "system_mass_kg": 0.09835126697304498,
  "input_composition": {
    "Ca": 0.14506735,
    "Si": 1.21615052,
    "Al": 0.47583348,
    "Fe": 0.07621603,
    "Mg": 0.04647135,
    "K": 0.06502187,
    "Na": 0.08083566,
    "S": 0.01537785,
    "O": 5.41992225,
    "H": 3.66355671,
    "C": 0.00858379
  },
  "execution_time": 1.0728836059570312e-05,
  "mix_id": "MIX_0844",
  "input_file": "/teamspace/studios/this_studio/inputs/generated/MIX_0844.inp"
}