{
  "converged": true,
  "method": "simplified_thermodynamic_model",
  "note": "Using simplified model until Cemdata18 integration complete",
  "temperature_K": 298.15,
  "pressure_bar": 1.01325,
  "CO2_fraction": 0.35,
  "pCO2_bar": 0.3546375,
  "phases": {
    "Calcite": {
      "moles": 0.0169149941165625,
      "mass_kg": 0.0016930217611267405
    },
    "C-S-H_1.0": {
      "moles": 0.3869197058834375,
      "mass_kg": 0.06577635000018438
    },
    "Silica_gel": {
      "moles": 0.9091776641165625,
      "mass_kg": 0.05462339406012308
    },
    "Ettringite": {
      "moles": 0.011960551666666666,
      "mass_kg": 0.015010492341666664
    },
    "Hydrotalcite": {
      "moles": 0.029014203,
      "mass_kg": 0.012853291929
    }
  },
  "pH": 8.7268125,
  "pe": 4.0,
  "Eh": 0.24,
  "system_mass_kg": 0.14995655009210085,
  "input_composition": {
    "Ca": 0.4038347,
    "Si": 1.29609737,
    "Al": 0.54266472,
    "Fe": 0.07518652,
    "Mg": 0.09671401,
    "K": 0.06410463,
    "Na": 0.07635189,
    "S": 0.07176331,
    "O": 10.0050561,
    "H": 11.32372072,
    "C": 0.01907863
  },
  "execution_time": 2.7894973754882812e-05,
  "mix_id": "MIX_1654",
  "input_file": "/teamspace/studios/this_studio/inputs/generated/MIX_1654.inp"
}