{
  "converged": true,
  "method": "simplified_thermodynamic_model",
  "note": "Using simplified model until Cemdata18 integration complete",
  "temperature_K": 298.15,
  "pressure_bar": 1.01325,
  "CO2_fraction": 0.2,
  "pCO2_bar": 0.20265,
  "phases": {
    "Calcite": {
      "moles": 0.00381569178375,
      "mass_kg": 0.00038191259063553753
    },
    "C-S-H_1.0": {
      "moles": 0.24385983821625,
      "mass_kg": 0.041456172496762506
    },
    "Silica_gel": {
      "moles": 0.84298977178375,
      "mass_kg": 0.0506468254887677
    },
    "Ettringite": {
      "moles": 0.00854325,
      "mass_kg": 0.010721778749999999
    },
    "Hydrotalcite": {
      "moles": 0.021444308999999998,
      "mass_kg": 0.009499828887
    }
  },
  "pH": 9.48675,
  "pe": 4.0,
  "Eh": 0.24,
  "system_mass_kg": 0.11270651821316574,
  "input_composition": {
    "Ca": 0.24767553,
    "Si": 1.08684961,
    "Al": 0.47117877,
    "Fe": 0.05585885,
    "Mg": 0.07148103,
    "K": 0.05860121,
    "Na": 0.05274692,
    "S": 0.0512595,
    "O": 6.33885817,
    "H": 5.6618604,
    "C": 0.00753159
  },
  "execution_time": 4.5299530029296875e-05,
  "mix_id": "MIX_0038",
  "input_file": "/teamspace/studios/this_studio/inputs/generated/MIX_0038.inp"
}