{
  "converged": true,
  "method": "simplified_thermodynamic_model",
  "note": "Using simplified model until Cemdata18 integration complete",
  "temperature_K": 298.15,
  "pressure_bar": 1.01325,
  "CO2_fraction": 0.3,
  "pCO2_bar": 0.303975,
  "phases": {
    "Calcite": {
      "moles": 0.011573559348749998,
      "mass_kg": 0.0011583975552163872
    },
    "C-S-H_1.0": {
      "moles": 0.42157776065125,
      "mass_kg": 0.0716682193107125
    },
    "Silica_gel": {
      "moles": 0.8390102193487499,
      "mass_kg": 0.050407733978472896
    },
    "Ettringite": {
      "moles": 0.013669201666666667,
      "mass_kg": 0.017154848091666664
    },
    "Hydrotalcite": {
      "moles": 0.031157888999999998,
      "mass_kg": 0.013802944826999999
    }
  },
  "pH": 8.980125000000001,
  "pe": 4.0,
  "Eh": 0.24,
  "system_mass_kg": 0.15419214376306845,
  "input_composition": {
    "Ca": 0.43315132,
    "Si": 1.26058798,
    "Al": 0.5413348,
    "Fe": 0.06937019,
    "Mg": 0.10385963,
    "K": 0.06227016,
    "Na": 0.07110634,
    "S": 0.08201521,
    "O": 8.98014605,
    "H": 9.3254171,
    "C": 0.01522962
  },
  "execution_time": 1.2874603271484375e-05,
  "mix_id": "MIX_1525",
  "input_file": "/teamspace/studios/this_studio/inputs/generated/MIX_1525.inp"
}