{
  "converged": true,
  "method": "simplified_thermodynamic_model",
  "note": "Using simplified model until Cemdata18 integration complete",
  "temperature_K": 298.15,
  "pressure_bar": 1.01325,
  "CO2_fraction": 0.3,
  "pCO2_bar": 0.303975,
  "phases": {
    "Calcite": {
      "moles": 0.008259981069375,
      "mass_kg": 0.0008267415052337437
    },
    "C-S-H_1.0": {
      "moles": 0.239415548930625,
      "mass_kg": 0.040700643318206255
    },
    "Silica_gel": {
      "moles": 0.864223311069375,
      "mass_kg": 0.051922536529048054
    },
    "Ettringite": {
      "moles": 0.00854325,
      "mass_kg": 0.010721778749999999
    },
    "Hydrotalcite": {
      "moles": 0.021444308999999998,
      "mass_kg": 0.009499828887
    }
  },
  "pH": 8.980125000000001,
  "pe": 4.0,
  "Eh": 0.24,
  "system_mass_kg": 0.11367152898948805,
  "input_composition": {
    "Ca": 0.24767553,
    "Si": 1.10363886,
    "Al": 0.47117877,
    "Fe": 0.05585885,
    "Mg": 0.07148103,
    "K": 0.05860121,
    "Na": 0.08529898,
    "S": 0.0512595,
    "O": 5.89581219,
    "H": 4.66270854,
    "C": 0.01086929
  },
  "execution_time": 1.049041748046875e-05,
  "mix_id": "MIX_0077",
  "input_file": "/teamspace/studios/this_studio/inputs/generated/MIX_0077.inp"
}