{
  "converged": true,
  "method": "simplified_thermodynamic_model",
  "note": "Using simplified model until Cemdata18 integration complete",
  "temperature_K": 298.15,
  "pressure_bar": 1.01325,
  "CO2_fraction": 0.3,
  "pCO2_bar": 0.303975,
  "phases": {
    "Calcite": {
      "moles": 0.009012197604375,
      "mass_kg": 0.0009020308582218937
    },
    "C-S-H_1.0": {
      "moles": 0.09208022239562501,
      "mass_kg": 0.015653637807256253
    },
    "Silica_gel": {
      "moles": 1.1601416776043751,
      "mass_kg": 0.06970131199047086
    },
    "Hydrotalcite": {
      "moles": 0.010725876,
      "mass_kg": 0.004751563068
    }
  },
  "pH": 8.980125000000001,
  "pe": 4.0,
  "Eh": 0.24,
  "system_mass_kg": 0.09100854372394901,
  "input_composition": {
    "Ca": 0.10109242,
    "Si": 1.2522219,
    "Al": 0.47782835,
    "Fe": 0.08494053,
    "Mg": 0.03575292,
    "K": 0.06777358,
    "Na": 0.05536969,
    "S": 0.0,
    "O": 6.90123847,
    "H": 6.66101223,
    "C": 0.01185913
  },
  "execution_time": 1.0013580322265625e-05,
  "mix_id": "MIX_1191",
  "input_file": "/teamspace/studios/this_studio/inputs/generated/MIX_1191.inp"
}