{
  "converged": true,
  "method": "simplified_thermodynamic_model",
  "note": "Using simplified model until Cemdata18 integration complete",
  "temperature_K": 298.15,
  "pressure_bar": 1.01325,
  "CO2_fraction": 0.15,
  "pCO2_bar": 0.1519875,
  "phases": {
    "Calcite": {
      "moles": 0.0028933898371874996,
      "mass_kg": 0.0002895993888040968
    },
    "C-S-H_1.0": {
      "moles": 0.25435819016281247,
      "mass_kg": 0.043240892327678124
    },
    "Silica_gel": {
      "moles": 1.2030532498371875,
      "mass_kg": 0.07227943925021822
    },
    "Ettringite": {
      "moles": 0.0034173,
      "mass_kg": 0.0042887114999999995
    },
    "Hydrotalcite": {
      "moles": 0.01829577,
      "mass_kg": 0.00810502611
    }
  },
  "pH": 9.7400625,
  "pe": 4.0,
  "Eh": 0.24,
  "system_mass_kg": 0.12820366857670043,
  "input_composition": {
    "Ca": 0.25725158,
    "Si": 1.45741144,
    "Al": 0.5493143,
    "Fe": 0.10426819,
    "Mg": 0.0609859,
    "K": 0.073277,
    "Na": 0.07110634,
    "S": 0.0205038,
    "O": 9.02507535,
    "H": 9.3254171,
    "C": 0.00761481
  },
  "execution_time": 9.298324584960938e-06,
  "mix_id": "MIX_2149",
  "input_file": "/teamspace/studios/this_studio/inputs/generated/MIX_2149.inp"
}