{
  "converged": true,
  "method": "simplified_thermodynamic_model",
  "note": "Using simplified model until Cemdata18 integration complete",
  "temperature_K": 298.15,
  "pressure_bar": 1.01325,
  "CO2_fraction": 0.25,
  "pCO2_bar": 0.2533125,
  "phases": {
    "Calcite": {
      "moles": 0.011666060207812499,
      "mass_kg": 0.001167655966199953
    },
    "C-S-H_1.0": {
      "moles": 0.7924368397921875,
      "mass_kg": 0.13471426276467188
    },
    "Silica_gel": {
      "moles": 0.8312929302078125,
      "mass_kg": 0.049944079246885376
    },
    "Ettringite": {
      "moles": 0.023921101666666666,
      "mass_kg": 0.030020982591666665
    },
    "Hydrotalcite": {
      "moles": 0.050585049,
      "mass_kg": 0.022409176707
    }
  },
  "pH": 9.2334375,
  "pe": 4.0,
  "Eh": 0.24,
  "system_mass_kg": 0.23825615727642388,
  "input_composition": {
    "Ca": 0.8041029,
    "Si": 1.62372977,
    "Al": 0.68164686,
    "Fe": 0.09639285,
    "Mg": 0.16861683,
    "K": 0.06960805,
    "Na": 0.13819757,
    "S": 0.14352661,
    "O": 13.28567816,
    "H": 14.65422691,
    "C": 0.01842161
  },
  "execution_time": 1.1444091796875e-05,
  "mix_id": "MIX_4088",
  "input_file": "/teamspace/studios/this_studio/inputs/generated/MIX_4088.inp"
}