{
  "converged": true,
  "method": "simplified_thermodynamic_model",
  "note": "Using simplified model until Cemdata18 integration complete",
  "temperature_K": 298.15,
  "pressure_bar": 1.01325,
  "CO2_fraction": 0.15,
  "pCO2_bar": 0.1519875,
  "phases": {
    "Calcite": {
      "moles": 0.0045731974837499995,
      "mass_kg": 0.00045773133614853746
    },
    "C-S-H_1.0": {
      "moles": 0.62362996251625,
      "mass_kg": 0.10601709362776252
    },
    "Silica_gel": {
      "moles": 1.16412762748375,
      "mass_kg": 0.0699407878592237
    },
    "Ettringite": {
      "moles": 0.013669201666666667,
      "mass_kg": 0.017154848091666664
    },
    "Hydrotalcite": {
      "moles": 0.037722929999999995,
      "mass_kg": 0.01671125799
    }
  },
  "pH": 9.7400625,
  "pe": 4.0,
  "Eh": 0.24,
  "system_mass_kg": 0.2102817189048014,
  "input_composition": {
    "Ca": 0.62820316,
    "Si": 1.78775759,
    "Al": 0.68962636,
    "Fe": 0.13129085,
    "Mg": 0.1257431,
    "K": 0.08061489,
    "Na": 0.0746113,
    "S": 0.08201521,
    "O": 15.23398448,
    "H": 18.65083414,
    "C": 0.01203572
  },
  "execution_time": 1.0013580322265625e-05,
  "mix_id": "MIX_4385",
  "input_file": "/teamspace/studios/this_studio/inputs/generated/MIX_4385.inp"
}