{
  "converged": true,
  "method": "simplified_thermodynamic_model",
  "note": "Using simplified model until Cemdata18 integration complete",
  "temperature_K": 298.15,
  "pressure_bar": 1.01325,
  "CO2_fraction": 0.25,
  "pCO2_bar": 0.2533125,
  "phases": {
    "Calcite": {
      "moles": 0.0091673477109375,
      "mass_kg": 0.0009175598323877342
    },
    "C-S-H_1.0": {
      "moles": 0.36535073228906245,
      "mass_kg": 0.06210962448914062
    },
    "Silica_gel": {
      "moles": 0.9519413277109375,
      "mass_kg": 0.05719263496887313
    },
    "Ettringite": {
      "moles": 0.010251901666666667,
      "mass_kg": 0.012866136591666666
    },
    "Hydrotalcite": {
      "moles": 0.026870514,
      "mass_kg": 0.011903637702000001
    }
  },
  "pH": 9.2334375,
  "pe": 4.0,
  "Eh": 0.24,
  "system_mass_kg": 0.14498959358406815,
  "input_composition": {
    "Ca": 0.37451808,
    "Si": 1.31729206,
    "Al": 0.54399463,
    "Fe": 0.08100285,
    "Mg": 0.08956838,
    "K": 0.06593911,
    "Na": 0.05384321,
    "S": 0.06151141,
    "O": 10.97055631,
    "H": 13.32202441,
    "C": 0.01447595
  },
  "execution_time": 9.5367431640625e-06,
  "mix_id": "MIX_1731",
  "input_file": "/teamspace/studios/this_studio/inputs/generated/MIX_1731.inp"
}