{
  "converged": true,
  "method": "simplified_thermodynamic_model",
  "note": "Using simplified model until Cemdata18 integration complete",
  "temperature_K": 298.15,
  "pressure_bar": 1.01325,
  "CO2_fraction": 0.25,
  "pCO2_bar": 0.2533125,
  "phases": {
    "Calcite": {
      "moles": 0.005336705423437499,
      "mass_kg": 0.0005341508458318593
    },
    "C-S-H_1.0": {
      "moles": 0.2423388245765625,
      "mass_kg": 0.04119760017801563
    },
    "Silica_gel": {
      "moles": 0.8334721154234375,
      "mass_kg": 0.05007500469464012
    },
    "Ettringite": {
      "moles": 0.00854325,
      "mass_kg": 0.010721778749999999
    },
    "Hydrotalcite": {
      "moles": 0.021444308999999998,
      "mass_kg": 0.009499828887
    }
  },
  "pH": 9.2334375,
  "pe": 4.0,
  "Eh": 0.24,
  "system_mass_kg": 0.11202836335548762,
  "input_composition": {
    "Ca": 0.24767553,
    "Si": 1.07581094,
    "Al": 0.47117877,
    "Fe": 0.05585885,
    "Mg": 0.07148103,
    "K": 0.05860121,
    "Na": 0.03134444,
    "S": 0.0512595,
    "O": 5.30871872,
    "H": 3.6635567,
    "C": 0.00842707
  },
  "execution_time": 1.2636184692382812e-05,
  "mix_id": "MIX_0048",
  "input_file": "/teamspace/studios/this_studio/inputs/generated/MIX_0048.inp"
}