{
  "converged": true,
  "method": "simplified_thermodynamic_model",
  "note": "Using simplified model until Cemdata18 integration complete",
  "temperature_K": 298.15,
  "pressure_bar": 1.01325,
  "CO2_fraction": 0.4,
  "pCO2_bar": 0.4053,
  "phases": {
    "Calcite": {
      "moles": 0.02854513,
      "mass_kg": 0.0028570820616999996
    },
    "C-S-H_1.0": {
      "moles": 0.4874738,
      "mass_kg": 0.082870546
    },
    "Silica_gel": {
      "moles": 1.06707719,
      "mass_kg": 0.0641099975752
    },
    "Ettringite": {
      "moles": 0.012814876666666667,
      "mass_kg": 0.016082670216666668
    },
    "Hydrotalcite": {
      "moles": 0.033368564999999996,
      "mass_kg": 0.014782274294999998
    }
  },
  "pH": 8.5,
  "pe": 4.0,
  "Eh": 0.24,
  "system_mass_kg": 0.18070257014856667,
  "input_composition": {
    "Ca": 0.51601893,
    "Si": 1.55455099,
    "Al": 0.61614554,
    "Fe": 0.10323869,
    "Mg": 0.11122855,
    "K": 0.07235976,
    "Na": 0.09995686,
    "S": 0.07688926,
    "O": 13.68213268,
    "H": 16.9855811,
    "C": 0.02854513
  },
  "execution_time": 1.1444091796875e-05,
  "mix_id": "MIX_3126",
  "input_file": "/teamspace/studios/this_studio/inputs/generated/MIX_3126.inp"
}