{
  "converged": true,
  "method": "simplified_thermodynamic_model",
  "note": "Using simplified model until Cemdata18 integration complete",
  "temperature_K": 298.15,
  "pressure_bar": 1.01325,
  "CO2_fraction": 0.4,
  "pCO2_bar": 0.4053,
  "phases": {
    "Calcite": {
      "moles": 0.02055897,
      "mass_kg": 0.0020577473073
    },
    "C-S-H_1.0": {
      "moles": 0.23669260999999997,
      "mass_kg": 0.040237743699999995
    },
    "Silica_gel": {
      "moles": 1.24645515,
      "mass_kg": 0.074887025412
    },
    "Ettringite": {
      "moles": 0.0034173,
      "mass_kg": 0.0042887114999999995
    },
    "Hydrotalcite": {
      "moles": 0.01829577,
      "mass_kg": 0.00810502611
    }
  },
  "pH": 8.5,
  "pe": 4.0,
  "Eh": 0.24,
  "system_mass_kg": 0.12957625402929998,
  "input_composition": {
    "Ca": 0.25725158,
    "Si": 1.48314776,
    "Al": 0.5493143,
    "Fe": 0.10426819,
    "Mg": 0.0609859,
    "K": 0.073277,
    "Na": 0.12100552,
    "S": 0.0205038,
    "O": 9.12738586,
    "H": 9.32541705,
    "C": 0.02055897
  },
  "execution_time": 9.775161743164062e-06,
  "mix_id": "MIX_2237",
  "input_file": "/teamspace/studios/this_studio/inputs/generated/MIX_2237.inp"
}