{
  "converged": true,
  "method": "simplified_thermodynamic_model",
  "note": "Using simplified model until Cemdata18 integration complete",
  "temperature_K": 298.15,
  "pressure_bar": 1.01325,
  "CO2_fraction": 0.15,
  "pCO2_bar": 0.1519875,
  "phases": {
    "Calcite": {
      "moles": 0.0034481176143749993,
      "mass_kg": 0.0003451220920227937
    },
    "C-S-H_1.0": {
      "moles": 0.29269614238562497,
      "mass_kg": 0.04975834420555625
    },
    "Silica_gel": {
      "moles": 1.5148503676143752,
      "mass_kg": 0.09101221008627167
    },
    "Hydrotalcite": {
      "moles": 0.017290917,
      "mass_kg": 0.007659876231
    }
  },
  "pH": 9.7400625,
  "pe": 4.0,
  "Eh": 0.24,
  "system_mass_kg": 0.1487755526148507,
  "input_composition": {
    "Ca": 0.29614426,
    "Si": 1.80754651,
    "Al": 0.62611991,
    "Fe": 0.1468612,
    "Mg": 0.05763639,
    "K": 0.08611831,
    "Na": 0.11346335,
    "S": 0.0,
    "O": 10.74162072,
    "H": 10.99067019,
    "C": 0.00907474
  },
  "execution_time": 1.0251998901367188e-05,
  "mix_id": "MIX_3608",
  "input_file": "/teamspace/studios/this_studio/inputs/generated/MIX_3608.inp"
}