{
  "converged": true,
  "method": "simplified_thermodynamic_model",
  "note": "Using simplified model until Cemdata18 integration complete",
  "temperature_K": 298.15,
  "pressure_bar": 1.01325,
  "CO2_fraction": 0.3,
  "pCO2_bar": 0.303975,
  "phases": {
    "Calcite": {
      "moles": 0.009124394776875,
      "mass_kg": 0.0009132606732174187
    },
    "C-S-H_1.0": {
      "moles": 0.179917895223125,
      "mass_kg": 0.030586042187931255
    },
    "Silica_gel": {
      "moles": 0.9939328447768749,
      "mass_kg": 0.05971548531419465
    },
    "Ettringite": {
      "moles": 0.00512595,
      "mass_kg": 0.006433067249999999
    },
    "Hydrotalcite": {
      "moles": 0.017156936999999997,
      "mass_kg": 0.007600523090999999
    }
  },
  "pH": 8.980125000000001,
  "pe": 4.0,
  "Eh": 0.24,
  "system_mass_kg": 0.10524837851634332,
  "input_composition": {
    "Ca": 0.18904229,
    "Si": 1.17385074,
    "Al": 0.4738386,
    "Fe": 0.06749152,
    "Mg": 0.05718979,
    "K": 0.06227016,
    "Na": 0.09422562,
    "S": 0.0307557,
    "O": 6.93096339,
    "H": 6.66101221,
    "C": 0.01200677
  },
  "execution_time": 1.1205673217773438e-05,
  "mix_id": "MIX_0527",
  "input_file": "/teamspace/studios/this_studio/inputs/generated/MIX_0527.inp"
}