{
  "converged": true,
  "method": "simplified_thermodynamic_model",
  "note": "Using simplified model until Cemdata18 integration complete",
  "temperature_K": 298.15,
  "pressure_bar": 1.01325,
  "CO2_fraction": 0.35,
  "pCO2_bar": 0.3546375,
  "phases": {
    "Calcite": {
      "moles": 0.023887584065625,
      "mass_kg": 0.002390908289128406
    },
    "C-S-H_1.0": {
      "moles": 0.668031085934375,
      "mass_kg": 0.11356528460884376
    },
    "Silica_gel": {
      "moles": 0.6937546640656249,
      "mass_kg": 0.04168078021706274
    },
    "Ettringite": {
      "moles": 0.023066776666666667,
      "mass_kg": 0.028948804716666665
    },
    "Hydrotalcite": {
      "moles": 0.046230684,
      "mass_kg": 0.020480193012000002
    }
  },
  "pH": 8.7268125,
  "pe": 4.0,
  "Eh": 0.24,
  "system_mass_kg": 0.20706597084370157,
  "input_composition": {
    "Ca": 0.69191867,
    "Si": 1.36178575,
    "Al": 0.60816604,
    "Fe": 0.06834068,
    "Mg": 0.15410228,
    "K": 0.06135292,
    "Na": 0.10782519,
    "S": 0.13840066,
    "O": 15.12954811,
    "H": 19.98303666,
    "C": 0.0269431
  },
  "execution_time": 1.5020370483398438e-05,
  "mix_id": "MIX_2663",
  "input_file": "/teamspace/studios/this_studio/inputs/generated/MIX_2663.inp"
}