{
  "converged": true,
  "method": "simplified_thermodynamic_model",
  "note": "Using simplified model until Cemdata18 integration complete",
  "temperature_K": 298.15,
  "pressure_bar": 1.01325,
  "CO2_fraction": 0.3,
  "pCO2_bar": 0.303975,
  "phases": {
    "Calcite": {
      "moles": 0.018403847201249997,
      "mass_kg": 0.001842041066373112
    },
    "C-S-H_1.0": {
      "moles": 0.72706580279875,
      "mass_kg": 0.12360118647578751
    },
    "Silica_gel": {
      "moles": 0.94931221720125,
      "mass_kg": 0.057034678009451105
    },
    "Ettringite": {
      "moles": 0.020503801666666665,
      "mass_kg": 0.02573227109166666
    },
    "Hydrotalcite": {
      "moles": 0.046297674,
      "mass_kg": 0.020509869582
    }
  },
  "pH": 8.980125000000001,
  "pe": 4.0,
  "Eh": 0.24,
  "system_mass_kg": 0.2287200462252784,
  "input_composition": {
    "Ca": 0.74546965,
    "Si": 1.67637802,
    "Al": 0.68430669,
    "Fe": 0.10802551,
    "Mg": 0.15432558,
    "K": 0.073277,
    "Na": 0.11307074,
    "S": 0.12302281,
    "O": 15.27714416,
    "H": 18.65083418,
    "C": 0.02421758
  },
  "execution_time": 9.775161743164062e-06,
  "mix_id": "MIX_4213",
  "input_file": "/teamspace/studios/this_studio/inputs/generated/MIX_4213.inp"
}