{
  "converged": true,
  "method": "simplified_thermodynamic_model",
  "note": "Using simplified model until Cemdata18 integration complete",
  "temperature_K": 298.15,
  "pressure_bar": 1.01325,
  "CO2_fraction": 0.25,
  "pCO2_bar": 0.2533125,
  "phases": {
    "Calcite": {
      "moles": 0.0086300972296875,
      "mass_kg": 0.0008637864317194218
    },
    "C-S-H_1.0": {
      "moles": 0.3658879827703125,
      "mass_kg": 0.062200957070953126
    },
    "Silica_gel": {
      "moles": 0.9630132972296874,
      "mass_kg": 0.05785783889755962
    },
    "Ettringite": {
      "moles": 0.010251901666666667,
      "mass_kg": 0.012866136591666666
    },
    "Hydrotalcite": {
      "moles": 0.026870514,
      "mass_kg": 0.011903637702000001
    }
  },
  "pH": 9.2334375,
  "pe": 4.0,
  "Eh": 0.24,
  "system_mass_kg": 0.14569235669389882,
  "input_composition": {
    "Ca": 0.37451808,
    "Si": 1.32890128,
    "Al": 0.54399463,
    "Fe": 0.08100285,
    "Mg": 0.08956838,
    "K": 0.06593911,
    "Na": 0.07635189,
    "S": 0.06151141,
    "O": 10.00418051,
    "H": 11.32372072,
    "C": 0.01362759
  },
  "execution_time": 8.821487426757812e-06,
  "mix_id": "MIX_1734",
  "input_file": "/teamspace/studios/this_studio/inputs/generated/MIX_1734.inp"
}