{
  "converged": true,
  "method": "simplified_thermodynamic_model",
  "note": "Using simplified model until Cemdata18 integration complete",
  "temperature_K": 298.15,
  "pressure_bar": 1.01325,
  "CO2_fraction": 0.35,
  "pCO2_bar": 0.3546375,
  "phases": {
    "Calcite": {
      "moles": 0.029698080122812498,
      "mass_kg": 0.002972480839492303
    },
    "C-S-H_1.0": {
      "moles": 0.4226053398771875,
      "mass_kg": 0.07184290777912188
    },
    "Silica_gel": {
      "moles": 1.5926337001228124,
      "mass_kg": 0.09568543270337856
    },
    "Ettringite": {
      "moles": 0.0034173,
      "mass_kg": 0.0042887114999999995
    },
    "Hydrotalcite": {
      "moles": 0.024860808,
      "mass_kg": 0.011013337944000001
    }
  },
  "pH": 8.7268125,
  "pe": 4.0,
  "Eh": 0.24,
  "system_mass_kg": 0.18580287076599275,
  "input_composition": {
    "Ca": 0.45230342,
    "Si": 2.01523904,
    "Al": 0.69760586,
    "Fe": 0.16618886,
    "Mg": 0.08286936,
    "K": 0.09162172,
    "Na": 0.13405294,
    "S": 0.0205038,
    "O": 19.42470972,
    "H": 26.64404877,
    "C": 0.03349683
  },
  "execution_time": 9.5367431640625e-06,
  "mix_id": "MIX_4791",
  "input_file": "/teamspace/studios/this_studio/inputs/generated/MIX_4791.inp"
}