{
  "converged": true,
  "method": "simplified_thermodynamic_model",
  "note": "Using simplified model until Cemdata18 integration complete",
  "temperature_K": 298.15,
  "pressure_bar": 1.01325,
  "CO2_fraction": 0.25,
  "pCO2_bar": 0.2533125,
  "phases": {
    "Calcite": {
      "moles": 0.013881987295312497,
      "mass_kg": 0.0013894481083878277
    },
    "C-S-H_1.0": {
      "moles": 0.8488541627046875,
      "mass_kg": 0.14430520765979687
    },
    "Silica_gel": {
      "moles": 0.6800426372953126,
      "mass_kg": 0.04085696164870238
    },
    "Ettringite": {
      "moles": 0.027338403333333334,
      "mass_kg": 0.03430969618333333
    },
    "Hydrotalcite": {
      "moles": 0.054872421,
      "mass_kg": 0.024308482503
    }
  },
  "pH": 9.2334375,
  "pe": 4.0,
  "Eh": 0.24,
  "system_mass_kg": 0.2451697961032204,
  "input_composition": {
    "Ca": 0.86273615,
    "Si": 1.5288968,
    "Al": 0.67898703,
    "Fe": 0.08476018,
    "Mg": 0.18290807,
    "K": 0.06593911,
    "Na": 0.081534,
    "S": 0.16403042,
    "O": 17.18244865,
    "H": 22.64744155,
    "C": 0.02192073
  },
  "execution_time": 3.4809112548828125e-05,
  "mix_id": "MIX_3970",
  "input_file": "/teamspace/studios/this_studio/inputs/generated/MIX_3970.inp"
}