{
  "converged": true,
  "method": "simplified_thermodynamic_model",
  "note": "Using simplified model until Cemdata18 integration complete",
  "temperature_K": 298.15,
  "pressure_bar": 1.01325,
  "CO2_fraction": 0.35,
  "pCO2_bar": 0.3546375,
  "phases": {
    "Calcite": {
      "moles": 0.027208693325624998,
      "mass_kg": 0.002723318114961806
    },
    "C-S-H_1.0": {
      "moles": 0.600994466674375,
      "mass_kg": 0.10216905933464375
    },
    "Silica_gel": {
      "moles": 1.190333613325625,
      "mass_kg": 0.07151524348860355
    },
    "Ettringite": {
      "moles": 0.013669201666666667,
      "mass_kg": 0.017154848091666664
    },
    "Hydrotalcite": {
      "moles": 0.037722929999999995,
      "mass_kg": 0.01671125799
    }
  },
  "pH": 8.7268125,
  "pe": 4.0,
  "Eh": 0.24,
  "system_mass_kg": 0.21027372701987576,
  "input_composition": {
    "Ca": 0.62820316,
    "Si": 1.79132808,
    "Al": 0.68962636,
    "Fe": 0.13129085,
    "Mg": 0.1257431,
    "K": 0.08061489,
    "Na": 0.081534,
    "S": 0.08201521,
    "O": 17.28019712,
    "H": 22.64744155,
    "C": 0.03068902
  },
  "execution_time": 1.1682510375976562e-05,
  "mix_id": "MIX_4450",
  "input_file": "/teamspace/studios/this_studio/inputs/generated/MIX_4450.inp"
}