{
  "converged": true,
  "method": "simplified_thermodynamic_model",
  "note": "Using simplified model until Cemdata18 integration complete",
  "temperature_K": 298.15,
  "pressure_bar": 1.01325,
  "CO2_fraction": 0.25,
  "pCO2_bar": 0.2533125,
  "phases": {
    "Calcite": {
      "moles": 0.005665562043749999,
      "mass_kg": 0.0005670661049589375
    },
    "C-S-H_1.0": {
      "moles": 0.16871841795625,
      "mass_kg": 0.028682131052562503
    },
    "Silica_gel": {
      "moles": 0.99878823204375,
      "mass_kg": 0.060007196981188504
    },
    "Ettringite": {
      "moles": 0.004271625,
      "mass_kg": 0.0053608893749999996
    },
    "Hydrotalcite": {
      "moles": 0.016085091,
      "mass_kg": 0.007125695313
    }
  },
  "pH": 9.2334375,
  "pe": 4.0,
  "Eh": 0.24,
  "system_mass_kg": 0.10174297882670995,
  "input_composition": {
    "Ca": 0.17438398,
    "Si": 1.16750665,
    "Al": 0.47450356,
    "Fe": 0.07039969,
    "Mg": 0.05361697,
    "K": 0.0631874,
    "Na": 0.05012415,
    "S": 0.02562975,
    "O": 5.86316118,
    "H": 4.66270861,
    "C": 0.00894636
  },
  "execution_time": 1.0251998901367188e-05,
  "mix_id": "MIX_0613",
  "input_file": "/teamspace/studios/this_studio/inputs/generated/MIX_0613.inp"
}