{
  "converged": true,
  "method": "simplified_thermodynamic_model",
  "note": "Using simplified model until Cemdata18 integration complete",
  "temperature_K": 298.15,
  "pressure_bar": 1.01325,
  "CO2_fraction": 0.25,
  "pCO2_bar": 0.2533125,
  "phases": {
    "Calcite": {
      "moles": 0.005435953260937499,
      "mass_kg": 0.0005440845618872343
    },
    "C-S-H_1.0": {
      "moles": 0.1103147767390625,
      "mass_kg": 0.018753512045640627
    },
    "Silica_gel": {
      "moles": 1.1386396532609375,
      "mass_kg": 0.06840947036791713
    },
    "Ettringite": {
      "moles": 0.000854325,
      "mass_kg": 0.0010721778749999999
    },
    "Hydrotalcite": {
      "moles": 0.011797719,
      "mass_kg": 0.005226389517
    }
  },
  "pH": 9.2334375,
  "pe": 4.0,
  "Eh": 0.24,
  "system_mass_kg": 0.09400563436744498,
  "input_composition": {
    "Ca": 0.11575073,
    "Si": 1.24895443,
    "Al": 0.47716339,
    "Fe": 0.08203236,
    "Mg": 0.03932573,
    "K": 0.06685634,
    "Na": 0.08083566,
    "S": 0.00512595,
    "O": 5.42994873,
    "H": 3.66355671,
    "C": 0.00858379
  },
  "execution_time": 1.1682510375976562e-05,
  "mix_id": "MIX_1068",
  "input_file": "/teamspace/studios/this_studio/inputs/generated/MIX_1068.inp"
}