{
  "converged": true,
  "method": "simplified_thermodynamic_model",
  "note": "Using simplified model until Cemdata18 integration complete",
  "temperature_K": 298.15,
  "pressure_bar": 1.01325,
  "CO2_fraction": 0.3,
  "pCO2_bar": 0.303975,
  "phases": {
    "Calcite": {
      "moles": 0.012582064805624998,
      "mass_kg": 0.001259338866395006
    },
    "C-S-H_1.0": {
      "moles": 0.47920250519437496,
      "mass_kg": 0.08146442588304376
    },
    "Silica_gel": {
      "moles": 0.7461180248056252,
      "mass_kg": 0.04482677093032196
    },
    "Ettringite": {
      "moles": 0.017086501666666667,
      "mass_kg": 0.021443559591666665
    },
    "Hydrotalcite": {
      "moles": 0.035445261,
      "mass_kg": 0.015702250623
    }
  },
  "pH": 8.980125000000001,
  "pe": 4.0,
  "Eh": 0.24,
  "system_mass_kg": 0.1646963458944274,
  "input_composition": {
    "Ca": 0.49178457,
    "Si": 1.22532053,
    "Al": 0.53867497,
    "Fe": 0.05773752,
    "Mg": 0.11815087,
    "K": 0.05860121,
    "Na": 0.12993217,
    "S": 0.10251901,
    "O": 10.05199276,
    "H": 11.32372077,
    "C": 0.01655671
  },
  "execution_time": 2.3603439331054688e-05,
  "mix_id": "MIX_1310",
  "input_file": "/teamspace/studios/this_studio/inputs/generated/MIX_1310.inp"
}