{
  "converged": true,
  "method": "simplified_thermodynamic_model",
  "note": "Using simplified model until Cemdata18 integration complete",
  "temperature_K": 298.15,
  "pressure_bar": 1.01325,
  "CO2_fraction": 0.3,
  "pCO2_bar": 0.303975,
  "phases": {
    "Calcite": {
      "moles": 0.007731512932499999,
      "mass_kg": 0.0007738471294139249
    },
    "C-S-H_1.0": {
      "moles": 0.1813107770675,
      "mass_kg": 0.030822832101475003
    },
    "Silica_gel": {
      "moles": 0.9684411729325,
      "mass_kg": 0.058183945669784604
    },
    "Ettringite": {
      "moles": 0.00512595,
      "mass_kg": 0.006433067249999999
    },
    "Hydrotalcite": {
      "moles": 0.017156936999999997,
      "mass_kg": 0.007600523090999999
    }
  },
  "pH": 8.980125000000001,
  "pe": 4.0,
  "Eh": 0.24,
  "system_mass_kg": 0.10381421524167353,
  "input_composition": {
    "Ca": 0.18904229,
    "Si": 1.14975195,
    "Al": 0.4738386,
    "Fe": 0.06749152,
    "Mg": 0.05718979,
    "K": 0.06227016,
    "Na": 0.04750137,
    "S": 0.0307557,
    "O": 5.35701014,
    "H": 3.66355667,
    "C": 0.01017388
  },
  "execution_time": 1.0013580322265625e-05,
  "mix_id": "MIX_0516",
  "input_file": "/teamspace/studios/this_studio/inputs/generated/MIX_0516.inp"
}