{
  "converged": true,
  "method": "simplified_thermodynamic_model",
  "note": "Using simplified model until Cemdata18 integration complete",
  "temperature_K": 298.15,
  "pressure_bar": 1.01325,
  "CO2_fraction": 0.3,
  "pCO2_bar": 0.303975,
  "phases": {
    "Calcite": {
      "moles": 0.010655083687499999,
      "mass_kg": 0.0010664673262818748
    },
    "C-S-H_1.0": {
      "moles": 0.4224962363125,
      "mass_kg": 0.071824360173125
    },
    "Silica_gel": {
      "moles": 0.8238322636875,
      "mass_kg": 0.049495842402344996
    },
    "Ettringite": {
      "moles": 0.013669201666666667,
      "mass_kg": 0.017154848091666664
    },
    "Hydrotalcite": {
      "moles": 0.031157888999999998,
      "mass_kg": 0.013802944826999999
    }
  },
  "pH": 8.980125000000001,
  "pe": 4.0,
  "Eh": 0.24,
  "system_mass_kg": 0.15334446282041853,
  "input_composition": {
    "Ca": 0.43315132,
    "Si": 1.2463285,
    "Al": 0.5413348,
    "Fe": 0.06937019,
    "Mg": 0.10385963,
    "K": 0.06227016,
    "Na": 0.04345916,
    "S": 0.08201521,
    "O": 7.93623442,
    "H": 7.32711342,
    "C": 0.014021
  },
  "execution_time": 1.9788742065429688e-05,
  "mix_id": "MIX_1520",
  "input_file": "/teamspace/studios/this_studio/inputs/generated/MIX_1520.inp"
}