{
  "converged": true,
  "method": "simplified_thermodynamic_model",
  "note": "Using simplified model until Cemdata18 integration complete",
  "temperature_K": 298.15,
  "pressure_bar": 1.01325,
  "CO2_fraction": 0.35,
  "pCO2_bar": 0.3546375,
  "phases": {
    "Calcite": {
      "moles": 0.01468068034125,
      "mass_kg": 0.0014693892953557125
    },
    "C-S-H_1.0": {
      "moles": 0.30120414965875003,
      "mass_kg": 0.05120470544198751
    },
    "Silica_gel": {
      "moles": 1.0996887103412498,
      "mass_kg": 0.06606929771730229
    },
    "Ettringite": {
      "moles": 0.0068346,
      "mass_kg": 0.008577422999999999
    },
    "Hydrotalcite": {
      "moles": 0.022583142,
      "mass_kg": 0.010004331906
    }
  },
  "pH": 8.7268125,
  "pe": 4.0,
  "Eh": 0.24,
  "system_mass_kg": 0.13732514736064552,
  "input_composition": {
    "Ca": 0.31588483,
    "Si": 1.40089286,
    "Al": 0.54665447,
    "Fe": 0.09263552,
    "Mg": 0.07527714,
    "K": 0.06960805,
    "Na": 0.08872912,
    "S": 0.0410076,
    "O": 8.05074785,
    "H": 7.32711348,
    "C": 0.01655852
  },
  "execution_time": 9.5367431640625e-06,
  "mix_id": "MIX_1992",
  "input_file": "/teamspace/studios/this_studio/inputs/generated/MIX_1992.inp"
}