{
  "converged": true,
  "method": "simplified_thermodynamic_model",
  "note": "Using simplified model until Cemdata18 integration complete",
  "temperature_K": 298.15,
  "pressure_bar": 1.01325,
  "CO2_fraction": 0.15,
  "pCO2_bar": 0.1519875,
  "phases": {
    "Calcite": {
      "moles": 0.0021595485909374997,
      "mass_kg": 0.00021614921846693436
    },
    "C-S-H_1.0": {
      "moles": 0.1429078014090625,
      "mass_kg": 0.02429432623954063
    },
    "Silica_gel": {
      "moles": 1.0682016985909375,
      "mass_kg": 0.06417755805134352
    },
    "Ettringite": {
      "moles": 0.002562975,
      "mass_kg": 0.0032165336249999994
    },
    "Hydrotalcite": {
      "moles": 0.013941405,
      "mass_kg": 0.006176042415
    }
  },
  "pH": 9.7400625,
  "pe": 4.0,
  "Eh": 0.24,
  "system_mass_kg": 0.09808060954935109,
  "input_composition": {
    "Ca": 0.14506735,
    "Si": 1.2111095,
    "Al": 0.47583348,
    "Fe": 0.07621603,
    "Mg": 0.04647135,
    "K": 0.06502187,
    "Na": 0.07106182,
    "S": 0.01537785,
    "O": 6.39830456,
    "H": 5.66186043,
    "C": 0.00568349
  },
  "execution_time": 1.0967254638671875e-05,
  "mix_id": "MIX_0810",
  "input_file": "/teamspace/studios/this_studio/inputs/generated/MIX_0810.inp"
}