{
  "converged": true,
  "method": "simplified_thermodynamic_model",
  "note": "Using simplified model until Cemdata18 integration complete",
  "temperature_K": 298.15,
  "pressure_bar": 1.01325,
  "CO2_fraction": 0.35,
  "pCO2_bar": 0.3546375,
  "phases": {
    "Calcite": {
      "moles": 0.0222808545421875,
      "mass_kg": 0.0022300907311275466
    },
    "C-S-H_1.0": {
      "moles": 0.5816879454578124,
      "mass_kg": 0.09888695072782812
    },
    "Silica_gel": {
      "moles": 0.8923521445421875,
      "mass_kg": 0.053612516844094626
    },
    "Ettringite": {
      "moles": 0.017940826666666666,
      "mass_kg": 0.022515737466666665
    },
    "Hydrotalcite": {
      "moles": 0.039799626,
      "mass_kg": 0.017631234318
    }
  },
  "pH": 8.7268125,
  "pe": 4.0,
  "Eh": 0.24,
  "system_mass_kg": 0.19487653008771696,
  "input_composition": {
    "Ca": 0.6039688,
    "Si": 1.47404009,
    "Al": 0.61215579,
    "Fe": 0.08578968,
    "Mg": 0.13266542,
    "K": 0.06685634,
    "Na": 0.13466411,
    "S": 0.10764496,
    "O": 13.69837999,
    "H": 16.98558118,
    "C": 0.02513085
  },
  "execution_time": 1.0728836059570312e-05,
  "mix_id": "MIX_2890",
  "input_file": "/teamspace/studios/this_studio/inputs/generated/MIX_2890.inp"
}