{
  "converged": true,
  "method": "simplified_thermodynamic_model",
  "note": "Using simplified model until Cemdata18 integration complete",
  "temperature_K": 298.15,
  "pressure_bar": 1.01325,
  "CO2_fraction": 0.15,
  "pCO2_bar": 0.1519875,
  "phases": {
    "Calcite": {
      "moles": 0.004600961800312499,
      "mass_kg": 0.000460510266593278
    },
    "C-S-H_1.0": {
      "moles": 0.9167684281996874,
      "mass_kg": 0.15585063279394687
    },
    "Silica_gel": {
      "moles": 0.5627861318003126,
      "mass_kg": 0.03381219079856278
    },
    "Ettringite": {
      "moles": 0.030755703333333332,
      "mass_kg": 0.03859840768333333
    },
    "Hydrotalcite": {
      "moles": 0.059159792999999995,
      "mass_kg": 0.026207788298999998
    }
  },
  "pH": 9.7400625,
  "pe": 4.0,
  "Eh": 0.24,
  "system_mass_kg": 0.25492952984143624,
  "input_composition": {
    "Ca": 0.92136939,
    "Si": 1.47955456,
    "Al": 0.67632719,
    "Fe": 0.07312751,
    "Mg": 0.19719931,
    "K": 0.06227016,
    "Na": 0.11307074,
    "S": 0.18453422,
    "O": 15.19276766,
    "H": 18.65083418,
    "C": 0.01210879
  },
  "execution_time": 1.3589859008789062e-05,
  "mix_id": "MIX_3829",
  "input_file": "/teamspace/studios/this_studio/inputs/generated/MIX_3829.inp"
}