{
  "converged": true,
  "method": "simplified_thermodynamic_model",
  "note": "Using simplified model until Cemdata18 integration complete",
  "temperature_K": 298.15,
  "pressure_bar": 1.01325,
  "CO2_fraction": 0.2,
  "pCO2_bar": 0.20265,
  "phases": {
    "Calcite": {
      "moles": 0.00975707061,
      "mass_kg": 0.0009765851973548999
    },
    "C-S-H_1.0": {
      "moles": 0.61844608939,
      "mass_kg": 0.10513583519630001
    },
    "Silica_gel": {
      "moles": 1.2239764206100001,
      "mass_kg": 0.0735365033502488
    },
    "Ettringite": {
      "moles": 0.013669201666666667,
      "mass_kg": 0.017154848091666664
    },
    "Hydrotalcite": {
      "moles": 0.037722929999999995,
      "mass_kg": 0.01671125799
    }
  },
  "pH": 9.48675,
  "pe": 4.0,
  "Eh": 0.24,
  "system_mass_kg": 0.21351502982557038,
  "input_composition": {
    "Ca": 0.62820316,
    "Si": 1.84242251,
    "Al": 0.68962636,
    "Fe": 0.13129085,
    "Mg": 0.1257431,
    "K": 0.08061489,
    "Na": 0.1805991,
    "S": 0.08201521,
    "O": 19.40736207,
    "H": 26.64404888,
    "C": 0.01925896
  },
  "execution_time": 1.049041748046875e-05,
  "mix_id": "MIX_4411",
  "input_file": "/teamspace/studios/this_studio/inputs/generated/MIX_4411.inp"
}