{
  "converged": true,
  "method": "simplified_thermodynamic_model",
  "note": "Using simplified model until Cemdata18 integration complete",
  "temperature_K": 298.15,
  "pressure_bar": 1.01325,
  "CO2_fraction": 0.2,
  "pCO2_bar": 0.20265,
  "phases": {
    "Calcite": {
      "moles": 0.0089934752775,
      "mass_kg": 0.0009001569405249749
    },
    "C-S-H_1.0": {
      "moles": 0.5019431947224999,
      "mass_kg": 0.08533034310282499
    },
    "Silica_gel": {
      "moles": 1.4644051952775001,
      "mass_kg": 0.08798146413227222
    },
    "Ettringite": {
      "moles": 0.0068346,
      "mass_kg": 0.008577422999999999
    },
    "Hydrotalcite": {
      "moles": 0.029148182999999998,
      "mass_kg": 0.012912645068999999
    }
  },
  "pH": 9.48675,
  "pe": 4.0,
  "Eh": 0.24,
  "system_mass_kg": 0.19570203224462218,
  "input_composition": {
    "Ca": 0.51093667,
    "Si": 1.96634839,
    "Al": 0.69494602,
    "Fe": 0.15455619,
    "Mg": 0.09716061,
    "K": 0.08795278,
    "Na": 0.16646526,
    "S": 0.0410076,
    "O": 17.42450347,
    "H": 22.64744156,
    "C": 0.01775174
  },
  "execution_time": 1.52587890625e-05,
  "mix_id": "MIX_4634",
  "input_file": "/teamspace/studios/this_studio/inputs/generated/MIX_4634.inp"
}