{
  "converged": true,
  "method": "simplified_thermodynamic_model",
  "note": "Using simplified model until Cemdata18 integration complete",
  "temperature_K": 298.15,
  "pressure_bar": 1.01325,
  "CO2_fraction": 0.35,
  "pCO2_bar": 0.3546375,
  "phases": {
    "Calcite": {
      "moles": 0.0222808545421875,
      "mass_kg": 0.0022300907311275466
    },
    "C-S-H_1.0": {
      "moles": 0.44976314545781254,
      "mass_kg": 0.07645973472782813
    },
    "Silica_gel": {
      "moles": 1.1718945345421874,
      "mass_kg": 0.07040742363529462
    },
    "Ettringite": {
      "moles": 0.010251901666666667,
      "mass_kg": 0.012866136591666666
    },
    "Hydrotalcite": {
      "moles": 0.030153035999999998,
      "mass_kg": 0.013357794947999999
    }
  },
  "pH": 8.7268125,
  "pe": 4.0,
  "Eh": 0.24,
  "system_mass_kg": 0.17532118063391697,
  "input_composition": {
    "Ca": 0.472044,
    "Si": 1.62165768,
    "Al": 0.61814041,
    "Fe": 0.11196319,
    "Mg": 0.10051012,
    "K": 0.07511147,
    "Na": 0.13466411,
    "S": 0.06151141,
    "O": 13.74349918,
    "H": 16.98558118,
    "C": 0.02513085
  },
  "execution_time": 1.2636184692382812e-05,
  "mix_id": "MIX_3226",
  "input_file": "/teamspace/studios/this_studio/inputs/generated/MIX_3226.inp"
}