{
  "converged": true,
  "method": "simplified_thermodynamic_model",
  "note": "Using simplified model until Cemdata18 integration complete",
  "temperature_K": 298.15,
  "pressure_bar": 1.01325,
  "CO2_fraction": 0.35,
  "pCO2_bar": 0.3546375,
  "phases": {
    "Calcite": {
      "moles": 0.030067825180312497,
      "mass_kg": 0.0030094886222974777
    },
    "C-S-H_1.0": {
      "moles": 0.4808688448196875,
      "mass_kg": 0.08174770361934688
    },
    "Silica_gel": {
      "moles": 1.5172816451803124,
      "mass_kg": 0.09115828124243316
    },
    "Ettringite": {
      "moles": 0.0068346,
      "mass_kg": 0.008577422999999999
    },
    "Hydrotalcite": {
      "moles": 0.029148182999999998,
      "mass_kg": 0.012912645068999999
    }
  },
  "pH": 8.7268125,
  "pe": 4.0,
  "Eh": 0.24,
  "system_mass_kg": 0.19740554155307752,
  "input_composition": {
    "Ca": 0.51093667,
    "Si": 1.99815049,
    "Al": 0.69494602,
    "Fe": 0.15455619,
    "Mg": 0.09716061,
    "K": 0.08795278,
    "Na": 0.22812517,
    "S": 0.0410076,
    "O": 19.54956552,
    "H": 26.64404881,
    "C": 0.03391387
  },
  "execution_time": 1.1444091796875e-05,
  "mix_id": "MIX_4687",
  "input_file": "/teamspace/studios/this_studio/inputs/generated/MIX_4687.inp"
}