{
  "converged": true,
  "method": "simplified_thermodynamic_model",
  "note": "Using simplified model until Cemdata18 integration complete",
  "temperature_K": 298.15,
  "pressure_bar": 1.01325,
  "CO2_fraction": 0.25,
  "pCO2_bar": 0.2533125,
  "phases": {
    "Calcite": {
      "moles": 0.009578100262499998,
      "mass_kg": 0.0009586720552736248
    },
    "C-S-H_1.0": {
      "moles": 0.4184909597375,
      "mass_kg": 0.07114346315537501
    },
    "Silica_gel": {
      "moles": 1.2414379502625001,
      "mass_kg": 0.07458559205177101
    },
    "Ettringite": {
      "moles": 0.007688925,
      "mass_kg": 0.009649600874999999
    },
    "Hydrotalcite": {
      "moles": 0.026937506999999996,
      "mass_kg": 0.011933315600999998
    }
  },
  "pH": 9.2334375,
  "pe": 4.0,
  "Eh": 0.24,
  "system_mass_kg": 0.16827064373841963,
  "input_composition": {
    "Ca": 0.42806906,
    "Si": 1.65992891,
    "Al": 0.62013529,
    "Fe": 0.12068769,
    "Mg": 0.08979169,
    "K": 0.07786318,
    "Na": 0.11346335,
    "S": 0.04613355,
    "O": 10.70860119,
    "H": 10.99067019,
    "C": 0.01512456
  },
  "execution_time": 5.459785461425781e-05,
  "mix_id": "MIX_3304",
  "input_file": "/teamspace/studios/this_studio/inputs/generated/MIX_3304.inp"
}