{
  "converged": true,
  "method": "simplified_thermodynamic_model",
  "note": "Using simplified model until Cemdata18 integration complete",
  "temperature_K": 298.15,
  "pressure_bar": 1.01325,
  "CO2_fraction": 0.0,
  "pCO2_bar": 0.0,
  "phases": {
    "C-S-H_1.0": {
      "moles": 0.17438398,
      "mass_kg": 0.029645276600000003
    },
    "Silica_gel": {
      "moles": 1.01356669,
      "mass_kg": 0.0608950867352
    },
    "Ettringite": {
      "moles": 0.004271625,
      "mass_kg": 0.0053608893749999996
    },
    "Hydrotalcite": {
      "moles": 0.016085091,
      "mass_kg": 0.007125695313
    }
  },
  "pH": 10.5,
  "pe": 4.0,
  "Eh": 0.24,
  "system_mass_kg": 0.1030269480232,
  "input_composition": {
    "Ca": 0.17438398,
    "Si": 1.18795067,
    "Al": 0.47450356,
    "Fe": 0.07039969,
    "Mg": 0.05361697,
    "K": 0.0631874,
    "Na": 0.0897623,
    "S": 0.02562975,
    "O": 6.40555148,
    "H": 5.66186043,
    "C": 0.0
  },
  "execution_time": 7.62939453125e-06,
  "mix_id": "MIX_0574",
  "input_file": "/teamspace/studios/this_studio/inputs/generated/MIX_0574.inp"
}