{
  "converged": true,
  "method": "simplified_thermodynamic_model",
  "note": "Using simplified model until Cemdata18 integration complete",
  "temperature_K": 298.15,
  "pressure_bar": 1.01325,
  "CO2_fraction": 0.3,
  "pCO2_bar": 0.303975,
  "phases": {
    "Calcite": {
      "moles": 0.016369608504375,
      "mass_kg": 0.001638434115202894
    },
    "C-S-H_1.0": {
      "moles": 0.455674391495625,
      "mass_kg": 0.07746464655425625
    },
    "Silica_gel": {
      "moles": 1.165983288504375,
      "mass_kg": 0.07005227597334285
    },
    "Ettringite": {
      "moles": 0.010251901666666667,
      "mass_kg": 0.012866136591666666
    },
    "Hydrotalcite": {
      "moles": 0.030153035999999998,
      "mass_kg": 0.013357794947999999
    }
  },
  "pH": 8.980125000000001,
  "pe": 4.0,
  "Eh": 0.24,
  "system_mass_kg": 0.17537928818246865,
  "input_composition": {
    "Ca": 0.472044,
    "Si": 1.62165768,
    "Al": 0.61814041,
    "Fe": 0.11196319,
    "Mg": 0.10051012,
    "K": 0.07511147,
    "Na": 0.13466411,
    "S": 0.06151141,
    "O": 13.73631894,
    "H": 16.98558118,
    "C": 0.02154073
  },
  "execution_time": 1.0728836059570312e-05,
  "mix_id": "MIX_3210",
  "input_file": "/teamspace/studios/this_studio/inputs/generated/MIX_3210.inp"
}