{
  "converged": true,
  "method": "simplified_thermodynamic_model",
  "note": "Using simplified model until Cemdata18 integration complete",
  "temperature_K": 298.15,
  "pressure_bar": 1.01325,
  "CO2_fraction": 0.35,
  "pCO2_bar": 0.3546375,
  "phases": {
    "Calcite": {
      "moles": 0.0222808545421875,
      "mass_kg": 0.0022300907311275466
    },
    "C-S-H_1.0": {
      "moles": 0.5377130154578125,
      "mass_kg": 0.09141121262782813
    },
    "Silica_gel": {
      "moles": 0.9855329345421875,
      "mass_kg": 0.059210818707294624
    },
    "Ettringite": {
      "moles": 0.015377851666666666,
      "mass_kg": 0.019299203841666664
    },
    "Hydrotalcite": {
      "moles": 0.036584094,
      "mass_kg": 0.016206753642
    }
  },
  "pH": 8.7268125,
  "pe": 4.0,
  "Eh": 0.24,
  "system_mass_kg": 0.18835807954991696,
  "input_composition": {
    "Ca": 0.55999387,
    "Si": 1.52324595,
    "Al": 0.61415066,
    "Fe": 0.09451418,
    "Mg": 0.12194698,
    "K": 0.06960805,
    "Na": 0.13466411,
    "S": 0.09226711,
    "O": 13.71341972,
    "H": 16.98558118,
    "C": 0.02513085
  },
  "execution_time": 1.0013580322265625e-05,
  "mix_id": "MIX_3002",
  "input_file": "/teamspace/studios/this_studio/inputs/generated/MIX_3002.inp"
}