{
  "converged": true,
  "method": "simplified_thermodynamic_model",
  "note": "Using simplified model until Cemdata18 integration complete",
  "temperature_K": 298.15,
  "pressure_bar": 1.01325,
  "CO2_fraction": 0.2,
  "pCO2_bar": 0.20265,
  "phases": {
    "Calcite": {
      "moles": 0.00476434203,
      "mass_kg": 0.0004768629937827
    },
    "C-S-H_1.0": {
      "moles": 0.45770360797000004,
      "mass_kg": 0.07780961335490001
    },
    "Silica_gel": {
      "moles": 0.76737498203,
      "mass_kg": 0.0461038889203624
    },
    "Ettringite": {
      "moles": 0.015377851666666666,
      "mass_kg": 0.019299203841666664
    },
    "Hydrotalcite": {
      "moles": 0.033301575,
      "mass_kg": 0.014752597725
    }
  },
  "pH": 9.48675,
  "pe": 4.0,
  "Eh": 0.24,
  "system_mass_kg": 0.15844216683571177,
  "input_composition": {
    "Ca": 0.46246795,
    "Si": 1.22507859,
    "Al": 0.54000488,
    "Fe": 0.06355385,
    "Mg": 0.11100525,
    "K": 0.06043569,
    "Na": 0.06586079,
    "S": 0.09226711,
    "O": 7.95128295,
    "H": 7.32711348,
    "C": 0.00940408
  },
  "execution_time": 9.059906005859375e-06,
  "mix_id": "MIX_1380",
  "input_file": "/teamspace/studios/this_studio/inputs/generated/MIX_1380.inp"
}