{
  "converged": true,
  "method": "simplified_thermodynamic_model",
  "note": "Using simplified model until Cemdata18 integration complete",
  "temperature_K": 298.15,
  "pressure_bar": 1.01325,
  "CO2_fraction": 0.2,
  "pCO2_bar": 0.20265,
  "phases": {
    "Calcite": {
      "moles": 0.0089934752775,
      "mass_kg": 0.0009001569405249749
    },
    "C-S-H_1.0": {
      "moles": 0.5605764447224999,
      "mass_kg": 0.095297995602825
    },
    "Silica_gel": {
      "moles": 1.3401641252775,
      "mass_kg": 0.0805170606466722
    },
    "Ettringite": {
      "moles": 0.010251901666666667,
      "mass_kg": 0.012866136591666666
    },
    "Hydrotalcite": {
      "moles": 0.033435555,
      "mass_kg": 0.014811950865
    }
  },
  "pH": 9.48675,
  "pe": 4.0,
  "Eh": 0.24,
  "system_mass_kg": 0.20439330064668884,
  "input_composition": {
    "Ca": 0.56956992,
    "Si": 1.90074057,
    "Al": 0.69228619,
    "Fe": 0.14292352,
    "Mg": 0.11145185,
    "K": 0.08428383,
    "Na": 0.16646526,
    "S": 0.06151141,
    "O": 17.4044505,
    "H": 22.64744156,
    "C": 0.01775174
  },
  "execution_time": 9.298324584960938e-06,
  "mix_id": "MIX_4522",
  "input_file": "/teamspace/studios/this_studio/inputs/generated/MIX_4522.inp"
}