{
  "converged": true,
  "method": "simplified_thermodynamic_model",
  "note": "Using simplified model until Cemdata18 integration complete",
  "temperature_K": 298.15,
  "pressure_bar": 1.01325,
  "CO2_fraction": 0.15,
  "pCO2_bar": 0.1519875,
  "phases": {
    "Calcite": {
      "moles": 0.0041997831946875,
      "mass_kg": 0.0004203562999562719
    },
    "C-S-H_1.0": {
      "moles": 0.7412698668053125,
      "mass_kg": 0.12601587735690314
    },
    "Silica_gel": {
      "moles": 0.9480677231946876,
      "mass_kg": 0.05695990880953683
    },
    "Ettringite": {
      "moles": 0.020503801666666665,
      "mass_kg": 0.02573227109166666
    },
    "Hydrotalcite": {
      "moles": 0.046297674,
      "mass_kg": 0.020509869582
    }
  },
  "pH": 9.7400625,
  "pe": 4.0,
  "Eh": 0.24,
  "system_mass_kg": 0.2296382831400629,
  "input_composition": {
    "Ca": 0.74546965,
    "Si": 1.68933759,
    "Al": 0.68430669,
    "Fe": 0.10802551,
    "Mg": 0.15432558,
    "K": 0.073277,
    "Na": 0.13819757,
    "S": 0.12302281,
    "O": 13.29099385,
    "H": 14.65422691,
    "C": 0.01105297
  },
  "execution_time": 1.0251998901367188e-05,
  "mix_id": "MIX_4168",
  "input_file": "/teamspace/studios/this_studio/inputs/generated/MIX_4168.inp"
}