{
  "converged": true,
  "method": "simplified_thermodynamic_model",
  "note": "Using simplified model until Cemdata18 integration complete",
  "temperature_K": 298.15,
  "pressure_bar": 1.01325,
  "CO2_fraction": 0.25,
  "pCO2_bar": 0.2533125,
  "phases": {
    "Calcite": {
      "moles": 0.005926036954687499,
      "mass_kg": 0.0005931370387946718
    },
    "C-S-H_1.0": {
      "moles": 0.2417494930453125,
      "mass_kg": 0.041097413817703134
    },
    "Silica_gel": {
      "moles": 0.8358466869546874,
      "mass_kg": 0.05021766895223762
    },
    "Ettringite": {
      "moles": 0.00854325,
      "mass_kg": 0.010721778749999999
    },
    "Hydrotalcite": {
      "moles": 0.021444308999999998,
      "mass_kg": 0.009499828887
    }
  },
  "pH": 9.2334375,
  "pe": 4.0,
  "Eh": 0.24,
  "system_mass_kg": 0.11212982744573542,
  "input_composition": {
    "Ca": 0.24767553,
    "Si": 1.07759618,
    "Al": 0.47117877,
    "Fe": 0.05585885,
    "Mg": 0.07148103,
    "K": 0.05860121,
    "Na": 0.03480579,
    "S": 0.0512595,
    "O": 6.31503293,
    "H": 5.6618604,
    "C": 0.00935767
  },
  "execution_time": 1.2159347534179688e-05,
  "mix_id": "MIX_0050",
  "input_file": "/teamspace/studios/this_studio/inputs/generated/MIX_0050.inp"
}