{
  "converged": true,
  "method": "simplified_thermodynamic_model",
  "note": "Using simplified model until Cemdata18 integration complete",
  "temperature_K": 298.15,
  "pressure_bar": 1.01325,
  "CO2_fraction": 0.35,
  "pCO2_bar": 0.3546375,
  "phases": {
    "Calcite": {
      "moles": 0.011685545005312499,
      "mass_kg": 0.001169606199581728
    },
    "C-S-H_1.0": {
      "moles": 0.2359899849946875,
      "mass_kg": 0.04011829744909688
    },
    "Silica_gel": {
      "moles": 0.8508596250053125,
      "mass_kg": 0.05111964627031918
    },
    "Ettringite": {
      "moles": 0.00854325,
      "mass_kg": 0.010721778749999999
    },
    "Hydrotalcite": {
      "moles": 0.021444308999999998,
      "mass_kg": 0.009499828887
    }
  },
  "pH": 8.7268125,
  "pe": 4.0,
  "Eh": 0.24,
  "system_mass_kg": 0.11262915755599778,
  "input_composition": {
    "Ca": 0.24767553,
    "Si": 1.08684961,
    "Al": 0.47117877,
    "Fe": 0.05585885,
    "Mg": 0.07148103,
    "K": 0.05860121,
    "Na": 0.05274692,
    "S": 0.0512595,
    "O": 6.35015555,
    "H": 5.6618604,
    "C": 0.01318027
  },
  "execution_time": 2.0265579223632812e-05,
  "mix_id": "MIX_0086",
  "input_file": "/teamspace/studios/this_studio/inputs/generated/MIX_0086.inp"
}