{
  "converged": true,
  "method": "simplified_thermodynamic_model",
  "note": "Using simplified model until Cemdata18 integration complete",
  "temperature_K": 298.15,
  "pressure_bar": 1.01325,
  "CO2_fraction": 0.3,
  "pCO2_bar": 0.303975,
  "phases": {
    "Calcite": {
      "moles": 0.01679913277875,
      "mass_kg": 0.0016814251998250875
    },
    "C-S-H_1.0": {
      "moles": 0.55277078722125,
      "mass_kg": 0.0939710338276125
    },
    "Silica_gel": {
      "moles": 1.33339027277875,
      "mass_kg": 0.0801100875885473
    },
    "Ettringite": {
      "moles": 0.010251901666666667,
      "mass_kg": 0.012866136591666666
    },
    "Hydrotalcite": {
      "moles": 0.033435555,
      "mass_kg": 0.014811950865
    }
  },
  "pH": 8.980125000000001,
  "pe": 4.0,
  "Eh": 0.24,
  "system_mass_kg": 0.20344063407265156,
  "input_composition": {
    "Ca": 0.56956992,
    "Si": 1.88616106,
    "Al": 0.69228619,
    "Fe": 0.14292352,
    "Mg": 0.11145185,
    "K": 0.08428383,
    "Na": 0.13819757,
    "S": 0.06151141,
    "O": 13.3732587,
    "H": 14.65422691,
    "C": 0.02210594
  },
  "execution_time": 1.1682510375976562e-05,
  "mix_id": "MIX_4552",
  "input_file": "/teamspace/studios/this_studio/inputs/generated/MIX_4552.inp"
}