{
  "converged": true,
  "method": "simplified_thermodynamic_model",
  "note": "Using simplified model until Cemdata18 integration complete",
  "temperature_K": 298.15,
  "pressure_bar": 1.01325,
  "CO2_fraction": 0.25,
  "pCO2_bar": 0.2533125,
  "phases": {
    "Calcite": {
      "moles": 0.0063363842062499984,
      "mass_kg": 0.0006342086952035623
    },
    "C-S-H_1.0": {
      "moles": 0.22668083579375,
      "mass_kg": 0.038535742084937506
    },
    "Silica_gel": {
      "moles": 0.89796403420625,
      "mass_kg": 0.0539496791751115
    },
    "Ettringite": {
      "moles": 0.007688925,
      "mass_kg": 0.009649600874999999
    },
    "Hydrotalcite": {
      "moles": 0.020372466000000002,
      "mass_kg": 0.009025002438000002
    }
  },
  "pH": 9.2334375,
  "pe": 4.0,
  "Eh": 0.24,
  "system_mass_kg": 0.11179423326825257,
  "input_composition": {
    "Ca": 0.23301722,
    "Si": 1.12464487,
    "Al": 0.47184373,
    "Fe": 0.05876702,
    "Mg": 0.06790822,
    "K": 0.05951845,
    "Na": 0.09422562,
    "S": 0.04613355,
    "O": 6.91192141,
    "H": 6.66101221,
    "C": 0.01000564
  },
  "execution_time": 1.049041748046875e-05,
  "mix_id": "MIX_0175",
  "input_file": "/teamspace/studios/this_studio/inputs/generated/MIX_0175.inp"
}