{
  "converged": true,
  "method": "simplified_thermodynamic_model",
  "note": "Using simplified model until Cemdata18 integration complete",
  "temperature_K": 298.15,
  "pressure_bar": 1.01325,
  "CO2_fraction": 0.2,
  "pCO2_bar": 0.20265,
  "phases": {
    "Calcite": {
      "moles": 0.00737578618875,
      "mass_kg": 0.0007382424396319875
    },
    "C-S-H_1.0": {
      "moles": 0.7967271138112499,
      "mass_kg": 0.1354436093479125
    },
    "Silica_gel": {
      "moles": 0.7906365161887501,
      "mass_kg": 0.04750144189262011
    },
    "Ettringite": {
      "moles": 0.023921101666666666,
      "mass_kg": 0.030020982591666665
    },
    "Hydrotalcite": {
      "moles": 0.050585049,
      "mass_kg": 0.022409176707
    }
  },
  "pH": 9.48675,
  "pe": 4.0,
  "Eh": 0.24,
  "system_mass_kg": 0.23611345297883127,
  "input_composition": {
    "Ca": 0.8041029,
    "Si": 1.58736363,
    "Al": 0.68164686,
    "Fe": 0.09639285,
    "Mg": 0.16861683,
    "K": 0.06960805,
    "Na": 0.0676886,
    "S": 0.14352661,
    "O": 13.16996549,
    "H": 14.65422685,
    "C": 0.01455867
  },
  "execution_time": 1.1682510375976562e-05,
  "mix_id": "MIX_4064",
  "input_file": "/teamspace/studios/this_studio/inputs/generated/MIX_4064.inp"
}