{
  "converged": true,
  "method": "simplified_thermodynamic_model",
  "note": "Using simplified model until Cemdata18 integration complete",
  "temperature_K": 298.15,
  "pressure_bar": 1.01325,
  "CO2_fraction": 0.15,
  "pCO2_bar": 0.1519875,
  "phases": {
    "Calcite": {
      "moles": 0.003427006550625,
      "mass_kg": 0.0003430090856520562
    },
    "C-S-H_1.0": {
      "moles": 0.644516723449375,
      "mass_kg": 0.10956784298639377
    },
    "Silica_gel": {
      "moles": 0.754300236550625,
      "mass_kg": 0.04531835821196155
    },
    "Ettringite": {
      "moles": 0.020503801666666665,
      "mass_kg": 0.02573227109166666
    },
    "Hydrotalcite": {
      "moles": 0.043015155,
      "mass_kg": 0.019055713665
    }
  },
  "pH": 9.7400625,
  "pe": 4.0,
  "Eh": 0.24,
  "system_mass_kg": 0.20001719504067403,
  "input_composition": {
    "Ca": 0.64794373,
    "Si": 1.39881696,
    "Al": 0.61016091,
    "Fe": 0.07706518,
    "Mg": 0.14338385,
    "K": 0.06410463,
    "Na": 0.08422021,
    "S": 0.12302281,
    "O": 10.57640493,
    "H": 10.99067013,
    "C": 0.00901918
  },
  "execution_time": 9.059906005859375e-06,
  "mix_id": "MIX_2708",
  "input_file": "/teamspace/studios/this_studio/inputs/generated/MIX_2708.inp"
}