{
  "converged": true,
  "method": "simplified_thermodynamic_model",
  "note": "Using simplified model until Cemdata18 integration complete",
  "temperature_K": 298.15,
  "pressure_bar": 1.01325,
  "CO2_fraction": 0.35,
  "pCO2_bar": 0.3546375,
  "phases": {
    "Calcite": {
      "moles": 0.022725490173749998,
      "mass_kg": 0.002274594311490637
    },
    "C-S-H_1.0": {
      "moles": 0.42957792982625004,
      "mass_kg": 0.07302824807046251
    },
    "Silica_gel": {
      "moles": 1.5694282401737498,
      "mass_kg": 0.0942912486696389
    },
    "Ettringite": {
      "moles": 0.0034173,
      "mass_kg": 0.0042887114999999995
    },
    "Hydrotalcite": {
      "moles": 0.024860808,
      "mass_kg": 0.011013337944000001
    }
  },
  "pH": 8.7268125,
  "pe": 4.0,
  "Eh": 0.24,
  "system_mass_kg": 0.18489614049559205,
  "input_composition": {
    "Ca": 0.45230342,
    "Si": 1.99900617,
    "Al": 0.69760586,
    "Fe": 0.16618886,
    "Mg": 0.08286936,
    "K": 0.09162172,
    "Na": 0.10257964,
    "S": 0.0205038,
    "O": 13.36586743,
    "H": 14.65422683,
    "C": 0.02563236
  },
  "execution_time": 8.106231689453125e-06,
  "mix_id": "MIX_4788",
  "input_file": "/teamspace/studios/this_studio/inputs/generated/MIX_4788.inp"
}