{
  "converged": true,
  "method": "simplified_thermodynamic_model",
  "note": "Using simplified model until Cemdata18 integration complete",
  "temperature_K": 298.15,
  "pressure_bar": 1.01325,
  "CO2_fraction": 0.15,
  "pCO2_bar": 0.1519875,
  "phases": {
    "Calcite": {
      "moles": 0.0020396038556249997,
      "mass_kg": 0.00020414394990950622
    },
    "C-S-H_1.0": {
      "moles": 0.187002686144375,
      "mass_kg": 0.03179045664454375
    },
    "Silica_gel": {
      "moles": 0.964102003855625,
      "mass_kg": 0.05792324839164595
    },
    "Ettringite": {
      "moles": 0.00512595,
      "mass_kg": 0.006433067249999999
    },
    "Hydrotalcite": {
      "moles": 0.017156936999999997,
      "mass_kg": 0.007600523090999999
    }
  },
  "pH": 9.7400625,
  "pe": 4.0,
  "Eh": 0.24,
  "system_mass_kg": 0.1039514393270992,
  "input_composition": {
    "Ca": 0.18904229,
    "Si": 1.15110469,
    "Al": 0.4738386,
    "Fe": 0.06749152,
    "Mg": 0.05718979,
    "K": 0.06227016,
    "Na": 0.05012415,
    "S": 0.0307557,
    "O": 5.85099085,
    "H": 4.66270861,
    "C": 0.00536782
  },
  "execution_time": 9.298324584960938e-06,
  "mix_id": "MIX_0469",
  "input_file": "/teamspace/studios/this_studio/inputs/generated/MIX_0469.inp"
}