{
  "converged": true,
  "method": "simplified_thermodynamic_model",
  "note": "Using simplified model until Cemdata18 integration complete",
  "temperature_K": 298.15,
  "pressure_bar": 1.01325,
  "CO2_fraction": 0.35,
  "pCO2_bar": 0.3546375,
  "phases": {
    "Calcite": {
      "moles": 0.012419316590625,
      "mass_kg": 0.0012430493975556561
    },
    "C-S-H_1.0": {
      "moles": 0.132648033409375,
      "mass_kg": 0.022550165679593753
    },
    "Silica_gel": {
      "moles": 1.090408576590625,
      "mass_kg": 0.06551174728156475
    },
    "Ettringite": {
      "moles": 0.002562975,
      "mass_kg": 0.0032165336249999994
    },
    "Hydrotalcite": {
      "moles": 0.013941405,
      "mass_kg": 0.006176042415
    }
  },
  "pH": 8.7268125,
  "pe": 4.0,
  "Eh": 0.24,
  "system_mass_kg": 0.09869753839871416,
  "input_composition": {
    "Ca": 0.14506735,
    "Si": 1.22305661,
    "Al": 0.47583348,
    "Fe": 0.07621603,
    "Mg": 0.04647135,
    "K": 0.06502187,
    "Na": 0.09422562,
    "S": 0.01537785,
    "O": 6.95000538,
    "H": 6.66101221,
    "C": 0.0140079
  },
  "execution_time": 8.344650268554688e-06,
  "mix_id": "MIX_0879",
  "input_file": "/teamspace/studios/this_studio/inputs/generated/MIX_0879.inp"
}