{
  "converged": true,
  "method": "simplified_thermodynamic_model",
  "note": "Using simplified model until Cemdata18 integration complete",
  "temperature_K": 298.15,
  "pressure_bar": 1.01325,
  "CO2_fraction": 0.25,
  "pCO2_bar": 0.2533125,
  "phases": {
    "Calcite": {
      "moles": 0.012339282506249999,
      "mass_kg": 0.0012350387860505622
    },
    "C-S-H_1.0": {
      "moles": 0.32777990749375,
      "mass_kg": 0.05572258427393751
    },
    "Silica_gel": {
      "moles": 1.46667914250625,
      "mass_kg": 0.0881180828817755
    },
    "Ettringite": {
      "moles": 0.002562975,
      "mass_kg": 0.0032165336249999994
    },
    "Hydrotalcite": {
      "moles": 0.020506445999999998,
      "mass_kg": 0.009084355577999999
    }
  },
  "pH": 9.2334375,
  "pe": 4.0,
  "Eh": 0.24,
  "system_mass_kg": 0.15737659514476357,
  "input_composition": {
    "Ca": 0.34011919,
    "Si": 1.79445905,
    "Al": 0.62412504,
    "Fe": 0.13813669,
    "Mg": 0.06835482,
    "K": 0.0833666,
    "Na": 0.18349199,
    "S": 0.01537785,
    "O": 15.35083519,
    "H": 19.98303657,
    "C": 0.01948468
  },
  "execution_time": 7.62939453125e-06,
  "mix_id": "MIX_3535",
  "input_file": "/teamspace/studios/this_studio/inputs/generated/MIX_3535.inp"
}