{
  "converged": true,
  "method": "simplified_thermodynamic_model",
  "note": "Using simplified model until Cemdata18 integration complete",
  "temperature_K": 298.15,
  "pressure_bar": 1.01325,
  "CO2_fraction": 0.2,
  "pCO2_bar": 0.20265,
  "phases": {
    "Calcite": {
      "moles": 0.004005417779999999,
      "mass_kg": 0.00040090226560019995
    },
    "C-S-H_1.0": {
      "moles": 0.22901180222,
      "mass_kg": 0.038932006377400005
    },
    "Silica_gel": {
      "moles": 0.87559249778,
      "mass_kg": 0.0526055972666224
    },
    "Ettringite": {
      "moles": 0.007688925,
      "mass_kg": 0.009649600874999999
    },
    "Hydrotalcite": {
      "moles": 0.020372466000000002,
      "mass_kg": 0.009025002438000002
    }
  },
  "pH": 9.48675,
  "pe": 4.0,
  "Eh": 0.24,
  "system_mass_kg": 0.1106131092226226,
  "input_composition": {
    "Ca": 0.23301722,
    "Si": 1.1046043,
    "Al": 0.47184373,
    "Fe": 0.05876702,
    "Mg": 0.06790822,
    "K": 0.05951845,
    "Na": 0.05536969,
    "S": 0.04613355,
    "O": 6.8482132,
    "H": 6.66101223,
    "C": 0.00790608
  },
  "execution_time": 1.3113021850585938e-05,
  "mix_id": "MIX_0151",
  "input_file": "/teamspace/studios/this_studio/inputs/generated/MIX_0151.inp"
}