{
  "converged": true,
  "method": "simplified_thermodynamic_model",
  "note": "Using simplified model until Cemdata18 integration complete",
  "temperature_K": 298.15,
  "pressure_bar": 1.01325,
  "CO2_fraction": 0.3,
  "pCO2_bar": 0.303975,
  "phases": {
    "Calcite": {
      "moles": 0.016904148541875,
      "mass_kg": 0.0016919362275562688
    },
    "C-S-H_1.0": {
      "moles": 0.376766031458125,
      "mass_kg": 0.06405022534788125
    },
    "Silica_gel": {
      "moles": 1.7249757585418752,
      "mass_kg": 0.10363654357319586
    },
    "Hydrotalcite": {
      "moles": 0.020573436,
      "mass_kg": 0.009114032148
    }
  },
  "pH": 8.980125000000001,
  "pe": 4.0,
  "Eh": 0.24,
  "system_mass_kg": 0.1784927372966334,
  "input_composition": {
    "Ca": 0.39367018,
    "Si": 2.10174179,
    "Al": 0.70026569,
    "Fe": 0.17782153,
    "Mg": 0.06857812,
    "K": 0.09529067,
    "Na": 0.17456535,
    "S": 0.0,
    "O": 13.48939243,
    "H": 14.65422691,
    "C": 0.02224413
  },
  "execution_time": 1.5974044799804688e-05,
  "mix_id": "MIX_4892",
  "input_file": "/teamspace/studios/this_studio/inputs/generated/MIX_4892.inp"
}