{
  "converged": true,
  "method": "simplified_thermodynamic_model",
  "note": "Using simplified model until Cemdata18 integration complete",
  "temperature_K": 298.15,
  "pressure_bar": 1.01325,
  "CO2_fraction": 0.35,
  "pCO2_bar": 0.3546375,
  "phases": {
    "Calcite": {
      "moles": 0.0186581438203125,
      "mass_kg": 0.001867493614975078
    },
    "C-S-H_1.0": {
      "moles": 0.4533858561796875,
      "mass_kg": 0.07707559555054688
    },
    "Silica_gel": {
      "moles": 1.1422545738203125,
      "mass_kg": 0.06862665479512438
    },
    "Ettringite": {
      "moles": 0.010251901666666667,
      "mass_kg": 0.012866136591666666
    },
    "Hydrotalcite": {
      "moles": 0.030153035999999998,
      "mass_kg": 0.013357794947999999
    }
  },
  "pH": 8.7268125,
  "pe": 4.0,
  "Eh": 0.24,
  "system_mass_kg": 0.173793675500313,
  "input_composition": {
    "Ca": 0.472044,
    "Si": 1.59564043,
    "Al": 0.61814041,
    "Fe": 0.11196319,
    "Mg": 0.10051012,
    "K": 0.07511147,
    "Na": 0.08422021,
    "S": 0.06151141,
    "O": 10.66061499,
    "H": 10.99067013,
    "C": 0.02104475
  },
  "execution_time": 1.3113021850585938e-05,
  "mix_id": "MIX_3220",
  "input_file": "/teamspace/studios/this_studio/inputs/generated/MIX_3220.inp"
}