{
  "converged": true,
  "method": "simplified_thermodynamic_model",
  "note": "Using simplified model until Cemdata18 integration complete",
  "temperature_K": 298.15,
  "pressure_bar": 1.01325,
  "CO2_fraction": 0.15,
  "pCO2_bar": 0.1519875,
  "phases": {
    "Calcite": {
      "moles": 0.004997516186249999,
      "mass_kg": 0.0005002013950817625
    },
    "C-S-H_1.0": {
      "moles": 0.62320564381375,
      "mass_kg": 0.10594495944833751
    },
    "Silica_gel": {
      "moles": 1.1681224361862501,
      "mass_kg": 0.07018079596606991
    },
    "Ettringite": {
      "moles": 0.013669201666666667,
      "mass_kg": 0.017154848091666664
    },
    "Hydrotalcite": {
      "moles": 0.037722929999999995,
      "mass_kg": 0.01671125799
    }
  },
  "pH": 9.7400625,
  "pe": 4.0,
  "Eh": 0.24,
  "system_mass_kg": 0.21049206289115585,
  "input_composition": {
    "Ca": 0.62820316,
    "Si": 1.79132808,
    "Al": 0.68962636,
    "Fe": 0.13129085,
    "Mg": 0.1257431,
    "K": 0.08061489,
    "Na": 0.081534,
    "S": 0.08201521,
    "O": 17.24512395,
    "H": 22.64744155,
    "C": 0.01315244
  },
  "execution_time": 9.059906005859375e-06,
  "mix_id": "MIX_4386",
  "input_file": "/teamspace/studios/this_studio/inputs/generated/MIX_4386.inp"
}