{
  "converged": true,
  "method": "simplified_thermodynamic_model",
  "note": "Using simplified model until Cemdata18 integration complete",
  "temperature_K": 298.15,
  "pressure_bar": 1.01325,
  "CO2_fraction": 0.4,
  "pCO2_bar": 0.4053,
  "phases": {
    "Calcite": {
      "moles": 0.01356518,
      "mass_kg": 0.0013577388662
    },
    "C-S-H_1.0": {
      "moles": 0.21945204,
      "mass_kg": 0.0373068468
    },
    "Silica_gel": {
      "moles": 0.88109405,
      "mass_kg": 0.052936130524
    },
    "Ettringite": {
      "moles": 0.007688925,
      "mass_kg": 0.009649600874999999
    },
    "Hydrotalcite": {
      "moles": 0.020372466000000002,
      "mass_kg": 0.009025002438000002
    }
  },
  "pH": 8.5,
  "pe": 4.0,
  "Eh": 0.24,
  "system_mass_kg": 0.1102753195032,
  "input_composition": {
    "Ca": 0.23301722,
    "Si": 1.10054609,
    "Al": 0.47184373,
    "Fe": 0.05876702,
    "Mg": 0.06790822,
    "K": 0.05951845,
    "Na": 0.04750137,
    "S": 0.04613355,
    "O": 5.348753,
    "H": 3.66355667,
    "C": 0.01356518
  },
  "execution_time": 1.2159347534179688e-05,
  "mix_id": "MIX_0212",
  "input_file": "/teamspace/studios/this_studio/inputs/generated/MIX_0212.inp"
}