{
  "converged": true,
  "method": "simplified_thermodynamic_model",
  "note": "Using simplified model until Cemdata18 integration complete",
  "temperature_K": 298.15,
  "pressure_bar": 1.01325,
  "CO2_fraction": 0.4,
  "pCO2_bar": 0.4053,
  "phases": {
    "Calcite": {
      "moles": 0.03229011,
      "mass_kg": 0.0032319171098999996
    },
    "C-S-H_1.0": {
      "moles": 0.8890792799999999,
      "mass_kg": 0.1511434776
    },
    "Silica_gel": {
      "moles": 0.59047528,
      "mass_kg": 0.0354757548224
    },
    "Ettringite": {
      "moles": 0.030755703333333332,
      "mass_kg": 0.03859840768333333
    },
    "Hydrotalcite": {
      "moles": 0.059159792999999995,
      "mass_kg": 0.026207788298999998
    }
  },
  "pH": 8.5,
  "pe": 4.0,
  "Eh": 0.24,
  "system_mass_kg": 0.2546573455146333,
  "input_composition": {
    "Ca": 0.92136939,
    "Si": 1.47955456,
    "Al": 0.67632719,
    "Fe": 0.07312751,
    "Mg": 0.19719931,
    "K": 0.06227016,
    "Na": 0.11307074,
    "S": 0.18453422,
    "O": 15.2331303,
    "H": 18.65083418,
    "C": 0.03229011
  },
  "execution_time": 1.3113021850585938e-05,
  "mix_id": "MIX_3909",
  "input_file": "/teamspace/studios/this_studio/inputs/generated/MIX_3909.inp"
}