{
  "converged": true,
  "method": "simplified_thermodynamic_model",
  "note": "Using simplified model until Cemdata18 integration complete",
  "temperature_K": 298.15,
  "pressure_bar": 1.01325,
  "CO2_fraction": 0.25,
  "pCO2_bar": 0.2533125,
  "phases": {
    "Calcite": {
      "moles": 0.012339282506249999,
      "mass_kg": 0.0012350387860505622
    },
    "C-S-H_1.0": {
      "moles": 0.37175484749375,
      "mass_kg": 0.0631983240739375
    },
    "Silica_gel": {
      "moles": 1.37349833250625,
      "mass_kg": 0.0825197798169755
    },
    "Ettringite": {
      "moles": 0.00512595,
      "mass_kg": 0.006433067249999999
    },
    "Hydrotalcite": {
      "moles": 0.023721975,
      "mass_kg": 0.010508834925
    }
  },
  "pH": 9.2334375,
  "pe": 4.0,
  "Eh": 0.24,
  "system_mass_kg": 0.16389504485196354,
  "input_composition": {
    "Ca": 0.38409413,
    "Si": 1.74525318,
    "Al": 0.62213016,
    "Fe": 0.12941219,
    "Mg": 0.07907325,
    "K": 0.08061489,
    "Na": 0.18349199,
    "S": 0.0307557,
    "O": 15.33579546,
    "H": 19.98303657,
    "C": 0.01948468
  },
  "execution_time": 1.1444091796875e-05,
  "mix_id": "MIX_3423",
  "input_file": "/teamspace/studios/this_studio/inputs/generated/MIX_3423.inp"
}