{
  "converged": true,
  "method": "simplified_thermodynamic_model",
  "note": "Using simplified model until Cemdata18 integration complete",
  "temperature_K": 298.15,
  "pressure_bar": 1.01325,
  "CO2_fraction": 0.4,
  "pCO2_bar": 0.4053,
  "phases": {
    "Calcite": {
      "moles": 0.02629813,
      "mass_kg": 0.0026321798317
    },
    "C-S-H_1.0": {
      "moles": 0.70959547,
      "mass_kg": 0.12063122990000001
    },
    "Silica_gel": {
      "moles": 0.5948679800000001,
      "mass_kg": 0.0357396682384
    },
    "Ettringite": {
      "moles": 0.02562975166666667,
      "mass_kg": 0.03216533834166667
    },
    "Hydrotalcite": {
      "moles": 0.049446213,
      "mass_kg": 0.021904672359
    }
  },
  "pH": 8.5,
  "pe": 4.0,
  "Eh": 0.24,
  "system_mass_kg": 0.21307308867076669,
  "input_composition": {
    "Ca": 0.7358936,
    "Si": 1.30446345,
    "Al": 0.60617116,
    "Fe": 0.05961618,
    "Mg": 0.16482071,
    "K": 0.05860121,
    "Na": 0.09208854,
    "S": 0.15377851,
    "O": 12.09166177,
    "H": 13.9881257,
    "C": 0.02629813
  },
  "execution_time": 1.811981201171875e-05,
  "mix_id": "MIX_2565",
  "input_file": "/teamspace/studios/this_studio/inputs/generated/MIX_2565.inp"
}