{
  "converged": true,
  "method": "simplified_thermodynamic_model",
  "note": "Using simplified model until Cemdata18 integration complete",
  "temperature_K": 298.15,
  "pressure_bar": 1.01325,
  "CO2_fraction": 0.4,
  "pCO2_bar": 0.4053,
  "phases": {
    "Calcite": {
      "moles": 0.02837287,
      "mass_kg": 0.0028398405583
    },
    "C-S-H_1.0": {
      "moles": 0.31174632,
      "mass_kg": 0.052996874400000005
    },
    "Silica_gel": {
      "moles": 1.4220926399999998,
      "mass_kg": 0.08543932581119999
    },
    "Ettringite": {
      "moles": 0.002562975,
      "mass_kg": 0.0032165336249999994
    },
    "Hydrotalcite": {
      "moles": 0.020506445999999998,
      "mass_kg": 0.009084355577999999
    }
  },
  "pH": 8.5,
  "pe": 4.0,
  "Eh": 0.24,
  "system_mass_kg": 0.1535769299725,
  "input_composition": {
    "Ca": 0.34011919,
    "Si": 1.73383896,
    "Al": 0.62412504,
    "Fe": 0.13813669,
    "Mg": 0.06835482,
    "K": 0.0833666,
    "Na": 0.06595793,
    "S": 0.01537785,
    "O": 13.68987664,
    "H": 16.98558113,
    "C": 0.02837287
  },
  "execution_time": 9.775161743164062e-06,
  "mix_id": "MIX_3570",
  "input_file": "/teamspace/studios/this_studio/inputs/generated/MIX_3570.inp"
}