{
  "converged": true,
  "method": "simplified_thermodynamic_model",
  "note": "Using simplified model until Cemdata18 integration complete",
  "temperature_K": 298.15,
  "pressure_bar": 1.01325,
  "CO2_fraction": 0.0,
  "pCO2_bar": 0.0,
  "phases": {
    "C-S-H_1.0": {
      "moles": 0.42806906,
      "mass_kg": 0.0727717402
    },
    "Silica_gel": {
      "moles": 1.2289518799999999,
      "mass_kg": 0.07383542895039999
    },
    "Ettringite": {
      "moles": 0.007688925,
      "mass_kg": 0.009649600874999999
    },
    "Hydrotalcite": {
      "moles": 0.026937506999999996,
      "mass_kg": 0.011933315600999998
    }
  },
  "pH": 10.5,
  "pe": 4.0,
  "Eh": 0.24,
  "system_mass_kg": 0.16819008562639998,
  "input_composition": {
    "Ca": 0.42806906,
    "Si": 1.65702094,
    "Al": 0.62013529,
    "Fe": 0.12068769,
    "Mg": 0.08979169,
    "K": 0.07786318,
    "Na": 0.10782519,
    "S": 0.04613355,
    "O": 15.16590027,
    "H": 19.98303666,
    "C": 0.0
  },
  "execution_time": 9.059906005859375e-06,
  "mix_id": "MIX_3255",
  "input_file": "/teamspace/studios/this_studio/inputs/generated/MIX_3255.inp"
}