{
  "converged": true,
  "method": "simplified_thermodynamic_model",
  "note": "Using simplified model until Cemdata18 integration complete",
  "temperature_K": 298.15,
  "pressure_bar": 1.01325,
  "CO2_fraction": 0.35,
  "pCO2_bar": 0.3546375,
  "phases": {
    "Calcite": {
      "moles": 0.01575289135875,
      "mass_kg": 0.0015767068960972875
    },
    "C-S-H_1.0": {
      "moles": 0.24149868864125,
      "mass_kg": 0.0410547770690125
    },
    "Silica_gel": {
      "moles": 1.21591275135875,
      "mass_kg": 0.0730520381016337
    },
    "Ettringite": {
      "moles": 0.0034173,
      "mass_kg": 0.0042887114999999995
    },
    "Hydrotalcite": {
      "moles": 0.01829577,
      "mass_kg": 0.00810502611
    }
  },
  "pH": 8.7268125,
  "pe": 4.0,
  "Eh": 0.24,
  "system_mass_kg": 0.1280772596767435,
  "input_composition": {
    "Ca": 0.25725158,
    "Si": 1.45741144,
    "Al": 0.5493143,
    "Fe": 0.10426819,
    "Mg": 0.0609859,
    "K": 0.073277,
    "Na": 0.07110634,
    "S": 0.0205038,
    "O": 9.0453815,
    "H": 9.3254171,
    "C": 0.01776788
  },
  "execution_time": 1.2874603271484375e-05,
  "mix_id": "MIX_2213",
  "input_file": "/teamspace/studios/this_studio/inputs/generated/MIX_2213.inp"
}