{
  "converged": true,
  "method": "simplified_thermodynamic_model",
  "note": "Using simplified model until Cemdata18 integration complete",
  "temperature_K": 298.15,
  "pressure_bar": 1.01325,
  "CO2_fraction": 0.2,
  "pCO2_bar": 0.20265,
  "phases": {
    "Calcite": {
      "moles": 0.0039812517675,
      "mass_kg": 0.000398483489409075
    },
    "C-S-H_1.0": {
      "moles": 0.0971111682325,
      "mass_kg": 0.016508898599525
    },
    "Silica_gel": {
      "moles": 1.1453971917674999,
      "mass_kg": 0.06881546328139139
    },
    "Hydrotalcite": {
      "moles": 0.010725876,
      "mass_kg": 0.004751563068
    }
  },
  "pH": 9.48675,
  "pe": 4.0,
  "Eh": 0.24,
  "system_mass_kg": 0.09047440843832547,
  "input_composition": {
    "Ca": 0.10109242,
    "Si": 1.24250836,
    "Al": 0.47782835,
    "Fe": 0.08494053,
    "Mg": 0.03575292,
    "K": 0.06777358,
    "Na": 0.03653646,
    "S": 0.0,
    "O": 6.86439326,
    "H": 6.66101223,
    "C": 0.00785838
  },
  "execution_time": 1.7404556274414062e-05,
  "mix_id": "MIX_1155",
  "input_file": "/teamspace/studios/this_studio/inputs/generated/MIX_1155.inp"
}