{
  "converged": true,
  "method": "simplified_thermodynamic_model",
  "note": "Using simplified model until Cemdata18 integration complete",
  "temperature_K": 298.15,
  "pressure_bar": 1.01325,
  "CO2_fraction": 0.4,
  "pCO2_bar": 0.4053,
  "phases": {
    "Calcite": {
      "moles": 0.01892402,
      "mass_kg": 0.0018941051618
    },
    "C-S-H_1.0": {
      "moles": 0.4142273,
      "mass_kg": 0.070418641
    },
    "Silica_gel": {
      "moles": 0.8554499199999999,
      "mass_kg": 0.051395431193599996
    },
    "Ettringite": {
      "moles": 0.013669201666666667,
      "mass_kg": 0.017154848091666664
    },
    "Hydrotalcite": {
      "moles": 0.031157888999999998,
      "mass_kg": 0.013802944826999999
    }
  },
  "pH": 8.5,
  "pe": 4.0,
  "Eh": 0.24,
  "system_mass_kg": 0.15466597027406667,
  "input_composition": {
    "Ca": 0.43315132,
    "Si": 1.26967722,
    "Al": 0.5413348,
    "Fe": 0.06937019,
    "Mg": 0.10385963,
    "K": 0.06227016,
    "Na": 0.08872912,
    "S": 0.08201521,
    "O": 8.01537291,
    "H": 7.32711348,
    "C": 0.01892402
  },
  "execution_time": 8.58306884765625e-06,
  "mix_id": "MIX_1560",
  "input_file": "/teamspace/studios/this_studio/inputs/generated/MIX_1560.inp"
}