{
  "converged": true,
  "method": "simplified_thermodynamic_model",
  "note": "Using simplified model until Cemdata18 integration complete",
  "temperature_K": 298.15,
  "pressure_bar": 1.01325,
  "CO2_fraction": 0.4,
  "pCO2_bar": 0.4053,
  "phases": {
    "Calcite": {
      "moles": 0.01581217,
      "mass_kg": 0.0015826400953
    },
    "C-S-H_1.0": {
      "moles": 0.23186336000000002,
      "mass_kg": 0.039416771200000006
    },
    "Silica_gel": {
      "moles": 0.85633899,
      "mass_kg": 0.0514488465192
    },
    "Ettringite": {
      "moles": 0.00854325,
      "mass_kg": 0.010721778749999999
    },
    "Hydrotalcite": {
      "moles": 0.021444308999999998,
      "mass_kg": 0.009499828887
    }
  },
  "pH": 8.5,
  "pe": 4.0,
  "Eh": 0.24,
  "system_mass_kg": 0.11266986545150001,
  "input_composition": {
    "Ca": 0.24767553,
    "Si": 1.08820235,
    "Al": 0.47117877,
    "Fe": 0.05585885,
    "Mg": 0.07148103,
    "K": 0.05860121,
    "Na": 0.05536969,
    "S": 0.0512595,
    "O": 6.85901212,
    "H": 6.66101223,
    "C": 0.01581217
  },
  "execution_time": 2.4557113647460938e-05,
  "mix_id": "MIX_0103",
  "input_file": "/teamspace/studios/this_studio/inputs/generated/MIX_0103.inp"
}