{
  "converged": true,
  "method": "simplified_thermodynamic_model",
  "note": "Using simplified model until Cemdata18 integration complete",
  "temperature_K": 298.15,
  "pressure_bar": 1.01325,
  "CO2_fraction": 0.15,
  "pCO2_bar": 0.1519875,
  "phases": {
    "Calcite": {
      "moles": 0.0031455143015624997,
      "mass_kg": 0.00031483452644339056
    },
    "C-S-H_1.0": {
      "moles": 0.2834226956984375,
      "mass_kg": 0.048181858268734376
    },
    "Silica_gel": {
      "moles": 1.1715252043015627,
      "mass_kg": 0.0703852342744379
    },
    "Ettringite": {
      "moles": 0.00512595,
      "mass_kg": 0.006433067249999999
    },
    "Hydrotalcite": {
      "moles": 0.020439455999999998,
      "mass_kg": 0.009054679008
    }
  },
  "pH": 9.7400625,
  "pe": 4.0,
  "Eh": 0.24,
  "system_mass_kg": 0.13436967332761565,
  "input_composition": {
    "Ca": 0.28656821,
    "Si": 1.4549479,
    "Al": 0.54798438,
    "Fe": 0.09845186,
    "Mg": 0.06813152,
    "K": 0.07144252,
    "Na": 0.12993217,
    "S": 0.0307557,
    "O": 10.10562145,
    "H": 11.32372077,
    "C": 0.00827835
  },
  "execution_time": 9.775161743164062e-06,
  "mix_id": "MIX_2046",
  "input_file": "/teamspace/studios/this_studio/inputs/generated/MIX_2046.inp"
}