{
  "converged": true,
  "method": "simplified_thermodynamic_model",
  "note": "Using simplified model until Cemdata18 integration complete",
  "temperature_K": 298.15,
  "pressure_bar": 1.01325,
  "CO2_fraction": 0.35,
  "pCO2_bar": 0.3546375,
  "phases": {
    "Calcite": {
      "moles": 0.017968010379375,
      "mass_kg": 0.0017984181588716437
    },
    "C-S-H_1.0": {
      "moles": 0.327233439620625,
      "mass_kg": 0.05562968473550626
    },
    "Silica_gel": {
      "moles": 1.022862530379375,
      "mass_kg": 0.06145358082519285
    },
    "Ettringite": {
      "moles": 0.00854325,
      "mass_kg": 0.010721778749999999
    },
    "Hydrotalcite": {
      "moles": 0.024726828,
      "mass_kg": 0.010953984804
    }
  },
  "pH": 8.7268125,
  "pe": 4.0,
  "Eh": 0.24,
  "system_mass_kg": 0.14055744727357075,
  "input_composition": {
    "Ca": 0.34520145,
    "Si": 1.35009597,
    "Al": 0.54532455,
    "Fe": 0.08681919,
    "Mg": 0.08242276,
    "K": 0.06777358,
    "Na": 0.05384321,
    "S": 0.0512595,
    "O": 10.99216356,
    "H": 13.32202441,
    "C": 0.02026634
  },
  "execution_time": 2.4557113647460938e-05,
  "mix_id": "MIX_1875",
  "input_file": "/teamspace/studios/this_studio/inputs/generated/MIX_1875.inp"
}