{
  "converged": true,
  "method": "simplified_thermodynamic_model",
  "note": "Using simplified model until Cemdata18 integration complete",
  "temperature_K": 298.15,
  "pressure_bar": 1.01325,
  "CO2_fraction": 0.35,
  "pCO2_bar": 0.3546375,
  "phases": {
    "Calcite": {
      "moles": 0.016812920578125,
      "mass_kg": 0.0016828052206645315
    },
    "C-S-H_1.0": {
      "moles": 0.269755289421875,
      "mass_kg": 0.045858399201718754
    },
    "Silica_gel": {
      "moles": 1.1441632605781251,
      "mass_kg": 0.06874132869553376
    },
    "Ettringite": {
      "moles": 0.00512595,
      "mass_kg": 0.006433067249999999
    },
    "Hydrotalcite": {
      "moles": 0.020439455999999998,
      "mass_kg": 0.009054679008
    }
  },
  "pH": 8.7268125,
  "pe": 4.0,
  "Eh": 0.24,
  "system_mass_kg": 0.13177027937591704,
  "input_composition": {
    "Ca": 0.28656821,
    "Si": 1.41391855,
    "Al": 0.54798438,
    "Fe": 0.09845186,
    "Mg": 0.06813152,
    "K": 0.07144252,
    "Na": 0.05038186,
    "S": 0.0307557,
    "O": 10.00515784,
    "H": 11.32372071,
    "C": 0.0189635
  },
  "execution_time": 9.5367431640625e-06,
  "mix_id": "MIX_2098",
  "input_file": "/teamspace/studios/this_studio/inputs/generated/MIX_2098.inp"
}