{
  "converged": true,
  "method": "simplified_thermodynamic_model",
  "note": "Using simplified model until Cemdata18 integration complete",
  "temperature_K": 298.15,
  "pressure_bar": 1.01325,
  "CO2_fraction": 0.25,
  "pCO2_bar": 0.2533125,
  "phases": {
    "Calcite": {
      "moles": 0.005402180371874999,
      "mass_kg": 0.0005407042334209687
    },
    "C-S-H_1.0": {
      "moles": 0.125006859628125,
      "mass_kg": 0.02125116613678125
    },
    "Silica_gel": {
      "moles": 1.0988597203718748,
      "mass_kg": 0.06601949199994224
    },
    "Ettringite": {
      "moles": 0.00170865,
      "mass_kg": 0.0021443557499999997
    },
    "Hydrotalcite": {
      "moles": 0.012869562,
      "mass_kg": 0.0057012159659999995
    }
  },
  "pH": 9.2334375,
  "pe": 4.0,
  "Eh": 0.24,
  "system_mass_kg": 0.09565693408614447,
  "input_composition": {
    "Ca": 0.13040904,
    "Si": 1.22386658,
    "Al": 0.47649844,
    "Fe": 0.07912419,
    "Mg": 0.04289854,
    "K": 0.06593911,
    "Na": 0.0639949,
    "S": 0.0102519,
    "O": 5.3990367,
    "H": 3.66355677,
    "C": 0.00853046
  },
  "execution_time": 1.049041748046875e-05,
  "mix_id": "MIX_0952",
  "input_file": "/teamspace/studios/this_studio/inputs/generated/MIX_0952.inp"
}