{
  "converged": true,
  "method": "simplified_thermodynamic_model",
  "note": "Using simplified model until Cemdata18 integration complete",
  "temperature_K": 298.15,
  "pressure_bar": 1.01325,
  "CO2_fraction": 0.25,
  "pCO2_bar": 0.2533125,
  "phases": {
    "Calcite": {
      "moles": 0.011367784739062498,
      "mass_kg": 0.0011378015745327655
    },
    "C-S-H_1.0": {
      "moles": 0.5486260852609375,
      "mass_kg": 0.09326643449435938
    },
    "Silica_gel": {
      "moles": 0.9746198647390625,
      "mass_kg": 0.058555161473522875
    },
    "Ettringite": {
      "moles": 0.015377851666666666,
      "mass_kg": 0.019299203841666664
    },
    "Hydrotalcite": {
      "moles": 0.036584094,
      "mass_kg": 0.016206753642
    }
  },
  "pH": 9.2334375,
  "pe": 4.0,
  "Eh": 0.24,
  "system_mass_kg": 0.1884653550260817,
  "input_composition": {
    "Ca": 0.55999387,
    "Si": 1.52324595,
    "Al": 0.61415066,
    "Fe": 0.09451418,
    "Mg": 0.12194698,
    "K": 0.06960805,
    "Na": 0.13466411,
    "S": 0.09226711,
    "O": 13.69905924,
    "H": 16.98558118,
    "C": 0.01795061
  },
  "execution_time": 1.52587890625e-05,
  "mix_id": "MIX_2970",
  "input_file": "/teamspace/studios/this_studio/inputs/generated/MIX_2970.inp"
}