{
  "converged": true,
  "method": "simplified_thermodynamic_model",
  "note": "Using simplified model until Cemdata18 integration complete",
  "temperature_K": 298.15,
  "pressure_bar": 1.01325,
  "CO2_fraction": 0.15,
  "pCO2_bar": 0.1519875,
  "phases": {
    "Calcite": {
      "moles": 0.004997516186249999,
      "mass_kg": 0.0005002013950817625
    },
    "C-S-H_1.0": {
      "moles": 0.38867266381375,
      "mass_kg": 0.0660743528483375
    },
    "Silica_gel": {
      "moles": 1.66508669618625,
      "mass_kg": 0.1000384087068699
    },
    "Hydrotalcite": {
      "moles": 0.020573436,
      "mass_kg": 0.009114032148
    }
  },
  "pH": 9.7400625,
  "pe": 4.0,
  "Eh": 0.24,
  "system_mass_kg": 0.17572699509828918,
  "input_composition": {
    "Ca": 0.39367018,
    "Si": 2.05375936,
    "Al": 0.70026569,
    "Fe": 0.17782153,
    "Mg": 0.06857812,
    "K": 0.09529067,
    "Na": 0.081534,
    "S": 0.0,
    "O": 17.32533584,
    "H": 22.64744155,
    "C": 0.01315244
  },
  "execution_time": 1.049041748046875e-05,
  "mix_id": "MIX_4834",
  "input_file": "/teamspace/studios/this_studio/inputs/generated/MIX_4834.inp"
}