{
  "converged": true,
  "method": "simplified_thermodynamic_model",
  "note": "Using simplified model until Cemdata18 integration complete",
  "temperature_K": 298.15,
  "pressure_bar": 1.01325,
  "CO2_fraction": 0.3,
  "pCO2_bar": 0.303975,
  "phases": {
    "Calcite": {
      "moles": 0.008158407823124998,
      "mass_kg": 0.000816575039016581
    },
    "C-S-H_1.0": {
      "moles": 0.239517122176875,
      "mass_kg": 0.040717910770068755
    },
    "Silica_gel": {
      "moles": 0.845979747823125,
      "mass_kg": 0.050826463249213354
    },
    "Ettringite": {
      "moles": 0.00854325,
      "mass_kg": 0.010721778749999999
    },
    "Hydrotalcite": {
      "moles": 0.021444308999999998,
      "mass_kg": 0.009499828887
    }
  },
  "pH": 8.980125000000001,
  "pe": 4.0,
  "Eh": 0.24,
  "system_mass_kg": 0.1125825566952987,
  "input_composition": {
    "Ca": 0.24767553,
    "Si": 1.08549687,
    "Al": 0.47117877,
    "Fe": 0.05585885,
    "Mg": 0.07148103,
    "K": 0.05860121,
    "Na": 0.05012415,
    "S": 0.0512595,
    "O": 5.84167351,
    "H": 4.66270861,
    "C": 0.01073563
  },
  "execution_time": 1.1205673217773438e-05,
  "mix_id": "MIX_0069",
  "input_file": "/teamspace/studios/this_studio/inputs/generated/MIX_0069.inp"
}