{
  "converged": true,
  "method": "simplified_thermodynamic_model",
  "note": "Using simplified model until Cemdata18 integration complete",
  "temperature_K": 298.15,
  "pressure_bar": 1.01325,
  "CO2_fraction": 0.35,
  "pCO2_bar": 0.3546375,
  "phases": {
    "Calcite": {
      "moles": 0.01889044024875,
      "mass_kg": 0.0018907441644973877
    },
    "C-S-H_1.0": {
      "moles": 0.45315355975125005,
      "mass_kg": 0.07703610515771252
    },
    "Silica_gel": {
      "moles": 1.1729696302487498,
      "mass_kg": 0.0704720153853449
    },
    "Ettringite": {
      "moles": 0.010251901666666667,
      "mass_kg": 0.012866136591666666
    },
    "Hydrotalcite": {
      "moles": 0.030153035999999998,
      "mass_kg": 0.013357794947999999
    }
  },
  "pH": 8.7268125,
  "pe": 4.0,
  "Eh": 0.24,
  "system_mass_kg": 0.17562279624722146,
  "input_composition": {
    "Ca": 0.472044,
    "Si": 1.62612319,
    "Al": 0.61814041,
    "Fe": 0.11196319,
    "Mg": 0.10051012,
    "K": 0.07511147,
    "Na": 0.14332212,
    "S": 0.06151141,
    "O": 10.75165548,
    "H": 10.99067012,
    "C": 0.02130676
  },
  "execution_time": 1.1682510375976562e-05,
  "mix_id": "MIX_3228",
  "input_file": "/teamspace/studios/this_studio/inputs/generated/MIX_3228.inp"
}