{
  "converged": true,
  "method": "simplified_thermodynamic_model",
  "note": "Using simplified model until Cemdata18 integration complete",
  "temperature_K": 298.15,
  "pressure_bar": 1.01325,
  "CO2_fraction": 0.3,
  "pCO2_bar": 0.303975,
  "phases": {
    "Calcite": {
      "moles": 0.01078580813625,
      "mass_kg": 0.0010795515363572624
    },
    "C-S-H_1.0": {
      "moles": 0.21714915186375,
      "mass_kg": 0.036915355816837504
    },
    "Silica_gel": {
      "moles": 1.2821554381362499,
      "mass_kg": 0.0770318987232259
    },
    "Ettringite": {
      "moles": 0.00170865,
      "mass_kg": 0.0021443557499999997
    },
    "Hydrotalcite": {
      "moles": 0.016152083999999997,
      "mass_kg": 0.007155373211999999
    }
  },
  "pH": 8.980125000000001,
  "pe": 4.0,
  "Eh": 0.24,
  "system_mass_kg": 0.12432653503842066,
  "input_composition": {
    "Ca": 0.22793496,
    "Si": 1.49930459,
    "Al": 0.55064422,
    "Fe": 0.11008453,
    "Mg": 0.05384028,
    "K": 0.07511147,
    "Na": 0.08872912,
    "S": 0.0102519,
    "O": 8.0760963,
    "H": 7.32711348,
    "C": 0.01419302
  },
  "execution_time": 9.059906005859375e-06,
  "mix_id": "MIX_2312",
  "input_file": "/teamspace/studios/this_studio/inputs/generated/MIX_2312.inp"
}