{
  "converged": true,
  "method": "simplified_thermodynamic_model",
  "note": "Using simplified model until Cemdata18 integration complete",
  "temperature_K": 298.15,
  "pressure_bar": 1.01325,
  "CO2_fraction": 0.2,
  "pCO2_bar": 0.20265,
  "phases": {
    "Calcite": {
      "moles": 0.004055289944999999,
      "mass_kg": 0.0004058939705950499
    },
    "C-S-H_1.0": {
      "moles": 0.22896193005499998,
      "mass_kg": 0.03892352810935
    },
    "Silica_gel": {
      "moles": 0.895682939945,
      "mass_kg": 0.053812631031895604
    },
    "Ettringite": {
      "moles": 0.007688925,
      "mass_kg": 0.009649600874999999
    },
    "Hydrotalcite": {
      "moles": 0.020372466000000002,
      "mass_kg": 0.009025002438000002
    }
  },
  "pH": 9.48675,
  "pe": 4.0,
  "Eh": 0.24,
  "system_mass_kg": 0.11181665642484065,
  "input_composition": {
    "Ca": 0.23301722,
    "Si": 1.12464487,
    "Al": 0.47184373,
    "Fe": 0.05876702,
    "Mg": 0.06790822,
    "K": 0.05951845,
    "Na": 0.09422562,
    "S": 0.04613355,
    "O": 6.90791915,
    "H": 6.66101221,
    "C": 0.00800452
  },
  "execution_time": 1.0013580322265625e-05,
  "mix_id": "MIX_0159",
  "input_file": "/teamspace/studios/this_studio/inputs/generated/MIX_0159.inp"
}