{
  "converged": true,
  "method": "simplified_thermodynamic_model",
  "note": "Using simplified model until Cemdata18 integration complete",
  "temperature_K": 298.15,
  "pressure_bar": 1.01325,
  "CO2_fraction": 0.3,
  "pCO2_bar": 0.303975,
  "phases": {
    "Calcite": {
      "moles": 0.021818998726874997,
      "mass_kg": 0.0021838635825729186
    },
    "C-S-H_1.0": {
      "moles": 0.547750921273125,
      "mass_kg": 0.09311765661643125
    },
    "Silica_gel": {
      "moles": 1.3362724687268752,
      "mass_kg": 0.08028324992111066
    },
    "Ettringite": {
      "moles": 0.010251901666666667,
      "mass_kg": 0.012866136591666666
    },
    "Hydrotalcite": {
      "moles": 0.033435555,
      "mass_kg": 0.014811950865
    }
  },
  "pH": 8.980125000000001,
  "pe": 4.0,
  "Eh": 0.24,
  "system_mass_kg": 0.2032628575767815,
  "input_composition": {
    "Ca": 0.56956992,
    "Si": 1.88402339,
    "Al": 0.69228619,
    "Fe": 0.14292352,
    "Mg": 0.11145185,
    "K": 0.08428383,
    "Na": 0.13405294,
    "S": 0.06151141,
    "O": 19.37503325,
    "H": 26.64404877,
    "C": 0.02871157
  },
  "execution_time": 1.2874603271484375e-05,
  "mix_id": "MIX_4551",
  "input_file": "/teamspace/studios/this_studio/inputs/generated/MIX_4551.inp"
}