{
  "converged": true,
  "method": "simplified_thermodynamic_model",
  "note": "Using simplified model until Cemdata18 integration complete",
  "temperature_K": 298.15,
  "pressure_bar": 1.01325,
  "CO2_fraction": 0.2,
  "pCO2_bar": 0.20265,
  "phases": {
    "Calcite": {
      "moles": 0.0089934752775,
      "mass_kg": 0.0009001569405249749
    },
    "C-S-H_1.0": {
      "moles": 0.4433099447225,
      "mass_kg": 0.07536269060282501
    },
    "Silica_gel": {
      "moles": 1.5886462652775002,
      "mass_kg": 0.09544586761787222
    },
    "Ettringite": {
      "moles": 0.0034173,
      "mass_kg": 0.0042887114999999995
    },
    "Hydrotalcite": {
      "moles": 0.024860808,
      "mass_kg": 0.011013337944000001
    }
  },
  "pH": 9.48675,
  "pe": 4.0,
  "Eh": 0.24,
  "system_mass_kg": 0.1870107646052222,
  "input_composition": {
    "Ca": 0.45230342,
    "Si": 2.03195621,
    "Al": 0.69760586,
    "Fe": 0.16618886,
    "Mg": 0.08286936,
    "K": 0.09162172,
    "Na": 0.16646526,
    "S": 0.0205038,
    "O": 17.44455644,
    "H": 22.64744156,
    "C": 0.01775174
  },
  "execution_time": 9.775161743164062e-06,
  "mix_id": "MIX_4746",
  "input_file": "/teamspace/studios/this_studio/inputs/generated/MIX_4746.inp"
}