{
  "converged": true,
  "method": "simplified_thermodynamic_model",
  "note": "Using simplified model until Cemdata18 integration complete",
  "temperature_K": 298.15,
  "pressure_bar": 1.01325,
  "CO2_fraction": 0.15,
  "pCO2_bar": 0.1519875,
  "phases": {
    "Calcite": {
      "moles": 0.004629303669374999,
      "mass_kg": 0.0004633470042677437
    },
    "C-S-H_1.0": {
      "moles": 0.564940616330625,
      "mass_kg": 0.09603990477620625
    },
    "Silica_gel": {
      "moles": 1.328510193669375,
      "mass_kg": 0.07981689243565605
    },
    "Ettringite": {
      "moles": 0.010251901666666667,
      "mass_kg": 0.012866136591666666
    },
    "Hydrotalcite": {
      "moles": 0.033435555,
      "mass_kg": 0.014811950865
    }
  },
  "pH": 9.7400625,
  "pe": 4.0,
  "Eh": 0.24,
  "system_mass_kg": 0.2039982316727967,
  "input_composition": {
    "Ca": 0.56956992,
    "Si": 1.89345081,
    "Al": 0.69228619,
    "Fe": 0.14292352,
    "Mg": 0.11145185,
    "K": 0.08428383,
    "Na": 0.15233141,
    "S": 0.06151141,
    "O": 15.37336369,
    "H": 18.65083423,
    "C": 0.01218338
  },
  "execution_time": 1.7404556274414062e-05,
  "mix_id": "MIX_4505",
  "input_file": "/teamspace/studios/this_studio/inputs/generated/MIX_4505.inp"
}