{
  "converged": true,
  "method": "simplified_thermodynamic_model",
  "note": "Using simplified model until Cemdata18 integration complete",
  "temperature_K": 298.15,
  "pressure_bar": 1.01325,
  "CO2_fraction": 0.3,
  "pCO2_bar": 0.303975,
  "phases": {
    "Calcite": {
      "moles": 0.010719769567499999,
      "mass_kg": 0.0010729417360110748
    },
    "C-S-H_1.0": {
      "moles": 0.3931149304325,
      "mass_kg": 0.06682953817352501
    },
    "Silica_gel": {
      "moles": 0.8975714895674999,
      "mass_kg": 0.053926095093215394
    },
    "Ettringite": {
      "moles": 0.011960551666666666,
      "mass_kg": 0.015010492341666664
    },
    "Hydrotalcite": {
      "moles": 0.029014203,
      "mass_kg": 0.012853291929
    }
  },
  "pH": 8.980125000000001,
  "pe": 4.0,
  "Eh": 0.24,
  "system_mass_kg": 0.14969235927341815,
  "input_composition": {
    "Ca": 0.4038347,
    "Si": 1.29068642,
    "Al": 0.54266472,
    "Fe": 0.07518652,
    "Mg": 0.09671401,
    "K": 0.06410463,
    "Na": 0.06586079,
    "S": 0.07176331,
    "O": 7.98074,
    "H": 7.32711348,
    "C": 0.01410612
  },
  "execution_time": 8.821487426757812e-06,
  "mix_id": "MIX_1636",
  "input_file": "/teamspace/studios/this_studio/inputs/generated/MIX_1636.inp"
}