{
  "converged": true,
  "method": "simplified_thermodynamic_model",
  "note": "Using simplified model until Cemdata18 integration complete",
  "temperature_K": 298.15,
  "pressure_bar": 1.01325,
  "CO2_fraction": 0.25,
  "pCO2_bar": 0.2533125,
  "phases": {
    "Calcite": {
      "moles": 0.0092230068,
      "mass_kg": 0.0009231307506119999
    },
    "C-S-H_1.0": {
      "moles": 0.2480285732,
      "mass_kg": 0.042164857444
    },
    "Silica_gel": {
      "moles": 1.2147938268,
      "mass_kg": 0.07298481311414401
    },
    "Ettringite": {
      "moles": 0.0034173,
      "mass_kg": 0.0042887114999999995
    },
    "Hydrotalcite": {
      "moles": 0.01829577,
      "mass_kg": 0.00810502611
    }
  },
  "pH": 9.2334375,
  "pe": 4.0,
  "Eh": 0.24,
  "system_mass_kg": 0.128466538918756,
  "input_composition": {
    "Ca": 0.25725158,
    "Si": 1.4628224,
    "Al": 0.5493143,
    "Fe": 0.10426819,
    "Mg": 0.0609859,
    "K": 0.073277,
    "Na": 0.08159744,
    "S": 0.0205038,
    "O": 11.05334454,
    "H": 13.32202445,
    "C": 0.01456384
  },
  "execution_time": 9.298324584960938e-06,
  "mix_id": "MIX_2183",
  "input_file": "/teamspace/studios/this_studio/inputs/generated/MIX_2183.inp"
}