{
  "converged": true,
  "method": "simplified_thermodynamic_model",
  "note": "Using simplified model until Cemdata18 integration complete",
  "temperature_K": 298.15,
  "pressure_bar": 1.01325,
  "CO2_fraction": 0.2,
  "pCO2_bar": 0.20265,
  "phases": {
    "Calcite": {
      "moles": 0.004055289944999999,
      "mass_kg": 0.0004058939705950499
    },
    "C-S-H_1.0": {
      "moles": 0.15567037005499998,
      "mass_kg": 0.02646396290935
    },
    "Silica_gel": {
      "moles": 1.050984279945,
      "mass_kg": 0.0631431355390956
    },
    "Ettringite": {
      "moles": 0.0034173,
      "mass_kg": 0.0042887114999999995
    },
    "Hydrotalcite": {
      "moles": 0.015013247999999998,
      "mass_kg": 0.006650868863999999
    }
  },
  "pH": 9.48675,
  "pe": 4.0,
  "Eh": 0.24,
  "system_mass_kg": 0.10095257278304065,
  "input_composition": {
    "Ca": 0.15972566,
    "Si": 1.20665465,
    "Al": 0.47516852,
    "Fe": 0.07330786,
    "Mg": 0.05004416,
    "K": 0.06410463,
    "Na": 0.09422562,
    "S": 0.0205038,
    "O": 6.93298536,
    "H": 6.66101221,
    "C": 0.00800452
  },
  "execution_time": 1.71661376953125e-05,
  "mix_id": "MIX_0719",
  "input_file": "/teamspace/studios/this_studio/inputs/generated/MIX_0719.inp"
}