{
  "converged": true,
  "method": "simplified_thermodynamic_model",
  "note": "Using simplified model until Cemdata18 integration complete",
  "temperature_K": 298.15,
  "pressure_bar": 1.01325,
  "CO2_fraction": 0.2,
  "pCO2_bar": 0.20265,
  "phases": {
    "Calcite": {
      "moles": 0.00476434203,
      "mass_kg": 0.0004768629937827
    },
    "C-S-H_1.0": {
      "moles": 0.48702022797,
      "mass_kg": 0.0827934387549
    },
    "Silica_gel": {
      "moles": 0.7052544520299999,
      "mass_kg": 0.0423716874779624
    },
    "Ettringite": {
      "moles": 0.017086501666666667,
      "mass_kg": 0.021443559591666665
    },
    "Hydrotalcite": {
      "moles": 0.035445261,
      "mass_kg": 0.015702250623
    }
  },
  "pH": 9.48675,
  "pe": 4.0,
  "Eh": 0.24,
  "system_mass_kg": 0.16278779944131178,
  "input_composition": {
    "Ca": 0.49178457,
    "Si": 1.19227468,
    "Al": 0.53867497,
    "Fe": 0.05773752,
    "Mg": 0.11815087,
    "K": 0.05860121,
    "Na": 0.06586079,
    "S": 0.10251901,
    "O": 7.94125647,
    "H": 7.32711348,
    "C": 0.00940408
  },
  "execution_time": 1.1682510375976562e-05,
  "mix_id": "MIX_1268",
  "input_file": "/teamspace/studios/this_studio/inputs/generated/MIX_1268.inp"
}