{
  "converged": true,
  "method": "simplified_thermodynamic_model",
  "note": "Using simplified model until Cemdata18 integration complete",
  "temperature_K": 298.15,
  "pressure_bar": 1.01325,
  "CO2_fraction": 0.15,
  "pCO2_bar": 0.1519875,
  "phases": {
    "Calcite": {
      "moles": 0.0019447864537499998,
      "mass_kg": 0.0001946536761558375
    },
    "C-S-H_1.0": {
      "moles": 0.15778087354624998,
      "mass_kg": 0.0268227485028625
    },
    "Silica_gel": {
      "moles": 1.03328179645375,
      "mass_kg": 0.062079570330941296
    },
    "Ettringite": {
      "moles": 0.0034173,
      "mass_kg": 0.0042887114999999995
    },
    "Hydrotalcite": {
      "moles": 0.015013247999999998,
      "mass_kg": 0.006650868863999999
    }
  },
  "pH": 9.7400625,
  "pe": 4.0,
  "Eh": 0.24,
  "system_mass_kg": 0.10003655287395963,
  "input_composition": {
    "Ca": 0.15972566,
    "Si": 1.19106267,
    "Al": 0.47516852,
    "Fe": 0.07330786,
    "Mg": 0.05004416,
    "K": 0.06410463,
    "Na": 0.0639949,
    "S": 0.0205038,
    "O": 5.38218585,
    "H": 3.66355677,
    "C": 0.00511828
  },
  "execution_time": 9.775161743164062e-06,
  "mix_id": "MIX_0696",
  "input_file": "/teamspace/studios/this_studio/inputs/generated/MIX_0696.inp"
}