{
  "converged": true,
  "method": "simplified_thermodynamic_model",
  "note": "Using simplified model until Cemdata18 integration complete",
  "temperature_K": 298.15,
  "pressure_bar": 1.01325,
  "CO2_fraction": 0.3,
  "pCO2_bar": 0.303975,
  "phases": {
    "Calcite": {
      "moles": 0.017550065019374998,
      "mass_kg": 0.0017565860077892435
    },
    "C-S-H_1.0": {
      "moles": 0.410518994980625,
      "mass_kg": 0.06978822914670625
    },
    "Silica_gel": {
      "moles": 1.246501945019375,
      "mass_kg": 0.07488983685676405
    },
    "Ettringite": {
      "moles": 0.007688925,
      "mass_kg": 0.009649600874999999
    },
    "Hydrotalcite": {
      "moles": 0.026937506999999996,
      "mass_kg": 0.011933315600999998
    }
  },
  "pH": 8.980125000000001,
  "pe": 4.0,
  "Eh": 0.24,
  "system_mass_kg": 0.16801756848725954,
  "input_composition": {
    "Ca": 0.42806906,
    "Si": 1.65702094,
    "Al": 0.62013529,
    "Fe": 0.12068769,
    "Mg": 0.08979169,
    "K": 0.07786318,
    "Na": 0.10782519,
    "S": 0.04613355,
    "O": 15.21208845,
    "H": 19.98303666,
    "C": 0.02309409
  },
  "execution_time": 9.775161743164062e-06,
  "mix_id": "MIX_3319",
  "input_file": "/teamspace/studios/this_studio/inputs/generated/MIX_3319.inp"
}