{
  "converged": true,
  "method": "simplified_thermodynamic_model",
  "note": "Using simplified model until Cemdata18 integration complete",
  "temperature_K": 298.15,
  "pressure_bar": 1.01325,
  "CO2_fraction": 0.2,
  "pCO2_bar": 0.20265,
  "phases": {
    "Calcite": {
      "moles": 0.00597621436125,
      "mass_kg": 0.0005981592954175125
    },
    "C-S-H_1.0": {
      "moles": 0.33922523563875,
      "mass_kg": 0.05766829005858751
    },
    "Silica_gel": {
      "moles": 1.0547189043612502,
      "mass_kg": 0.06336751177402392
    },
    "Ettringite": {
      "moles": 0.00854325,
      "mass_kg": 0.010721778749999999
    },
    "Hydrotalcite": {
      "moles": 0.024726828,
      "mass_kg": 0.010953984804
    }
  },
  "pH": 9.48675,
  "pe": 4.0,
  "Eh": 0.24,
  "system_mass_kg": 0.14330972468202893,
  "input_composition": {
    "Ca": 0.34520145,
    "Si": 1.39394414,
    "Al": 0.54532455,
    "Fe": 0.08681919,
    "Mg": 0.08242276,
    "K": 0.06777358,
    "Na": 0.1388588,
    "S": 0.0512595,
    "O": 11.10542729,
    "H": 13.32202445,
    "C": 0.01179613
  },
  "execution_time": 9.775161743164062e-06,
  "mix_id": "MIX_1839",
  "input_file": "/teamspace/studios/this_studio/inputs/generated/MIX_1839.inp"
}