{
  "converged": true,
  "method": "simplified_thermodynamic_model",
  "note": "Using simplified model until Cemdata18 integration complete",
  "temperature_K": 298.15,
  "pressure_bar": 1.01325,
  "CO2_fraction": 0.35,
  "pCO2_bar": 0.3546375,
  "phases": {
    "Calcite": {
      "moles": 0.0105882788484375,
      "mass_kg": 0.0010597808299401094
    },
    "C-S-H_1.0": {
      "moles": 0.1051624511515625,
      "mass_kg": 0.017877616695765628
    },
    "Silica_gel": {
      "moles": 1.1351060888484374,
      "mass_kg": 0.06819717381801413
    },
    "Ettringite": {
      "moles": 0.000854325,
      "mass_kg": 0.0010721778749999999
    },
    "Hydrotalcite": {
      "moles": 0.011797719,
      "mass_kg": 0.005226389517
    }
  },
  "pH": 8.7268125,
  "pe": 4.0,
  "Eh": 0.24,
  "system_mass_kg": 0.09343313873571986,
  "input_composition": {
    "Ca": 0.11575073,
    "Si": 1.24026854,
    "Al": 0.47716339,
    "Fe": 0.08203236,
    "Mg": 0.03932573,
    "K": 0.06685634,
    "Na": 0.0639949,
    "S": 0.00512595,
    "O": 5.41087432,
    "H": 3.66355677,
    "C": 0.01194265
  },
  "execution_time": 1.8596649169921875e-05,
  "mix_id": "MIX_1096",
  "input_file": "/teamspace/studios/this_studio/inputs/generated/MIX_1096.inp"
}