{
  "converged": true,
  "method": "simplified_thermodynamic_model",
  "note": "Using simplified model until Cemdata18 integration complete",
  "temperature_K": 298.15,
  "pressure_bar": 1.01325,
  "CO2_fraction": 0.3,
  "pCO2_bar": 0.303975,
  "phases": {
    "Calcite": {
      "moles": 0.016471941688125,
      "mass_kg": 0.001648676643564431
    },
    "C-S-H_1.0": {
      "moles": 0.543521928311875,
      "mass_kg": 0.09239872781301875
    },
    "Silica_gel": {
      "moles": 0.9980017116881251,
      "mass_kg": 0.059959942838222556
    },
    "Ettringite": {
      "moles": 0.015377851666666666,
      "mass_kg": 0.019299203841666664
    },
    "Hydrotalcite": {
      "moles": 0.036584094,
      "mass_kg": 0.016206753642
    }
  },
  "pH": 8.980125000000001,
  "pe": 4.0,
  "Eh": 0.24,
  "system_mass_kg": 0.1895133047784724,
  "input_composition": {
    "Ca": 0.55999387,
    "Si": 1.54152364,
    "Al": 0.61415066,
    "Fe": 0.09451418,
    "Mg": 0.12194698,
    "K": 0.06960805,
    "Na": 0.17010204,
    "S": 0.09226711,
    "O": 13.76078309,
    "H": 16.98558112,
    "C": 0.02167539
  },
  "execution_time": 1.1444091796875e-05,
  "mix_id": "MIX_2990",
  "input_file": "/teamspace/studios/this_studio/inputs/generated/MIX_2990.inp"
}