{
  "converged": true,
  "method": "simplified_thermodynamic_model",
  "note": "Using simplified model until Cemdata18 integration complete",
  "temperature_K": 298.15,
  "pressure_bar": 1.01325,
  "CO2_fraction": 0.15,
  "pCO2_bar": 0.1519875,
  "phases": {
    "Calcite": {
      "moles": 0.0026637709218749997,
      "mass_kg": 0.0002666168315704687
    },
    "C-S-H_1.0": {
      "moles": 0.254587809078125,
      "mass_kg": 0.043279927543281256
    },
    "Silica_gel": {
      "moles": 1.188564150921875,
      "mass_kg": 0.07140893418738625
    },
    "Ettringite": {
      "moles": 0.0034173,
      "mass_kg": 0.0042887114999999995
    },
    "Hydrotalcite": {
      "moles": 0.01829577,
      "mass_kg": 0.00810502611
    }
  },
  "pH": 9.7400625,
  "pe": 4.0,
  "Eh": 0.24,
  "system_mass_kg": 0.127349216172238,
  "input_composition": {
    "Ca": 0.25725158,
    "Si": 1.44315196,
    "Al": 0.5493143,
    "Fe": 0.10426819,
    "Mg": 0.0609859,
    "K": 0.073277,
    "Na": 0.04345916,
    "S": 0.0205038,
    "O": 7.98237234,
    "H": 7.32711342,
    "C": 0.0070105
  },
  "execution_time": 1.0013580322265625e-05,
  "mix_id": "MIX_2144",
  "input_file": "/teamspace/studios/this_studio/inputs/generated/MIX_2144.inp"
}