{
  "converged": true,
  "method": "simplified_thermodynamic_model",
  "note": "Using simplified model until Cemdata18 integration complete",
  "temperature_K": 298.15,
  "pressure_bar": 1.01325,
  "CO2_fraction": 0.3,
  "pCO2_bar": 0.303975,
  "phases": {
    "Calcite": {
      "moles": 0.011717651098125,
      "mass_kg": 0.0011728196984113312
    },
    "C-S-H_1.0": {
      "moles": 0.333483798901875,
      "mass_kg": 0.056692245813318755
    },
    "Silica_gel": {
      "moles": 1.051252221098125,
      "mass_kg": 0.06315923344357535
    },
    "Ettringite": {
      "moles": 0.00854325,
      "mass_kg": 0.010721778749999999
    },
    "Hydrotalcite": {
      "moles": 0.024726828,
      "mass_kg": 0.010953984804
    }
  },
  "pH": 8.980125000000001,
  "pe": 4.0,
  "Eh": 0.24,
  "system_mass_kg": 0.14270006250930545,
  "input_composition": {
    "Ca": 0.34520145,
    "Si": 1.38473602,
    "Al": 0.54532455,
    "Fe": 0.08681919,
    "Mg": 0.08242276,
    "K": 0.06777358,
    "Na": 0.12100552,
    "S": 0.0512595,
    "O": 9.08702692,
    "H": 9.32541705,
    "C": 0.01541923
  },
  "execution_time": 3.075599670410156e-05,
  "mix_id": "MIX_1869",
  "input_file": "/teamspace/studios/this_studio/inputs/generated/MIX_1869.inp"
}