{
  "converged": true,
  "method": "simplified_thermodynamic_model",
  "note": "Using simplified model until Cemdata18 integration complete",
  "temperature_K": 298.15,
  "pressure_bar": 1.01325,
  "CO2_fraction": 0.15,
  "pCO2_bar": 0.1519875,
  "phases": {
    "Calcite": {
      "moles": 0.0055226633962499995,
      "mass_kg": 0.0005527633793306624
    },
    "C-S-H_1.0": {
      "moles": 0.38814751660374996,
      "mass_kg": 0.0659850778226375
    },
    "Silica_gel": {
      "moles": 1.7412186133962502,
      "mass_kg": 0.1046124142928467
    },
    "Hydrotalcite": {
      "moles": 0.020573436,
      "mass_kg": 0.009114032148
    }
  },
  "pH": 9.7400625,
  "pe": 4.0,
  "Eh": 0.24,
  "system_mass_kg": 0.18026428764281488,
  "input_composition": {
    "Ca": 0.39367018,
    "Si": 2.12936613,
    "Al": 0.70026569,
    "Fe": 0.17782153,
    "Mg": 0.06857812,
    "K": 0.09529067,
    "Na": 0.22812517,
    "S": 0.0,
    "O": 19.55091275,
    "H": 26.64404881,
    "C": 0.01453452
  },
  "execution_time": 0.0002624988555908203,
  "mix_id": "MIX_4847",
  "input_file": "/teamspace/studios/this_studio/inputs/generated/MIX_4847.inp"
}