{
  "converged": true,
  "method": "simplified_thermodynamic_model",
  "note": "Using simplified model until Cemdata18 integration complete",
  "temperature_K": 298.15,
  "pressure_bar": 1.01325,
  "CO2_fraction": 0.2,
  "pCO2_bar": 0.20265,
  "phases": {
    "Calcite": {
      "moles": 0.00367110100875,
      "mass_kg": 0.0003674404999657875
    },
    "C-S-H_1.0": {
      "moles": 0.15605455899124998,
      "mass_kg": 0.0265292750285125
    },
    "Silica_gel": {
      "moles": 1.04599603100875,
      "mass_kg": 0.0628434415430057
    },
    "Ettringite": {
      "moles": 0.0034173,
      "mass_kg": 0.0042887114999999995
    },
    "Hydrotalcite": {
      "moles": 0.015013247999999998,
      "mass_kg": 0.006650868863999999
    }
  },
  "pH": 9.48675,
  "pe": 4.0,
  "Eh": 0.24,
  "system_mass_kg": 0.10067973743548399,
  "input_composition": {
    "Ca": 0.15972566,
    "Si": 1.20205059,
    "Al": 0.47516852,
    "Fe": 0.07330786,
    "Mg": 0.05004416,
    "K": 0.06410463,
    "Na": 0.08529898,
    "S": 0.0205038,
    "O": 5.91864545,
    "H": 4.66270854,
    "C": 0.00724619
  },
  "execution_time": 1.0251998901367188e-05,
  "mix_id": "MIX_0717",
  "input_file": "/teamspace/studios/this_studio/inputs/generated/MIX_0717.inp"
}