{
  "converged": true,
  "method": "simplified_thermodynamic_model",
  "note": "Using simplified model until Cemdata18 integration complete",
  "temperature_K": 298.15,
  "pressure_bar": 1.01325,
  "CO2_fraction": 0.3,
  "pCO2_bar": 0.303975,
  "phases": {
    "Calcite": {
      "moles": 0.018292789934999998,
      "mass_kg": 0.0018309253445941498
    },
    "C-S-H_1.0": {
      "moles": 0.492643880065,
      "mass_kg": 0.08374945961105
    },
    "Silica_gel": {
      "moles": 1.426329349935,
      "mass_kg": 0.0856938673440948
    },
    "Ettringite": {
      "moles": 0.0068346,
      "mass_kg": 0.008577422999999999
    },
    "Hydrotalcite": {
      "moles": 0.029148182999999998,
      "mass_kg": 0.012912645068999999
    }
  },
  "pH": 8.980125000000001,
  "pe": 4.0,
  "Eh": 0.24,
  "system_mass_kg": 0.19276432036873895,
  "input_composition": {
    "Ca": 0.51093667,
    "Si": 1.91897323,
    "Al": 0.69494602,
    "Fe": 0.15455619,
    "Mg": 0.09716061,
    "K": 0.08795278,
    "Na": 0.0746113,
    "S": 0.0410076,
    "O": 15.29816187,
    "H": 18.65083414,
    "C": 0.02407144
  },
  "execution_time": 9.298324584960938e-06,
  "mix_id": "MIX_4657",
  "input_file": "/teamspace/studios/this_studio/inputs/generated/MIX_4657.inp"
}