{
  "converged": true,
  "method": "simplified_thermodynamic_model",
  "note": "Using simplified model until Cemdata18 integration complete",
  "temperature_K": 298.15,
  "pressure_bar": 1.01325,
  "CO2_fraction": 0.4,
  "pCO2_bar": 0.4053,
  "phases": {
    "Calcite": {
      "moles": 0.023906,
      "mass_kg": 0.00239275154
    },
    "C-S-H_1.0": {
      "moles": 0.36018813,
      "mass_kg": 0.061231982100000006
    },
    "Silica_gel": {
      "moles": 1.31908922,
      "mass_kg": 0.0792508803376
    },
    "Ettringite": {
      "moles": 0.00512595,
      "mass_kg": 0.006433067249999999
    },
    "Hydrotalcite": {
      "moles": 0.023721975,
      "mass_kg": 0.010508834925
    }
  },
  "pH": 8.5,
  "pe": 4.0,
  "Eh": 0.24,
  "system_mass_kg": 0.1598175161526,
  "input_composition": {
    "Ca": 0.38409413,
    "Si": 1.67927735,
    "Al": 0.62213016,
    "Fe": 0.12941219,
    "Mg": 0.07907325,
    "K": 0.08061489,
    "Na": 0.05557388,
    "S": 0.0307557,
    "O": 10.65254418,
    "H": 10.99067014,
    "C": 0.023906
  },
  "execution_time": 0.0004813671112060547,
  "mix_id": "MIX_3456",
  "input_file": "/teamspace/studios/this_studio/inputs/generated/MIX_3456.inp"
}