{
  "converged": true,
  "method": "simplified_thermodynamic_model",
  "note": "Using simplified model until Cemdata18 integration complete",
  "temperature_K": 298.15,
  "pressure_bar": 1.01325,
  "CO2_fraction": 0.3,
  "pCO2_bar": 0.303975,
  "phases": {
    "Calcite": {
      "moles": 0.009067711038749999,
      "mass_kg": 0.0009075871978684874
    },
    "C-S-H_1.0": {
      "moles": 0.15065794896124998,
      "mass_kg": 0.0256118513234125
    },
    "Silica_gel": {
      "moles": 1.0458720410387499,
      "mass_kg": 0.0628359922256081
    },
    "Ettringite": {
      "moles": 0.0034173,
      "mass_kg": 0.0042887114999999995
    },
    "Hydrotalcite": {
      "moles": 0.015013247999999998,
      "mass_kg": 0.006650868863999999
    }
  },
  "pH": 8.980125000000001,
  "pe": 4.0,
  "Eh": 0.24,
  "system_mass_kg": 0.10029501111088908,
  "input_composition": {
    "Ca": 0.15972566,
    "Si": 1.19652999,
    "Al": 0.47516852,
    "Fe": 0.07330786,
    "Mg": 0.05004416,
    "K": 0.06410463,
    "Na": 0.07459528,
    "S": 0.0205038,
    "O": 6.91077623,
    "H": 6.66101226,
    "C": 0.01193218
  },
  "execution_time": 1.4781951904296875e-05,
  "mix_id": "MIX_0747",
  "input_file": "/teamspace/studios/this_studio/inputs/generated/MIX_0747.inp"
}