{
  "converged": true,
  "method": "simplified_thermodynamic_model",
  "note": "Using simplified model until Cemdata18 integration complete",
  "temperature_K": 298.15,
  "pressure_bar": 1.01325,
  "CO2_fraction": 0.15,
  "pCO2_bar": 0.1519875,
  "phases": {
    "Calcite": {
      "moles": 0.0028759302731249997,
      "mass_kg": 0.0002878518610370812
    },
    "C-S-H_1.0": {
      "moles": 0.400958769726875,
      "mass_kg": 0.06816299085356875
    },
    "Silica_gel": {
      "moles": 0.879958890273125,
      "mass_kg": 0.052867930127609354
    },
    "Ettringite": {
      "moles": 0.011960551666666666,
      "mass_kg": 0.015010492341666664
    },
    "Hydrotalcite": {
      "moles": 0.029014203,
      "mass_kg": 0.012853291929
    }
  },
  "pH": 9.7400625,
  "pe": 4.0,
  "Eh": 0.24,
  "system_mass_kg": 0.14918255711288184,
  "input_composition": {
    "Ca": 0.4038347,
    "Si": 1.28091766,
    "Al": 0.54266472,
    "Fe": 0.07518652,
    "Mg": 0.09671401,
    "K": 0.06410463,
    "Na": 0.04692051,
    "S": 0.07176331,
    "O": 8.93780964,
    "H": 9.32541712,
    "C": 0.00756886
  },
  "execution_time": 1.1682510375976562e-05,
  "mix_id": "MIX_1585",
  "input_file": "/teamspace/studios/this_studio/inputs/generated/MIX_1585.inp"
}