{
  "converged": true,
  "method": "simplified_thermodynamic_model",
  "note": "Using simplified model until Cemdata18 integration complete",
  "temperature_K": 298.15,
  "pressure_bar": 1.01325,
  "CO2_fraction": 0.15,
  "pCO2_bar": 0.1519875,
  "phases": {
    "Calcite": {
      "moles": 0.0034481176143749993,
      "mass_kg": 0.0003451220920227937
    },
    "C-S-H_1.0": {
      "moles": 0.424620942385625,
      "mass_kg": 0.07218556020555625
    },
    "Silica_gel": {
      "moles": 1.235307967614375,
      "mass_kg": 0.07421730269427165
    },
    "Ettringite": {
      "moles": 0.007688925,
      "mass_kg": 0.009649600874999999
    },
    "Hydrotalcite": {
      "moles": 0.026937506999999996,
      "mass_kg": 0.011933315600999998
    }
  },
  "pH": 9.7400625,
  "pe": 4.0,
  "Eh": 0.24,
  "system_mass_kg": 0.16833090146785068,
  "input_composition": {
    "Ca": 0.42806906,
    "Si": 1.65992891,
    "Al": 0.62013529,
    "Fe": 0.12068769,
    "Mg": 0.08979169,
    "K": 0.07786318,
    "Na": 0.11346335,
    "S": 0.04613355,
    "O": 10.69650154,
    "H": 10.99067019,
    "C": 0.00907474
  },
  "execution_time": 9.298324584960938e-06,
  "mix_id": "MIX_3272",
  "input_file": "/teamspace/studios/this_studio/inputs/generated/MIX_3272.inp"
}