{
  "converged": true,
  "method": "simplified_thermodynamic_model",
  "note": "Using simplified model until Cemdata18 integration complete",
  "temperature_K": 298.15,
  "pressure_bar": 1.01325,
  "CO2_fraction": 0.35,
  "pCO2_bar": 0.3546375,
  "phases": {
    "Calcite": {
      "moles": 0.015849937910624997,
      "mass_kg": 0.001586420285474456
    },
    "C-S-H_1.0": {
      "moles": 0.329351512089375,
      "mass_kg": 0.05598975705519376
    },
    "Silica_gel": {
      "moles": 1.0423823179106249,
      "mass_kg": 0.06262632966007034
    },
    "Ettringite": {
      "moles": 0.00854325,
      "mass_kg": 0.010721778749999999
    },
    "Hydrotalcite": {
      "moles": 0.024726828,
      "mass_kg": 0.010953984804
    }
  },
  "pH": 8.7268125,
  "pe": 4.0,
  "Eh": 0.24,
  "system_mass_kg": 0.14187827055473856,
  "input_composition": {
    "Ca": 0.34520145,
    "Si": 1.37173383,
    "Al": 0.54532455,
    "Fe": 0.08681919,
    "Mg": 0.08242276,
    "K": 0.06777358,
    "Na": 0.09579605,
    "S": 0.0512595,
    "O": 9.05333405,
    "H": 9.32541714,
    "C": 0.01787734
  },
  "execution_time": 1.049041748046875e-05,
  "mix_id": "MIX_1881",
  "input_file": "/teamspace/studios/this_studio/inputs/generated/MIX_1881.inp"
}