{
  "converged": true,
  "method": "simplified_thermodynamic_model",
  "note": "Using simplified model until Cemdata18 integration complete",
  "temperature_K": 298.15,
  "pressure_bar": 1.01325,
  "CO2_fraction": 0.0,
  "pCO2_bar": 0.0,
  "phases": {
    "C-S-H_1.0": {
      "moles": 0.18904229,
      "mass_kg": 0.0321371893
    },
    "Silica_gel": {
      "moles": 0.9848084500000001,
      "mass_kg": 0.059167291676
    },
    "Ettringite": {
      "moles": 0.00512595,
      "mass_kg": 0.006433067249999999
    },
    "Hydrotalcite": {
      "moles": 0.017156936999999997,
      "mass_kg": 0.007600523090999999
    }
  },
  "pH": 10.5,
  "pe": 4.0,
  "Eh": 0.24,
  "system_mass_kg": 0.105338071317,
  "input_composition": {
    "Ca": 0.18904229,
    "Si": 1.17385074,
    "Al": 0.4738386,
    "Fe": 0.06749152,
    "Mg": 0.05718979,
    "K": 0.06227016,
    "Na": 0.09422562,
    "S": 0.0307557,
    "O": 6.90694984,
    "H": 6.66101221,
    "C": 0.0
  },
  "execution_time": 9.5367431640625e-06,
  "mix_id": "MIX_0463",
  "input_file": "/teamspace/studios/this_studio/inputs/generated/MIX_0463.inp"
}