{
  "converged": true,
  "method": "simplified_thermodynamic_model",
  "note": "Using simplified model until Cemdata18 integration complete",
  "temperature_K": 298.15,
  "pressure_bar": 1.01325,
  "CO2_fraction": 0.2,
  "pCO2_bar": 0.20265,
  "phases": {
    "Calcite": {
      "moles": 0.00813013054875,
      "mass_kg": 0.0008137447666243875
    },
    "C-S-H_1.0": {
      "moles": 0.50280653945125,
      "mass_kg": 0.0854771117067125
    },
    "Silica_gel": {
      "moles": 1.41616669054875,
      "mass_kg": 0.08508329476816891
    },
    "Ettringite": {
      "moles": 0.0068346,
      "mass_kg": 0.008577422999999999
    },
    "Hydrotalcite": {
      "moles": 0.029148182999999998,
      "mass_kg": 0.012912645068999999
    }
  },
  "pH": 9.48675,
  "pe": 4.0,
  "Eh": 0.24,
  "system_mass_kg": 0.1928642193105058,
  "input_composition": {
    "Ca": 0.51093667,
    "Si": 1.91897323,
    "Al": 0.69494602,
    "Fe": 0.15455619,
    "Mg": 0.09716061,
    "K": 0.08795278,
    "Na": 0.0746113,
    "S": 0.0410076,
    "O": 15.28211424,
    "H": 18.65083414,
    "C": 0.01604763
  },
  "execution_time": 1.0728836059570312e-05,
  "mix_id": "MIX_4625",
  "input_file": "/teamspace/studios/this_studio/inputs/generated/MIX_4625.inp"
}