{
  "converged": true,
  "method": "simplified_thermodynamic_model",
  "note": "Using simplified model until Cemdata18 integration complete",
  "temperature_K": 298.15,
  "pressure_bar": 1.01325,
  "CO2_fraction": 0.2,
  "pCO2_bar": 0.20265,
  "phases": {
    "Calcite": {
      "moles": 0.00381569178375,
      "mass_kg": 0.00038191259063553753
    },
    "C-S-H_1.0": {
      "moles": 0.12659334821625,
      "mass_kg": 0.021520869196762504
    },
    "Silica_gel": {
      "moles": 1.09147190178375,
      "mass_kg": 0.0655756318591677
    },
    "Ettringite": {
      "moles": 0.00170865,
      "mass_kg": 0.0021443557499999997
    },
    "Hydrotalcite": {
      "moles": 0.012869562,
      "mass_kg": 0.0057012159659999995
    }
  },
  "pH": 9.48675,
  "pe": 4.0,
  "Eh": 0.24,
  "system_mass_kg": 0.09532398536256574,
  "input_composition": {
    "Ca": 0.13040904,
    "Si": 1.21806525,
    "Al": 0.47649844,
    "Fe": 0.07912419,
    "Mg": 0.04289854,
    "K": 0.06593911,
    "Na": 0.05274692,
    "S": 0.0102519,
    "O": 6.37896411,
    "H": 5.6618604,
    "C": 0.00753159
  },
  "execution_time": 1.0967254638671875e-05,
  "mix_id": "MIX_0934",
  "input_file": "/teamspace/studios/this_studio/inputs/generated/MIX_0934.inp"
}