{
  "converged": true,
  "method": "simplified_thermodynamic_model",
  "note": "Using simplified model until Cemdata18 integration complete",
  "temperature_K": 298.15,
  "pressure_bar": 1.01325,
  "CO2_fraction": 0.35,
  "pCO2_bar": 0.3546375,
  "phases": {
    "Calcite": {
      "moles": 0.02403474089625,
      "mass_kg": 0.0024056372163056626
    },
    "C-S-H_1.0": {
      "moles": 0.31608444910375,
      "mass_kg": 0.053734356347637506
    },
    "Silica_gel": {
      "moles": 1.45865815089625,
      "mass_kg": 0.0876361817058467
    },
    "Ettringite": {
      "moles": 0.002562975,
      "mass_kg": 0.0032165336249999994
    },
    "Hydrotalcite": {
      "moles": 0.020506445999999998,
      "mass_kg": 0.009084355577999999
    }
  },
  "pH": 8.7268125,
  "pe": 4.0,
  "Eh": 0.24,
  "system_mass_kg": 0.15607706447278985,
  "input_composition": {
    "Ca": 0.34011919,
    "Si": 1.7747426,
    "Al": 0.62412504,
    "Fe": 0.13813669,
    "Mg": 0.06835482,
    "K": 0.0833666,
    "Na": 0.14526449,
    "S": 0.01537785,
    "O": 15.3075374,
    "H": 19.98303667,
    "C": 0.02710908
  },
  "execution_time": 1.1205673217773438e-05,
  "mix_id": "MIX_3563",
  "input_file": "/teamspace/studios/this_studio/inputs/generated/MIX_3563.inp"
}