{
  "converged": true,
  "method": "simplified_thermodynamic_model",
  "note": "Using simplified model until Cemdata18 integration complete",
  "temperature_K": 298.15,
  "pressure_bar": 1.01325,
  "CO2_fraction": 0.0,
  "pCO2_bar": 0.0,
  "phases": {
    "C-S-H_1.0": {
      "moles": 0.6039688,
      "mass_kg": 0.102674696
    },
    "Silica_gel": {
      "moles": 0.8591366500000001,
      "mass_kg": 0.051616929932000004
    },
    "Ettringite": {
      "moles": 0.017940826666666666,
      "mass_kg": 0.022515737466666665
    },
    "Hydrotalcite": {
      "moles": 0.039799626,
      "mass_kg": 0.017631234318
    }
  },
  "pH": 10.5,
  "pe": 4.0,
  "Eh": 0.24,
  "system_mass_kg": 0.19443859771666666,
  "input_composition": {
    "Ca": 0.6039688,
    "Si": 1.46310545,
    "Al": 0.61215579,
    "Fe": 0.08578968,
    "Mg": 0.13266542,
    "K": 0.06685634,
    "Na": 0.11346335,
    "S": 0.10764496,
    "O": 10.61819315,
    "H": 10.99067019,
    "C": 0.0
  },
  "execution_time": 8.106231689453125e-06,
  "mix_id": "MIX_2808",
  "input_file": "/teamspace/studios/this_studio/inputs/generated/MIX_2808.inp"
}