{
  "converged": true,
  "method": "simplified_thermodynamic_model",
  "note": "Using simplified model until Cemdata18 integration complete",
  "temperature_K": 298.15,
  "pressure_bar": 1.01325,
  "CO2_fraction": 0.15,
  "pCO2_bar": 0.1519875,
  "phases": {
    "Calcite": {
      "moles": 0.0044145453318749995,
      "mass_kg": 0.0004418518422673687
    },
    "C-S-H_1.0": {
      "moles": 0.291729714668125,
      "mass_kg": 0.04959405149358125
    },
    "Silica_gel": {
      "moles": 1.532218755331875,
      "mass_kg": 0.09205570282033905
    },
    "Hydrotalcite": {
      "moles": 0.017290917,
      "mass_kg": 0.007659876231
    }
  },
  "pH": 9.7400625,
  "pe": 4.0,
  "Eh": 0.24,
  "system_mass_kg": 0.14975148238718766,
  "input_composition": {
    "Ca": 0.29614426,
    "Si": 1.82394847,
    "Al": 0.62611991,
    "Fe": 0.1468612,
    "Mg": 0.05763639,
    "K": 0.08611831,
    "Na": 0.14526449,
    "S": 0.0,
    "O": 15.29159532,
    "H": 19.98303667,
    "C": 0.01161818
  },
  "execution_time": 8.58306884765625e-06,
  "mix_id": "MIX_3611",
  "input_file": "/teamspace/studios/this_studio/inputs/generated/MIX_3611.inp"
}