{
  "converged": true,
  "method": "simplified_thermodynamic_model",
  "note": "Using simplified model until Cemdata18 integration complete",
  "temperature_K": 298.15,
  "pressure_bar": 1.01325,
  "CO2_fraction": 0.35,
  "pCO2_bar": 0.3546375,
  "phases": {
    "Calcite": {
      "moles": 0.024184991939062497,
      "mass_kg": 0.0024206758431807654
    },
    "C-S-H_1.0": {
      "moles": 0.3599091380609375,
      "mass_kg": 0.06118455347035938
    },
    "Silica_gel": {
      "moles": 1.3853440419390624,
      "mass_kg": 0.08323147003969887
    },
    "Ettringite": {
      "moles": 0.00512595,
      "mass_kg": 0.006433067249999999
    },
    "Hydrotalcite": {
      "moles": 0.023721975,
      "mass_kg": 0.010508834925
    }
  },
  "pH": 8.7268125,
  "pe": 4.0,
  "Eh": 0.24,
  "system_mass_kg": 0.163778601528239,
  "input_composition": {
    "Ca": 0.38409413,
    "Si": 1.74525318,
    "Al": 0.62213016,
    "Fe": 0.12941219,
    "Mg": 0.07907325,
    "K": 0.08061489,
    "Na": 0.18349199,
    "S": 0.0307557,
    "O": 15.3513832,
    "H": 19.98303657,
    "C": 0.02727855
  },
  "execution_time": 0.00018477439880371094,
  "mix_id": "MIX_3455",
  "input_file": "/teamspace/studios/this_studio/inputs/generated/MIX_3455.inp"
}