{
  "converged": true,
  "method": "simplified_thermodynamic_model",
  "note": "Using simplified model until Cemdata18 integration complete",
  "temperature_K": 298.15,
  "pressure_bar": 1.01325,
  "CO2_fraction": 0.35,
  "pCO2_bar": 0.3546375,
  "phases": {
    "Calcite": {
      "moles": 0.022010806951875,
      "mass_kg": 0.0022030616678131686
    },
    "C-S-H_1.0": {
      "moles": 0.581957993048125,
      "mass_kg": 0.09893285881818126
    },
    "Silica_gel": {
      "moles": 0.8566457669518749,
      "mass_kg": 0.05146727767846864
    },
    "Ettringite": {
      "moles": 0.017940826666666666,
      "mass_kg": 0.022515737466666665
    },
    "Hydrotalcite": {
      "moles": 0.039799626,
      "mass_kg": 0.017631234318
    }
  },
  "pH": 8.7268125,
  "pe": 4.0,
  "Eh": 0.24,
  "system_mass_kg": 0.19275016994912975,
  "input_composition": {
    "Ca": 0.6039688,
    "Si": 1.43860376,
    "Al": 0.61215579,
    "Fe": 0.08578968,
    "Mg": 0.13266542,
    "K": 0.06685634,
    "Na": 0.06595793,
    "S": 0.10764496,
    "O": 13.59254505,
    "H": 16.98558113,
    "C": 0.02482626
  },
  "execution_time": 8.58306884765625e-06,
  "mix_id": "MIX_2882",
  "input_file": "/teamspace/studios/this_studio/inputs/generated/MIX_2882.inp"
}