{
  "converged": true,
  "method": "simplified_thermodynamic_model",
  "note": "Using simplified model until Cemdata18 integration complete",
  "temperature_K": 298.15,
  "pressure_bar": 1.01325,
  "CO2_fraction": 0.15,
  "pCO2_bar": 0.1519875,
  "phases": {
    "Calcite": {
      "moles": 0.004067345086874999,
      "mass_kg": 0.00040710056974531866
    },
    "C-S-H_1.0": {
      "moles": 0.467976654913125,
      "mass_kg": 0.07955603133523126
    },
    "Silica_gel": {
      "moles": 1.135780205086875,
      "mass_kg": 0.06823767472161946
    },
    "Ettringite": {
      "moles": 0.010251901666666667,
      "mass_kg": 0.012866136591666666
    },
    "Hydrotalcite": {
      "moles": 0.030153035999999998,
      "mass_kg": 0.013357794947999999
    }
  },
  "pH": 9.7400625,
  "pe": 4.0,
  "Eh": 0.24,
  "system_mass_kg": 0.1744247381662627,
  "input_composition": {
    "Ca": 0.472044,
    "Si": 1.60375686,
    "Al": 0.61814041,
    "Fe": 0.11196319,
    "Mg": 0.10051012,
    "K": 0.07511147,
    "Na": 0.09995686,
    "S": 0.06151141,
    "O": 13.66149101,
    "H": 16.9855811,
    "C": 0.01070442
  },
  "execution_time": 1.1205673217773438e-05,
  "mix_id": "MIX_3158",
  "input_file": "/teamspace/studios/this_studio/inputs/generated/MIX_3158.inp"
}