{
  "converged": true,
  "method": "simplified_thermodynamic_model",
  "note": "Using simplified model until Cemdata18 integration complete",
  "temperature_K": 298.15,
  "pressure_bar": 1.01325,
  "CO2_fraction": 0.25,
  "pCO2_bar": 0.2533125,
  "phases": {
    "Calcite": {
      "moles": 0.005435953260937499,
      "mass_kg": 0.0005440845618872343
    },
    "C-S-H_1.0": {
      "moles": 0.19826464673906252,
      "mass_kg": 0.03370498994564063
    },
    "Silica_gel": {
      "moles": 0.9522780532609374,
      "mass_kg": 0.05721286543991712
    },
    "Ettringite": {
      "moles": 0.005980275,
      "mass_kg": 0.007505245125
    },
    "Hydrotalcite": {
      "moles": 0.01822878,
      "mass_kg": 0.00807534954
    }
  },
  "pH": 9.2334375,
  "pe": 4.0,
  "Eh": 0.24,
  "system_mass_kg": 0.10704253461244499,
  "input_composition": {
    "Ca": 0.2037006,
    "Si": 1.1505427,
    "Al": 0.47317365,
    "Fe": 0.06458336,
    "Mg": 0.0607626,
    "K": 0.06135292,
    "Na": 0.08083566,
    "S": 0.03588165,
    "O": 5.39986928,
    "H": 3.66355671,
    "C": 0.00858379
  },
  "execution_time": 1.0013580322265625e-05,
  "mix_id": "MIX_0396",
  "input_file": "/teamspace/studios/this_studio/inputs/generated/MIX_0396.inp"
}