{
  "converged": true,
  "method": "simplified_thermodynamic_model",
  "note": "Using simplified model until Cemdata18 integration complete",
  "temperature_K": 298.15,
  "pressure_bar": 1.01325,
  "CO2_fraction": 0.25,
  "pCO2_bar": 0.2533125,
  "phases": {
    "Calcite": {
      "moles": 0.012703330565624999,
      "mass_kg": 0.0012714763563134062
    },
    "C-S-H_1.0": {
      "moles": 0.967299309434375,
      "mass_kg": 0.16444088260384376
    },
    "Silica_gel": {
      "moles": 0.4268113505656249,
      "mass_kg": 0.025642825941982746
    },
    "Ettringite": {
      "moles": 0.034173003333333334,
      "mass_kg": 0.04288711918333333
    },
    "Hydrotalcite": {
      "moles": 0.063447168,
      "mass_kg": 0.028107095424
    }
  },
  "pH": 9.2334375,
  "pe": 4.0,
  "Eh": 0.24,
  "system_mass_kg": 0.2623493995094732,
  "input_composition": {
    "Ca": 0.98000264,
    "Si": 1.39411066,
    "Al": 0.67366736,
    "Fe": 0.06149484,
    "Mg": 0.21149056,
    "K": 0.05860121,
    "Na": 0.0746113,
    "S": 0.20503802,
    "O": 15.12971428,
    "H": 18.65083414,
    "C": 0.02005954
  },
  "execution_time": 1.1444091796875e-05,
  "mix_id": "MIX_3745",
  "input_file": "/teamspace/studios/this_studio/inputs/generated/MIX_3745.inp"
}