{
  "converged": true,
  "method": "simplified_thermodynamic_model",
  "note": "Using simplified model until Cemdata18 integration complete",
  "temperature_K": 298.15,
  "pressure_bar": 1.01325,
  "CO2_fraction": 0.4,
  "pCO2_bar": 0.4053,
  "phases": {
    "Calcite": {
      "moles": 0.0241993,
      "mass_kg": 0.002422107937
    },
    "C-S-H_1.0": {
      "moles": 0.44784470000000004,
      "mass_kg": 0.07613359900000001
    },
    "Silica_gel": {
      "moles": 1.16287835,
      "mass_kg": 0.069865731268
    },
    "Ettringite": {
      "moles": 0.010251901666666667,
      "mass_kg": 0.012866136591666666
    },
    "Hydrotalcite": {
      "moles": 0.030153035999999998,
      "mass_kg": 0.013357794947999999
    }
  },
  "pH": 8.5,
  "pe": 4.0,
  "Eh": 0.24,
  "system_mass_kg": 0.17464536974466668,
  "input_composition": {
    "Ca": 0.472044,
    "Si": 1.61072305,
    "Al": 0.61814041,
    "Fe": 0.11196319,
    "Mg": 0.10051012,
    "K": 0.07511147,
    "Na": 0.11346335,
    "S": 0.06151141,
    "O": 10.71171093,
    "H": 10.99067019,
    "C": 0.0241993
  },
  "execution_time": 1.1205673217773438e-05,
  "mix_id": "MIX_3240",
  "input_file": "/teamspace/studios/this_studio/inputs/generated/MIX_3240.inp"
}