{
  "converged": true,
  "method": "simplified_thermodynamic_model",
  "note": "Using simplified model until Cemdata18 integration complete",
  "temperature_K": 298.15,
  "pressure_bar": 1.01325,
  "CO2_fraction": 0.2,
  "pCO2_bar": 0.20265,
  "phases": {
    "Calcite": {
      "moles": 0.00548993542125,
      "mass_kg": 0.0005494876363129125
    },
    "C-S-H_1.0": {
      "moles": 0.19312840457875,
      "mass_kg": 0.0328318287783875
    },
    "Silica_gel": {
      "moles": 1.31920187542125,
      "mass_kg": 0.0792576486753087
    },
    "Hydrotalcite": {
      "moles": 0.014008394999999998,
      "mass_kg": 0.006205718984999999
    }
  },
  "pH": 9.48675,
  "pe": 4.0,
  "Eh": 0.24,
  "system_mass_kg": 0.11884468407500912,
  "input_composition": {
    "Ca": 0.19861834,
    "Si": 1.51233028,
    "Al": 0.55197413,
    "Fe": 0.11590086,
    "Mg": 0.04669465,
    "K": 0.07694594,
    "Na": 0.05038186,
    "S": 0.0,
    "O": 10.01898287,
    "H": 11.32372071,
    "C": 0.01083629
  },
  "execution_time": 8.344650268554688e-06,
  "mix_id": "MIX_2386",
  "input_file": "/teamspace/studios/this_studio/inputs/generated/MIX_2386.inp"
}