{
  "converged": true,
  "method": "simplified_thermodynamic_model",
  "note": "Using simplified model until Cemdata18 integration complete",
  "temperature_K": 298.15,
  "pressure_bar": 1.01325,
  "CO2_fraction": 0.35,
  "pCO2_bar": 0.3546375,
  "phases": {
    "Calcite": {
      "moles": 0.012192579104999999,
      "mass_kg": 0.00122035524261945
    },
    "C-S-H_1.0": {
      "moles": 0.162191400895,
      "mass_kg": 0.02757253815215
    },
    "Silica_gel": {
      "moles": 0.998307179105,
      "mass_kg": 0.0599782953206284
    },
    "Ettringite": {
      "moles": 0.004271625,
      "mass_kg": 0.0053608893749999996
    },
    "Hydrotalcite": {
      "moles": 0.016085091,
      "mass_kg": 0.007125695313
    }
  },
  "pH": 8.7268125,
  "pe": 4.0,
  "Eh": 0.24,
  "system_mass_kg": 0.10125777340339785,
  "input_composition": {
    "Ca": 0.17438398,
    "Si": 1.16049858,
    "Al": 0.47450356,
    "Fe": 0.07039969,
    "Mg": 0.05361697,
    "K": 0.0631874,
    "Na": 0.03653646,
    "S": 0.02562975,
    "O": 6.85111461,
    "H": 6.66101223,
    "C": 0.01375216
  },
  "execution_time": 1.0013580322265625e-05,
  "mix_id": "MIX_0643",
  "input_file": "/teamspace/studios/this_studio/inputs/generated/MIX_0643.inp"
}