{
  "converged": true,
  "method": "simplified_thermodynamic_model",
  "note": "Using simplified model until Cemdata18 integration complete",
  "temperature_K": 298.15,
  "pressure_bar": 1.01325,
  "CO2_fraction": 0.25,
  "pCO2_bar": 0.2533125,
  "phases": {
    "Calcite": {
      "moles": 0.007988690981249998,
      "mass_kg": 0.0007995880803133123
    },
    "C-S-H_1.0": {
      "moles": 0.45447925901875,
      "mass_kg": 0.0772614740331875
    },
    "Silica_gel": {
      "moles": 0.7608305809812499,
      "mass_kg": 0.04571070130535349
    },
    "Ettringite": {
      "moles": 0.015377851666666666,
      "mass_kg": 0.019299203841666664
    },
    "Hydrotalcite": {
      "moles": 0.033301575,
      "mass_kg": 0.014752597725
    }
  },
  "pH": 9.2334375,
  "pe": 4.0,
  "Eh": 0.24,
  "system_mass_kg": 0.15782356498552097,
  "input_composition": {
    "Ca": 0.46246795,
    "Si": 1.21530984,
    "Al": 0.54000488,
    "Fe": 0.06355385,
    "Mg": 0.11100525,
    "K": 0.06043569,
    "Na": 0.04692051,
    "S": 0.09226711,
    "O": 8.92784848,
    "H": 9.32541712,
    "C": 0.01261476
  },
  "execution_time": 3.0040740966796875e-05,
  "mix_id": "MIX_1393",
  "input_file": "/teamspace/studios/this_studio/inputs/generated/MIX_1393.inp"
}