{
  "converged": true,
  "method": "simplified_thermodynamic_model",
  "note": "Using simplified model until Cemdata18 integration complete",
  "temperature_K": 298.15,
  "pressure_bar": 1.01325,
  "CO2_fraction": 0.35,
  "pCO2_bar": 0.3546375,
  "phases": {
    "Calcite": {
      "moles": 0.025361555040937497,
      "mass_kg": 0.002538438044047434
    },
    "C-S-H_1.0": {
      "moles": 0.7201080949590625,
      "mass_kg": 0.12241837614304063
    },
    "Silica_gel": {
      "moles": 0.9971948850409375,
      "mass_kg": 0.05991146869325952
    },
    "Ettringite": {
      "moles": 0.020503801666666665,
      "mass_kg": 0.02573227109166666
    },
    "Hydrotalcite": {
      "moles": 0.046297674,
      "mass_kg": 0.020509869582
    }
  },
  "pH": 8.7268125,
  "pe": 4.0,
  "Eh": 0.24,
  "system_mass_kg": 0.23111042355401426,
  "input_composition": {
    "Ca": 0.74546965,
    "Si": 1.71730298,
    "Al": 0.68430669,
    "Fe": 0.10802551,
    "Mg": 0.15432558,
    "K": 0.073277,
    "Na": 0.19241863,
    "S": 0.12302281,
    "O": 15.40744408,
    "H": 18.65083419,
    "C": 0.02860561
  },
  "execution_time": 1.1205673217773438e-05,
  "mix_id": "MIX_4237",
  "input_file": "/teamspace/studios/this_studio/inputs/generated/MIX_4237.inp"
}