{
  "converged": true,
  "method": "simplified_thermodynamic_model",
  "note": "Using simplified model until Cemdata18 integration complete",
  "temperature_K": 298.15,
  "pressure_bar": 1.01325,
  "CO2_fraction": 0.2,
  "pCO2_bar": 0.20265,
  "phases": {
    "Calcite": {
      "moles": 0.00616830629625,
      "mass_kg": 0.0006173857771916625
    },
    "C-S-H_1.0": {
      "moles": 0.68575036370375,
      "mass_kg": 0.11657756182963751
    },
    "Silica_gel": {
      "moles": 0.6943434962962499,
      "mass_kg": 0.041716157257478695
    },
    "Ettringite": {
      "moles": 0.023066776666666667,
      "mass_kg": 0.028948804716666665
    },
    "Hydrotalcite": {
      "moles": 0.046230684,
      "mass_kg": 0.020480193012000002
    }
  },
  "pH": 9.48675,
  "pe": 4.0,
  "Eh": 0.24,
  "system_mass_kg": 0.20834010259297453,
  "input_composition": {
    "Ca": 0.69191867,
    "Si": 1.38009386,
    "Al": 0.60816604,
    "Fe": 0.06834068,
    "Mg": 0.15410228,
    "K": 0.06135292,
    "Na": 0.14332212,
    "S": 0.13840066,
    "O": 10.6581939,
    "H": 10.99067012,
    "C": 0.01217529
  },
  "execution_time": 1.0967254638671875e-05,
  "mix_id": "MIX_2620",
  "input_file": "/teamspace/studios/this_studio/inputs/generated/MIX_2620.inp"
}