{
  "converged": true,
  "method": "simplified_thermodynamic_model",
  "note": "Using simplified model until Cemdata18 integration complete",
  "temperature_K": 298.15,
  "pressure_bar": 1.01325,
  "CO2_fraction": 0.35,
  "pCO2_bar": 0.3546375,
  "phases": {
    "Calcite": {
      "moles": 0.0186581438203125,
      "mass_kg": 0.001867493614975078
    },
    "C-S-H_1.0": {
      "moles": 0.7172354561796875,
      "mass_kg": 0.1219300275505469
    },
    "Silica_gel": {
      "moles": 0.5831697738203124,
      "mass_kg": 0.03503684001112437
    },
    "Ettringite": {
      "moles": 0.02562975166666667,
      "mass_kg": 0.03216533834166667
    },
    "Hydrotalcite": {
      "moles": 0.049446213,
      "mass_kg": 0.021904672359
    }
  },
  "pH": 8.7268125,
  "pe": 4.0,
  "Eh": 0.24,
  "system_mass_kg": 0.212904371877313,
  "input_composition": {
    "Ca": 0.7358936,
    "Si": 1.30040523,
    "Al": 0.60617116,
    "Fe": 0.05961618,
    "Mg": 0.16482071,
    "K": 0.05860121,
    "Na": 0.08422021,
    "S": 0.15377851,
    "O": 10.57037661,
    "H": 10.99067013,
    "C": 0.02104475
  },
  "execution_time": 9.5367431640625e-06,
  "mix_id": "MIX_2548",
  "input_file": "/teamspace/studios/this_studio/inputs/generated/MIX_2548.inp"
}