{
  "converged": true,
  "method": "simplified_thermodynamic_model",
  "note": "Using simplified model until Cemdata18 integration complete",
  "temperature_K": 298.15,
  "pressure_bar": 1.01325,
  "CO2_fraction": 0.4,
  "pCO2_bar": 0.4053,
  "phases": {
    "Calcite": {
      "moles": 0.03875871,
      "mass_kg": 0.0038793592839
    },
    "C-S-H_1.0": {
      "moles": 0.47217796,
      "mass_kg": 0.0802702532
    },
    "Silica_gel": {
      "moles": 1.52597253,
      "mass_kg": 0.0916804296024
    },
    "Ettringite": {
      "moles": 0.0068346,
      "mass_kg": 0.008577422999999999
    },
    "Hydrotalcite": {
      "moles": 0.029148182999999998,
      "mass_kg": 0.012912645068999999
    }
  },
  "pH": 8.5,
  "pe": 4.0,
  "Eh": 0.24,
  "system_mass_kg": 0.1973201101553,
  "input_composition": {
    "Ca": 0.51093667,
    "Si": 1.99815049,
    "Al": 0.69494602,
    "Fe": 0.15455619,
    "Mg": 0.09716061,
    "K": 0.08795278,
    "Na": 0.22812517,
    "S": 0.0410076,
    "O": 19.55925519,
    "H": 26.64404881,
    "C": 0.03875871
  },
  "execution_time": 9.298324584960938e-06,
  "mix_id": "MIX_4703",
  "input_file": "/teamspace/studios/this_studio/inputs/generated/MIX_4703.inp"
}