{
  "converged": true,
  "method": "simplified_thermodynamic_model",
  "note": "Using simplified model until Cemdata18 integration complete",
  "temperature_K": 298.15,
  "pressure_bar": 1.01325,
  "CO2_fraction": 0.35,
  "pCO2_bar": 0.3546375,
  "phases": {
    "Calcite": {
      "moles": 0.014502749841562499,
      "mass_kg": 0.0014515802316419906
    },
    "C-S-H_1.0": {
      "moles": 0.1841155901584375,
      "mass_kg": 0.03129965032693438
    },
    "Silica_gel": {
      "moles": 1.3246441898415626,
      "mass_kg": 0.07958462292568108
    },
    "Hydrotalcite": {
      "moles": 0.014008394999999998,
      "mass_kg": 0.006205718984999999
    }
  },
  "pH": 8.7268125,
  "pe": 4.0,
  "Eh": 0.24,
  "system_mass_kg": 0.11854157246925745,
  "input_composition": {
    "Ca": 0.19861834,
    "Si": 1.50875978,
    "Al": 0.55197413,
    "Fe": 0.11590086,
    "Mg": 0.04669465,
    "K": 0.07694594,
    "Na": 0.04345916,
    "S": 0.0,
    "O": 8.02111997,
    "H": 7.32711342,
    "C": 0.01635783
  },
  "execution_time": 9.298324584960938e-06,
  "mix_id": "MIX_2432",
  "input_file": "/teamspace/studios/this_studio/inputs/generated/MIX_2432.inp"
}