{
  "converged": true,
  "method": "simplified_thermodynamic_model",
  "note": "Using simplified model until Cemdata18 integration complete",
  "temperature_K": 298.15,
  "pressure_bar": 1.01325,
  "CO2_fraction": 0.2,
  "pCO2_bar": 0.20265,
  "phases": {
    "Calcite": {
      "moles": 0.0039812517675,
      "mass_kg": 0.000398483489409075
    },
    "C-S-H_1.0": {
      "moles": 0.1704027282325,
      "mass_kg": 0.028968463799525
    },
    "Silica_gel": {
      "moles": 0.9900958517675,
      "mass_kg": 0.0594849587741914
    },
    "Ettringite": {
      "moles": 0.004271625,
      "mass_kg": 0.0053608893749999996
    },
    "Hydrotalcite": {
      "moles": 0.016085091,
      "mass_kg": 0.007125695313
    }
  },
  "pH": 9.48675,
  "pe": 4.0,
  "Eh": 0.24,
  "system_mass_kg": 0.10133849075112548,
  "input_composition": {
    "Ca": 0.17438398,
    "Si": 1.16049858,
    "Al": 0.47450356,
    "Fe": 0.07039969,
    "Mg": 0.05361697,
    "K": 0.0631874,
    "Na": 0.03653646,
    "S": 0.02562975,
    "O": 6.83932705,
    "H": 6.66101223,
    "C": 0.00785838
  },
  "execution_time": 1.049041748046875e-05,
  "mix_id": "MIX_0595",
  "input_file": "/teamspace/studios/this_studio/inputs/generated/MIX_0595.inp"
}