{
  "converged": true,
  "method": "simplified_thermodynamic_model",
  "note": "Using simplified model until Cemdata18 integration complete",
  "temperature_K": 298.15,
  "pressure_bar": 1.01325,
  "CO2_fraction": 0.0,
  "pCO2_bar": 0.0,
  "phases": {
    "C-S-H_1.0": {
      "moles": 0.11575073,
      "mass_kg": 0.0196776241
    },
    "Silica_gel": {
      "moles": 1.11871648,
      "mass_kg": 0.0672124861184
    },
    "Ettringite": {
      "moles": 0.000854325,
      "mass_kg": 0.0010721778749999999
    },
    "Hydrotalcite": {
      "moles": 0.011797719,
      "mass_kg": 0.005226389517
    }
  },
  "pH": 10.5,
  "pe": 4.0,
  "Eh": 0.24,
  "system_mass_kg": 0.09318867761039999,
  "input_composition": {
    "Ca": 0.11575073,
    "Si": 1.23446721,
    "Al": 0.47716339,
    "Fe": 0.08203236,
    "Mg": 0.03932573,
    "K": 0.06685634,
    "Na": 0.05274692,
    "S": 0.00512595,
    "O": 6.36891418,
    "H": 5.6618604,
    "C": 0.0
  },
  "execution_time": 8.58306884765625e-06,
  "mix_id": "MIX_1014",
  "input_file": "/teamspace/studios/this_studio/inputs/generated/MIX_1014.inp"
}