{
  "converged": true,
  "method": "simplified_thermodynamic_model",
  "note": "Using simplified model until Cemdata18 integration complete",
  "temperature_K": 298.15,
  "pressure_bar": 1.01325,
  "CO2_fraction": 0.35,
  "pCO2_bar": 0.3546375,
  "phases": {
    "Calcite": {
      "moles": 0.01103748930375,
      "mass_kg": 0.0011047423044123375
    },
    "C-S-H_1.0": {
      "moles": 0.14868817069624998,
      "mass_kg": 0.0252769890183625
    },
    "Silica_gel": {
      "moles": 1.02642711930375,
      "mass_kg": 0.0616677413277693
    },
    "Ettringite": {
      "moles": 0.0034173,
      "mass_kg": 0.0042887114999999995
    },
    "Hydrotalcite": {
      "moles": 0.015013247999999998,
      "mass_kg": 0.006650868863999999
    }
  },
  "pH": 8.7268125,
  "pe": 4.0,
  "Eh": 0.24,
  "system_mass_kg": 0.09898905301454414,
  "input_composition": {
    "Ca": 0.15972566,
    "Si": 1.17511529,
    "Al": 0.47516852,
    "Fe": 0.07330786,
    "Mg": 0.05004416,
    "K": 0.06410463,
    "Na": 0.03307511,
    "S": 0.0205038,
    "O": 5.84906916,
    "H": 4.66270853,
    "C": 0.01244932
  },
  "execution_time": 9.059906005859375e-06,
  "mix_id": "MIX_0753",
  "input_file": "/teamspace/studios/this_studio/inputs/generated/MIX_0753.inp"
}