{
  "converged": true,
  "method": "simplified_thermodynamic_model",
  "note": "Using simplified model until Cemdata18 integration complete",
  "temperature_K": 298.15,
  "pressure_bar": 1.01325,
  "CO2_fraction": 0.4,
  "pCO2_bar": 0.4053,
  "phases": {
    "Calcite": {
      "moles": 0.01880816,
      "mass_kg": 0.0018825087344
    },
    "C-S-H_1.0": {
      "moles": 0.41434316,
      "mass_kg": 0.0704383372
    },
    "Silica_gel": {
      "moles": 0.84353934,
      "mass_kg": 0.0506798435472
    },
    "Ettringite": {
      "moles": 0.013669201666666667,
      "mass_kg": 0.017154848091666664
    },
    "Hydrotalcite": {
      "moles": 0.031157888999999998,
      "mass_kg": 0.013802944826999999
    }
  },
  "pH": 8.5,
  "pe": 4.0,
  "Eh": 0.24,
  "system_mass_kg": 0.15395848240026666,
  "input_composition": {
    "Ca": 0.43315132,
    "Si": 1.2578825,
    "Al": 0.5413348,
    "Fe": 0.06937019,
    "Mg": 0.10385963,
    "K": 0.06227016,
    "Na": 0.06586079,
    "S": 0.08201521,
    "O": 7.9801176,
    "H": 7.32711348,
    "C": 0.01880816
  },
  "execution_time": 1.1444091796875e-05,
  "mix_id": "MIX_1556",
  "input_file": "/teamspace/studios/this_studio/inputs/generated/MIX_1556.inp"
}