{
  "converged": true,
  "method": "simplified_thermodynamic_model",
  "note": "Using simplified model until Cemdata18 integration complete",
  "temperature_K": 298.15,
  "pressure_bar": 1.01325,
  "CO2_fraction": 0.4,
  "pCO2_bar": 0.4053,
  "phases": {
    "Calcite": {
      "moles": 0.01506317,
      "mass_kg": 0.0015076726853
    },
    "C-S-H_1.0": {
      "moles": 0.15932080999999998,
      "mass_kg": 0.027084537699999998
    },
    "Silica_gel": {
      "moles": 1.0095385700000001,
      "mass_kg": 0.06065307728560001
    },
    "Ettringite": {
      "moles": 0.004271625,
      "mass_kg": 0.0053608893749999996
    },
    "Hydrotalcite": {
      "moles": 0.016085091,
      "mass_kg": 0.007125695313
    }
  },
  "pH": 8.5,
  "pe": 4.0,
  "Eh": 0.24,
  "system_mass_kg": 0.10173187235890001,
  "input_composition": {
    "Ca": 0.17438398,
    "Si": 1.16885938,
    "Al": 0.47450356,
    "Fe": 0.07039969,
    "Mg": 0.05361697,
    "K": 0.0631874,
    "Na": 0.05274692,
    "S": 0.02562975,
    "O": 6.37898755,
    "H": 5.6618604,
    "C": 0.01506317
  },
  "execution_time": 2.6941299438476562e-05,
  "mix_id": "MIX_0662",
  "input_file": "/teamspace/studios/this_studio/inputs/generated/MIX_0662.inp"
}