{
  "converged": true,
  "method": "simplified_thermodynamic_model",
  "note": "Using simplified model until Cemdata18 integration complete",
  "temperature_K": 298.15,
  "pressure_bar": 1.01325,
  "CO2_fraction": 0.4,
  "pCO2_bar": 0.4053,
  "phases": {
    "Calcite": {
      "moles": 0.0241993,
      "mass_kg": 0.002422107937
    },
    "C-S-H_1.0": {
      "moles": 0.35989483,
      "mass_kg": 0.06118212110000001
    },
    "Silica_gel": {
      "moles": 1.34923995,
      "mass_kg": 0.081062336196
    },
    "Ettringite": {
      "moles": 0.00512595,
      "mass_kg": 0.006433067249999999
    },
    "Hydrotalcite": {
      "moles": 0.023721975,
      "mass_kg": 0.010508834925
    }
  },
  "pH": 8.5,
  "pe": 4.0,
  "Eh": 0.24,
  "system_mass_kg": 0.161608467408,
  "input_composition": {
    "Ca": 0.38409413,
    "Si": 1.70913478,
    "Al": 0.62213016,
    "Fe": 0.12941219,
    "Mg": 0.07907325,
    "K": 0.08061489,
    "Na": 0.11346335,
    "S": 0.0307557,
    "O": 10.74179039,
    "H": 10.99067019,
    "C": 0.0241993
  },
  "execution_time": 1.0728836059570312e-05,
  "mix_id": "MIX_3464",
  "input_file": "/teamspace/studios/this_studio/inputs/generated/MIX_3464.inp"
}