{
  "converged": true,
  "method": "simplified_thermodynamic_model",
  "note": "Using simplified model until Cemdata18 integration complete",
  "temperature_K": 298.15,
  "pressure_bar": 1.01325,
  "CO2_fraction": 0.3,
  "pCO2_bar": 0.303975,
  "phases": {
    "Calcite": {
      "moles": 0.017550065019374998,
      "mass_kg": 0.0017565860077892435
    },
    "C-S-H_1.0": {
      "moles": 0.366544064980625,
      "mass_kg": 0.06231249104670625
    },
    "Silica_gel": {
      "moles": 1.339682745019375,
      "mass_kg": 0.08048813932076404
    },
    "Ettringite": {
      "moles": 0.00512595,
      "mass_kg": 0.006433067249999999
    },
    "Hydrotalcite": {
      "moles": 0.023721975,
      "mass_kg": 0.010508834925
    }
  },
  "pH": 8.980125000000001,
  "pe": 4.0,
  "Eh": 0.24,
  "system_mass_kg": 0.16149911855025953,
  "input_composition": {
    "Ca": 0.38409413,
    "Si": 1.70622681,
    "Al": 0.62213016,
    "Fe": 0.12941219,
    "Mg": 0.07907325,
    "K": 0.08061489,
    "Na": 0.10782519,
    "S": 0.0307557,
    "O": 15.22712818,
    "H": 19.98303666,
    "C": 0.02309409
  },
  "execution_time": 9.298324584960938e-06,
  "mix_id": "MIX_3431",
  "input_file": "/teamspace/studios/this_studio/inputs/generated/MIX_3431.inp"
}