{
  "converged": true,
  "method": "simplified_thermodynamic_model",
  "note": "Using simplified model until Cemdata18 integration complete",
  "temperature_K": 298.15,
  "pressure_bar": 1.01325,
  "CO2_fraction": 0.35,
  "pCO2_bar": 0.3546375,
  "phases": {
    "Calcite": {
      "moles": 0.011757536417812499,
      "mass_kg": 0.001176811820058853
    },
    "C-S-H_1.0": {
      "moles": 0.1772847535821875,
      "mass_kg": 0.03013840810897188
    },
    "Silica_gel": {
      "moles": 0.9846188864178125,
      "mass_kg": 0.05915590269598218
    },
    "Ettringite": {
      "moles": 0.00512595,
      "mass_kg": 0.006433067249999999
    },
    "Hydrotalcite": {
      "moles": 0.017156936999999997,
      "mass_kg": 0.007600523090999999
    }
  },
  "pH": 8.7268125,
  "pe": 4.0,
  "Eh": 0.24,
  "system_mass_kg": 0.10450471296601291,
  "input_composition": {
    "Ca": 0.18904229,
    "Si": 1.16190364,
    "Al": 0.4738386,
    "Fe": 0.06749152,
    "Mg": 0.05718979,
    "K": 0.06227016,
    "Na": 0.07106182,
    "S": 0.0307557,
    "O": 6.39842079,
    "H": 5.66186043,
    "C": 0.01326147
  },
  "execution_time": 1.049041748046875e-05,
  "mix_id": "MIX_0538",
  "input_file": "/teamspace/studios/this_studio/inputs/generated/MIX_0538.inp"
}