{
  "converged": true,
  "method": "simplified_thermodynamic_model",
  "note": "Using simplified model until Cemdata18 integration complete",
  "temperature_K": 298.15,
  "pressure_bar": 1.01325,
  "CO2_fraction": 0.35,
  "pCO2_bar": 0.3546375,
  "phases": {
    "Calcite": {
      "moles": 0.011685545005312499,
      "mass_kg": 0.001169606199581728
    },
    "C-S-H_1.0": {
      "moles": 0.1626984349946875,
      "mass_kg": 0.02765873394909688
    },
    "Silica_gel": {
      "moles": 1.0061609450053126,
      "mass_kg": 0.06045014957591918
    },
    "Ettringite": {
      "moles": 0.004271625,
      "mass_kg": 0.0053608893749999996
    },
    "Hydrotalcite": {
      "moles": 0.016085091,
      "mass_kg": 0.007125695313
    }
  },
  "pH": 8.7268125,
  "pe": 4.0,
  "Eh": 0.24,
  "system_mass_kg": 0.10176507441259779,
  "input_composition": {
    "Ca": 0.17438398,
    "Si": 1.16885938,
    "Al": 0.47450356,
    "Fe": 0.07039969,
    "Mg": 0.05361697,
    "K": 0.0631874,
    "Na": 0.05274692,
    "S": 0.02562975,
    "O": 6.37522176,
    "H": 5.6618604,
    "C": 0.01318027
  },
  "execution_time": 1.9788742065429688e-05,
  "mix_id": "MIX_0646",
  "input_file": "/teamspace/studios/this_studio/inputs/generated/MIX_0646.inp"
}