{
  "converged": true,
  "method": "simplified_thermodynamic_model",
  "note": "Using simplified model until Cemdata18 integration complete",
  "temperature_K": 298.15,
  "pressure_bar": 1.01325,
  "CO2_fraction": 0.35,
  "pCO2_bar": 0.3546375,
  "phases": {
    "Calcite": {
      "moles": 0.0185455464140625,
      "mass_kg": 0.0018562237405835155
    },
    "C-S-H_1.0": {
      "moles": 0.45349845358593754,
      "mass_kg": 0.07709473710960939
    },
    "Silica_gel": {
      "moles": 1.1273671664140625,
      "mass_kg": 0.06773221935815688
    },
    "Ettringite": {
      "moles": 0.010251901666666667,
      "mass_kg": 0.012866136591666666
    },
    "Hydrotalcite": {
      "moles": 0.030153035999999998,
      "mass_kg": 0.013357794947999999
    }
  },
  "pH": 8.7268125,
  "pe": 4.0,
  "Eh": 0.24,
  "system_mass_kg": 0.17290711174801646,
  "input_composition": {
    "Ca": 0.472044,
    "Si": 1.58086562,
    "Al": 0.61814041,
    "Fe": 0.11196319,
    "Mg": 0.10051012,
    "K": 0.07511147,
    "Na": 0.05557388,
    "S": 0.06151141,
    "O": 10.61648822,
    "H": 10.99067014,
    "C": 0.02091775
  },
  "execution_time": 1.5020370483398438e-05,
  "mix_id": "MIX_3216",
  "input_file": "/teamspace/studios/this_studio/inputs/generated/MIX_3216.inp"
}