{
  "converged": true,
  "method": "simplified_thermodynamic_model",
  "note": "Using simplified model until Cemdata18 integration complete",
  "temperature_K": 298.15,
  "pressure_bar": 1.01325,
  "CO2_fraction": 0.35,
  "pCO2_bar": 0.3546375,
  "phases": {
    "Calcite": {
      "moles": 0.022588351852499997,
      "mass_kg": 0.0022608681369167246
    },
    "C-S-H_1.0": {
      "moles": 0.37108182814749996,
      "mass_kg": 0.063083910785075
    },
    "Silica_gel": {
      "moles": 1.6755365518525,
      "mass_kg": 0.1006662360352982
    },
    "Hydrotalcite": {
      "moles": 0.020573436,
      "mass_kg": 0.009114032148
    }
  },
  "pH": 8.7268125,
  "pe": 4.0,
  "Eh": 0.24,
  "system_mass_kg": 0.17512504710528992,
  "input_composition": {
    "Ca": 0.39367018,
    "Si": 2.04661838,
    "Al": 0.70026569,
    "Fe": 0.17782153,
    "Mg": 0.06857812,
    "K": 0.09529067,
    "Na": 0.0676886,
    "S": 0.0,
    "O": 13.3321743,
    "H": 14.65422685,
    "C": 0.02547768
  },
  "execution_time": 1.0013580322265625e-05,
  "mix_id": "MIX_4896",
  "input_file": "/teamspace/studios/this_studio/inputs/generated/MIX_4896.inp"
}