{
  "converged": true,
  "method": "simplified_thermodynamic_model",
  "note": "Using simplified model until Cemdata18 integration complete",
  "temperature_K": 298.15,
  "pressure_bar": 1.01325,
  "CO2_fraction": 0.3,
  "pCO2_bar": 0.303975,
  "phases": {
    "Calcite": {
      "moles": 0.018517222276875,
      "mass_kg": 0.0018533887776924186
    },
    "C-S-H_1.0": {
      "moles": 0.961485417723125,
      "mass_kg": 0.16345252101293126
    },
    "Silica_gel": {
      "moles": 0.47271065227687503,
      "mass_kg": 0.028400455988794652
    },
    "Ettringite": {
      "moles": 0.034173003333333334,
      "mass_kg": 0.04288711918333333
    },
    "Hydrotalcite": {
      "moles": 0.063447168,
      "mass_kg": 0.028107095424
    }
  },
  "pH": 8.980125000000001,
  "pe": 4.0,
  "Eh": 0.24,
  "system_mass_kg": 0.26470058038675165,
  "input_composition": {
    "Ca": 0.98000264,
    "Si": 1.43419607,
    "Al": 0.67366736,
    "Fe": 0.06149484,
    "Mg": 0.21149056,
    "K": 0.05860121,
    "Na": 0.15233141,
    "S": 0.20503802,
    "O": 15.25735966,
    "H": 18.65083423,
    "C": 0.02436677
  },
  "execution_time": 1.239776611328125e-05,
  "mix_id": "MIX_3769",
  "input_file": "/teamspace/studios/this_studio/inputs/generated/MIX_3769.inp"
}