{
  "converged": true,
  "method": "simplified_thermodynamic_model",
  "note": "Using simplified model until Cemdata18 integration complete",
  "temperature_K": 298.15,
  "pressure_bar": 1.01325,
  "CO2_fraction": 0.2,
  "pCO2_bar": 0.20265,
  "phases": {
    "Calcite": {
      "moles": 0.00981806319375,
      "mass_kg": 0.0009826899450624375
    },
    "C-S-H_1.0": {
      "moles": 0.73565158680625,
      "mass_kg": 0.1250607697570625
    },
    "Silica_gel": {
      "moles": 1.00006762319375,
      "mass_kg": 0.0600840628014805
    },
    "Ettringite": {
      "moles": 0.020503801666666665,
      "mass_kg": 0.02573227109166666
    },
    "Hydrotalcite": {
      "moles": 0.046297674,
      "mass_kg": 0.020509869582
    }
  },
  "pH": 9.48675,
  "pe": 4.0,
  "Eh": 0.24,
  "system_mass_kg": 0.23236966317727212,
  "input_composition": {
    "Ca": 0.74546965,
    "Si": 1.73571921,
    "Al": 0.68430669,
    "Fe": 0.10802551,
    "Mg": 0.15432558,
    "K": 0.073277,
    "Na": 0.22812517,
    "S": 0.12302281,
    "O": 19.4402846,
    "H": 26.64404881,
    "C": 0.01937935
  },
  "execution_time": 1.5020370483398438e-05,
  "mix_id": "MIX_4191",
  "input_file": "/teamspace/studios/this_studio/inputs/generated/MIX_4191.inp"
}