{
  "converged": true,
  "method": "simplified_thermodynamic_model",
  "note": "Using simplified model until Cemdata18 integration complete",
  "temperature_K": 298.15,
  "pressure_bar": 1.01325,
  "CO2_fraction": 0.25,
  "pCO2_bar": 0.2533125,
  "phases": {
    "Calcite": {
      "moles": 0.0053691104249999995,
      "mass_kg": 0.0005373942624382499
    },
    "C-S-H_1.0": {
      "moles": 0.19833148957500002,
      "mass_kg": 0.033716353227750004
    },
    "Silica_gel": {
      "moles": 0.9350185104250001,
      "mass_kg": 0.056175912106334006
    },
    "Ettringite": {
      "moles": 0.005980275,
      "mass_kg": 0.007505245125
    },
    "Hydrotalcite": {
      "moles": 0.01822878,
      "mass_kg": 0.00807534954
    }
  },
  "pH": 9.2334375,
  "pe": 4.0,
  "Eh": 0.24,
  "system_mass_kg": 0.10601025426152226,
  "input_composition": {
    "Ca": 0.2037006,
    "Si": 1.13335,
    "Al": 0.47317365,
    "Fe": 0.06458336,
    "Mg": 0.0607626,
    "K": 0.06135292,
    "Na": 0.04750137,
    "S": 0.03588165,
    "O": 5.3486056,
    "H": 3.66355667,
    "C": 0.00847824
  },
  "execution_time": 1.0728836059570312e-05,
  "mix_id": "MIX_0388",
  "input_file": "/teamspace/studios/this_studio/inputs/generated/MIX_0388.inp"
}