{
  "converged": true,
  "method": "simplified_thermodynamic_model",
  "note": "Using simplified model until Cemdata18 integration complete",
  "temperature_K": 298.15,
  "pressure_bar": 1.01325,
  "CO2_fraction": 0.35,
  "pCO2_bar": 0.3546375,
  "phases": {
    "Calcite": {
      "moles": 0.022010806951875,
      "mass_kg": 0.0022030616678131686
    },
    "C-S-H_1.0": {
      "moles": 0.49400812304812497,
      "mass_kg": 0.08398138091818125
    },
    "Silica_gel": {
      "moles": 1.043007366951875,
      "mass_kg": 0.06266388260646864
    },
    "Ettringite": {
      "moles": 0.012814876666666667,
      "mass_kg": 0.016082670216666668
    },
    "Hydrotalcite": {
      "moles": 0.033368564999999996,
      "mass_kg": 0.014782274294999998
    }
  },
  "pH": 8.7268125,
  "pe": 4.0,
  "Eh": 0.24,
  "system_mass_kg": 0.17971326970412974,
  "input_composition": {
    "Ca": 0.51601893,
    "Si": 1.53701549,
    "Al": 0.61614554,
    "Fe": 0.10323869,
    "Mg": 0.11122855,
    "K": 0.07235976,
    "Na": 0.06595793,
    "S": 0.07688926,
    "O": 13.62262451,
    "H": 16.98558113,
    "C": 0.02482626
  },
  "execution_time": 1.1920928955078125e-05,
  "mix_id": "MIX_3106",
  "input_file": "/teamspace/studios/this_studio/inputs/generated/MIX_3106.inp"
}