{
  "converged": true,
  "method": "simplified_thermodynamic_model",
  "note": "Using simplified model until Cemdata18 integration complete",
  "temperature_K": 298.15,
  "pressure_bar": 1.01325,
  "CO2_fraction": 0.25,
  "pCO2_bar": 0.2533125,
  "phases": {
    "Calcite": {
      "moles": 0.00951945841875,
      "mass_kg": 0.0009528025931326875
    },
    "C-S-H_1.0": {
      "moles": 0.33059973158125,
      "mass_kg": 0.05620195436881251
    },
    "Silica_gel": {
      "moles": 1.4126582884187502,
      "mass_kg": 0.08487250996819852
    },
    "Ettringite": {
      "moles": 0.002562975,
      "mass_kg": 0.0032165336249999994
    },
    "Hydrotalcite": {
      "moles": 0.020506445999999998,
      "mass_kg": 0.009084355577999999
    }
  },
  "pH": 9.2334375,
  "pe": 4.0,
  "Eh": 0.24,
  "system_mass_kg": 0.1543281561331437,
  "input_composition": {
    "Ca": 0.34011919,
    "Si": 1.74325802,
    "Al": 0.62412504,
    "Fe": 0.13813669,
    "Mg": 0.06835482,
    "K": 0.0833666,
    "Na": 0.08422021,
    "S": 0.01537785,
    "O": 10.6937086,
    "H": 10.99067013,
    "C": 0.01503196
  },
  "execution_time": 1.5497207641601562e-05,
  "mix_id": "MIX_3524",
  "input_file": "/teamspace/studios/this_studio/inputs/generated/MIX_3524.inp"
}