{
  "converged": true,
  "method": "simplified_thermodynamic_model",
  "note": "Using simplified model until Cemdata18 integration complete",
  "temperature_K": 298.15,
  "pressure_bar": 1.01325,
  "CO2_fraction": 0.3,
  "pCO2_bar": 0.303975,
  "phases": {
    "Calcite": {
      "moles": 0.015175313527499998,
      "mass_kg": 0.0015188971309674747
    },
    "C-S-H_1.0": {
      "moles": 0.5008436164725,
      "mass_kg": 0.085143414800325
    },
    "Silica_gel": {
      "moles": 1.0829797935275,
      "mass_kg": 0.06506542599513221
    },
    "Ettringite": {
      "moles": 0.012814876666666667,
      "mass_kg": 0.016082670216666668
    },
    "Hydrotalcite": {
      "moles": 0.033368564999999996,
      "mass_kg": 0.014782274294999998
    }
  },
  "pH": 8.980125000000001,
  "pe": 4.0,
  "Eh": 0.24,
  "system_mass_kg": 0.18259268243809135,
  "input_composition": {
    "Ca": 0.51601893,
    "Si": 1.58382341,
    "Al": 0.61614554,
    "Fe": 0.10323869,
    "Mg": 0.11122855,
    "K": 0.07235976,
    "Na": 0.15671208,
    "S": 0.07688926,
    "O": 12.25317547,
    "H": 13.98812562,
    "C": 0.01996916
  },
  "execution_time": 8.821487426757812e-06,
  "mix_id": "MIX_3101",
  "input_file": "/teamspace/studios/this_studio/inputs/generated/MIX_3101.inp"
}