{
  "converged": true,
  "method": "simplified_thermodynamic_model",
  "note": "Using simplified model until Cemdata18 integration complete",
  "temperature_K": 298.15,
  "pressure_bar": 1.01325,
  "CO2_fraction": 0.3,
  "pCO2_bar": 0.303975,
  "phases": {
    "Calcite": {
      "moles": 0.016904148541875,
      "mass_kg": 0.0016919362275562688
    },
    "C-S-H_1.0": {
      "moles": 0.7285655014581249,
      "mass_kg": 0.12385613524788125
    },
    "Silica_gel": {
      "moles": 0.9795293585418752,
      "mass_kg": 0.05885012386119586
    },
    "Ettringite": {
      "moles": 0.020503801666666665,
      "mass_kg": 0.02573227109166666
    },
    "Hydrotalcite": {
      "moles": 0.046297674,
      "mass_kg": 0.020509869582
    }
  },
  "pH": 8.980125000000001,
  "pe": 4.0,
  "Eh": 0.24,
  "system_mass_kg": 0.23064033601030004,
  "input_composition": {
    "Ca": 0.74546965,
    "Si": 1.70809486,
    "Al": 0.68430669,
    "Fe": 0.10802551,
    "Mg": 0.15432558,
    "K": 0.073277,
    "Na": 0.17456535,
    "S": 0.12302281,
    "O": 13.3690746,
    "H": 14.65422691,
    "C": 0.02224413
  },
  "execution_time": 1.0967254638671875e-05,
  "mix_id": "MIX_4220",
  "input_file": "/teamspace/studios/this_studio/inputs/generated/MIX_4220.inp"
}