{
  "converged": true,
  "method": "simplified_thermodynamic_model",
  "note": "Using simplified model until Cemdata18 integration complete",
  "temperature_K": 298.15,
  "pressure_bar": 1.01325,
  "CO2_fraction": 0.35,
  "pCO2_bar": 0.3546375,
  "phases": {
    "Calcite": {
      "moles": 0.01575289135875,
      "mass_kg": 0.0015767068960972875
    },
    "C-S-H_1.0": {
      "moles": 0.27081531864124997,
      "mass_kg": 0.046038604169012495
    },
    "Silica_gel": {
      "moles": 1.1537922113587502,
      "mass_kg": 0.06931983605843371
    },
    "Ettringite": {
      "moles": 0.00512595,
      "mass_kg": 0.006433067249999999
    },
    "Hydrotalcite": {
      "moles": 0.020439455999999998,
      "mass_kg": 0.009054679008
    }
  },
  "pH": 8.7268125,
  "pe": 4.0,
  "Eh": 0.24,
  "system_mass_kg": 0.1324228933815435,
  "input_composition": {
    "Ca": 0.28656821,
    "Si": 1.42460753,
    "Al": 0.54798438,
    "Fe": 0.09845186,
    "Mg": 0.06813152,
    "K": 0.07144252,
    "Na": 0.07110634,
    "S": 0.0307557,
    "O": 9.03535502,
    "H": 9.3254171,
    "C": 0.01776788
  },
  "execution_time": 1.0728836059570312e-05,
  "mix_id": "MIX_2101",
  "input_file": "/teamspace/studios/this_studio/inputs/generated/MIX_2101.inp"
}