{
  "converged": true,
  "method": "simplified_thermodynamic_model",
  "note": "Using simplified model until Cemdata18 integration complete",
  "temperature_K": 298.15,
  "pressure_bar": 1.01325,
  "CO2_fraction": 0.2,
  "pCO2_bar": 0.20265,
  "phases": {
    "Calcite": {
      "moles": 0.00975707061,
      "mass_kg": 0.0009765851973548999
    },
    "C-S-H_1.0": {
      "moles": 0.44254634939000004,
      "mass_kg": 0.07523287939630001
    },
    "Silica_gel": {
      "moles": 1.59669962061,
      "mass_kg": 0.0959297132062488
    },
    "Ettringite": {
      "moles": 0.0034173,
      "mass_kg": 0.0042887114999999995
    },
    "Hydrotalcite": {
      "moles": 0.024860808,
      "mass_kg": 0.011013337944000001
    }
  },
  "pH": 9.48675,
  "pe": 4.0,
  "Eh": 0.24,
  "system_mass_kg": 0.18744122724390372,
  "input_composition": {
    "Ca": 0.45230342,
    "Si": 2.03924597,
    "Al": 0.69760586,
    "Fe": 0.16618886,
    "Mg": 0.08286936,
    "K": 0.09162172,
    "Na": 0.1805991,
    "S": 0.0205038,
    "O": 19.46752098,
    "H": 26.64404888,
    "C": 0.01925896
  },
  "execution_time": 8.106231689453125e-06,
  "mix_id": "MIX_4747",
  "input_file": "/teamspace/studios/this_studio/inputs/generated/MIX_4747.inp"
}