{
  "converged": true,
  "method": "simplified_thermodynamic_model",
  "note": "Using simplified model until Cemdata18 integration complete",
  "temperature_K": 298.15,
  "pressure_bar": 1.01325,
  "CO2_fraction": 0.15,
  "pCO2_bar": 0.1519875,
  "phases": {
    "Calcite": {
      "moles": 0.0019328782331249998,
      "mass_kg": 0.00019346178235348123
    },
    "C-S-H_1.0": {
      "moles": 0.24574265176687501,
      "mass_kg": 0.04177625080036876
    },
    "Silica_gel": {
      "moles": 0.838401478233125,
      "mass_kg": 0.05037116081224616
    },
    "Ettringite": {
      "moles": 0.00854325,
      "mass_kg": 0.010721778749999999
    },
    "Hydrotalcite": {
      "moles": 0.021444308999999998,
      "mass_kg": 0.009499828887
    }
  },
  "pH": 9.7400625,
  "pe": 4.0,
  "Eh": 0.24,
  "system_mass_kg": 0.11256248103196839,
  "input_composition": {
    "Ca": 0.24767553,
    "Si": 1.08414413,
    "Al": 0.47117877,
    "Fe": 0.05585885,
    "Mg": 0.07148103,
    "K": 0.05860121,
    "Na": 0.04750137,
    "S": 0.0512595,
    "O": 5.32678329,
    "H": 3.66355667,
    "C": 0.00508694
  },
  "execution_time": 0.0002090930938720703,
  "mix_id": "MIX_0020",
  "input_file": "/teamspace/studios/this_studio/inputs/generated/MIX_0020.inp"
}