{
  "converged": true,
  "method": "simplified_thermodynamic_model",
  "note": "Using simplified model until Cemdata18 integration complete",
  "temperature_K": 298.15,
  "pressure_bar": 1.01325,
  "CO2_fraction": 0.4,
  "pCO2_bar": 0.4053,
  "phases": {
    "Calcite": {
      "moles": 0.02180415,
      "mass_kg": 0.0021823773735
    },
    "C-S-H_1.0": {
      "moles": 0.3233973,
      "mass_kg": 0.054977541000000005
    },
    "Silica_gel": {
      "moles": 1.03830789,
      "mass_kg": 0.0623815380312
    },
    "Ettringite": {
      "moles": 0.00854325,
      "mass_kg": 0.010721778749999999
    },
    "Hydrotalcite": {
      "moles": 0.024726828,
      "mass_kg": 0.010953984804
    }
  },
  "pH": 8.5,
  "pe": 4.0,
  "Eh": 0.24,
  "system_mass_kg": 0.1412172199587,
  "input_composition": {
    "Ca": 0.34520145,
    "Si": 1.36170519,
    "Al": 0.54532455,
    "Fe": 0.08681919,
    "Mg": 0.08242276,
    "K": 0.06777358,
    "Na": 0.07635189,
    "S": 0.0512595,
    "O": 10.03056011,
    "H": 11.32372072,
    "C": 0.02180415
  },
  "execution_time": 2.002716064453125e-05,
  "mix_id": "MIX_1894",
  "input_file": "/teamspace/studios/this_studio/inputs/generated/MIX_1894.inp"
}