{
  "converged": true,
  "method": "simplified_thermodynamic_model",
  "note": "Using simplified model until Cemdata18 integration complete",
  "temperature_K": 298.15,
  "pressure_bar": 1.01325,
  "CO2_fraction": 0.35,
  "pCO2_bar": 0.3546375,
  "phases": {
    "Calcite": {
      "moles": 0.01575289135875,
      "mass_kg": 0.0015767068960972875
    },
    "C-S-H_1.0": {
      "moles": 0.38808180864124997,
      "mass_kg": 0.0659739074690125
    },
    "Silica_gel": {
      "moles": 0.9053100813587501,
      "mass_kg": 0.05439102968803371
    },
    "Ettringite": {
      "moles": 0.011960551666666666,
      "mass_kg": 0.015010492341666664
    },
    "Hydrotalcite": {
      "moles": 0.029014203,
      "mass_kg": 0.012853291929
    }
  },
  "pH": 8.7268125,
  "pe": 4.0,
  "Eh": 0.24,
  "system_mass_kg": 0.14980542832381016,
  "input_composition": {
    "Ca": 0.4038347,
    "Si": 1.29339189,
    "Al": 0.54266472,
    "Fe": 0.07518652,
    "Mg": 0.09671401,
    "K": 0.06410463,
    "Na": 0.07110634,
    "S": 0.07176331,
    "O": 8.99524907,
    "H": 9.3254171,
    "C": 0.01776788
  },
  "execution_time": 1.0967254638671875e-05,
  "mix_id": "MIX_1653",
  "input_file": "/teamspace/studios/this_studio/inputs/generated/MIX_1653.inp"
}