{
  "converged": true,
  "method": "simplified_thermodynamic_model",
  "note": "Using simplified model until Cemdata18 integration complete",
  "temperature_K": 298.15,
  "pressure_bar": 1.01325,
  "CO2_fraction": 0.3,
  "pCO2_bar": 0.303975,
  "phases": {
    "Calcite": {
      "moles": 0.008692187923124999,
      "mass_kg": 0.0008700010892255812
    },
    "C-S-H_1.0": {
      "moles": 0.195008412076875,
      "mass_kg": 0.03315143005306875
    },
    "Silica_gel": {
      "moles": 0.960138347923125,
      "mass_kg": 0.05768511194322135
    },
    "Ettringite": {
      "moles": 0.005980275,
      "mass_kg": 0.007505245125
    },
    "Hydrotalcite": {
      "moles": 0.01822878,
      "mass_kg": 0.00807534954
    }
  },
  "pH": 8.980125000000001,
  "pe": 4.0,
  "Eh": 0.24,
  "system_mass_kg": 0.10728713775051568,
  "input_composition": {
    "Ca": 0.2037006,
    "Si": 1.15514676,
    "Al": 0.47317365,
    "Fe": 0.06458336,
    "Mg": 0.0607626,
    "K": 0.06135292,
    "Na": 0.0897623,
    "S": 0.03588165,
    "O": 6.41840106,
    "H": 5.66186043,
    "C": 0.01143803
  },
  "execution_time": 5.91278076171875e-05,
  "mix_id": "MIX_0414",
  "input_file": "/teamspace/studios/this_studio/inputs/generated/MIX_0414.inp"
}