{
  "converged": true,
  "method": "simplified_thermodynamic_model",
  "note": "Using simplified model until Cemdata18 integration complete",
  "temperature_K": 298.15,
  "pressure_bar": 1.01325,
  "CO2_fraction": 0.35,
  "pCO2_bar": 0.3546375,
  "phases": {
    "Calcite": {
      "moles": 0.022725490173749998,
      "mass_kg": 0.002274594311490637
    },
    "C-S-H_1.0": {
      "moles": 0.95727714982625,
      "mass_kg": 0.16273711547046252
    },
    "Silica_gel": {
      "moles": 0.45125863017375,
      "mass_kg": 0.027111618500838902
    },
    "Ettringite": {
      "moles": 0.034173003333333334,
      "mass_kg": 0.04288711918333333
    },
    "Hydrotalcite": {
      "moles": 0.063447168,
      "mass_kg": 0.028107095424
    }
  },
  "pH": 8.7268125,
  "pe": 4.0,
  "Eh": 0.24,
  "system_mass_kg": 0.2631175428901254,
  "input_composition": {
    "Ca": 0.98000264,
    "Si": 1.40853578,
    "Al": 0.67366736,
    "Fe": 0.06149484,
    "Mg": 0.21149056,
    "K": 0.05860121,
    "Na": 0.10257964,
    "S": 0.20503802,
    "O": 13.18539068,
    "H": 14.65422683,
    "C": 0.02563236
  },
  "execution_time": 8.344650268554688e-06,
  "mix_id": "MIX_3780",
  "input_file": "/teamspace/studios/this_studio/inputs/generated/MIX_3780.inp"
}