{
  "converged": true,
  "method": "simplified_thermodynamic_model",
  "note": "Using simplified model until Cemdata18 integration complete",
  "temperature_K": 298.15,
  "pressure_bar": 1.01325,
  "CO2_fraction": 0.15,
  "pCO2_bar": 0.1519875,
  "phases": {
    "Calcite": {
      "moles": 0.002173048880625,
      "mass_kg": 0.00021750046246175623
    },
    "C-S-H_1.0": {
      "moles": 0.098919371119375,
      "mass_kg": 0.01681629309029375
    },
    "Silica_gel": {
      "moles": 1.171041068880625,
      "mass_kg": 0.07035614741834795
    },
    "Hydrotalcite": {
      "moles": 0.010725876,
      "mass_kg": 0.004751563068
    }
  },
  "pH": 9.7400625,
  "pe": 4.0,
  "Eh": 0.24,
  "system_mass_kg": 0.09214150403910346,
  "input_composition": {
    "Ca": 0.10109242,
    "Si": 1.26996044,
    "Al": 0.47782835,
    "Fe": 0.08494053,
    "Mg": 0.03575292,
    "K": 0.06777358,
    "Na": 0.0897623,
    "S": 0.0,
    "O": 6.44205573,
    "H": 5.66186043,
    "C": 0.00571902
  },
  "execution_time": 9.298324584960938e-06,
  "mix_id": "MIX_1150",
  "input_file": "/teamspace/studios/this_studio/inputs/generated/MIX_1150.inp"
}