{
  "converged": true,
  "method": "simplified_thermodynamic_model",
  "note": "Using simplified model until Cemdata18 integration complete",
  "temperature_K": 298.15,
  "pressure_bar": 1.01325,
  "CO2_fraction": 0.3,
  "pCO2_bar": 0.303975,
  "phases": {
    "Calcite": {
      "moles": 0.010655083687499999,
      "mass_kg": 0.0010664673262818748
    },
    "C-S-H_1.0": {
      "moles": 0.24659649631249997,
      "mass_kg": 0.041921404373125
    },
    "Silica_gel": {
      "moles": 1.1965554636875,
      "mass_kg": 0.07188905225834501
    },
    "Ettringite": {
      "moles": 0.0034173,
      "mass_kg": 0.0042887114999999995
    },
    "Hydrotalcite": {
      "moles": 0.01829577,
      "mass_kg": 0.00810502611
    }
  },
  "pH": 8.980125000000001,
  "pe": 4.0,
  "Eh": 0.24,
  "system_mass_kg": 0.12727066156775188,
  "input_composition": {
    "Ca": 0.25725158,
    "Si": 1.44315196,
    "Al": 0.5493143,
    "Fe": 0.10426819,
    "Mg": 0.0609859,
    "K": 0.073277,
    "Na": 0.04345916,
    "S": 0.0205038,
    "O": 7.99639333,
    "H": 7.32711342,
    "C": 0.014021
  },
  "execution_time": 1.0728836059570312e-05,
  "mix_id": "MIX_2192",
  "input_file": "/teamspace/studios/this_studio/inputs/generated/MIX_2192.inp"
}