{
  "converged": true,
  "method": "simplified_thermodynamic_model",
  "note": "Using simplified model until Cemdata18 integration complete",
  "temperature_K": 298.15,
  "pressure_bar": 1.01325,
  "CO2_fraction": 0.3,
  "pCO2_bar": 0.303975,
  "phases": {
    "Calcite": {
      "moles": 0.011717651098125,
      "mass_kg": 0.0011728196984113312
    },
    "C-S-H_1.0": {
      "moles": 0.392117048901875,
      "mass_kg": 0.06665989831331876
    },
    "Silica_gel": {
      "moles": 0.9270111510981249,
      "mass_kg": 0.055694829957975346
    },
    "Ettringite": {
      "moles": 0.011960551666666666,
      "mass_kg": 0.015010492341666664
    },
    "Hydrotalcite": {
      "moles": 0.029014203,
      "mass_kg": 0.012853291929
    }
  },
  "pH": 8.980125000000001,
  "pe": 4.0,
  "Eh": 0.24,
  "system_mass_kg": 0.1513913322403721,
  "input_composition": {
    "Ca": 0.4038347,
    "Si": 1.3191282,
    "Al": 0.54266472,
    "Fe": 0.07518652,
    "Mg": 0.09671401,
    "K": 0.06410463,
    "Na": 0.12100552,
    "S": 0.07176331,
    "O": 9.06697394,
    "H": 9.32541705,
    "C": 0.01541923
  },
  "execution_time": 8.797645568847656e-05,
  "mix_id": "MIX_1645",
  "input_file": "/teamspace/studios/this_studio/inputs/generated/MIX_1645.inp"
}