{
  "converged": true,
  "method": "simplified_thermodynamic_model",
  "note": "Using simplified model until Cemdata18 integration complete",
  "temperature_K": 298.15,
  "pressure_bar": 1.01325,
  "CO2_fraction": 0.15,
  "pCO2_bar": 0.1519875,
  "phases": {
    "Calcite": {
      "moles": 0.0026637709218749997,
      "mass_kg": 0.0002666168315704687
    },
    "C-S-H_1.0": {
      "moles": 0.283904439078125,
      "mass_kg": 0.048263754643281254
    },
    "Silica_gel": {
      "moles": 1.126443610921875,
      "mass_kg": 0.06767673214418625
    },
    "Ettringite": {
      "moles": 0.00512595,
      "mass_kg": 0.006433067249999999
    },
    "Hydrotalcite": {
      "moles": 0.020439455999999998,
      "mass_kg": 0.009054679008
    }
  },
  "pH": 9.7400625,
  "pe": 4.0,
  "Eh": 0.24,
  "system_mass_kg": 0.13169484987703797,
  "input_composition": {
    "Ca": 0.28656821,
    "Si": 1.41034805,
    "Al": 0.54798438,
    "Fe": 0.09845186,
    "Mg": 0.06813152,
    "K": 0.07144252,
    "Na": 0.04345916,
    "S": 0.0307557,
    "O": 7.97234585,
    "H": 7.32711342,
    "C": 0.0070105
  },
  "execution_time": 1.3828277587890625e-05,
  "mix_id": "MIX_2032",
  "input_file": "/teamspace/studios/this_studio/inputs/generated/MIX_2032.inp"
}