{
  "converged": true,
  "method": "simplified_thermodynamic_model",
  "note": "Using simplified model until Cemdata18 integration complete",
  "temperature_K": 298.15,
  "pressure_bar": 1.01325,
  "CO2_fraction": 0.3,
  "pCO2_bar": 0.303975,
  "phases": {
    "Calcite": {
      "moles": 0.0137080262025,
      "mass_kg": 0.0013720363426082249
    },
    "C-S-H_1.0": {
      "moles": 0.3703861037975,
      "mass_kg": 0.062965637645575
    },
    "Silica_gel": {
      "moles": 1.3236660562025,
      "mass_kg": 0.0795258566566462
    },
    "Ettringite": {
      "moles": 0.00512595,
      "mass_kg": 0.006433067249999999
    },
    "Hydrotalcite": {
      "moles": 0.023721975,
      "mass_kg": 0.010508834925
    }
  },
  "pH": 8.980125000000001,
  "pe": 4.0,
  "Eh": 0.24,
  "system_mass_kg": 0.16080543281982942,
  "input_composition": {
    "Ca": 0.38409413,
    "Si": 1.69405216,
    "Al": 0.62213016,
    "Fe": 0.12941219,
    "Mg": 0.07907325,
    "K": 0.08061489,
    "Na": 0.08422021,
    "S": 0.0307557,
    "O": 10.68468166,
    "H": 10.99067013,
    "C": 0.01803836
  },
  "execution_time": 1.71661376953125e-05,
  "mix_id": "MIX_3428",
  "input_file": "/teamspace/studios/this_studio/inputs/generated/MIX_3428.inp"
}