{
  "converged": true,
  "method": "simplified_thermodynamic_model",
  "note": "Using simplified model until Cemdata18 integration complete",
  "temperature_K": 298.15,
  "pressure_bar": 1.01325,
  "CO2_fraction": 0.35,
  "pCO2_bar": 0.3546375,
  "phases": {
    "Calcite": {
      "moles": 0.020278181115937502,
      "mass_kg": 0.0020296431478941846
    },
    "C-S-H_1.0": {
      "moles": 0.7156154188840625,
      "mass_kg": 0.12165462121029064
    },
    "Silica_gel": {
      "moles": 0.5726928811159374,
      "mass_kg": 0.034407388297445524
    },
    "Ettringite": {
      "moles": 0.02562975166666667,
      "mass_kg": 0.03216533834166667
    },
    "Hydrotalcite": {
      "moles": 0.049446213,
      "mass_kg": 0.021904672359
    }
  },
  "pH": 8.7268125,
  "pe": 4.0,
  "Eh": 0.24,
  "system_mass_kg": 0.21216166335629702,
  "input_composition": {
    "Ca": 0.7358936,
    "Si": 1.2883083,
    "Al": 0.60617116,
    "Fe": 0.05961618,
    "Mg": 0.16482071,
    "K": 0.05860121,
    "Na": 0.06076591,
    "S": 0.15377851,
    "O": 12.03683785,
    "H": 13.9881256,
    "C": 0.02287201
  },
  "execution_time": 1.1444091796875e-05,
  "mix_id": "MIX_2545",
  "input_file": "/teamspace/studios/this_studio/inputs/generated/MIX_2545.inp"
}