{
  "converged": true,
  "method": "simplified_thermodynamic_model",
  "note": "Using simplified model until Cemdata18 integration complete",
  "temperature_K": 298.15,
  "pressure_bar": 1.01325,
  "CO2_fraction": 0.25,
  "pCO2_bar": 0.2533125,
  "phases": {
    "Calcite": {
      "moles": 0.012187541985937498,
      "mass_kg": 0.0012198510773724842
    },
    "C-S-H_1.0": {
      "moles": 0.4158815180140625,
      "mass_kg": 0.07069985806239062
    },
    "Silica_gel": {
      "moles": 1.2411394219859375,
      "mass_kg": 0.07456765647291513
    },
    "Ettringite": {
      "moles": 0.007688925,
      "mass_kg": 0.009649600874999999
    },
    "Hydrotalcite": {
      "moles": 0.026937506999999996,
      "mass_kg": 0.011933315600999998
    }
  },
  "pH": 9.2334375,
  "pe": 4.0,
  "Eh": 0.24,
  "system_mass_kg": 0.16807028208867825,
  "input_composition": {
    "Ca": 0.42806906,
    "Si": 1.65702094,
    "Al": 0.62013529,
    "Fe": 0.12068769,
    "Mg": 0.08979169,
    "K": 0.07786318,
    "Na": 0.10782519,
    "S": 0.04613355,
    "O": 15.20439042,
    "H": 19.98303666,
    "C": 0.01924507
  },
  "execution_time": 1.33514404296875e-05,
  "mix_id": "MIX_3303",
  "input_file": "/teamspace/studios/this_studio/inputs/generated/MIX_3303.inp"
}