{
  "converged": true,
  "method": "simplified_thermodynamic_model",
  "note": "Using simplified model until Cemdata18 integration complete",
  "temperature_K": 298.15,
  "pressure_bar": 1.01325,
  "CO2_fraction": 0.4,
  "pCO2_bar": 0.4053,
  "phases": {
    "Calcite": {
      "moles": 0.02018362,
      "mass_kg": 0.0020201785258
    },
    "C-S-H_1.0": {
      "moles": 0.32501783,
      "mass_kg": 0.0552530311
    },
    "Silica_gel": {
      "moles": 1.02150765,
      "mass_kg": 0.061372179612
    },
    "Ettringite": {
      "moles": 0.00854325,
      "mass_kg": 0.010721778749999999
    },
    "Hydrotalcite": {
      "moles": 0.024726828,
      "mass_kg": 0.010953984804
    }
  },
  "pH": 8.5,
  "pe": 4.0,
  "Eh": 0.24,
  "system_mass_kg": 0.1403211527918,
  "input_composition": {
    "Ca": 0.34520145,
    "Si": 1.34652548,
    "Al": 0.54532455,
    "Fe": 0.08681919,
    "Mg": 0.08242276,
    "K": 0.06777358,
    "Na": 0.04692051,
    "S": 0.0512595,
    "O": 8.98309214,
    "H": 9.32541712,
    "C": 0.02018362
  },
  "execution_time": 9.775161743164062e-06,
  "mix_id": "MIX_1889",
  "input_file": "/teamspace/studios/this_studio/inputs/generated/MIX_1889.inp"
}