{
  "converged": true,
  "method": "simplified_thermodynamic_model",
  "note": "Using simplified model until Cemdata18 integration complete",
  "temperature_K": 298.15,
  "pressure_bar": 1.01325,
  "CO2_fraction": 0.3,
  "pCO2_bar": 0.303975,
  "phases": {
    "Calcite": {
      "moles": 0.007779145814999999,
      "mass_kg": 0.00077861470462335
    },
    "C-S-H_1.0": {
      "moles": 0.225238074185,
      "mass_kg": 0.03829047261145
    },
    "Silica_gel": {
      "moles": 0.8838148158150001,
      "mass_kg": 0.05309959413416521
    },
    "Ettringite": {
      "moles": 0.007688925,
      "mass_kg": 0.009649600874999999
    },
    "Hydrotalcite": {
      "moles": 0.020372466000000002,
      "mass_kg": 0.009025002438000002
    }
  },
  "pH": 8.980125000000001,
  "pe": 4.0,
  "Eh": 0.24,
  "system_mass_kg": 0.11084328476323856,
  "input_composition": {
    "Ca": 0.23301722,
    "Si": 1.10905289,
    "Al": 0.47184373,
    "Fe": 0.05876702,
    "Mg": 0.06790822,
    "K": 0.05951845,
    "Na": 0.0639949,
    "S": 0.04613355,
    "O": 5.36735619,
    "H": 3.66355677,
    "C": 0.01023656
  },
  "execution_time": 2.2172927856445312e-05,
  "mix_id": "MIX_0184",
  "input_file": "/teamspace/studios/this_studio/inputs/generated/MIX_0184.inp"
}