{
  "converged": true,
  "method": "simplified_thermodynamic_model",
  "note": "Using simplified model until Cemdata18 integration complete",
  "temperature_K": 298.15,
  "pressure_bar": 1.01325,
  "CO2_fraction": 0.0,
  "pCO2_bar": 0.0,
  "phases": {
    "C-S-H_1.0": {
      "moles": 0.45230342,
      "mass_kg": 0.0768915814
    },
    "Silica_gel": {
      "moles": 1.60224678,
      "mass_kg": 0.0962629865424
    },
    "Ettringite": {
      "moles": 0.0034173,
      "mass_kg": 0.0042887114999999995
    },
    "Hydrotalcite": {
      "moles": 0.024860808,
      "mass_kg": 0.011013337944000001
    }
  },
  "pH": 10.5,
  "pe": 4.0,
  "Eh": 0.24,
  "system_mass_kg": 0.1884566173864,
  "input_composition": {
    "Ca": 0.45230342,
    "Si": 2.0545502,
    "Al": 0.69760586,
    "Fe": 0.16618886,
    "Mg": 0.08286936,
    "K": 0.09162172,
    "Na": 0.2102719,
    "S": 0.0205038,
    "O": 17.47614424,
    "H": 22.64744153,
    "C": 0.0
  },
  "execution_time": 1.8358230590820312e-05,
  "mix_id": "MIX_4718",
  "input_file": "/teamspace/studios/this_studio/inputs/generated/MIX_4718.inp"
}