{
  "converged": true,
  "method": "simplified_thermodynamic_model",
  "note": "Using simplified model until Cemdata18 integration complete",
  "temperature_K": 298.15,
  "pressure_bar": 1.01325,
  "CO2_fraction": 0.3,
  "pCO2_bar": 0.303975,
  "phases": {
    "Calcite": {
      "moles": 0.013281131311875,
      "mass_kg": 0.0013293084330055686
    },
    "C-S-H_1.0": {
      "moles": 0.331920318688125,
      "mass_kg": 0.05642645417698125
    },
    "Silica_gel": {
      "moles": 1.032490351311875,
      "mass_kg": 0.062032020306817454
    },
    "Ettringite": {
      "moles": 0.00854325,
      "mass_kg": 0.010721778749999999
    },
    "Hydrotalcite": {
      "moles": 0.024726828,
      "mass_kg": 0.010953984804
    }
  },
  "pH": 8.980125000000001,
  "pe": 4.0,
  "Eh": 0.24,
  "system_mass_kg": 0.14146354647080428,
  "input_composition": {
    "Ca": 0.34520145,
    "Si": 1.36441067,
    "Al": 0.54532455,
    "Fe": 0.08681919,
    "Mg": 0.08242276,
    "K": 0.06777358,
    "Na": 0.08159744,
    "S": 0.0512595,
    "O": 11.02909062,
    "H": 13.32202445,
    "C": 0.01747661
  },
  "execution_time": 1.1920928955078125e-05,
  "mix_id": "MIX_1863",
  "input_file": "/teamspace/studios/this_studio/inputs/generated/MIX_1863.inp"
}