{
  "converged": true,
  "method": "simplified_thermodynamic_model",
  "note": "Using simplified model until Cemdata18 integration complete",
  "temperature_K": 298.15,
  "pressure_bar": 1.01325,
  "CO2_fraction": 0.2,
  "pCO2_bar": 0.20265,
  "phases": {
    "Calcite": {
      "moles": 0.005939083815,
      "mass_kg": 0.00059444289904335
    },
    "C-S-H_1.0": {
      "moles": 0.427212236185,
      "mass_kg": 0.07262608015145
    },
    "Silica_gel": {
      "moles": 0.8533996138150002,
      "mass_kg": 0.05127224879800521
    },
    "Ettringite": {
      "moles": 0.013669201666666667,
      "mass_kg": 0.017154848091666664
    },
    "Hydrotalcite": {
      "moles": 0.031157888999999998,
      "mass_kg": 0.013802944826999999
    }
  },
  "pH": 9.48675,
  "pe": 4.0,
  "Eh": 0.24,
  "system_mass_kg": 0.15545056476716523,
  "input_composition": {
    "Ca": 0.43315132,
    "Si": 1.28061185,
    "Al": 0.5413348,
    "Fe": 0.06937019,
    "Mg": 0.10385963,
    "K": 0.06227016,
    "Na": 0.10992989,
    "S": 0.08201521,
    "O": 11.03089571,
    "H": 13.32202447,
    "C": 0.01172284
  },
  "execution_time": 1.4066696166992188e-05,
  "mix_id": "MIX_1499",
  "input_file": "/teamspace/studios/this_studio/inputs/generated/MIX_1499.inp"
}