{
  "converged": true,
  "method": "simplified_thermodynamic_model",
  "note": "Using simplified model until Cemdata18 integration complete",
  "temperature_K": 298.15,
  "pressure_bar": 1.01325,
  "CO2_fraction": 0.35,
  "pCO2_bar": 0.3546375,
  "phases": {
    "Calcite": {
      "moles": 0.011104498059375,
      "mass_kg": 0.0011114492107628438
    },
    "C-S-H_1.0": {
      "moles": 0.236571031940625,
      "mass_kg": 0.040217075429906254
    },
    "Silica_gel": {
      "moles": 0.848925838059375,
      "mass_kg": 0.05100346435060726
    },
    "Ettringite": {
      "moles": 0.00854325,
      "mass_kg": 0.010721778749999999
    },
    "Hydrotalcite": {
      "moles": 0.021444308999999998,
      "mass_kg": 0.009499828887
    }
  },
  "pH": 8.7268125,
  "pe": 4.0,
  "Eh": 0.24,
  "system_mass_kg": 0.11255359662827635,
  "input_composition": {
    "Ca": 0.24767553,
    "Si": 1.08549687,
    "Al": 0.47117877,
    "Fe": 0.05585885,
    "Mg": 0.07148103,
    "K": 0.05860121,
    "Na": 0.05012415,
    "S": 0.0512595,
    "O": 5.84525205,
    "H": 4.66270861,
    "C": 0.0125249
  },
  "execution_time": 6.9141387939453125e-06,
  "mix_id": "MIX_0085",
  "input_file": "/teamspace/studios/this_studio/inputs/generated/MIX_0085.inp"
}