{
  "converged": true,
  "method": "simplified_thermodynamic_model",
  "note": "Using simplified model until Cemdata18 integration complete",
  "temperature_K": 298.15,
  "pressure_bar": 1.01325,
  "CO2_fraction": 0.25,
  "pCO2_bar": 0.2533125,
  "phases": {
    "Calcite": {
      "moles": 0.008137252429687498,
      "mass_kg": 0.0008144575956874217
    },
    "C-S-H_1.0": {
      "moles": 0.2784309575703125,
      "mass_kg": 0.04733326278695313
    },
    "Silica_gel": {
      "moles": 1.1719128824296874,
      "mass_kg": 0.07040852597637562
    },
    "Ettringite": {
      "moles": 0.00512595,
      "mass_kg": 0.006433067249999999
    },
    "Hydrotalcite": {
      "moles": 0.020439455999999998,
      "mass_kg": 0.009054679008
    }
  },
  "pH": 9.2334375,
  "pe": 4.0,
  "Eh": 0.24,
  "system_mass_kg": 0.13404399261701616,
  "input_composition": {
    "Ca": 0.28656821,
    "Si": 1.45034384,
    "Al": 0.54798438,
    "Fe": 0.09845186,
    "Mg": 0.06813152,
    "K": 0.07144252,
    "Na": 0.12100552,
    "S": 0.0307557,
    "O": 9.10194015,
    "H": 9.32541705,
    "C": 0.01284935
  },
  "execution_time": 1.049041748046875e-05,
  "mix_id": "MIX_2077",
  "input_file": "/teamspace/studios/this_studio/inputs/generated/MIX_2077.inp"
}