{
  "converged": true,
  "method": "simplified_thermodynamic_model",
  "note": "Using simplified model until Cemdata18 integration complete",
  "temperature_K": 298.15,
  "pressure_bar": 1.01325,
  "CO2_fraction": 0.25,
  "pCO2_bar": 0.2533125,
  "phases": {
    "Calcite": {
      "moles": 0.008086703920312499,
      "mass_kg": 0.000809398195384078
    },
    "C-S-H_1.0": {
      "moles": 0.36643137607968745,
      "mass_kg": 0.06229333393354687
    },
    "Silica_gel": {
      "moles": 0.9724985439203125,
      "mass_kg": 0.058427712518732376
    },
    "Ettringite": {
      "moles": 0.010251901666666667,
      "mass_kg": 0.012866136591666666
    },
    "Hydrotalcite": {
      "moles": 0.026870514,
      "mass_kg": 0.011903637702000001
    }
  },
  "pH": 9.2334375,
  "pe": 4.0,
  "Eh": 0.24,
  "system_mass_kg": 0.14630021894133,
  "input_composition": {
    "Ca": 0.37451808,
    "Si": 1.33892992,
    "Al": 0.54399463,
    "Fe": 0.08100285,
    "Mg": 0.08956838,
    "K": 0.06593911,
    "Na": 0.09579605,
    "S": 0.06151141,
    "O": 9.03309194,
    "H": 9.32541714,
    "C": 0.01276953
  },
  "execution_time": 1.0251998901367188e-05,
  "mix_id": "MIX_1737",
  "input_file": "/teamspace/studios/this_studio/inputs/generated/MIX_1737.inp"
}