{
  "converged": true,
  "method": "simplified_thermodynamic_model",
  "note": "Using simplified model until Cemdata18 integration complete",
  "temperature_K": 298.15,
  "pressure_bar": 1.01325,
  "CO2_fraction": 0.2,
  "pCO2_bar": 0.20265,
  "phases": {
    "Calcite": {
      "moles": 0.00590272333875,
      "mass_kg": 0.0005908035789754874
    },
    "C-S-H_1.0": {
      "moles": 0.42724859666125,
      "mass_kg": 0.0726322614324125
    },
    "Silica_gel": {
      "moles": 0.83875034333875,
      "mass_kg": 0.0503921206277921
    },
    "Ettringite": {
      "moles": 0.013669201666666667,
      "mass_kg": 0.017154848091666664
    },
    "Hydrotalcite": {
      "moles": 0.031157888999999998,
      "mass_kg": 0.013802944826999999
    }
  },
  "pH": 9.48675,
  "pe": 4.0,
  "Eh": 0.24,
  "system_mass_kg": 0.15457297855784674,
  "input_composition": {
    "Ca": 0.43315132,
    "Si": 1.26599894,
    "Al": 0.5413348,
    "Fe": 0.06937019,
    "Mg": 0.10385963,
    "K": 0.06227016,
    "Na": 0.08159744,
    "S": 0.08201521,
    "O": 10.98736009,
    "H": 13.32202445,
    "C": 0.01165107
  },
  "execution_time": 1.2874603271484375e-05,
  "mix_id": "MIX_1495",
  "input_file": "/teamspace/studios/this_studio/inputs/generated/MIX_1495.inp"
}