{
  "converged": true,
  "method": "simplified_thermodynamic_model",
  "note": "Using simplified model until Cemdata18 integration complete",
  "temperature_K": 298.15,
  "pressure_bar": 1.01325,
  "CO2_fraction": 0.2,
  "pCO2_bar": 0.20265,
  "phases": {
    "Calcite": {
      "moles": 0.0061299851812499995,
      "mass_kg": 0.0006135502167913125
    },
    "C-S-H_1.0": {
      "moles": 0.68578868481875,
      "mass_kg": 0.11658407641918751
    },
    "Silica_gel": {
      "moles": 0.67890503518125,
      "mass_kg": 0.0407886145136895
    },
    "Ettringite": {
      "moles": 0.023066776666666667,
      "mass_kg": 0.028948804716666665
    },
    "Hydrotalcite": {
      "moles": 0.046230684,
      "mass_kg": 0.020480193012000002
    }
  },
  "pH": 9.48675,
  "pe": 4.0,
  "Eh": 0.24,
  "system_mass_kg": 0.207415238878335,
  "input_composition": {
    "Ca": 0.69191867,
    "Si": 1.36469372,
    "Al": 0.60816604,
    "Fe": 0.06834068,
    "Mg": 0.15410228,
    "K": 0.06135292,
    "Na": 0.11346335,
    "S": 0.13840066,
    "O": 10.61231299,
    "H": 10.99067019,
    "C": 0.01209965
  },
  "execution_time": 1.1205673217773438e-05,
  "mix_id": "MIX_2616",
  "input_file": "/teamspace/studios/this_studio/inputs/generated/MIX_2616.inp"
}