{
  "converged": true,
  "method": "simplified_thermodynamic_model",
  "note": "Using simplified model until Cemdata18 integration complete",
  "temperature_K": 298.15,
  "pressure_bar": 1.01325,
  "CO2_fraction": 0.3,
  "pCO2_bar": 0.303975,
  "phases": {
    "Calcite": {
      "moles": 0.012582064805624998,
      "mass_kg": 0.001259338866395006
    },
    "C-S-H_1.0": {
      "moles": 0.244669515194375,
      "mass_kg": 0.04159381758304375
    },
    "Silica_gel": {
      "moles": 1.243082304805625,
      "mass_kg": 0.07468438487272196
    },
    "Ettringite": {
      "moles": 0.0034173,
      "mass_kg": 0.0042887114999999995
    },
    "Hydrotalcite": {
      "moles": 0.01829577,
      "mass_kg": 0.00810502611
    }
  },
  "pH": 8.980125000000001,
  "pe": 4.0,
  "Eh": 0.24,
  "system_mass_kg": 0.12993127893216072,
  "input_composition": {
    "Ca": 0.25725158,
    "Si": 1.48775182,
    "Al": 0.5493143,
    "Fe": 0.10426819,
    "Mg": 0.0609859,
    "K": 0.073277,
    "Na": 0.12993217,
    "S": 0.0205038,
    "O": 10.13220464,
    "H": 11.32372077,
    "C": 0.01655671
  },
  "execution_time": 9.5367431640625e-06,
  "mix_id": "MIX_2206",
  "input_file": "/teamspace/studios/this_studio/inputs/generated/MIX_2206.inp"
}