{
  "converged": true,
  "method": "simplified_thermodynamic_model",
  "note": "Using simplified model until Cemdata18 integration complete",
  "temperature_K": 298.15,
  "pressure_bar": 1.01325,
  "CO2_fraction": 0.25,
  "pCO2_bar": 0.2533125,
  "phases": {
    "Calcite": {
      "moles": 0.009337833356249998,
      "mass_kg": 0.0009346237406270624
    },
    "C-S-H_1.0": {
      "moles": 0.27723037664375,
      "mass_kg": 0.0471291640294375
    },
    "Silica_gel": {
      "moles": 1.18232158335625,
      "mass_kg": 0.0710338807280435
    },
    "Ettringite": {
      "moles": 0.00512595,
      "mass_kg": 0.006433067249999999
    },
    "Hydrotalcite": {
      "moles": 0.020439455999999998,
      "mass_kg": 0.009054679008
    }
  },
  "pH": 9.2334375,
  "pe": 4.0,
  "Eh": 0.24,
  "system_mass_kg": 0.13458541475610805,
  "input_composition": {
    "Ca": 0.28656821,
    "Si": 1.45955196,
    "Al": 0.54798438,
    "Fe": 0.09845186,
    "Mg": 0.06813152,
    "K": 0.07144252,
    "Na": 0.1388588,
    "S": 0.0307557,
    "O": 11.13137832,
    "H": 13.32202445,
    "C": 0.01474516
  },
  "execution_time": 8.821487426757812e-06,
  "mix_id": "MIX_2079",
  "input_file": "/teamspace/studios/this_studio/inputs/generated/MIX_2079.inp"
}