{
  "converged": true,
  "method": "simplified_thermodynamic_model",
  "note": "Using simplified model until Cemdata18 integration complete",
  "temperature_K": 298.15,
  "pressure_bar": 1.01325,
  "CO2_fraction": 0.35,
  "pCO2_bar": 0.3546375,
  "phases": {
    "Calcite": {
      "moles": 0.010523451113437499,
      "mass_kg": 0.0010532922219439592
    },
    "C-S-H_1.0": {
      "moles": 0.1931771488865625,
      "mass_kg": 0.03284011531071563
    },
    "Silica_gel": {
      "moles": 0.9401728511134375,
      "mass_kg": 0.05648558489489533
    },
    "Ettringite": {
      "moles": 0.005980275,
      "mass_kg": 0.007505245125
    },
    "Hydrotalcite": {
      "moles": 0.01822878,
      "mass_kg": 0.00807534954
    }
  },
  "pH": 8.7268125,
  "pe": 4.0,
  "Eh": 0.24,
  "system_mass_kg": 0.10595958709255492,
  "input_composition": {
    "Ca": 0.2037006,
    "Si": 1.13335,
    "Al": 0.47317365,
    "Fe": 0.06458336,
    "Mg": 0.0607626,
    "K": 0.06135292,
    "Na": 0.04750137,
    "S": 0.03588165,
    "O": 5.35538819,
    "H": 3.66355667,
    "C": 0.01186953
  },
  "execution_time": 9.775161743164062e-06,
  "mix_id": "MIX_0420",
  "input_file": "/teamspace/studios/this_studio/inputs/generated/MIX_0420.inp"
}