{
  "converged": true,
  "method": "simplified_thermodynamic_model",
  "note": "Using simplified model until Cemdata18 integration complete",
  "temperature_K": 298.15,
  "pressure_bar": 1.01325,
  "CO2_fraction": 0.2,
  "pCO2_bar": 0.20265,
  "phases": {
    "Calcite": {
      "moles": 0.008179491022499999,
      "mass_kg": 0.0008186852564420248
    },
    "C-S-H_1.0": {
      "moles": 0.7959234089774999,
      "mass_kg": 0.135306979526175
    },
    "Silica_gel": {
      "moles": 0.8148467910225,
      "mass_kg": 0.0489559952046318
    },
    "Ettringite": {
      "moles": 0.023921101666666666,
      "mass_kg": 0.030020982591666665
    },
    "Hydrotalcite": {
      "moles": 0.050585049,
      "mass_kg": 0.022409176707
    }
  },
  "pH": 9.48675,
  "pe": 4.0,
  "Eh": 0.24,
  "system_mass_kg": 0.23751181928591547,
  "input_composition": {
    "Ca": 0.8041029,
    "Si": 1.6107702,
    "Al": 0.68164686,
    "Fe": 0.09639285,
    "Mg": 0.16861683,
    "K": 0.06960805,
    "Na": 0.11307074,
    "S": 0.14352661,
    "O": 15.24094613,
    "H": 18.65083418,
    "C": 0.01614506
  },
  "execution_time": 1.430511474609375e-05,
  "mix_id": "MIX_4069",
  "input_file": "/teamspace/studios/this_studio/inputs/generated/MIX_4069.inp"
}