{
  "converged": true,
  "method": "simplified_thermodynamic_model",
  "note": "Using simplified model until Cemdata18 integration complete",
  "temperature_K": 298.15,
  "pressure_bar": 1.01325,
  "CO2_fraction": 0.25,
  "pCO2_bar": 0.2533125,
  "phases": {
    "Calcite": {
      "moles": 0.015152083504687497,
      "mass_kg": 0.0015165720379841715
    },
    "C-S-H_1.0": {
      "moles": 0.8475840664953125,
      "mass_kg": 0.14408929130420314
    },
    "Silica_gel": {
      "moles": 0.7084002235046876,
      "mass_kg": 0.04256068542816163
    },
    "Ettringite": {
      "moles": 0.027338403333333334,
      "mass_kg": 0.03430969618333333
    },
    "Hydrotalcite": {
      "moles": 0.054872421,
      "mass_kg": 0.024308482503
    }
  },
  "pH": 9.2334375,
  "pe": 4.0,
  "Eh": 0.24,
  "system_mass_kg": 0.24678472745668228,
  "input_composition": {
    "Ca": 0.86273615,
    "Si": 1.55598429,
    "Al": 0.67898703,
    "Fe": 0.08476018,
    "Mg": 0.18290807,
    "K": 0.06593911,
    "Na": 0.13405294,
    "S": 0.16403042,
    "O": 19.26519787,
    "H": 26.64404877,
    "C": 0.02392631
  },
  "execution_time": 1.1682510375976562e-05,
  "mix_id": "MIX_3975",
  "input_file": "/teamspace/studios/this_studio/inputs/generated/MIX_3975.inp"
}