{
  "converged": true,
  "method": "simplified_thermodynamic_model",
  "note": "Using simplified model until Cemdata18 integration complete",
  "temperature_K": 298.15,
  "pressure_bar": 1.01325,
  "CO2_fraction": 0.3,
  "pCO2_bar": 0.303975,
  "phases": {
    "Calcite": {
      "moles": 0.013878692966249998,
      "mass_kg": 0.0013891183789919623
    },
    "C-S-H_1.0": {
      "moles": 0.6340650370337501,
      "mass_kg": 0.10779105629573751
    },
    "Silica_gel": {
      "moles": 0.79523469296625,
      "mass_kg": 0.047777700353412306
    },
    "Ettringite": {
      "moles": 0.020503801666666665,
      "mass_kg": 0.02573227109166666
    },
    "Hydrotalcite": {
      "moles": 0.043015155,
      "mass_kg": 0.019055713665
    }
  },
  "pH": 8.980125000000001,
  "pe": 4.0,
  "Eh": 0.24,
  "system_mass_kg": 0.20174585978480844,
  "input_composition": {
    "Ca": 0.64794373,
    "Si": 1.42929973,
    "Al": 0.61016091,
    "Fe": 0.07706518,
    "Mg": 0.14338385,
    "K": 0.06410463,
    "Na": 0.14332212,
    "S": 0.12302281,
    "O": 10.68540892,
    "H": 10.99067012,
    "C": 0.01826294
  },
  "execution_time": 1.2636184692382812e-05,
  "mix_id": "MIX_2764",
  "input_file": "/teamspace/studios/this_studio/inputs/generated/MIX_2764.inp"
}