{
  "converged": true,
  "method": "simplified_thermodynamic_model",
  "note": "Using simplified model until Cemdata18 integration complete",
  "temperature_K": 298.15,
  "pressure_bar": 1.01325,
  "CO2_fraction": 0.2,
  "pCO2_bar": 0.20265,
  "phases": {
    "Calcite": {
      "moles": 0.0073208629725,
      "mass_kg": 0.0007327451749175249
    },
    "C-S-H_1.0": {
      "moles": 0.4207481970275,
      "mass_kg": 0.071527193494675
    },
    "Silica_gel": {
      "moles": 1.2683930329725,
      "mass_kg": 0.0762050534209878
    },
    "Ettringite": {
      "moles": 0.007688925,
      "mass_kg": 0.009649600874999999
    },
    "Hydrotalcite": {
      "moles": 0.026937506999999996,
      "mass_kg": 0.011933315600999998
    }
  },
  "pH": 9.48675,
  "pe": 4.0,
  "Eh": 0.24,
  "system_mass_kg": 0.1700479085665803,
  "input_composition": {
    "Ca": 0.42806906,
    "Si": 1.68914123,
    "Al": 0.62013529,
    "Fe": 0.12068769,
    "Mg": 0.08979169,
    "K": 0.07786318,
    "Na": 0.17010204,
    "S": 0.04613355,
    "O": 13.79145202,
    "H": 16.98558112,
    "C": 0.01445026
  },
  "execution_time": 1.3589859008789062e-05,
  "mix_id": "MIX_3294",
  "input_file": "/teamspace/studios/this_studio/inputs/generated/MIX_3294.inp"
}