{
  "converged": true,
  "method": "simplified_thermodynamic_model",
  "note": "Using simplified model until Cemdata18 integration complete",
  "temperature_K": 298.15,
  "pressure_bar": 1.01325,
  "CO2_fraction": 0.2,
  "pCO2_bar": 0.20265,
  "phases": {
    "Calcite": {
      "moles": 0.00727537818,
      "mass_kg": 0.0007281926020362
    },
    "C-S-H_1.0": {
      "moles": 0.33284381182,
      "mass_kg": 0.0565834480094
    },
    "Silica_gel": {
      "moles": 1.43643146818,
      "mass_kg": 0.0863008026082544
    },
    "Ettringite": {
      "moles": 0.002562975,
      "mass_kg": 0.0032165336249999994
    },
    "Hydrotalcite": {
      "moles": 0.020506445999999998,
      "mass_kg": 0.009084355577999999
    }
  },
  "pH": 9.48675,
  "pe": 4.0,
  "Eh": 0.24,
  "system_mass_kg": 0.1559133324226906,
  "input_composition": {
    "Ca": 0.34011919,
    "Si": 1.76927528,
    "Al": 0.62412504,
    "Fe": 0.13813669,
    "Mg": 0.06835482,
    "K": 0.0833666,
    "Na": 0.13466411,
    "S": 0.01537785,
    "O": 13.76707764,
    "H": 16.98558118,
    "C": 0.01436048
  },
  "execution_time": 1.3589859008789062e-05,
  "mix_id": "MIX_3514",
  "input_file": "/teamspace/studios/this_studio/inputs/generated/MIX_3514.inp"
}