{
  "converged": true,
  "method": "simplified_thermodynamic_model",
  "note": "Using simplified model until Cemdata18 integration complete",
  "temperature_K": 298.15,
  "pressure_bar": 1.01325,
  "CO2_fraction": 0.15,
  "pCO2_bar": 0.1519875,
  "phases": {
    "Calcite": {
      "moles": 0.005454747781875,
      "mass_kg": 0.0005459657054878687
    },
    "C-S-H_1.0": {
      "moles": 0.974547892218125,
      "mass_kg": 0.16567314167708125
    },
    "Silica_gel": {
      "moles": 0.4502207577818751,
      "mass_kg": 0.027049263127535056
    },
    "Ettringite": {
      "moles": 0.034173003333333334,
      "mass_kg": 0.04288711918333333
    },
    "Hydrotalcite": {
      "moles": 0.063447168,
      "mass_kg": 0.028107095424
    }
  },
  "pH": 9.7400625,
  "pe": 4.0,
  "Eh": 0.24,
  "system_mass_kg": 0.2642625851174375,
  "input_composition": {
    "Ca": 0.98000264,
    "Si": 1.42476865,
    "Al": 0.67366736,
    "Fe": 0.06149484,
    "Mg": 0.21149056,
    "K": 0.05860121,
    "Na": 0.13405294,
    "S": 0.20503802,
    "O": 19.20595088,
    "H": 26.64404877,
    "C": 0.01435578
  },
  "execution_time": 1.239776611328125e-05,
  "mix_id": "MIX_3719",
  "input_file": "/teamspace/studios/this_studio/inputs/generated/MIX_3719.inp"
}