{
  "converged": true,
  "method": "simplified_thermodynamic_model",
  "note": "Using simplified model until Cemdata18 integration complete",
  "temperature_K": 298.15,
  "pressure_bar": 1.01325,
  "CO2_fraction": 0.25,
  "pCO2_bar": 0.2533125,
  "phases": {
    "Calcite": {
      "moles": 0.011524667503124999,
      "mass_kg": 0.0011535039703877811
    },
    "C-S-H_1.0": {
      "moles": 0.44077875249687504,
      "mass_kg": 0.07493238792446877
    },
    "Silica_gel": {
      "moles": 1.5402318075031252,
      "mass_kg": 0.09253712699478776
    },
    "Ettringite": {
      "moles": 0.0034173,
      "mass_kg": 0.0042887114999999995
    },
    "Hydrotalcite": {
      "moles": 0.024860808,
      "mass_kg": 0.011013337944000001
    }
  },
  "pH": 9.2334375,
  "pe": 4.0,
  "Eh": 0.24,
  "system_mass_kg": 0.1839250683336443,
  "input_composition": {
    "Ca": 0.45230342,
    "Si": 1.98101056,
    "Al": 0.69760586,
    "Fe": 0.16618886,
    "Mg": 0.08286936,
    "K": 0.09162172,
    "Na": 0.0676886,
    "S": 0.0205038,
    "O": 13.29756265,
    "H": 14.65422685,
    "C": 0.01819834
  },
  "execution_time": 1.0251998901367188e-05,
  "mix_id": "MIX_4752",
  "input_file": "/teamspace/studios/this_studio/inputs/generated/MIX_4752.inp"
}