{
  "converged": true,
  "method": "simplified_thermodynamic_model",
  "note": "Using simplified model until Cemdata18 integration complete",
  "temperature_K": 298.15,
  "pressure_bar": 1.01325,
  "CO2_fraction": 0.2,
  "pCO2_bar": 0.20265,
  "phases": {
    "Calcite": {
      "moles": 0.0036482978175,
      "mass_kg": 0.000365158128553575
    },
    "C-S-H_1.0": {
      "moles": 0.1853939921825,
      "mass_kg": 0.031516978671025
    },
    "Silica_gel": {
      "moles": 0.9746872078175001,
      "mass_kg": 0.05855920744567541
    },
    "Ettringite": {
      "moles": 0.00512595,
      "mass_kg": 0.006433067249999999
    },
    "Hydrotalcite": {
      "moles": 0.017156936999999997,
      "mass_kg": 0.007600523090999999
    }
  },
  "pH": 9.48675,
  "pe": 4.0,
  "Eh": 0.24,
  "system_mass_kg": 0.10447493458625398,
  "input_composition": {
    "Ca": 0.18904229,
    "Si": 1.1600812,
    "Al": 0.4738386,
    "Fe": 0.06749152,
    "Mg": 0.05718979,
    "K": 0.06227016,
    "Na": 0.06752836,
    "S": 0.0307557,
    "O": 5.88131268,
    "H": 4.6627086,
    "C": 0.00720118
  },
  "execution_time": 9.298324584960938e-06,
  "mix_id": "MIX_0489",
  "input_file": "/teamspace/studios/this_studio/inputs/generated/MIX_0489.inp"
}