{
  "converged": true,
  "method": "simplified_thermodynamic_model",
  "note": "Using simplified model until Cemdata18 integration complete",
  "temperature_K": 298.15,
  "pressure_bar": 1.01325,
  "CO2_fraction": 0.25,
  "pCO2_bar": 0.2533125,
  "phases": {
    "Calcite": {
      "moles": 0.009337833356249998,
      "mass_kg": 0.0009346237406270624
    },
    "C-S-H_1.0": {
      "moles": 0.48244673664375,
      "mass_kg": 0.0820159452294375
    },
    "Silica_gel": {
      "moles": 0.74747785335625,
      "mass_kg": 0.04490846942964351
    },
    "Ettringite": {
      "moles": 0.017086501666666667,
      "mass_kg": 0.021443559591666665
    },
    "Hydrotalcite": {
      "moles": 0.035445261,
      "mass_kg": 0.015702250623
    }
  },
  "pH": 9.2334375,
  "pe": 4.0,
  "Eh": 0.24,
  "system_mass_kg": 0.16500484861437473,
  "input_composition": {
    "Ca": 0.49178457,
    "Si": 1.22992459,
    "Al": 0.53867497,
    "Fe": 0.05773752,
    "Mg": 0.11815087,
    "K": 0.05860121,
    "Na": 0.1388588,
    "S": 0.10251901,
    "O": 11.06119292,
    "H": 13.32202445,
    "C": 0.01474516
  },
  "execution_time": 1.1444091796875e-05,
  "mix_id": "MIX_1295",
  "input_file": "/teamspace/studios/this_studio/inputs/generated/MIX_1295.inp"
}