{
  "converged": true,
  "method": "simplified_thermodynamic_model",
  "note": "Using simplified model until Cemdata18 integration complete",
  "temperature_K": 298.15,
  "pressure_bar": 1.01325,
  "CO2_fraction": 0.3,
  "pCO2_bar": 0.303975,
  "phases": {
    "Calcite": {
      "moles": 0.012582064805624998,
      "mass_kg": 0.001259338866395006
    },
    "C-S-H_1.0": {
      "moles": 0.273986145194375,
      "mass_kg": 0.04657764468304375
    },
    "Silica_gel": {
      "moles": 1.180961754805625,
      "mass_kg": 0.07095218222872196
    },
    "Ettringite": {
      "moles": 0.00512595,
      "mass_kg": 0.006433067249999999
    },
    "Hydrotalcite": {
      "moles": 0.020439455999999998,
      "mass_kg": 0.009054679008
    }
  },
  "pH": 8.980125000000001,
  "pe": 4.0,
  "Eh": 0.24,
  "system_mass_kg": 0.1342769120361607,
  "input_composition": {
    "Ca": 0.28656821,
    "Si": 1.4549479,
    "Al": 0.54798438,
    "Fe": 0.09845186,
    "Mg": 0.06813152,
    "K": 0.07144252,
    "Na": 0.12993217,
    "S": 0.0307557,
    "O": 10.12217816,
    "H": 11.32372077,
    "C": 0.01655671
  },
  "execution_time": 1.3828277587890625e-05,
  "mix_id": "MIX_2094",
  "input_file": "/teamspace/studios/this_studio/inputs/generated/MIX_2094.inp"
}