{
  "converged": true,
  "method": "simplified_thermodynamic_model",
  "note": "Using simplified model until Cemdata18 integration complete",
  "temperature_K": 298.15,
  "pressure_bar": 1.01325,
  "CO2_fraction": 0.4,
  "pCO2_bar": 0.4053,
  "phases": {
    "Calcite": {
      "moles": 0.02180415,
      "mass_kg": 0.0021823773735
    },
    "C-S-H_1.0": {
      "moles": 0.23544742999999999,
      "mass_kg": 0.0400260631
    },
    "Silica_gel": {
      "moles": 1.22466949,
      "mass_kg": 0.0735781429592
    },
    "Ettringite": {
      "moles": 0.0034173,
      "mass_kg": 0.0042887114999999995
    },
    "Hydrotalcite": {
      "moles": 0.01829577,
      "mass_kg": 0.00810502611
    }
  },
  "pH": 8.5,
  "pe": 4.0,
  "Eh": 0.24,
  "system_mass_kg": 0.1281803210427,
  "input_composition": {
    "Ca": 0.25725158,
    "Si": 1.46011692,
    "Al": 0.5493143,
    "Fe": 0.10426819,
    "Mg": 0.0609859,
    "K": 0.073277,
    "Na": 0.07635189,
    "S": 0.0205038,
    "O": 10.06063957,
    "H": 11.32372072,
    "C": 0.02180415
  },
  "execution_time": 7.62939453125e-06,
  "mix_id": "MIX_2230",
  "input_file": "/teamspace/studios/this_studio/inputs/generated/MIX_2230.inp"
}