{
  "converged": true,
  "method": "simplified_thermodynamic_model",
  "note": "Using simplified model until Cemdata18 integration complete",
  "temperature_K": 298.15,
  "pressure_bar": 1.01325,
  "CO2_fraction": 0.4,
  "pCO2_bar": 0.4053,
  "phases": {
    "Calcite": {
      "moles": 0.01571675,
      "mass_kg": 0.0015730895075
    },
    "C-S-H_1.0": {
      "moles": 0.08537567,
      "mass_kg": 0.014513863900000002
    },
    "Silica_gel": {
      "moles": 1.15713269,
      "mass_kg": 0.0695205320152
    },
    "Hydrotalcite": {
      "moles": 0.010725876,
      "mass_kg": 0.004751563068
    }
  },
  "pH": 8.5,
  "pe": 4.0,
  "Eh": 0.24,
  "system_mass_kg": 0.0903590484907,
  "input_composition": {
    "Ca": 0.10109242,
    "Si": 1.24250836,
    "Al": 0.47782835,
    "Fe": 0.08494053,
    "Mg": 0.03575292,
    "K": 0.06777358,
    "Na": 0.03653646,
    "S": 0.0,
    "O": 6.88011001,
    "H": 6.66101223,
    "C": 0.01571675
  },
  "execution_time": 8.344650268554688e-06,
  "mix_id": "MIX_1219",
  "input_file": "/teamspace/studios/this_studio/inputs/generated/MIX_1219.inp"
}