{
  "converged": true,
  "method": "simplified_thermodynamic_model",
  "note": "Using simplified model until Cemdata18 integration complete",
  "temperature_K": 298.15,
  "pressure_bar": 1.01325,
  "CO2_fraction": 0.15,
  "pCO2_bar": 0.1519875,
  "phases": {
    "Calcite": {
      "moles": 0.0026964520340625,
      "mass_kg": 0.0002698878840893156
    },
    "C-S-H_1.0": {
      "moles": 0.2545551279659375,
      "mass_kg": 0.043274371754209374
    },
    "Silica_gel": {
      "moles": 1.2119455520340625,
      "mass_kg": 0.07281368876620647
    },
    "Ettringite": {
      "moles": 0.0034173,
      "mass_kg": 0.0042887114999999995
    },
    "Hydrotalcite": {
      "moles": 0.01829577,
      "mass_kg": 0.00810502611
    }
  },
  "pH": 9.7400625,
  "pe": 4.0,
  "Eh": 0.24,
  "system_mass_kg": 0.12875168601450515,
  "input_composition": {
    "Ca": 0.25725158,
    "Si": 1.46650068,
    "Al": 0.5493143,
    "Fe": 0.10426819,
    "Mg": 0.0609859,
    "K": 0.073277,
    "Na": 0.08872912,
    "S": 0.0205038,
    "O": 8.0518768,
    "H": 7.32711348,
    "C": 0.00709651
  },
  "execution_time": 1.3113021850585938e-05,
  "mix_id": "MIX_2152",
  "input_file": "/teamspace/studios/this_studio/inputs/generated/MIX_2152.inp"
}