{
  "converged": true,
  "method": "simplified_thermodynamic_model",
  "note": "Using simplified model until Cemdata18 integration complete",
  "temperature_K": 298.15,
  "pressure_bar": 1.01325,
  "CO2_fraction": 0.0,
  "pCO2_bar": 0.0,
  "phases": {
    "C-S-H_1.0": {
      "moles": 0.6039688,
      "mass_kg": 0.102674696
    },
    "Silica_gel": {
      "moles": 0.82927922,
      "mass_kg": 0.0498230955376
    },
    "Ettringite": {
      "moles": 0.017940826666666666,
      "mass_kg": 0.022515737466666665
    },
    "Hydrotalcite": {
      "moles": 0.039799626,
      "mass_kg": 0.017631234318
    }
  },
  "pH": 10.5,
  "pe": 4.0,
  "Eh": 0.24,
  "system_mass_kg": 0.19264476332226665,
  "input_composition": {
    "Ca": 0.6039688,
    "Si": 1.43324802,
    "Al": 0.61215579,
    "Fe": 0.08578968,
    "Mg": 0.13266542,
    "K": 0.06685634,
    "Na": 0.05557388,
    "S": 0.10764496,
    "O": 10.52953353,
    "H": 10.99067014,
    "C": 0.0
  },
  "execution_time": 1.1205673217773438e-05,
  "mix_id": "MIX_2800",
  "input_file": "/teamspace/studios/this_studio/inputs/generated/MIX_2800.inp"
}