{
  "converged": true,
  "method": "simplified_thermodynamic_model",
  "note": "Using simplified model until Cemdata18 integration complete",
  "temperature_K": 298.15,
  "pressure_bar": 1.01325,
  "CO2_fraction": 0.35,
  "pCO2_bar": 0.3546375,
  "phases": {
    "Calcite": {
      "moles": 0.010523451113437499,
      "mass_kg": 0.0010532922219439592
    },
    "C-S-H_1.0": {
      "moles": 0.2371520788865625,
      "mass_kg": 0.04031585341071563
    },
    "Silica_gel": {
      "moles": 0.8469920511134376,
      "mass_kg": 0.05088728243089533
    },
    "Ettringite": {
      "moles": 0.00854325,
      "mass_kg": 0.010721778749999999
    },
    "Hydrotalcite": {
      "moles": 0.021444308999999998,
      "mass_kg": 0.009499828887
    }
  },
  "pH": 8.7268125,
  "pe": 4.0,
  "Eh": 0.24,
  "system_mass_kg": 0.11247803570055492,
  "input_composition": {
    "Ca": 0.24767553,
    "Si": 1.08414413,
    "Al": 0.47117877,
    "Fe": 0.05585885,
    "Mg": 0.07148103,
    "K": 0.05860121,
    "Na": 0.04750137,
    "S": 0.0512595,
    "O": 5.34034846,
    "H": 3.66355667,
    "C": 0.01186953
  },
  "execution_time": 8.58306884765625e-06,
  "mix_id": "MIX_0084",
  "input_file": "/teamspace/studios/this_studio/inputs/generated/MIX_0084.inp"
}