{
  "converged": true,
  "method": "simplified_thermodynamic_model",
  "note": "Using simplified model until Cemdata18 integration complete",
  "temperature_K": 298.15,
  "pressure_bar": 1.01325,
  "CO2_fraction": 0.15,
  "pCO2_bar": 0.1519875,
  "phases": {
    "Calcite": {
      "moles": 0.0033002451759374996,
      "mass_kg": 0.00033032153965958434
    },
    "C-S-H_1.0": {
      "moles": 0.4298510748240625,
      "mass_kg": 0.07307468272009063
    },
    "Silica_gel": {
      "moles": 0.8218331651759374,
      "mass_kg": 0.04937573656377032
    },
    "Ettringite": {
      "moles": 0.013669201666666667,
      "mass_kg": 0.017154848091666664
    },
    "Hydrotalcite": {
      "moles": 0.031157888999999998,
      "mass_kg": 0.013802944826999999
    }
  },
  "pH": 9.7400625,
  "pe": 4.0,
  "Eh": 0.24,
  "system_mass_kg": 0.15373853374218718,
  "input_composition": {
    "Ca": 0.43315132,
    "Si": 1.25168424,
    "Al": 0.5413348,
    "Fe": 0.06937019,
    "Mg": 0.10385963,
    "K": 0.06227016,
    "Na": 0.05384321,
    "S": 0.08201521,
    "O": 10.93892257,
    "H": 13.32202441,
    "C": 0.00868557
  },
  "execution_time": 1.1682510375976562e-05,
  "mix_id": "MIX_1475",
  "input_file": "/teamspace/studios/this_studio/inputs/generated/MIX_1475.inp"
}