{
  "converged": true,
  "method": "simplified_thermodynamic_model",
  "note": "Using simplified model until Cemdata18 integration complete",
  "temperature_K": 298.15,
  "pressure_bar": 1.01325,
  "CO2_fraction": 0.3,
  "pCO2_bar": 0.303975,
  "phases": {
    "Calcite": {
      "moles": 0.009067711038749999,
      "mass_kg": 0.0009075871978684874
    },
    "C-S-H_1.0": {
      "moles": 0.13599963896125,
      "mass_kg": 0.023119938623412502
    },
    "Silica_gel": {
      "moles": 1.0769323010387502,
      "mass_kg": 0.06470209264640811
    },
    "Ettringite": {
      "moles": 0.002562975,
      "mass_kg": 0.0032165336249999994
    },
    "Hydrotalcite": {
      "moles": 0.013941405,
      "mass_kg": 0.006176042415
    }
  },
  "pH": 8.980125000000001,
  "pe": 4.0,
  "Eh": 0.24,
  "system_mass_kg": 0.0981221945076891,
  "input_composition": {
    "Ca": 0.14506735,
    "Si": 1.21293194,
    "Al": 0.47583348,
    "Fe": 0.07621603,
    "Mg": 0.04647135,
    "K": 0.06502187,
    "Na": 0.07459528,
    "S": 0.01537785,
    "O": 6.91578947,
    "H": 6.66101226,
    "C": 0.01193218
  },
  "execution_time": 2.2172927856445312e-05,
  "mix_id": "MIX_0859",
  "input_file": "/teamspace/studios/this_studio/inputs/generated/MIX_0859.inp"
}