{
  "converged": true,
  "method": "simplified_thermodynamic_model",
  "note": "Using simplified model until Cemdata18 integration complete",
  "temperature_K": 298.15,
  "pressure_bar": 1.01325,
  "CO2_fraction": 0.35,
  "pCO2_bar": 0.3546375,
  "phases": {
    "Calcite": {
      "moles": 0.01103748930375,
      "mass_kg": 0.0011047423044123375
    },
    "C-S-H_1.0": {
      "moles": 0.20732142069624998,
      "mass_kg": 0.0352446415183625
    },
    "Silica_gel": {
      "moles": 0.9021860493037501,
      "mass_kg": 0.05420333784216931
    },
    "Ettringite": {
      "moles": 0.0068346,
      "mass_kg": 0.008577422999999999
    },
    "Hydrotalcite": {
      "moles": 0.019300623,
      "mass_kg": 0.008550175989
    }
  },
  "pH": 8.7268125,
  "pe": 4.0,
  "Eh": 0.24,
  "system_mass_kg": 0.10768032065394414,
  "input_composition": {
    "Ca": 0.21835891,
    "Si": 1.10950747,
    "Al": 0.47250869,
    "Fe": 0.06167519,
    "Mg": 0.06433541,
    "K": 0.06043569,
    "Na": 0.03307511,
    "S": 0.0410076,
    "O": 5.82901619,
    "H": 4.66270853,
    "C": 0.01244932
  },
  "execution_time": 1.049041748046875e-05,
  "mix_id": "MIX_0305",
  "input_file": "/teamspace/studios/this_studio/inputs/generated/MIX_0305.inp"
}