{
  "converged": true,
  "method": "simplified_thermodynamic_model",
  "note": "Using simplified model until Cemdata18 integration complete",
  "temperature_K": 298.15,
  "pressure_bar": 1.01325,
  "CO2_fraction": 0.35,
  "pCO2_bar": 0.3546375,
  "phases": {
    "Calcite": {
      "moles": 0.025203998465625,
      "mass_kg": 0.0025226682064244063
    },
    "C-S-H_1.0": {
      "moles": 0.6616324115343749,
      "mass_kg": 0.11247750996084374
    },
    "Silica_gel": {
      "moles": 1.1006027584656253,
      "mass_kg": 0.06612421372861477
    },
    "Ettringite": {
      "moles": 0.017086501666666667,
      "mass_kg": 0.021443559591666665
    },
    "Hydrotalcite": {
      "moles": 0.042010302,
      "mass_kg": 0.018610563786
    }
  },
  "pH": 8.7268125,
  "pe": 4.0,
  "Eh": 0.24,
  "system_mass_kg": 0.2211785152735496,
  "input_composition": {
    "Ca": 0.68683641,
    "Si": 1.76223517,
    "Al": 0.68696653,
    "Fe": 0.11965818,
    "Mg": 0.14003434,
    "K": 0.07694594,
    "Na": 0.15233141,
    "S": 0.10251901,
    "O": 15.36574678,
    "H": 18.65083423,
    "C": 0.0284279
  },
  "execution_time": 7.867813110351562e-06,
  "mix_id": "MIX_4345",
  "input_file": "/teamspace/studios/this_studio/inputs/generated/MIX_4345.inp"
}