{
  "converged": true,
  "method": "simplified_thermodynamic_model",
  "note": "Using simplified model until Cemdata18 integration complete",
  "temperature_K": 298.15,
  "pressure_bar": 1.01325,
  "CO2_fraction": 0.2,
  "pCO2_bar": 0.20265,
  "phases": {
    "Calcite": {
      "moles": 0.004055289944999999,
      "mass_kg": 0.0004058939705950499
    },
    "C-S-H_1.0": {
      "moles": 0.111695440055,
      "mass_kg": 0.01898822480935
    },
    "Silica_gel": {
      "moles": 1.1441650799449998,
      "mass_kg": 0.0687414380030956
    },
    "Ettringite": {
      "moles": 0.000854325,
      "mass_kg": 0.0010721778749999999
    },
    "Hydrotalcite": {
      "moles": 0.011797719,
      "mass_kg": 0.005226389517
    }
  },
  "pH": 9.48675,
  "pe": 4.0,
  "Eh": 0.24,
  "system_mass_kg": 0.09443412417504064,
  "input_composition": {
    "Ca": 0.11575073,
    "Si": 1.25586052,
    "Al": 0.47716339,
    "Fe": 0.08203236,
    "Mg": 0.03932573,
    "K": 0.06685634,
    "Na": 0.09422562,
    "S": 0.00512595,
    "O": 6.94802509,
    "H": 6.66101221,
    "C": 0.00800452
  },
  "execution_time": 1.0013580322265625e-05,
  "mix_id": "MIX_1055",
  "input_file": "/teamspace/studios/this_studio/inputs/generated/MIX_1055.inp"
}