{
  "converged": true,
  "method": "simplified_thermodynamic_model",
  "note": "Using simplified model until Cemdata18 integration complete",
  "temperature_K": 298.15,
  "pressure_bar": 1.01325,
  "CO2_fraction": 0.35,
  "pCO2_bar": 0.3546375,
  "phases": {
    "Calcite": {
      "moles": 0.011615034204375,
      "mass_kg": 0.0011625487735158937
    },
    "C-S-H_1.0": {
      "moles": 0.118794005795625,
      "mass_kg": 0.020194980985256253
    },
    "Silica_gel": {
      "moles": 1.090017824204375,
      "mass_kg": 0.06548827087819885
    },
    "Ettringite": {
      "moles": 0.00170865,
      "mass_kg": 0.0021443557499999997
    },
    "Hydrotalcite": {
      "moles": 0.012869562,
      "mass_kg": 0.0057012159659999995
    }
  },
  "pH": 8.7268125,
  "pe": 4.0,
  "Eh": 0.24,
  "system_mass_kg": 0.094691372352971,
  "input_composition": {
    "Ca": 0.13040904,
    "Si": 1.20881183,
    "Al": 0.47649844,
    "Fe": 0.07912419,
    "Mg": 0.04289854,
    "K": 0.06593911,
    "Na": 0.03480579,
    "S": 0.0102519,
    "O": 6.36262501,
    "H": 5.6618604,
    "C": 0.01310074
  },
  "execution_time": 2.1457672119140625e-05,
  "mix_id": "MIX_0978",
  "input_file": "/teamspace/studios/this_studio/inputs/generated/MIX_0978.inp"
}