{
  "converged": true,
  "method": "simplified_thermodynamic_model",
  "note": "Using simplified model until Cemdata18 integration complete",
  "temperature_K": 298.15,
  "pressure_bar": 1.01325,
  "CO2_fraction": 0.35,
  "pCO2_bar": 0.3546375,
  "phases": {
    "Calcite": {
      "moles": 0.029881028743125,
      "mass_kg": 0.002990792166899381
    },
    "C-S-H_1.0": {
      "moles": 0.950121611256875,
      "mass_kg": 0.16152067391366876
    },
    "Silica_gel": {
      "moles": 0.49865396874312495,
      "mass_kg": 0.029959130442086947
    },
    "Ettringite": {
      "moles": 0.034173003333333334,
      "mass_kg": 0.04288711918333333
    },
    "Hydrotalcite": {
      "moles": 0.063447168,
      "mass_kg": 0.028107095424
    }
  },
  "pH": 8.7268125,
  "pe": 4.0,
  "Eh": 0.24,
  "system_mass_kg": 0.26546481112998843,
  "input_composition": {
    "Ca": 0.98000264,
    "Si": 1.44877558,
    "Al": 0.67366736,
    "Fe": 0.06149484,
    "Mg": 0.21149056,
    "K": 0.05860121,
    "Na": 0.1805991,
    "S": 0.20503802,
    "O": 19.31593268,
    "H": 26.64404888,
    "C": 0.03370318
  },
  "execution_time": 1.049041748046875e-05,
  "mix_id": "MIX_3787",
  "input_file": "/teamspace/studios/this_studio/inputs/generated/MIX_3787.inp"
}