{
  "converged": true,
  "method": "simplified_thermodynamic_model",
  "note": "Using simplified model until Cemdata18 integration complete",
  "temperature_K": 298.15,
  "pressure_bar": 1.01325,
  "CO2_fraction": 0.0,
  "pCO2_bar": 0.0,
  "phases": {
    "C-S-H_1.0": {
      "moles": 0.86273615,
      "mass_kg": 0.1466651455
    },
    "Silica_gel": {
      "moles": 0.7325593,
      "mass_kg": 0.044012162744
    },
    "Ettringite": {
      "moles": 0.027338403333333334,
      "mass_kg": 0.03430969618333333
    },
    "Hydrotalcite": {
      "moles": 0.054872421,
      "mass_kg": 0.024308482503
    }
  },
  "pH": 10.5,
  "pe": 4.0,
  "Eh": 0.24,
  "system_mass_kg": 0.24929548693033335,
  "input_composition": {
    "Ca": 0.86273615,
    "Si": 1.59529545,
    "Al": 0.67898703,
    "Fe": 0.08476018,
    "Mg": 0.18290807,
    "K": 0.06593911,
    "Na": 0.2102719,
    "S": 0.16403042,
    "O": 17.33577344,
    "H": 22.64744153,
    "C": 0.0
  },
  "execution_time": 9.298324584960938e-06,
  "mix_id": "MIX_3934",
  "input_file": "/teamspace/studios/this_studio/inputs/generated/MIX_3934.inp"
}