{
  "converged": true,
  "method": "simplified_thermodynamic_model",
  "note": "Using simplified model until Cemdata18 integration complete",
  "temperature_K": 298.15,
  "pressure_bar": 1.01325,
  "CO2_fraction": 0.35,
  "pCO2_bar": 0.3546375,
  "phases": {
    "Calcite": {
      "moles": 0.0295188640621875,
      "mass_kg": 0.0029545431039843468
    },
    "C-S-H_1.0": {
      "moles": 0.8918505259378124,
      "mass_kg": 0.15161458940942812
    },
    "Silica_gel": {
      "moles": 0.5750089440621875,
      "mass_kg": 0.034546537359256224
    },
    "Ettringite": {
      "moles": 0.030755703333333332,
      "mass_kg": 0.03859840768333333
    },
    "Hydrotalcite": {
      "moles": 0.059159792999999995,
      "mass_kg": 0.026207788298999998
    }
  },
  "pH": 8.7268125,
  "pe": 4.0,
  "Eh": 0.24,
  "system_mass_kg": 0.25392186585500204,
  "input_composition": {
    "Ca": 0.92136939,
    "Si": 1.46685947,
    "Al": 0.67632719,
    "Fe": 0.07312751,
    "Mg": 0.19719931,
    "K": 0.06227016,
    "Na": 0.0884567,
    "S": 0.18453422,
    "O": 19.19404959,
    "H": 26.64404884,
    "C": 0.03329469
  },
  "execution_time": 9.059906005859375e-06,
  "mix_id": "MIX_3891",
  "input_file": "/teamspace/studios/this_studio/inputs/generated/MIX_3891.inp"
}