{
  "converged": true,
  "method": "simplified_thermodynamic_model",
  "note": "Using simplified model until Cemdata18 integration complete",
  "temperature_K": 298.15,
  "pressure_bar": 1.01325,
  "CO2_fraction": 0.25,
  "pCO2_bar": 0.2533125,
  "phases": {
    "Calcite": {
      "moles": 0.011367784739062498,
      "mass_kg": 0.0011378015745327655
    },
    "C-S-H_1.0": {
      "moles": 0.6365759452609375,
      "mass_kg": 0.10821791069435939
    },
    "Silica_gel": {
      "moles": 0.7882582747390624,
      "mass_kg": 0.04735855714632287
    },
    "Ettringite": {
      "moles": 0.020503801666666665,
      "mass_kg": 0.02573227109166666
    },
    "Hydrotalcite": {
      "moles": 0.043015155,
      "mass_kg": 0.019055713665
    }
  },
  "pH": 9.2334375,
  "pe": 4.0,
  "Eh": 0.24,
  "system_mass_kg": 0.2015022541718817,
  "input_composition": {
    "Ca": 0.64794373,
    "Si": 1.42483422,
    "Al": 0.61016091,
    "Fe": 0.07706518,
    "Mg": 0.14338385,
    "K": 0.06410463,
    "Na": 0.13466411,
    "S": 0.12302281,
    "O": 13.66897978,
    "H": 16.98558118,
    "C": 0.01795061
  },
  "execution_time": 9.059906005859375e-06,
  "mix_id": "MIX_2746",
  "input_file": "/teamspace/studios/this_studio/inputs/generated/MIX_2746.inp"
}