{
  "converged": true,
  "method": "simplified_thermodynamic_model",
  "note": "Using simplified model until Cemdata18 integration complete",
  "temperature_K": 298.15,
  "pressure_bar": 1.01325,
  "CO2_fraction": 0.25,
  "pCO2_bar": 0.2533125,
  "phases": {
    "Calcite": {
      "moles": 0.011666060207812499,
      "mass_kg": 0.001167655966199953
    },
    "C-S-H_1.0": {
      "moles": 0.7338035897921875,
      "mass_kg": 0.12474661026467189
    },
    "Silica_gel": {
      "moles": 0.9555340002078125,
      "mass_kg": 0.05740848273248538
    },
    "Ettringite": {
      "moles": 0.020503801666666665,
      "mass_kg": 0.02573227109166666
    },
    "Hydrotalcite": {
      "moles": 0.046297674,
      "mass_kg": 0.020509869582
    }
  },
  "pH": 9.2334375,
  "pe": 4.0,
  "Eh": 0.24,
  "system_mass_kg": 0.22956488963702387,
  "input_composition": {
    "Ca": 0.74546965,
    "Si": 1.68933759,
    "Al": 0.68430669,
    "Fe": 0.10802551,
    "Mg": 0.15432558,
    "K": 0.073277,
    "Na": 0.13819757,
    "S": 0.12302281,
    "O": 13.30573114,
    "H": 14.65422691,
    "C": 0.01842161
  },
  "execution_time": 1.2159347534179688e-05,
  "mix_id": "MIX_4200",
  "input_file": "/teamspace/studios/this_studio/inputs/generated/MIX_4200.inp"
}