{
  "converged": true,
  "method": "simplified_thermodynamic_model",
  "note": "Using simplified model until Cemdata18 integration complete",
  "temperature_K": 298.15,
  "pressure_bar": 1.01325,
  "CO2_fraction": 0.4,
  "pCO2_bar": 0.4053,
  "phases": {
    "Calcite": {
      "moles": 0.02316153,
      "mass_kg": 0.0023182375377
    },
    "C-S-H_1.0": {
      "moles": 0.32203992000000004,
      "mass_kg": 0.05474678640000001
    },
    "Silica_gel": {
      "moles": 1.02805605,
      "mass_kg": 0.061765607484
    },
    "Ettringite": {
      "moles": 0.00854325,
      "mass_kg": 0.010721778749999999
    },
    "Hydrotalcite": {
      "moles": 0.024726828,
      "mass_kg": 0.010953984804
    }
  },
  "pH": 8.5,
  "pe": 4.0,
  "Eh": 0.24,
  "system_mass_kg": 0.1405063949757,
  "input_composition": {
    "Ca": 0.34520145,
    "Si": 1.35009597,
    "Al": 0.54532455,
    "Fe": 0.08681919,
    "Mg": 0.08242276,
    "K": 0.06777358,
    "Na": 0.05384321,
    "S": 0.0512595,
    "O": 10.99795394,
    "H": 13.32202441,
    "C": 0.02316153
  },
  "execution_time": 8.821487426757812e-06,
  "mix_id": "MIX_1891",
  "input_file": "/teamspace/studios/this_studio/inputs/generated/MIX_1891.inp"
}