{
  "converged": true,
  "method": "simplified_thermodynamic_model",
  "note": "Using simplified model until Cemdata18 integration complete",
  "temperature_K": 298.15,
  "pressure_bar": 1.01325,
  "CO2_fraction": 0.3,
  "pCO2_bar": 0.303975,
  "phases": {
    "Calcite": {
      "moles": 0.018632983556249996,
      "mass_kg": 0.0018649753241450622
    },
    "C-S-H_1.0": {
      "moles": 0.60957017644375,
      "mass_kg": 0.1036269299954375
    },
    "Silica_gel": {
      "moles": 1.23894844355625,
      "mass_kg": 0.0744360224888595
    },
    "Ettringite": {
      "moles": 0.013669201666666667,
      "mass_kg": 0.017154848091666664
    },
    "Hydrotalcite": {
      "moles": 0.037722929999999995,
      "mass_kg": 0.01671125799
    }
  },
  "pH": 8.980125000000001,
  "pe": 4.0,
  "Eh": 0.24,
  "system_mass_kg": 0.21379403389010873,
  "input_composition": {
    "Ca": 0.62820316,
    "Si": 1.84851862,
    "Al": 0.68962636,
    "Fe": 0.13129085,
    "Mg": 0.1257431,
    "K": 0.08061489,
    "Na": 0.19241863,
    "S": 0.08201521,
    "O": 15.43937699,
    "H": 18.65083419,
    "C": 0.0245191
  },
  "execution_time": 1.6927719116210938e-05,
  "mix_id": "MIX_4445",
  "input_file": "/teamspace/studios/this_studio/inputs/generated/MIX_4445.inp"
}