{
  "converged": true,
  "method": "simplified_thermodynamic_model",
  "note": "Using simplified model until Cemdata18 integration complete",
  "temperature_K": 298.15,
  "pressure_bar": 1.01325,
  "CO2_fraction": 0.15,
  "pCO2_bar": 0.1519875,
  "phases": {
    "Calcite": {
      "moles": 0.0041488825809375,
      "mass_kg": 0.0004152616575260344
    },
    "C-S-H_1.0": {
      "moles": 0.5067877874190625,
      "mass_kg": 0.08615392386124063
    },
    "Silica_gel": {
      "moles": 1.4086149425809376,
      "mass_kg": 0.08462958575026273
    },
    "Ettringite": {
      "moles": 0.0068346,
      "mass_kg": 0.008577422999999999
    },
    "Hydrotalcite": {
      "moles": 0.029148182999999998,
      "mass_kg": 0.012912645068999999
    }
  },
  "pH": 9.7400625,
  "pe": 4.0,
  "Eh": 0.24,
  "system_mass_kg": 0.19268883933802938,
  "input_composition": {
    "Ca": 0.51093667,
    "Si": 1.91540273,
    "Al": 0.69494602,
    "Fe": 0.15455619,
    "Mg": 0.09716061,
    "K": 0.08795278,
    "Na": 0.0676886,
    "S": 0.0410076,
    "O": 13.26295101,
    "H": 14.65422685,
    "C": 0.01091901
  },
  "execution_time": 4.2438507080078125e-05,
  "mix_id": "MIX_4608",
  "input_file": "/teamspace/studios/this_studio/inputs/generated/MIX_4608.inp"
}