{
  "converged": true,
  "method": "simplified_thermodynamic_model",
  "note": "Using simplified model until Cemdata18 integration complete",
  "temperature_K": 298.15,
  "pressure_bar": 1.01325,
  "CO2_fraction": 0.3,
  "pCO2_bar": 0.303975,
  "phases": {
    "Calcite": {
      "moles": 0.008638186764375,
      "mass_kg": 0.0008645961132462938
    },
    "C-S-H_1.0": {
      "moles": 0.224379033235625,
      "mass_kg": 0.03814443565005625
    },
    "Silica_gel": {
      "moles": 0.888318736764375,
      "mass_kg": 0.05337018970480365
    },
    "Ettringite": {
      "moles": 0.007688925,
      "mass_kg": 0.009649600874999999
    },
    "Hydrotalcite": {
      "moles": 0.020372466000000002,
      "mass_kg": 0.009025002438000002
    }
  },
  "pH": 8.980125000000001,
  "pe": 4.0,
  "Eh": 0.24,
  "system_mass_kg": 0.11105382478110619,
  "input_composition": {
    "Ca": 0.23301722,
    "Si": 1.11269777,
    "Al": 0.47184373,
    "Fe": 0.05876702,
    "Mg": 0.06790822,
    "K": 0.05951845,
    "Na": 0.07106182,
    "S": 0.04613355,
    "O": 6.37959207,
    "H": 5.66186043,
    "C": 0.01136697
  },
  "execution_time": 8.58306884765625e-06,
  "mix_id": "MIX_0186",
  "input_file": "/teamspace/studios/this_studio/inputs/generated/MIX_0186.inp"
}