{
  "converged": true,
  "method": "simplified_thermodynamic_model",
  "note": "Using simplified model until Cemdata18 integration complete",
  "temperature_K": 298.15,
  "pressure_bar": 1.01325,
  "CO2_fraction": 0.15,
  "pCO2_bar": 0.1519875,
  "phases": {
    "Calcite": {
      "moles": 0.00225304750125,
      "mass_kg": 0.0002255075244001125
    },
    "C-S-H_1.0": {
      "moles": 0.20144755249875002,
      "mass_kg": 0.03424608392478751
    },
    "Silica_gel": {
      "moles": 0.93596065750125,
      "mass_kg": 0.056232516302675103
    },
    "Ettringite": {
      "moles": 0.005980275,
      "mass_kg": 0.007505245125
    },
    "Hydrotalcite": {
      "moles": 0.01822878,
      "mass_kg": 0.00807534954
    }
  },
  "pH": 9.7400625,
  "pe": 4.0,
  "Eh": 0.24,
  "system_mass_kg": 0.10628470241686272,
  "input_composition": {
    "Ca": 0.2037006,
    "Si": 1.13740821,
    "Al": 0.47317365,
    "Fe": 0.06458336,
    "Mg": 0.0607626,
    "K": 0.06135292,
    "Na": 0.05536969,
    "S": 0.03588165,
    "O": 6.85428664,
    "H": 6.66101223,
    "C": 0.00592956
  },
  "execution_time": 9.298324584960938e-06,
  "mix_id": "MIX_0359",
  "input_file": "/teamspace/studios/this_studio/inputs/generated/MIX_0359.inp"
}