{
  "converged": true,
  "method": "simplified_thermodynamic_model",
  "note": "Using simplified model until Cemdata18 integration complete",
  "temperature_K": 298.15,
  "pressure_bar": 1.01325,
  "CO2_fraction": 0.3,
  "pCO2_bar": 0.303975,
  "phases": {
    "Calcite": {
      "moles": 0.011644849085624999,
      "mass_kg": 0.0011655329449802062
    },
    "C-S-H_1.0": {
      "moles": 0.186973490914375,
      "mass_kg": 0.03178549345544376
    },
    "Silica_gel": {
      "moles": 1.348779889085625,
      "mass_kg": 0.08103469573626436
    },
    "Hydrotalcite": {
      "moles": 0.014008394999999998,
      "mass_kg": 0.006205718984999999
    }
  },
  "pH": 8.980125000000001,
  "pe": 4.0,
  "Eh": 0.24,
  "system_mass_kg": 0.12019144112168832,
  "input_composition": {
    "Ca": 0.19861834,
    "Si": 1.53575338,
    "Al": 0.55197413,
    "Fe": 0.11590086,
    "Mg": 0.04669465,
    "K": 0.07694594,
    "Na": 0.09579605,
    "S": 0.0,
    "O": 9.09835867,
    "H": 9.32541714,
    "C": 0.01532343
  },
  "execution_time": 1.3589859008789062e-05,
  "mix_id": "MIX_2425",
  "input_file": "/teamspace/studios/this_studio/inputs/generated/MIX_2425.inp"
}