{
  "converged": true,
  "method": "simplified_thermodynamic_model",
  "note": "Using simplified model until Cemdata18 integration complete",
  "temperature_K": 298.15,
  "pressure_bar": 1.01325,
  "CO2_fraction": 0.0,
  "pCO2_bar": 0.0,
  "phases": {
    "C-S-H_1.0": {
      "moles": 0.7358936,
      "mass_kg": 0.125101912
    },
    "Silica_gel": {
      "moles": 0.5550925600000001,
      "mass_kg": 0.033349961004800005
    },
    "Ettringite": {
      "moles": 0.02562975166666667,
      "mass_kg": 0.03216533834166667
    },
    "Hydrotalcite": {
      "moles": 0.049446213,
      "mass_kg": 0.021904672359
    }
  },
  "pH": 10.5,
  "pe": 4.0,
  "Eh": 0.24,
  "system_mass_kg": 0.21252188370546668,
  "input_composition": {
    "Ca": 0.7358936,
    "Si": 1.29098616,
    "Al": 0.60617116,
    "Fe": 0.05961618,
    "Mg": 0.16482071,
    "K": 0.05860121,
    "Na": 0.06595793,
    "S": 0.15377851,
    "O": 13.49777334,
    "H": 16.98558113,
    "C": 0.0
  },
  "execution_time": 1.1682510375976562e-05,
  "mix_id": "MIX_2466",
  "input_file": "/teamspace/studios/this_studio/inputs/generated/MIX_2466.inp"
}