{
  "converged": true,
  "method": "simplified_thermodynamic_model",
  "note": "Using simplified model until Cemdata18 integration complete",
  "temperature_K": 298.15,
  "pressure_bar": 1.01325,
  "CO2_fraction": 0.0,
  "pCO2_bar": 0.0,
  "phases": {
    "C-S-H_1.0": {
      "moles": 0.42806906,
      "mass_kg": 0.0727717402
    },
    "Silica_gel": {
      "moles": 1.24279449,
      "mass_kg": 0.0746670929592
    },
    "Ettringite": {
      "moles": 0.007688925,
      "mass_kg": 0.009649600874999999
    },
    "Hydrotalcite": {
      "moles": 0.026937506999999996,
      "mass_kg": 0.011933315600999998
    }
  },
  "pH": 10.5,
  "pe": 4.0,
  "Eh": 0.24,
  "system_mass_kg": 0.1690217496352,
  "input_composition": {
    "Ca": 0.42806906,
    "Si": 1.67086355,
    "Al": 0.62013529,
    "Fe": 0.12068769,
    "Mg": 0.08979169,
    "K": 0.07786318,
    "Na": 0.13466411,
    "S": 0.04613355,
    "O": 13.70827721,
    "H": 16.98558118,
    "C": 0.0
  },
  "execution_time": 8.821487426757812e-06,
  "mix_id": "MIX_3258",
  "input_file": "/teamspace/studios/this_studio/inputs/generated/MIX_3258.inp"
}