{
  "converged": true,
  "method": "simplified_thermodynamic_model",
  "note": "Using simplified model until Cemdata18 integration complete",
  "temperature_K": 298.15,
  "pressure_bar": 1.01325,
  "CO2_fraction": 0.15,
  "pCO2_bar": 0.1519875,
  "phases": {
    "Calcite": {
      "moles": 0.005488352218125,
      "mass_kg": 0.0005493291735121312
    },
    "C-S-H_1.0": {
      "moles": 0.7399812977818749,
      "mass_kg": 0.12579682062291875
    },
    "Silica_gel": {
      "moles": 0.9712255722181251,
      "mass_kg": 0.058351232378864956
    },
    "Ettringite": {
      "moles": 0.020503801666666665,
      "mass_kg": 0.02573227109166666
    },
    "Hydrotalcite": {
      "moles": 0.046297674,
      "mass_kg": 0.020509869582
    }
  },
  "pH": 9.7400625,
  "pe": 4.0,
  "Eh": 0.24,
  "system_mass_kg": 0.2309395228489625,
  "input_composition": {
    "Ca": 0.74546965,
    "Si": 1.71120687,
    "Al": 0.68430669,
    "Fe": 0.10802551,
    "Mg": 0.15432558,
    "K": 0.073277,
    "Na": 0.1805991,
    "S": 0.12302281,
    "O": 19.35762665,
    "H": 26.64404888,
    "C": 0.01444422
  },
  "execution_time": 1.6450881958007812e-05,
  "mix_id": "MIX_4171",
  "input_file": "/teamspace/studios/this_studio/inputs/generated/MIX_4171.inp"
}