{
  "converged": true,
  "method": "simplified_thermodynamic_model",
  "note": "Using simplified model until Cemdata18 integration complete",
  "temperature_K": 298.15,
  "pressure_bar": 1.01325,
  "CO2_fraction": 0.2,
  "pCO2_bar": 0.20265,
  "phases": {
    "Calcite": {
      "moles": 0.00555728614875,
      "mass_kg": 0.0005562287706283875
    },
    "C-S-H_1.0": {
      "moles": 0.22237767385124999,
      "mass_kg": 0.0378042045547125
    },
    "Silica_gel": {
      "moles": 1.2842166761487501,
      "mass_kg": 0.07715573790301691
    },
    "Ettringite": {
      "moles": 0.00170865,
      "mass_kg": 0.0021443557499999997
    },
    "Hydrotalcite": {
      "moles": 0.016152083999999997,
      "mass_kg": 0.007155373211999999
    }
  },
  "pH": 9.48675,
  "pe": 4.0,
  "Eh": 0.24,
  "system_mass_kg": 0.12481590019035779,
  "input_composition": {
    "Ca": 0.22793496,
    "Si": 1.50659435,
    "Al": 0.55064422,
    "Fe": 0.11008453,
    "Mg": 0.05384028,
    "K": 0.07511147,
    "Na": 0.10286297,
    "S": 0.0102519,
    "O": 10.08959884,
    "H": 11.32372081,
    "C": 0.01096923
  },
  "execution_time": 1.0251998901367188e-05,
  "mix_id": "MIX_2282",
  "input_file": "/teamspace/studios/this_studio/inputs/generated/MIX_2282.inp"
}