{
  "converged": true,
  "method": "simplified_thermodynamic_model",
  "note": "Using simplified model until Cemdata18 integration complete",
  "temperature_K": 298.15,
  "pressure_bar": 1.01325,
  "CO2_fraction": 0.2,
  "pCO2_bar": 0.20265,
  "phases": {
    "Calcite": {
      "moles": 0.00367110100875,
      "mass_kg": 0.0003674404999657875
    },
    "C-S-H_1.0": {
      "moles": 0.22934611899125,
      "mass_kg": 0.0389888402285125
    },
    "Silica_gel": {
      "moles": 0.89069470100875,
      "mass_kg": 0.0535129376366057
    },
    "Ettringite": {
      "moles": 0.007688925,
      "mass_kg": 0.009649600874999999
    },
    "Hydrotalcite": {
      "moles": 0.020372466000000002,
      "mass_kg": 0.009025002438000002
    }
  },
  "pH": 9.48675,
  "pe": 4.0,
  "Eh": 0.24,
  "system_mass_kg": 0.111543821678084,
  "input_composition": {
    "Ca": 0.23301722,
    "Si": 1.12004082,
    "Al": 0.47184373,
    "Fe": 0.05876702,
    "Mg": 0.06790822,
    "K": 0.05951845,
    "Na": 0.08529898,
    "S": 0.04613355,
    "O": 5.89357924,
    "H": 4.66270854,
    "C": 0.00724619
  },
  "execution_time": 1.049041748046875e-05,
  "mix_id": "MIX_0157",
  "input_file": "/teamspace/studios/this_studio/inputs/generated/MIX_0157.inp"
}