{
  "converged": true,
  "method": "simplified_thermodynamic_model",
  "note": "Using simplified model until Cemdata18 integration complete",
  "temperature_K": 298.15,
  "pressure_bar": 1.01325,
  "CO2_fraction": 0.2,
  "pCO2_bar": 0.20265,
  "phases": {
    "Calcite": {
      "moles": 0.006092454401249999,
      "mass_kg": 0.0006097937610211124
    },
    "C-S-H_1.0": {
      "moles": 0.59787634559875,
      "mass_kg": 0.10163897875178751
    },
    "Silica_gel": {
      "moles": 0.85014648440125,
      "mass_kg": 0.0510768007828271
    },
    "Ettringite": {
      "moles": 0.017940826666666666,
      "mass_kg": 0.022515737466666665
    },
    "Hydrotalcite": {
      "moles": 0.039799626,
      "mass_kg": 0.017631234318
    }
  },
  "pH": 9.48675,
  "pe": 4.0,
  "Eh": 0.24,
  "system_mass_kg": 0.1934725450803024,
  "input_composition": {
    "Ca": 0.6039688,
    "Si": 1.44802283,
    "Al": 0.61215579,
    "Fe": 0.08578968,
    "Mg": 0.13266542,
    "K": 0.06685634,
    "Na": 0.08422021,
    "S": 0.10764496,
    "O": 10.59745745,
    "H": 10.99067013,
    "C": 0.01202557
  },
  "execution_time": 1.0251998901367188e-05,
  "mix_id": "MIX_2836",
  "input_file": "/teamspace/studios/this_studio/inputs/generated/MIX_2836.inp"
}