{
  "converged": true,
  "method": "simplified_thermodynamic_model",
  "note": "Using simplified model until Cemdata18 integration complete",
  "temperature_K": 298.15,
  "pressure_bar": 1.01325,
  "CO2_fraction": 0.4,
  "pCO2_bar": 0.4053,
  "phases": {
    "Calcite": {
      "moles": 0.03209526,
      "mass_kg": 0.0032124145734
    },
    "C-S-H_1.0": {
      "moles": 0.71337439,
      "mass_kg": 0.12127364630000001
    },
    "Silica_gel": {
      "moles": 0.9431675500000001,
      "mass_kg": 0.056665506404000004
    },
    "Ettringite": {
      "moles": 0.020503801666666665,
      "mass_kg": 0.02573227109166666
    },
    "Hydrotalcite": {
      "moles": 0.046297674,
      "mass_kg": 0.020509869582
    }
  },
  "pH": 8.5,
  "pe": 4.0,
  "Eh": 0.24,
  "system_mass_kg": 0.22739370795106667,
  "input_composition": {
    "Ca": 0.74546965,
    "Si": 1.65654194,
    "Al": 0.68430669,
    "Fe": 0.10802551,
    "Mg": 0.15432558,
    "K": 0.073277,
    "Na": 0.0746113,
    "S": 0.12302281,
    "O": 15.23399761,
    "H": 18.65083414,
    "C": 0.03209526
  },
  "execution_time": 1.621246337890625e-05,
  "mix_id": "MIX_4241",
  "input_file": "/teamspace/studios/this_studio/inputs/generated/MIX_4241.inp"
}