{
  "converged": true,
  "method": "simplified_thermodynamic_model",
  "note": "Using simplified model until Cemdata18 integration complete",
  "temperature_K": 298.15,
  "pressure_bar": 1.01325,
  "CO2_fraction": 0.35,
  "pCO2_bar": 0.3546375,
  "phases": {
    "Calcite": {
      "moles": 0.01575289135875,
      "mass_kg": 0.0015767068960972875
    },
    "C-S-H_1.0": {
      "moles": 0.35876518864124995,
      "mass_kg": 0.0609900820690125
    },
    "Silica_gel": {
      "moles": 0.9674306113587501,
      "mass_kg": 0.0581232311304337
    },
    "Ettringite": {
      "moles": 0.010251901666666667,
      "mass_kg": 0.012866136591666666
    },
    "Hydrotalcite": {
      "moles": 0.026870514,
      "mass_kg": 0.011903637702000001
    }
  },
  "pH": 8.7268125,
  "pe": 4.0,
  "Eh": 0.24,
  "system_mass_kg": 0.14545979438921017,
  "input_composition": {
    "Ca": 0.37451808,
    "Si": 1.3261958,
    "Al": 0.54399463,
    "Fe": 0.08100285,
    "Mg": 0.08956838,
    "K": 0.06593911,
    "Na": 0.07110634,
    "S": 0.06151141,
    "O": 9.00527556,
    "H": 9.3254171,
    "C": 0.01776788
  },
  "execution_time": 1.0728836059570312e-05,
  "mix_id": "MIX_1765",
  "input_file": "/teamspace/studios/this_studio/inputs/generated/MIX_1765.inp"
}