{
  "converged": true,
  "method": "simplified_thermodynamic_model",
  "note": "Using simplified model until Cemdata18 integration complete",
  "temperature_K": 298.15,
  "pressure_bar": 1.01325,
  "CO2_fraction": 0.4,
  "pCO2_bar": 0.4053,
  "phases": {
    "Calcite": {
      "moles": 0.0309818,
      "mass_kg": 0.003100968362
    },
    "C-S-H_1.0": {
      "moles": 0.39708726,
      "mass_kg": 0.0675048342
    },
    "Silica_gel": {
      "moles": 1.27924361,
      "mass_kg": 0.0768569560888
    },
    "Ettringite": {
      "moles": 0.007688925,
      "mass_kg": 0.009649600874999999
    },
    "Hydrotalcite": {
      "moles": 0.026937506999999996,
      "mass_kg": 0.011933315600999998
    }
  },
  "pH": 8.5,
  "pe": 4.0,
  "Eh": 0.24,
  "system_mass_kg": 0.1690456751268,
  "input_composition": {
    "Ca": 0.42806906,
    "Si": 1.67633087,
    "Al": 0.62013529,
    "Fe": 0.12068769,
    "Mg": 0.08979169,
    "K": 0.07786318,
    "Na": 0.14526449,
    "S": 0.04613355,
    "O": 15.28520339,
    "H": 19.98303667,
    "C": 0.0309818
  },
  "execution_time": 1.0251998901367188e-05,
  "mix_id": "MIX_3355",
  "input_file": "/teamspace/studios/this_studio/inputs/generated/MIX_3355.inp"
}