{
  "converged": true,
  "method": "simplified_thermodynamic_model",
  "note": "Using simplified model until Cemdata18 integration complete",
  "temperature_K": 298.15,
  "pressure_bar": 1.01325,
  "CO2_fraction": 0.35,
  "pCO2_bar": 0.3546375,
  "phases": {
    "Calcite": {
      "moles": 0.022010806951875,
      "mass_kg": 0.0022030616678131686
    },
    "C-S-H_1.0": {
      "moles": 0.6259329230481251,
      "mass_kg": 0.10640859691818128
    },
    "Silica_gel": {
      "moles": 0.763464976951875,
      "mass_kg": 0.04586897581526865
    },
    "Ettringite": {
      "moles": 0.020503801666666665,
      "mass_kg": 0.02573227109166666
    },
    "Hydrotalcite": {
      "moles": 0.043015155,
      "mass_kg": 0.019055713665
    }
  },
  "pH": 8.7268125,
  "pe": 4.0,
  "Eh": 0.24,
  "system_mass_kg": 0.19926861915792976,
  "input_composition": {
    "Ca": 0.64794373,
    "Si": 1.3893979,
    "Al": 0.61016091,
    "Fe": 0.07706518,
    "Mg": 0.14338385,
    "K": 0.06410463,
    "Na": 0.06595793,
    "S": 0.12302281,
    "O": 13.57750532,
    "H": 16.98558113,
    "C": 0.02482626
  },
  "execution_time": 1.6689300537109375e-05,
  "mix_id": "MIX_2770",
  "input_file": "/teamspace/studios/this_studio/inputs/generated/MIX_2770.inp"
}