{
  "converged": true,
  "method": "simplified_thermodynamic_model",
  "note": "Using simplified model until Cemdata18 integration complete",
  "temperature_K": 298.15,
  "pressure_bar": 1.01325,
  "CO2_fraction": 0.25,
  "pCO2_bar": 0.2533125,
  "phases": {
    "Calcite": {
      "moles": 0.011524667503124999,
      "mass_kg": 0.0011535039703877811
    },
    "C-S-H_1.0": {
      "moles": 0.733944982496875,
      "mass_kg": 0.12477064702446876
    },
    "Silica_gel": {
      "moles": 0.9190264675031249,
      "mass_kg": 0.05521511016758775
    },
    "Ettringite": {
      "moles": 0.020503801666666665,
      "mass_kg": 0.02573227109166666
    },
    "Hydrotalcite": {
      "moles": 0.046297674,
      "mass_kg": 0.020509869582
    }
  },
  "pH": 9.2334375,
  "pe": 4.0,
  "Eh": 0.24,
  "system_mass_kg": 0.22738140183611094,
  "input_composition": {
    "Ca": 0.74546965,
    "Si": 1.65297145,
    "Al": 0.68430669,
    "Fe": 0.10802551,
    "Mg": 0.15432558,
    "K": 0.073277,
    "Na": 0.0676886,
    "S": 0.12302281,
    "O": 13.19729779,
    "H": 14.65422685,
    "C": 0.01819834
  },
  "execution_time": 1.1682510375976562e-05,
  "mix_id": "MIX_4192",
  "input_file": "/teamspace/studios/this_studio/inputs/generated/MIX_4192.inp"
}