{
  "converged": true,
  "method": "simplified_thermodynamic_model",
  "note": "Using simplified model until Cemdata18 integration complete",
  "temperature_K": 298.15,
  "pressure_bar": 1.01325,
  "CO2_fraction": 0.35,
  "pCO2_bar": 0.3546375,
  "phases": {
    "Calcite": {
      "moles": 0.015849937910624997,
      "mass_kg": 0.001586420285474456
    },
    "C-S-H_1.0": {
      "moles": 0.475934632089375,
      "mass_kg": 0.08090888745519376
    },
    "Silica_gel": {
      "moles": 0.7317796379106252,
      "mass_kg": 0.04396532064567036
    },
    "Ettringite": {
      "moles": 0.017086501666666667,
      "mass_kg": 0.021443559591666665
    },
    "Hydrotalcite": {
      "moles": 0.035445261,
      "mass_kg": 0.015702250623
    }
  },
  "pH": 8.7268125,
  "pe": 4.0,
  "Eh": 0.24,
  "system_mass_kg": 0.16360643860100524,
  "input_composition": {
    "Ca": 0.49178457,
    "Si": 1.20771427,
    "Al": 0.53867497,
    "Fe": 0.05773752,
    "Mg": 0.11815087,
    "K": 0.05860121,
    "Na": 0.09579605,
    "S": 0.10251901,
    "O": 9.00320162,
    "H": 9.32541714,
    "C": 0.01787734
  },
  "execution_time": 1.239776611328125e-05,
  "mix_id": "MIX_1321",
  "input_file": "/teamspace/studios/this_studio/inputs/generated/MIX_1321.inp"
}