{
  "converged": true,
  "method": "simplified_thermodynamic_model",
  "note": "Using simplified model until Cemdata18 integration complete",
  "temperature_K": 298.15,
  "pressure_bar": 1.01325,
  "CO2_fraction": 0.25,
  "pCO2_bar": 0.2533125,
  "phases": {
    "Calcite": {
      "moles": 0.005336705423437499,
      "mass_kg": 0.0005341508458318593
    },
    "C-S-H_1.0": {
      "moles": 0.2276805145765625,
      "mass_kg": 0.03870568747801563
    },
    "Silica_gel": {
      "moles": 0.8645323754234376,
      "mass_kg": 0.05194110511544014
    },
    "Ettringite": {
      "moles": 0.007688925,
      "mass_kg": 0.009649600874999999
    },
    "Hydrotalcite": {
      "moles": 0.020372466000000002,
      "mass_kg": 0.009025002438000002
    }
  },
  "pH": 9.2334375,
  "pe": 4.0,
  "Eh": 0.24,
  "system_mass_kg": 0.10985554675228763,
  "input_composition": {
    "Ca": 0.23301722,
    "Si": 1.09221289,
    "Al": 0.47184373,
    "Fe": 0.05876702,
    "Mg": 0.06790822,
    "K": 0.05951845,
    "Na": 0.03134444,
    "S": 0.04613355,
    "O": 5.31373196,
    "H": 3.6635567,
    "C": 0.00842707
  },
  "execution_time": 5.9604644775390625e-05,
  "mix_id": "MIX_0160",
  "input_file": "/teamspace/studios/this_studio/inputs/generated/MIX_0160.inp"
}