{
  "converged": true,
  "method": "simplified_thermodynamic_model",
  "note": "Using simplified model until Cemdata18 integration complete",
  "temperature_K": 298.15,
  "pressure_bar": 1.01325,
  "CO2_fraction": 0.25,
  "pCO2_bar": 0.2533125,
  "phases": {
    "Calcite": {
      "moles": 0.0086300972296875,
      "mass_kg": 0.0008637864317194218
    },
    "C-S-H_1.0": {
      "moles": 0.1899882427703125,
      "mass_kg": 0.03229800127095313
    },
    "Silica_gel": {
      "moles": 1.3357364972296875,
      "mass_kg": 0.08025104875355962
    },
    "Hydrotalcite": {
      "moles": 0.014008394999999998,
      "mass_kg": 0.006205718984999999
    }
  },
  "pH": 9.2334375,
  "pe": 4.0,
  "Eh": 0.24,
  "system_mass_kg": 0.11961855544123218,
  "input_composition": {
    "Ca": 0.19861834,
    "Si": 1.52572474,
    "Al": 0.55197413,
    "Fe": 0.11590086,
    "Mg": 0.04669465,
    "K": 0.07694594,
    "Na": 0.07635189,
    "S": 0.0,
    "O": 10.06433943,
    "H": 11.32372072,
    "C": 0.01362759
  },
  "execution_time": 1.1682510375976562e-05,
  "mix_id": "MIX_2406",
  "input_file": "/teamspace/studios/this_studio/inputs/generated/MIX_2406.inp"
}