{
  "converged": true,
  "method": "simplified_thermodynamic_model",
  "note": "Using simplified model until Cemdata18 integration complete",
  "temperature_K": 298.15,
  "pressure_bar": 1.01325,
  "CO2_fraction": 0.15,
  "pCO2_bar": 0.1519875,
  "phases": {
    "Calcite": {
      "moles": 0.0020521656225,
      "mass_kg": 0.00020540125715602498
    },
    "C-S-H_1.0": {
      "moles": 0.1283568743775,
      "mass_kg": 0.021820668644175003
    },
    "Silica_gel": {
      "moles": 1.0973321456224998,
      "mass_kg": 0.0659277153089998
    },
    "Ettringite": {
      "moles": 0.00170865,
      "mass_kg": 0.0021443557499999997
    },
    "Hydrotalcite": {
      "moles": 0.012869562,
      "mass_kg": 0.0057012159659999995
    }
  },
  "pH": 9.7400625,
  "pe": 4.0,
  "Eh": 0.24,
  "system_mass_kg": 0.09579935692633082,
  "input_composition": {
    "Ca": 0.13040904,
    "Si": 1.22568902,
    "Al": 0.47649844,
    "Fe": 0.07912419,
    "Mg": 0.04289854,
    "K": 0.06593911,
    "Na": 0.06752836,
    "S": 0.0102519,
    "O": 5.89776507,
    "H": 4.6627086,
    "C": 0.00540088
  },
  "execution_time": 3.0279159545898438e-05,
  "mix_id": "MIX_0921",
  "input_file": "/teamspace/studios/this_studio/inputs/generated/MIX_0921.inp"
}