{
  "converged": true,
  "method": "simplified_thermodynamic_model",
  "note": "Using simplified model until Cemdata18 integration complete",
  "temperature_K": 298.15,
  "pressure_bar": 1.01325,
  "CO2_fraction": 0.2,
  "pCO2_bar": 0.20265,
  "phases": {
    "Calcite": {
      "moles": 0.0067445821012499995,
      "mass_kg": 0.0006750652225141125
    },
    "C-S-H_1.0": {
      "moles": 0.42132447789875,
      "mass_kg": 0.0716251612427875
    },
    "Silica_gel": {
      "moles": 1.26091066210125,
      "mass_kg": 0.0757555125790431
    },
    "Ettringite": {
      "moles": 0.007688925,
      "mass_kg": 0.009649600874999999
    },
    "Hydrotalcite": {
      "moles": 0.026937506999999996,
      "mass_kg": 0.011933315600999998
    }
  },
  "pH": 9.48675,
  "pe": 4.0,
  "Eh": 0.24,
  "system_mass_kg": 0.1696386555203447,
  "input_composition": {
    "Ca": 0.42806906,
    "Si": 1.68223514,
    "Al": 0.62013529,
    "Fe": 0.12068769,
    "Mg": 0.08979169,
    "K": 0.07786318,
    "Na": 0.15671208,
    "S": 0.04613355,
    "O": 12.26994215,
    "H": 13.98812562,
    "C": 0.01331277
  },
  "execution_time": 2.3126602172851562e-05,
  "mix_id": "MIX_3293",
  "input_file": "/teamspace/studios/this_studio/inputs/generated/MIX_3293.inp"
}