{
  "converged": true,
  "method": "simplified_thermodynamic_model",
  "note": "Using simplified model until Cemdata18 integration complete",
  "temperature_K": 298.15,
  "pressure_bar": 1.01325,
  "CO2_fraction": 0.4,
  "pCO2_bar": 0.4053,
  "phases": {
    "Calcite": {
      "moles": 0.0352861,
      "mass_kg": 0.003531785749
    },
    "C-S-H_1.0": {
      "moles": 0.41701732,
      "mass_kg": 0.0708929444
    },
    "Silica_gel": {
      "moles": 1.59281076,
      "mass_kg": 0.0956960704608
    },
    "Ettringite": {
      "moles": 0.0034173,
      "mass_kg": 0.0042887114999999995
    },
    "Hydrotalcite": {
      "moles": 0.024860808,
      "mass_kg": 0.011013337944000001
    }
  },
  "pH": 8.5,
  "pe": 4.0,
  "Eh": 0.24,
  "system_mass_kg": 0.18542285005380002,
  "input_composition": {
    "Ca": 0.45230342,
    "Si": 2.00982808,
    "Al": 0.69760586,
    "Fe": 0.16618886,
    "Mg": 0.08286936,
    "K": 0.09162172,
    "Na": 0.12356184,
    "S": 0.0205038,
    "O": 17.41391718,
    "H": 22.64744153,
    "C": 0.0352861
  },
  "execution_time": 1.0967254638671875e-05,
  "mix_id": "MIX_4806",
  "input_file": "/teamspace/studios/this_studio/inputs/generated/MIX_4806.inp"
}