{
  "converged": true,
  "method": "simplified_thermodynamic_model",
  "note": "Using simplified model until Cemdata18 integration complete",
  "temperature_K": 298.15,
  "pressure_bar": 1.01325,
  "CO2_fraction": 0.25,
  "pCO2_bar": 0.2533125,
  "phases": {
    "Calcite": {
      "moles": 0.013966264364062498,
      "mass_kg": 0.0013978834001990154
    },
    "C-S-H_1.0": {
      "moles": 0.6728701456359375,
      "mass_kg": 0.11438792475810938
    },
    "Silica_gel": {
      "moles": 1.0745266543640626,
      "mass_kg": 0.06455756139419289
    },
    "Ettringite": {
      "moles": 0.017086501666666667,
      "mass_kg": 0.021443559591666665
    },
    "Hydrotalcite": {
      "moles": 0.042010302,
      "mass_kg": 0.018610563786
    }
  },
  "pH": 9.2334375,
  "pe": 4.0,
  "Eh": 0.24,
  "system_mass_kg": 0.22039749293016794,
  "input_composition": {
    "Ca": 0.68683641,
    "Si": 1.7473968,
    "Al": 0.68696653,
    "Fe": 0.11965818,
    "Mg": 0.14003434,
    "K": 0.07694594,
    "Na": 0.12356184,
    "S": 0.10251901,
    "O": 17.30724072,
    "H": 22.64744153,
    "C": 0.02205381
  },
  "execution_time": 1.0728836059570312e-05,
  "mix_id": "MIX_4310",
  "input_file": "/teamspace/studios/this_studio/inputs/generated/MIX_4310.inp"
}