{
  "converged": true,
  "method": "simplified_thermodynamic_model",
  "note": "Using simplified model until Cemdata18 integration complete",
  "temperature_K": 298.15,
  "pressure_bar": 1.01325,
  "CO2_fraction": 0.15,
  "pCO2_bar": 0.1519875,
  "phases": {
    "Calcite": {
      "moles": 0.0026799423918749997,
      "mass_kg": 0.0002682354340027687
    },
    "C-S-H_1.0": {
      "moles": 0.37183813760812495,
      "mass_kg": 0.06321248339338124
    },
    "Silica_gel": {
      "moles": 0.951652192391875,
      "mass_kg": 0.05717526371890386
    },
    "Ettringite": {
      "moles": 0.010251901666666667,
      "mass_kg": 0.012866136591666666
    },
    "Hydrotalcite": {
      "moles": 0.026870514,
      "mass_kg": 0.011903637702000001
    }
  },
  "pH": 9.7400625,
  "pe": 4.0,
  "Eh": 0.24,
  "system_mass_kg": 0.14542575683995454,
  "input_composition": {
    "Ca": 0.37451808,
    "Si": 1.32349033,
    "Al": 0.54399463,
    "Fe": 0.08100285,
    "Mg": 0.08956838,
    "K": 0.06593911,
    "Na": 0.06586079,
    "S": 0.06151141,
    "O": 7.97666037,
    "H": 7.32711348,
    "C": 0.00705306
  },
  "execution_time": 1.239776611328125e-05,
  "mix_id": "MIX_1700",
  "input_file": "/teamspace/studios/this_studio/inputs/generated/MIX_1700.inp"
}