{
  "converged": true,
  "method": "simplified_thermodynamic_model",
  "note": "Using simplified model until Cemdata18 integration complete",
  "temperature_K": 298.15,
  "pressure_bar": 1.01325,
  "CO2_fraction": 0.35,
  "pCO2_bar": 0.3546375,
  "phases": {
    "Calcite": {
      "moles": 0.024184991939062497,
      "mass_kg": 0.0024206758431807654
    },
    "C-S-H_1.0": {
      "moles": 0.44785900806093754,
      "mass_kg": 0.07613603137035939
    },
    "Silica_gel": {
      "moles": 1.1989824419390624,
      "mass_kg": 0.07203486511169888
    },
    "Ettringite": {
      "moles": 0.010251901666666667,
      "mass_kg": 0.012866136591666666
    },
    "Hydrotalcite": {
      "moles": 0.030153035999999998,
      "mass_kg": 0.013357794947999999
    }
  },
  "pH": 8.7268125,
  "pe": 4.0,
  "Eh": 0.24,
  "system_mass_kg": 0.1768155038649057,
  "input_composition": {
    "Ca": 0.472044,
    "Si": 1.64684145,
    "Al": 0.61814041,
    "Fe": 0.11196319,
    "Mg": 0.10051012,
    "K": 0.07511147,
    "Na": 0.18349199,
    "S": 0.06151141,
    "O": 15.32130374,
    "H": 19.98303657,
    "C": 0.02727855
  },
  "execution_time": 1.4543533325195312e-05,
  "mix_id": "MIX_3231",
  "input_file": "/teamspace/studios/this_studio/inputs/generated/MIX_3231.inp"
}