{
  "converged": true,
  "method": "simplified_thermodynamic_model",
  "note": "Using simplified model until Cemdata18 integration complete",
  "temperature_K": 298.15,
  "pressure_bar": 1.01325,
  "CO2_fraction": 0.2,
  "pCO2_bar": 0.20265,
  "phases": {
    "Calcite": {
      "moles": 0.00548993542125,
      "mass_kg": 0.0005494876363129125
    },
    "C-S-H_1.0": {
      "moles": 0.48629463457875,
      "mass_kg": 0.0826700878783875
    },
    "Silica_gel": {
      "moles": 0.6979965354212501,
      "mass_kg": 0.0419356318481087
    },
    "Ettringite": {
      "moles": 0.017086501666666667,
      "mass_kg": 0.021443559591666665
    },
    "Hydrotalcite": {
      "moles": 0.035445261,
      "mass_kg": 0.015702250623
    }
  },
  "pH": 9.48675,
  "pe": 4.0,
  "Eh": 0.24,
  "system_mass_kg": 0.16230101757747578,
  "input_composition": {
    "Ca": 0.49178457,
    "Si": 1.18429117,
    "Al": 0.53867497,
    "Fe": 0.05773752,
    "Mg": 0.11815087,
    "K": 0.05860121,
    "Na": 0.05038186,
    "S": 0.10251901,
    "O": 9.91871801,
    "H": 11.32372071,
    "C": 0.01083629
  },
  "execution_time": 1.049041748046875e-05,
  "mix_id": "MIX_1266",
  "input_file": "/teamspace/studios/this_studio/inputs/generated/MIX_1266.inp"
}