{
  "converged": true,
  "method": "simplified_thermodynamic_model",
  "note": "Using simplified model until Cemdata18 integration complete",
  "temperature_K": 298.15,
  "pressure_bar": 1.01325,
  "CO2_fraction": 0.3,
  "pCO2_bar": 0.303975,
  "phases": {
    "Calcite": {
      "moles": 0.007731512932499999,
      "mass_kg": 0.0007738471294139249
    },
    "C-S-H_1.0": {
      "moles": 0.1519941470675,
      "mass_kg": 0.025839005001475002
    },
    "Silica_gel": {
      "moles": 1.0305617129325,
      "mass_kg": 0.0619161477129846
    },
    "Ettringite": {
      "moles": 0.0034173,
      "mass_kg": 0.0042887114999999995
    },
    "Hydrotalcite": {
      "moles": 0.015013247999999998,
      "mass_kg": 0.006650868863999999
    }
  },
  "pH": 8.980125000000001,
  "pe": 4.0,
  "Eh": 0.24,
  "system_mass_kg": 0.09946858020787352,
  "input_composition": {
    "Ca": 0.15972566,
    "Si": 1.18255586,
    "Al": 0.47516852,
    "Fe": 0.07330786,
    "Mg": 0.05004416,
    "K": 0.06410463,
    "Na": 0.04750137,
    "S": 0.0205038,
    "O": 5.36703663,
    "H": 3.66355667,
    "C": 0.01017388
  },
  "execution_time": 9.775161743164062e-06,
  "mix_id": "MIX_0740",
  "input_file": "/teamspace/studios/this_studio/inputs/generated/MIX_0740.inp"
}