{
  "converged": true,
  "method": "simplified_thermodynamic_model",
  "note": "Using simplified model until Cemdata18 integration complete",
  "temperature_K": 298.15,
  "pressure_bar": 1.01325,
  "CO2_fraction": 0.2,
  "pCO2_bar": 0.20265,
  "phases": {
    "Calcite": {
      "moles": 0.00670268421375,
      "mass_kg": 0.0006708716629542375
    },
    "C-S-H_1.0": {
      "moles": 0.46534131578625004,
      "mass_kg": 0.07910802368366252
    },
    "Silica_gel": {
      "moles": 1.15084905421375,
      "mass_kg": 0.0691430111771621
    },
    "Ettringite": {
      "moles": 0.010251901666666667,
      "mass_kg": 0.012866136591666666
    },
    "Hydrotalcite": {
      "moles": 0.030153035999999998,
      "mass_kg": 0.013357794947999999
    }
  },
  "pH": 9.48675,
  "pe": 4.0,
  "Eh": 0.24,
  "system_mass_kg": 0.17514583806344552,
  "input_composition": {
    "Ca": 0.472044,
    "Si": 1.61619037,
    "Al": 0.61814041,
    "Fe": 0.11196319,
    "Mg": 0.10051012,
    "K": 0.07511147,
    "Na": 0.12406373,
    "S": 0.06151141,
    "O": 12.20473504,
    "H": 13.98812569,
    "C": 0.01323007
  },
  "execution_time": 8.344650268554688e-06,
  "mix_id": "MIX_3177",
  "input_file": "/teamspace/studios/this_studio/inputs/generated/MIX_3177.inp"
}