{
  "converged": true,
  "method": "simplified_thermodynamic_model",
  "note": "Using simplified model until Cemdata18 integration complete",
  "temperature_K": 298.15,
  "pressure_bar": 1.01325,
  "CO2_fraction": 0.0,
  "pCO2_bar": 0.0,
  "phases": {
    "C-S-H_1.0": {
      "moles": 0.37451808,
      "mass_kg": 0.0636680736
    },
    "Silica_gel": {
      "moles": 0.9489722500000001,
      "mass_kg": 0.05701425278
    },
    "Ettringite": {
      "moles": 0.010251901666666667,
      "mass_kg": 0.012866136591666666
    },
    "Hydrotalcite": {
      "moles": 0.026870514,
      "mass_kg": 0.011903637702000001
    }
  },
  "pH": 10.5,
  "pe": 4.0,
  "Eh": 0.24,
  "system_mass_kg": 0.14545210067366668,
  "input_composition": {
    "Ca": 0.37451808,
    "Si": 1.32349033,
    "Al": 0.54399463,
    "Fe": 0.08100285,
    "Mg": 0.08956838,
    "K": 0.06593911,
    "Na": 0.06586079,
    "S": 0.06151141,
    "O": 7.96255425,
    "H": 7.32711348,
    "C": 0.0
  },
  "execution_time": 8.821487426757812e-06,
  "mix_id": "MIX_1684",
  "input_file": "/teamspace/studios/this_studio/inputs/generated/MIX_1684.inp"
}