{
  "converged": true,
  "method": "simplified_thermodynamic_model",
  "note": "Using simplified model until Cemdata18 integration complete",
  "temperature_K": 298.15,
  "pressure_bar": 1.01325,
  "CO2_fraction": 0.15,
  "pCO2_bar": 0.1519875,
  "phases": {
    "Calcite": {
      "moles": 0.00291121417125,
      "mass_kg": 0.00029138342640041247
    },
    "C-S-H_1.0": {
      "moles": 0.31297361582875,
      "mass_kg": 0.0532055146908875
    },
    "Silica_gel": {
      "moles": 1.0915641241712501,
      "mass_kg": 0.06558117258020871
    },
    "Ettringite": {
      "moles": 0.0068346,
      "mass_kg": 0.008577422999999999
    },
    "Hydrotalcite": {
      "moles": 0.022583142,
      "mass_kg": 0.010004331906
    }
  },
  "pH": 9.7400625,
  "pe": 4.0,
  "Eh": 0.24,
  "system_mass_kg": 0.13765982560349663,
  "input_composition": {
    "Ca": 0.31588483,
    "Si": 1.40453774,
    "Al": 0.54665447,
    "Fe": 0.09263552,
    "Mg": 0.07527714,
    "K": 0.06960805,
    "Na": 0.09579605,
    "S": 0.0410076,
    "O": 9.04292929,
    "H": 9.32541714,
    "C": 0.00766172
  },
  "execution_time": 7.867813110351562e-06,
  "mix_id": "MIX_1929",
  "input_file": "/teamspace/studios/this_studio/inputs/generated/MIX_1929.inp"
}