{
  "converged": true,
  "method": "simplified_thermodynamic_model",
  "note": "Using simplified model until Cemdata18 integration complete",
  "temperature_K": 298.15,
  "pressure_bar": 1.01325,
  "CO2_fraction": 0.2,
  "pCO2_bar": 0.20265,
  "phases": {
    "Calcite": {
      "moles": 0.006621446895,
      "mass_kg": 0.0006627406197205499
    },
    "C-S-H_1.0": {
      "moles": 0.465422553105,
      "mass_kg": 0.07912183402785002
    },
    "Silica_gel": {
      "moles": 1.118120936895,
      "mass_kg": 0.0671767058886516
    },
    "Ettringite": {
      "moles": 0.010251901666666667,
      "mass_kg": 0.012866136591666666
    },
    "Hydrotalcite": {
      "moles": 0.030153035999999998,
      "mass_kg": 0.013357794947999999
    }
  },
  "pH": 9.48675,
  "pe": 4.0,
  "Eh": 0.24,
  "system_mass_kg": 0.17318521207588883,
  "input_composition": {
    "Ca": 0.472044,
    "Si": 1.58354349,
    "Al": 0.61814041,
    "Fe": 0.11196319,
    "Mg": 0.10051012,
    "K": 0.07511147,
    "Na": 0.06076591,
    "S": 0.06151141,
    "O": 12.10747164,
    "H": 13.9881256,
    "C": 0.01306972
  },
  "execution_time": 9.059906005859375e-06,
  "mix_id": "MIX_3169",
  "input_file": "/teamspace/studios/this_studio/inputs/generated/MIX_3169.inp"
}