{
  "converged": true,
  "method": "simplified_thermodynamic_model",
  "note": "Using simplified model until Cemdata18 integration complete",
  "temperature_K": 298.15,
  "pressure_bar": 1.01325,
  "CO2_fraction": 0.35,
  "pCO2_bar": 0.3546375,
  "phases": {
    "Calcite": {
      "moles": 0.022144434361875,
      "mass_kg": 0.0022164364352800685
    },
    "C-S-H_1.0": {
      "moles": 0.7137491656381251,
      "mass_kg": 0.12133735815848128
    },
    "Silica_gel": {
      "moles": 0.594772494361875,
      "mass_kg": 0.03573393146126145
    },
    "Ettringite": {
      "moles": 0.02562975166666667,
      "mass_kg": 0.03216533834166667
    },
    "Hydrotalcite": {
      "moles": 0.049446213,
      "mass_kg": 0.021904672359
    }
  },
  "pH": 8.7268125,
  "pe": 4.0,
  "Eh": 0.24,
  "system_mass_kg": 0.21335773675568948,
  "input_composition": {
    "Ca": 0.7358936,
    "Si": 1.30852166,
    "Al": 0.60617116,
    "Fe": 0.05961618,
    "Mg": 0.16482071,
    "K": 0.05860121,
    "Na": 0.09995686,
    "S": 0.15377851,
    "O": 13.59979776,
    "H": 16.9855811,
    "C": 0.02497698
  },
  "execution_time": 1.0013580322265625e-05,
  "mix_id": "MIX_2550",
  "input_file": "/teamspace/studios/this_studio/inputs/generated/MIX_2550.inp"
}