{
  "converged": true,
  "method": "simplified_thermodynamic_model",
  "note": "Using simplified model until Cemdata18 integration complete",
  "temperature_K": 298.15,
  "pressure_bar": 1.01325,
  "CO2_fraction": 0.2,
  "pCO2_bar": 0.20265,
  "phases": {
    "Calcite": {
      "moles": 0.00666164758875,
      "mass_kg": 0.0006667643071579874
    },
    "C-S-H_1.0": {
      "moles": 0.37743248241125,
      "mass_kg": 0.0641635220099125
    },
    "Silica_gel": {
      "moles": 1.3206778975887499,
      "mass_kg": 0.0793463280871321
    },
    "Ettringite": {
      "moles": 0.00512595,
      "mass_kg": 0.006433067249999999
    },
    "Hydrotalcite": {
      "moles": 0.023721975,
      "mass_kg": 0.010508834925
    }
  },
  "pH": 9.48675,
  "pe": 4.0,
  "Eh": 0.24,
  "system_mass_kg": 0.1611185165792026,
  "input_composition": {
    "Ca": 0.38409413,
    "Si": 1.69811038,
    "Al": 0.62213016,
    "Fe": 0.12941219,
    "Mg": 0.07907325,
    "K": 0.08061489,
    "Na": 0.09208854,
    "S": 0.0307557,
    "O": 12.18568146,
    "H": 13.9881257,
    "C": 0.01314907
  },
  "execution_time": 1.049041748046875e-05,
  "mix_id": "MIX_3397",
  "input_file": "/teamspace/studios/this_studio/inputs/generated/MIX_3397.inp"
}