{
  "converged": true,
  "method": "simplified_thermodynamic_model",
  "note": "Using simplified model until Cemdata18 integration complete",
  "temperature_K": 298.15,
  "pressure_bar": 1.01325,
  "CO2_fraction": 0.2,
  "pCO2_bar": 0.20265,
  "phases": {
    "Calcite": {
      "moles": 0.00822987487875,
      "mass_kg": 0.0008237281766140874
    },
    "C-S-H_1.0": {
      "moles": 0.38544030512125,
      "mass_kg": 0.06552485187061251
    },
    "Silica_gel": {
      "moles": 1.70483397487875,
      "mass_kg": 0.10242642521071531
    },
    "Hydrotalcite": {
      "moles": 0.020573436,
      "mass_kg": 0.009114032148
    }
  },
  "pH": 9.48675,
  "pe": 4.0,
  "Eh": 0.24,
  "system_mass_kg": 0.1778890374059419,
  "input_composition": {
    "Ca": 0.39367018,
    "Si": 2.09027428,
    "Al": 0.70026569,
    "Fe": 0.17782153,
    "Mg": 0.06857812,
    "K": 0.09529067,
    "Na": 0.15233141,
    "S": 0.0,
    "O": 15.44164487,
    "H": 18.65083423,
    "C": 0.01624451
  },
  "execution_time": 1.8596649169921875e-05,
  "mix_id": "MIX_4857",
  "input_file": "/teamspace/studios/this_studio/inputs/generated/MIX_4857.inp"
}