{
  "converged": true,
  "method": "simplified_thermodynamic_model",
  "note": "Using simplified model until Cemdata18 integration complete",
  "temperature_K": 298.15,
  "pressure_bar": 1.01325,
  "CO2_fraction": 0.3,
  "pCO2_bar": 0.303975,
  "phases": {
    "Calcite": {
      "moles": 0.013362946183124998,
      "mass_kg": 0.0013374972834689811
    },
    "C-S-H_1.0": {
      "moles": 0.361155133816875,
      "mass_kg": 0.06139637274886875
    },
    "Silica_gel": {
      "moles": 0.985064536183125,
      "mass_kg": 0.05918267733388215
    },
    "Ettringite": {
      "moles": 0.010251901666666667,
      "mass_kg": 0.012866136591666666
    },
    "Hydrotalcite": {
      "moles": 0.026870514,
      "mass_kg": 0.011903637702000001
    }
  },
  "pH": 8.980125000000001,
  "pe": 4.0,
  "Eh": 0.24,
  "system_mass_kg": 0.14668632165988654,
  "input_composition": {
    "Ca": 0.37451808,
    "Si": 1.34621967,
    "Al": 0.54399463,
    "Fe": 0.08100285,
    "Mg": 0.08956838,
    "K": 0.06593911,
    "Na": 0.10992989,
    "S": 0.06151141,
    "O": 11.06267152,
    "H": 13.32202447,
    "C": 0.01758427
  },
  "execution_time": 1.5497207641601562e-05,
  "mix_id": "MIX_1755",
  "input_file": "/teamspace/studios/this_studio/inputs/generated/MIX_1755.inp"
}