{
  "converged": true,
  "method": "simplified_thermodynamic_model",
  "note": "Using simplified model until Cemdata18 integration complete",
  "temperature_K": 298.15,
  "pressure_bar": 1.01325,
  "CO2_fraction": 0.15,
  "pCO2_bar": 0.1519875,
  "phases": {
    "Calcite": {
      "moles": 0.00225304750125,
      "mass_kg": 0.0002255075244001125
    },
    "C-S-H_1.0": {
      "moles": 0.21610586249875,
      "mass_kg": 0.0367379966247875
    },
    "Silica_gel": {
      "moles": 0.90490039750125,
      "mass_kg": 0.0543664158818751
    },
    "Ettringite": {
      "moles": 0.0068346,
      "mass_kg": 0.008577422999999999
    },
    "Hydrotalcite": {
      "moles": 0.019300623,
      "mass_kg": 0.008550175989
    }
  },
  "pH": 9.7400625,
  "pe": 4.0,
  "Eh": 0.24,
  "system_mass_kg": 0.10845751902006272,
  "input_composition": {
    "Ca": 0.21835891,
    "Si": 1.12100626,
    "Al": 0.47250869,
    "Fe": 0.06167519,
    "Mg": 0.06433541,
    "K": 0.06043569,
    "Na": 0.05536969,
    "S": 0.0410076,
    "O": 6.8492734,
    "H": 6.66101223,
    "C": 0.00592956
  },
  "execution_time": 1.0251998901367188e-05,
  "mix_id": "MIX_0247",
  "input_file": "/teamspace/studios/this_studio/inputs/generated/MIX_0247.inp"
}