{
  "converged": true,
  "method": "simplified_thermodynamic_model",
  "note": "Using simplified model until Cemdata18 integration complete",
  "temperature_K": 298.15,
  "pressure_bar": 1.01325,
  "CO2_fraction": 0.15,
  "pCO2_bar": 0.1519875,
  "phases": {
    "Calcite": {
      "moles": 0.0027133074478124996,
      "mass_kg": 0.00027157494245155306
    },
    "C-S-H_1.0": {
      "moles": 0.3131715225521875,
      "mass_kg": 0.053239158833871876
    },
    "Silica_gel": {
      "moles": 1.0997643574478126,
      "mass_kg": 0.06607384259546459
    },
    "Ettringite": {
      "moles": 0.0068346,
      "mass_kg": 0.008577422999999999
    },
    "Hydrotalcite": {
      "moles": 0.022583142,
      "mass_kg": 0.010004331906
    }
  },
  "pH": 9.7400625,
  "pe": 4.0,
  "Eh": 0.24,
  "system_mass_kg": 0.13816633127778802,
  "input_composition": {
    "Ca": 0.31588483,
    "Si": 1.41293588,
    "Al": 0.54665447,
    "Fe": 0.09263552,
    "Mg": 0.07527714,
    "K": 0.06960805,
    "Na": 0.11207889,
    "S": 0.0410076,
    "O": 8.06767343,
    "H": 7.32711338,
    "C": 0.00714087
  },
  "execution_time": 1.8358230590820312e-05,
  "mix_id": "MIX_1932",
  "input_file": "/teamspace/studios/this_studio/inputs/generated/MIX_1932.inp"
}