{
  "converged": true,
  "method": "simplified_thermodynamic_model",
  "note": "Using simplified model until Cemdata18 integration complete",
  "temperature_K": 298.15,
  "pressure_bar": 1.01325,
  "CO2_fraction": 0.15,
  "pCO2_bar": 0.1519875,
  "phases": {
    "Calcite": {
      "moles": 0.002239452219375,
      "mass_kg": 0.00022414677263724373
    },
    "C-S-H_1.0": {
      "moles": 0.172144527780625,
      "mass_kg": 0.029264569722706253
    },
    "Silica_gel": {
      "moles": 0.988354052219375,
      "mass_kg": 0.05938031145734005
    },
    "Ettringite": {
      "moles": 0.004271625,
      "mass_kg": 0.0053608893749999996
    },
    "Hydrotalcite": {
      "moles": 0.016085091,
      "mass_kg": 0.007125695313
    }
  },
  "pH": 9.7400625,
  "pe": 4.0,
  "Eh": 0.24,
  "system_mass_kg": 0.10135561264068355,
  "input_composition": {
    "Ca": 0.17438398,
    "Si": 1.16049858,
    "Al": 0.47450356,
    "Fe": 0.07039969,
    "Mg": 0.05361697,
    "K": 0.0631874,
    "Na": 0.03653646,
    "S": 0.02562975,
    "O": 6.83539786,
    "H": 6.66101223,
    "C": 0.00589378
  },
  "execution_time": 1.049041748046875e-05,
  "mix_id": "MIX_0579",
  "input_file": "/teamspace/studios/this_studio/inputs/generated/MIX_0579.inp"
}