{
  "converged": true,
  "method": "simplified_thermodynamic_model",
  "note": "Using simplified model until Cemdata18 integration complete",
  "temperature_K": 298.15,
  "pressure_bar": 1.01325,
  "CO2_fraction": 0.3,
  "pCO2_bar": 0.303975,
  "phases": {
    "Calcite": {
      "moles": 0.008158407823124998,
      "mass_kg": 0.000816575039016581
    },
    "C-S-H_1.0": {
      "moles": 0.224858812176875,
      "mass_kg": 0.038225998070068753
    },
    "Silica_gel": {
      "moles": 0.8770400178231251,
      "mass_kg": 0.05269256427081336
    },
    "Ettringite": {
      "moles": 0.007688925,
      "mass_kg": 0.009649600874999999
    },
    "Hydrotalcite": {
      "moles": 0.020372466000000002,
      "mass_kg": 0.009025002438000002
    }
  },
  "pH": 8.980125000000001,
  "pe": 4.0,
  "Eh": 0.24,
  "system_mass_kg": 0.1104097406928987,
  "input_composition": {
    "Ca": 0.23301722,
    "Si": 1.10189883,
    "Al": 0.47184373,
    "Fe": 0.05876702,
    "Mg": 0.06790822,
    "K": 0.05951845,
    "Na": 0.05012415,
    "S": 0.04613355,
    "O": 5.84668675,
    "H": 4.66270861,
    "C": 0.01073563
  },
  "execution_time": 9.298324584960938e-06,
  "mix_id": "MIX_0181",
  "input_file": "/teamspace/studios/this_studio/inputs/generated/MIX_0181.inp"
}