{
  "converged": true,
  "method": "simplified_thermodynamic_model",
  "note": "Using simplified model until Cemdata18 integration complete",
  "temperature_K": 298.15,
  "pressure_bar": 1.01325,
  "CO2_fraction": 0.4,
  "pCO2_bar": 0.4053,
  "phases": {
    "Calcite": {
      "moles": 0.01581217,
      "mass_kg": 0.0015826400953
    },
    "C-S-H_1.0": {
      "moles": 0.14391348999999998,
      "mass_kg": 0.0244652933
    },
    "Silica_gel": {
      "moles": 1.04270059,
      "mass_kg": 0.0626454514472
    },
    "Ettringite": {
      "moles": 0.0034173,
      "mass_kg": 0.0042887114999999995
    },
    "Hydrotalcite": {
      "moles": 0.015013247999999998,
      "mass_kg": 0.006650868863999999
    }
  },
  "pH": 8.5,
  "pe": 4.0,
  "Eh": 0.24,
  "system_mass_kg": 0.0996329652065,
  "input_composition": {
    "Ca": 0.15972566,
    "Si": 1.18661408,
    "Al": 0.47516852,
    "Fe": 0.07330786,
    "Mg": 0.05004416,
    "K": 0.06410463,
    "Na": 0.05536969,
    "S": 0.0205038,
    "O": 6.88909158,
    "H": 6.66101223,
    "C": 0.01581217
  },
  "execution_time": 1.0013580322265625e-05,
  "mix_id": "MIX_0775",
  "input_file": "/teamspace/studios/this_studio/inputs/generated/MIX_0775.inp"
}