{
  "converged": true,
  "method": "simplified_thermodynamic_model",
  "note": "Using simplified model until Cemdata18 integration complete",
  "temperature_K": 298.15,
  "pressure_bar": 1.01325,
  "CO2_fraction": 0.15,
  "pCO2_bar": 0.1519875,
  "phases": {
    "Calcite": {
      "moles": 0.0033407346459375,
      "mass_kg": 0.00033437413071188437
    },
    "C-S-H_1.0": {
      "moles": 0.1952776053540625,
      "mass_kg": 0.033197192910190625
    },
    "Silica_gel": {
      "moles": 1.3477655346459374,
      "mass_kg": 0.08097375332152792
    },
    "Hydrotalcite": {
      "moles": 0.014008394999999998,
      "mass_kg": 0.006205718984999999
    }
  },
  "pH": 9.7400625,
  "pe": 4.0,
  "Eh": 0.24,
  "system_mass_kg": 0.12071103934743044,
  "input_composition": {
    "Ca": 0.19861834,
    "Si": 1.54304314,
    "Al": 0.55197413,
    "Fe": 0.11590086,
    "Mg": 0.04669465,
    "K": 0.07694594,
    "Na": 0.10992989,
    "S": 0.0,
    "O": 11.10524617,
    "H": 13.32202447,
    "C": 0.00879213
  },
  "execution_time": 1.049041748046875e-05,
  "mix_id": "MIX_2379",
  "input_file": "/teamspace/studios/this_studio/inputs/generated/MIX_2379.inp"
}