{
  "converged": true,
  "method": "simplified_thermodynamic_model",
  "note": "Using simplified model until Cemdata18 integration complete",
  "temperature_K": 298.15,
  "pressure_bar": 1.01325,
  "CO2_fraction": 0.35,
  "pCO2_bar": 0.3546375,
  "phases": {
    "Calcite": {
      "moles": 0.022588351852499997,
      "mass_kg": 0.0022608681369167246
    },
    "C-S-H_1.0": {
      "moles": 0.9574142881475001,
      "mass_kg": 0.16276042898507503
    },
    "Silica_gel": {
      "moles": 0.4331258818524999,
      "mass_kg": 0.026022202981698193
    },
    "Ettringite": {
      "moles": 0.034173003333333334,
      "mass_kg": 0.04288711918333333
    },
    "Hydrotalcite": {
      "moles": 0.063447168,
      "mass_kg": 0.028107095424
    }
  },
  "pH": 8.7268125,
  "pe": 4.0,
  "Eh": 0.24,
  "system_mass_kg": 0.2620377147110233,
  "input_composition": {
    "Ca": 0.98000264,
    "Si": 1.39054017,
    "Al": 0.67366736,
    "Fe": 0.06149484,
    "Mg": 0.21149056,
    "K": 0.05860121,
    "Na": 0.0676886,
    "S": 0.20503802,
    "O": 13.13164458,
    "H": 14.65422685,
    "C": 0.02547768
  },
  "execution_time": 1.0728836059570312e-05,
  "mix_id": "MIX_3776",
  "input_file": "/teamspace/studios/this_studio/inputs/generated/MIX_3776.inp"
}