{
  "converged": true,
  "method": "simplified_thermodynamic_model",
  "note": "Using simplified model until Cemdata18 integration complete",
  "temperature_K": 298.15,
  "pressure_bar": 1.01325,
  "CO2_fraction": 0.0,
  "pCO2_bar": 0.0,
  "phases": {
    "C-S-H_1.0": {
      "moles": 0.23301722,
      "mass_kg": 0.039612927400000005
    },
    "Silica_gel": {
      "moles": 0.8618735399999999,
      "mass_kg": 0.051781362283199996
    },
    "Ettringite": {
      "moles": 0.007688925,
      "mass_kg": 0.009649600874999999
    },
    "Hydrotalcite": {
      "moles": 0.020372466000000002,
      "mass_kg": 0.009025002438000002
    }
  },
  "pH": 10.5,
  "pe": 4.0,
  "Eh": 0.24,
  "system_mass_kg": 0.1100688929962,
  "input_composition": {
    "Ca": 0.23301722,
    "Si": 1.09489076,
    "Al": 0.47184373,
    "Fe": 0.05876702,
    "Mg": 0.06790822,
    "K": 0.05951845,
    "Na": 0.03653646,
    "S": 0.04613355,
    "O": 6.80355732,
    "H": 6.66101223,
    "C": 0.0
  },
  "execution_time": 1.049041748046875e-05,
  "mix_id": "MIX_0115",
  "input_file": "/teamspace/studios/this_studio/inputs/generated/MIX_0115.inp"
}