{
  "converged": true,
  "method": "simplified_thermodynamic_model",
  "note": "Using simplified model until Cemdata18 integration complete",
  "temperature_K": 298.15,
  "pressure_bar": 1.01325,
  "CO2_fraction": 0.3,
  "pCO2_bar": 0.303975,
  "phases": {
    "Calcite": {
      "moles": 0.010655083687499999,
      "mass_kg": 0.0010664673262818748
    },
    "C-S-H_1.0": {
      "moles": 0.36386299631249996,
      "mass_kg": 0.061856709373125
    },
    "Silica_gel": {
      "moles": 0.9480733236875001,
      "mass_kg": 0.05696024528714501
    },
    "Ettringite": {
      "moles": 0.010251901666666667,
      "mass_kg": 0.012866136591666666
    },
    "Hydrotalcite": {
      "moles": 0.026870514,
      "mass_kg": 0.011903637702000001
    }
  },
  "pH": 8.980125000000001,
  "pe": 4.0,
  "Eh": 0.24,
  "system_mass_kg": 0.14465319628021855,
  "input_composition": {
    "Ca": 0.37451808,
    "Si": 1.31193632,
    "Al": 0.54399463,
    "Fe": 0.08100285,
    "Mg": 0.08956838,
    "K": 0.06593911,
    "Na": 0.04345916,
    "S": 0.06151141,
    "O": 7.95628739,
    "H": 7.32711342,
    "C": 0.014021
  },
  "execution_time": 9.775161743164062e-06,
  "mix_id": "MIX_1744",
  "input_file": "/teamspace/studios/this_studio/inputs/generated/MIX_1744.inp"
}