{
  "converged": true,
  "method": "simplified_thermodynamic_model",
  "note": "Using simplified model until Cemdata18 integration complete",
  "temperature_K": 298.15,
  "pressure_bar": 1.01325,
  "CO2_fraction": 0.3,
  "pCO2_bar": 0.303975,
  "phases": {
    "Calcite": {
      "moles": 0.018292789934999998,
      "mass_kg": 0.0018309253445941498
    },
    "C-S-H_1.0": {
      "moles": 0.375377390065,
      "mass_kg": 0.06381415631105
    },
    "Silica_gel": {
      "moles": 1.674811479935,
      "mass_kg": 0.1006226737144948
    },
    "Hydrotalcite": {
      "moles": 0.020573436,
      "mass_kg": 0.009114032148
    }
  },
  "pH": 8.980125000000001,
  "pe": 4.0,
  "Eh": 0.24,
  "system_mass_kg": 0.17538178751813896,
  "input_composition": {
    "Ca": 0.39367018,
    "Si": 2.05018887,
    "Al": 0.70026569,
    "Fe": 0.17782153,
    "Mg": 0.06857812,
    "K": 0.09529067,
    "Na": 0.0746113,
    "S": 0.0,
    "O": 15.33826781,
    "H": 18.65083414,
    "C": 0.02407144
  },
  "execution_time": 8.344650268554688e-06,
  "mix_id": "MIX_4881",
  "input_file": "/teamspace/studios/this_studio/inputs/generated/MIX_4881.inp"
}