{
  "converged": true,
  "method": "simplified_thermodynamic_model",
  "note": "Using simplified model until Cemdata18 integration complete",
  "temperature_K": 298.15,
  "pressure_bar": 1.01325,
  "CO2_fraction": 0.3,
  "pCO2_bar": 0.303975,
  "phases": {
    "Calcite": {
      "moles": 0.011503713493125,
      "mass_kg": 0.0011514066835268811
    },
    "C-S-H_1.0": {
      "moles": 0.187114626506875,
      "mass_kg": 0.03180948650616875
    },
    "Silica_gel": {
      "moles": 1.323430403493125,
      "mass_kg": 0.07951169864186695
    },
    "Hydrotalcite": {
      "moles": 0.014008394999999998,
      "mass_kg": 0.006205718984999999
    }
  },
  "pH": 8.980125000000001,
  "pe": 4.0,
  "Eh": 0.24,
  "system_mass_kg": 0.11867831081656259,
  "input_composition": {
    "Ca": 0.19861834,
    "Si": 1.51054503,
    "Al": 0.55197413,
    "Fe": 0.11590086,
    "Mg": 0.04669465,
    "K": 0.07694594,
    "Na": 0.04692051,
    "S": 0.0,
    "O": 9.02313276,
    "H": 9.32541712,
    "C": 0.01513771
  },
  "execution_time": 1.0728836059570312e-05,
  "mix_id": "MIX_2417",
  "input_file": "/teamspace/studios/this_studio/inputs/generated/MIX_2417.inp"
}