{
  "converged": true,
  "method": "simplified_thermodynamic_model",
  "note": "Using simplified model until Cemdata18 integration complete",
  "temperature_K": 298.15,
  "pressure_bar": 1.01325,
  "CO2_fraction": 0.35,
  "pCO2_bar": 0.3546375,
  "phases": {
    "Calcite": {
      "moles": 0.014590797466874998,
      "mass_kg": 0.0014603929184595185
    },
    "C-S-H_1.0": {
      "moles": 0.30129403253312503,
      "mass_kg": 0.05121998553063126
    },
    "Silica_gel": {
      "moles": 1.0878041174668749,
      "mass_kg": 0.06535527137740985
    },
    "Ettringite": {
      "moles": 0.0068346,
      "mass_kg": 0.008577422999999999
    },
    "Hydrotalcite": {
      "moles": 0.022583142,
      "mass_kg": 0.010004331906
    }
  },
  "pH": 8.7268125,
  "pe": 4.0,
  "Eh": 0.24,
  "system_mass_kg": 0.1366174047325006,
  "input_composition": {
    "Ca": 0.31588483,
    "Si": 1.38909815,
    "Al": 0.54665447,
    "Fe": 0.09263552,
    "Mg": 0.07527714,
    "K": 0.06960805,
    "Na": 0.06586079,
    "S": 0.0410076,
    "O": 8.0155215,
    "H": 7.32711348,
    "C": 0.01645714
  },
  "execution_time": 1.239776611328125e-05,
  "mix_id": "MIX_1988",
  "input_file": "/teamspace/studios/this_studio/inputs/generated/MIX_1988.inp"
}