{
  "converged": true,
  "method": "simplified_thermodynamic_model",
  "note": "Using simplified model until Cemdata18 integration complete",
  "temperature_K": 298.15,
  "pressure_bar": 1.01325,
  "CO2_fraction": 0.35,
  "pCO2_bar": 0.3546375,
  "phases": {
    "Calcite": {
      "moles": 0.014502749841562499,
      "mass_kg": 0.0014515802316419906
    },
    "C-S-H_1.0": {
      "moles": 0.27206546015843747,
      "mass_kg": 0.04625112822693437
    },
    "Silica_gel": {
      "moles": 1.1382825898415625,
      "mass_kg": 0.06838801799768107
    },
    "Ettringite": {
      "moles": 0.00512595,
      "mass_kg": 0.006433067249999999
    },
    "Hydrotalcite": {
      "moles": 0.020439455999999998,
      "mass_kg": 0.009054679008
    }
  },
  "pH": 8.7268125,
  "pe": 4.0,
  "Eh": 0.24,
  "system_mass_kg": 0.13157847271425743,
  "input_composition": {
    "Ca": 0.28656821,
    "Si": 1.41034805,
    "Al": 0.54798438,
    "Fe": 0.09845186,
    "Mg": 0.06813152,
    "K": 0.07144252,
    "Na": 0.04345916,
    "S": 0.0307557,
    "O": 7.99104051,
    "H": 7.32711342,
    "C": 0.01635783
  },
  "execution_time": 1.9550323486328125e-05,
  "mix_id": "MIX_2096",
  "input_file": "/teamspace/studios/this_studio/inputs/generated/MIX_2096.inp"
}