{
  "converged": true,
  "method": "simplified_thermodynamic_model",
  "note": "Using simplified model until Cemdata18 integration complete",
  "temperature_K": 298.15,
  "pressure_bar": 1.01325,
  "CO2_fraction": 0.35,
  "pCO2_bar": 0.3546375,
  "phases": {
    "Calcite": {
      "moles": 0.02300841997125,
      "mass_kg": 0.002302912754922412
    },
    "C-S-H_1.0": {
      "moles": 0.5465615000287499,
      "mass_kg": 0.09291545500488749
    },
    "Silica_gel": {
      "moles": 1.35835682997125,
      "mass_kg": 0.08161007834467271
    },
    "Ettringite": {
      "moles": 0.010251901666666667,
      "mass_kg": 0.012866136591666666
    },
    "Hydrotalcite": {
      "moles": 0.033435555,
      "mass_kg": 0.014811950865
    }
  },
  "pH": 8.7268125,
  "pe": 4.0,
  "Eh": 0.24,
  "system_mass_kg": 0.20450653356114928,
  "input_composition": {
    "Ca": 0.56956992,
    "Si": 1.90491833,
    "Al": 0.69228619,
    "Fe": 0.14292352,
    "Mg": 0.11145185,
    "K": 0.08428383,
    "Na": 0.17456535,
    "S": 0.06151141,
    "O": 13.43664822,
    "H": 14.65422691,
    "C": 0.02595148
  },
  "execution_time": 1.33514404296875e-05,
  "mix_id": "MIX_4572",
  "input_file": "/teamspace/studios/this_studio/inputs/generated/MIX_4572.inp"
}