{
  "converged": true,
  "method": "simplified_thermodynamic_model",
  "note": "Using simplified model until Cemdata18 integration complete",
  "temperature_K": 298.15,
  "pressure_bar": 1.01325,
  "CO2_fraction": 0.25,
  "pCO2_bar": 0.2533125,
  "phases": {
    "Calcite": {
      "moles": 0.0053691104249999995,
      "mass_kg": 0.0005373942624382499
    },
    "C-S-H_1.0": {
      "moles": 0.24230641957500001,
      "mass_kg": 0.04119209132775001
    },
    "Silica_gel": {
      "moles": 0.8418377104250001,
      "mass_kg": 0.05057760964233401
    },
    "Ettringite": {
      "moles": 0.00854325,
      "mass_kg": 0.010721778749999999
    },
    "Hydrotalcite": {
      "moles": 0.021444308999999998,
      "mass_kg": 0.009499828887
    }
  },
  "pH": 9.2334375,
  "pe": 4.0,
  "Eh": 0.24,
  "system_mass_kg": 0.11252870286952227,
  "input_composition": {
    "Ca": 0.24767553,
    "Si": 1.08414413,
    "Al": 0.47117877,
    "Fe": 0.05585885,
    "Mg": 0.07148103,
    "K": 0.05860121,
    "Na": 0.04750137,
    "S": 0.0512595,
    "O": 5.33356587,
    "H": 3.66355667,
    "C": 0.00847824
  },
  "execution_time": 7.867813110351562e-06,
  "mix_id": "MIX_0052",
  "input_file": "/teamspace/studios/this_studio/inputs/generated/MIX_0052.inp"
}