{
  "converged": true,
  "method": "simplified_thermodynamic_model",
  "note": "Using simplified model until Cemdata18 integration complete",
  "temperature_K": 298.15,
  "pressure_bar": 1.01325,
  "CO2_fraction": 0.15,
  "pCO2_bar": 0.1519875,
  "phases": {
    "Calcite": {
      "moles": 0.0026799423918749997,
      "mass_kg": 0.0002682354340027687
    },
    "C-S-H_1.0": {
      "moles": 0.40115475760812497,
      "mass_kg": 0.06819630879338125
    },
    "Silica_gel": {
      "moles": 0.889531662391875,
      "mass_kg": 0.05344306227650385
    },
    "Ettringite": {
      "moles": 0.011960551666666666,
      "mass_kg": 0.015010492341666664
    },
    "Hydrotalcite": {
      "moles": 0.029014203,
      "mass_kg": 0.012853291929
    }
  },
  "pH": 9.7400625,
  "pe": 4.0,
  "Eh": 0.24,
  "system_mass_kg": 0.14977139077455454,
  "input_composition": {
    "Ca": 0.4038347,
    "Si": 1.29068642,
    "Al": 0.54266472,
    "Fe": 0.07518652,
    "Mg": 0.09671401,
    "K": 0.06410463,
    "Na": 0.06586079,
    "S": 0.07176331,
    "O": 7.96663388,
    "H": 7.32711348,
    "C": 0.00705306
  },
  "execution_time": 1.1444091796875e-05,
  "mix_id": "MIX_1588",
  "input_file": "/teamspace/studios/this_studio/inputs/generated/MIX_1588.inp"
}