{
  "converged": true,
  "method": "simplified_thermodynamic_model",
  "note": "Using simplified model until Cemdata18 integration complete",
  "temperature_K": 298.15,
  "pressure_bar": 1.01325,
  "CO2_fraction": 0.25,
  "pCO2_bar": 0.2533125,
  "phases": {
    "Calcite": {
      "moles": 0.008086703920312499,
      "mass_kg": 0.000809398195384078
    },
    "C-S-H_1.0": {
      "moles": 0.1905316360796875,
      "mass_kg": 0.03239037813354688
    },
    "Silica_gel": {
      "moles": 1.3452217439203125,
      "mass_kg": 0.08082092237473237
    },
    "Hydrotalcite": {
      "moles": 0.014008394999999998,
      "mass_kg": 0.006205718984999999
    }
  },
  "pH": 9.2334375,
  "pe": 4.0,
  "Eh": 0.24,
  "system_mass_kg": 0.12022641768866332,
  "input_composition": {
    "Ca": 0.19861834,
    "Si": 1.53575338,
    "Al": 0.55197413,
    "Fe": 0.11590086,
    "Mg": 0.04669465,
    "K": 0.07694594,
    "Na": 0.09579605,
    "S": 0.0,
    "O": 9.09325086,
    "H": 9.32541714,
    "C": 0.01276953
  },
  "execution_time": 8.344650268554688e-06,
  "mix_id": "MIX_2409",
  "input_file": "/teamspace/studios/this_studio/inputs/generated/MIX_2409.inp"
}