{
  "converged": true,
  "method": "simplified_thermodynamic_model",
  "note": "Using simplified model until Cemdata18 integration complete",
  "temperature_K": 298.15,
  "pressure_bar": 1.01325,
  "CO2_fraction": 0.2,
  "pCO2_bar": 0.20265,
  "phases": {
    "Calcite": {
      "moles": 0.00893841020625,
      "mass_kg": 0.0008946454775435625
    },
    "C-S-H_1.0": {
      "moles": 0.44336500979375,
      "mass_kg": 0.0753720516649375
    },
    "Silica_gel": {
      "moles": 1.56646307020625,
      "mass_kg": 0.09411310125799151
    },
    "Ettringite": {
      "moles": 0.0034173,
      "mass_kg": 0.0042887114999999995
    },
    "Hydrotalcite": {
      "moles": 0.024860808,
      "mass_kg": 0.011013337944000001
    }
  },
  "pH": 9.48675,
  "pe": 4.0,
  "Eh": 0.24,
  "system_mass_kg": 0.1856818478444726,
  "input_composition": {
    "Ca": 0.45230342,
    "Si": 2.00982808,
    "Al": 0.69760586,
    "Fe": 0.16618886,
    "Mg": 0.08286936,
    "K": 0.09162172,
    "Na": 0.12356184,
    "S": 0.0205038,
    "O": 17.37863108,
    "H": 22.64744153,
    "C": 0.01764305
  },
  "execution_time": 1.0251998901367188e-05,
  "mix_id": "MIX_4742",
  "input_file": "/teamspace/studios/this_studio/inputs/generated/MIX_4742.inp"
}