{
  "converged": true,
  "method": "simplified_thermodynamic_model",
  "note": "Using simplified model until Cemdata18 integration complete",
  "temperature_K": 298.15,
  "pressure_bar": 1.01325,
  "CO2_fraction": 0.3,
  "pCO2_bar": 0.303975,
  "phases": {
    "Calcite": {
      "moles": 0.009012197604375,
      "mass_kg": 0.0009020308582218937
    },
    "C-S-H_1.0": {
      "moles": 0.180030092395625,
      "mass_kg": 0.030605115707256252
    },
    "Silica_gel": {
      "moles": 0.973780077604375,
      "mass_kg": 0.05850470706247085
    },
    "Ettringite": {
      "moles": 0.00512595,
      "mass_kg": 0.006433067249999999
    },
    "Hydrotalcite": {
      "moles": 0.017156936999999997,
      "mass_kg": 0.007600523090999999
    }
  },
  "pH": 8.980125000000001,
  "pe": 4.0,
  "Eh": 0.24,
  "system_mass_kg": 0.10404544396894899,
  "input_composition": {
    "Ca": 0.18904229,
    "Si": 1.15381017,
    "Al": 0.4738386,
    "Fe": 0.06749152,
    "Mg": 0.05718979,
    "K": 0.06227016,
    "Na": 0.05536969,
    "S": 0.0307557,
    "O": 6.87115901,
    "H": 6.66101223,
    "C": 0.01185913
  },
  "execution_time": 9.775161743164062e-06,
  "mix_id": "MIX_0519",
  "input_file": "/teamspace/studios/this_studio/inputs/generated/MIX_0519.inp"
}