{
  "converged": true,
  "method": "simplified_thermodynamic_model",
  "note": "Using simplified model until Cemdata18 integration complete",
  "temperature_K": 298.15,
  "pressure_bar": 1.01325,
  "CO2_fraction": 0.25,
  "pCO2_bar": 0.2533125,
  "phases": {
    "Calcite": {
      "moles": 0.0075369651328124985,
      "mass_kg": 0.000754374840143203
    },
    "C-S-H_1.0": {
      "moles": 0.3669811148671875,
      "mass_kg": 0.062386789527421875
    },
    "Silica_gel": {
      "moles": 0.9803469451328124,
      "mass_kg": 0.05889924446357937
    },
    "Ettringite": {
      "moles": 0.010251901666666667,
      "mass_kg": 0.012866136591666666
    },
    "Hydrotalcite": {
      "moles": 0.026870514,
      "mass_kg": 0.011903637702000001
    }
  },
  "pH": 9.2334375,
  "pe": 4.0,
  "Eh": 0.24,
  "system_mass_kg": 0.14681018312481112,
  "input_composition": {
    "Ca": 0.37451808,
    "Si": 1.34732806,
    "Al": 0.54399463,
    "Fe": 0.08100285,
    "Mg": 0.08956838,
    "K": 0.06593911,
    "Na": 0.11207889,
    "S": 0.06151141,
    "O": 8.05714162,
    "H": 7.32711338,
    "C": 0.01190145
  },
  "execution_time": 1.0728836059570312e-05,
  "mix_id": "MIX_1740",
  "input_file": "/teamspace/studios/this_studio/inputs/generated/MIX_1740.inp"
}