{
  "converged": true,
  "method": "simplified_thermodynamic_model",
  "note": "Using simplified model until Cemdata18 integration complete",
  "temperature_K": 298.15,
  "pressure_bar": 1.01325,
  "CO2_fraction": 0.0,
  "pCO2_bar": 0.0,
  "phases": {
    "C-S-H_1.0": {
      "moles": 0.64794373,
      "mass_kg": 0.11015043410000001
    },
    "Silica_gel": {
      "moles": 0.76595585,
      "mass_kg": 0.046018627468
    },
    "Ettringite": {
      "moles": 0.020503801666666665,
      "mass_kg": 0.02573227109166666
    },
    "Hydrotalcite": {
      "moles": 0.043015155,
      "mass_kg": 0.019055713665
    }
  },
  "pH": 10.5,
  "pe": 4.0,
  "Eh": 0.24,
  "system_mass_kg": 0.20095704632466668,
  "input_composition": {
    "Ca": 0.64794373,
    "Si": 1.41389958,
    "Al": 0.61016091,
    "Fe": 0.07706518,
    "Mg": 0.14338385,
    "K": 0.06410463,
    "Na": 0.11346335,
    "S": 0.12302281,
    "O": 10.60315342,
    "H": 10.99067019,
    "C": 0.0
  },
  "execution_time": 2.6464462280273438e-05,
  "mix_id": "MIX_2696",
  "input_file": "/teamspace/studios/this_studio/inputs/generated/MIX_2696.inp"
}