{
  "converged": true,
  "method": "simplified_thermodynamic_model",
  "note": "Using simplified model until Cemdata18 integration complete",
  "temperature_K": 298.15,
  "pressure_bar": 1.01325,
  "CO2_fraction": 0.25,
  "pCO2_bar": 0.2533125,
  "phases": {
    "Calcite": {
      "moles": 0.007444284421874998,
      "mass_kg": 0.0007450984277854685
    },
    "C-S-H_1.0": {
      "moles": 0.24980729557812498,
      "mass_kg": 0.042467240248281246
    },
    "Silica_gel": {
      "moles": 1.204898674421875,
      "mass_kg": 0.07239031235926625
    },
    "Ettringite": {
      "moles": 0.0034173,
      "mass_kg": 0.0042887114999999995
    },
    "Hydrotalcite": {
      "moles": 0.01829577,
      "mass_kg": 0.00810502611
    }
  },
  "pH": 9.2334375,
  "pe": 4.0,
  "Eh": 0.24,
  "system_mass_kg": 0.12799638864533297,
  "input_composition": {
    "Ca": 0.25725158,
    "Si": 1.45470597,
    "Al": 0.5493143,
    "Fe": 0.10426819,
    "Mg": 0.0609859,
    "K": 0.073277,
    "Na": 0.06586079,
    "S": 0.0205038,
    "O": 8.02617039,
    "H": 7.32711348,
    "C": 0.0117551
  },
  "execution_time": 9.298324584960938e-06,
  "mix_id": "MIX_2180",
  "input_file": "/teamspace/studios/this_studio/inputs/generated/MIX_2180.inp"
}