{
  "converged": true,
  "method": "simplified_thermodynamic_model",
  "note": "Using simplified model until Cemdata18 integration complete",
  "temperature_K": 298.15,
  "pressure_bar": 1.01325,
  "CO2_fraction": 0.35,
  "pCO2_bar": 0.3546375,
  "phases": {
    "Calcite": {
      "moles": 0.01468068034125,
      "mass_kg": 0.0014693892953557125
    },
    "C-S-H_1.0": {
      "moles": 0.27188752965875,
      "mass_kg": 0.0462208800419875
    },
    "Silica_gel": {
      "moles": 1.16180924034125,
      "mass_kg": 0.06980149915970231
    },
    "Ettringite": {
      "moles": 0.00512595,
      "mass_kg": 0.006433067249999999
    },
    "Hydrotalcite": {
      "moles": 0.020439455999999998,
      "mass_kg": 0.009054679008
    }
  },
  "pH": 8.7268125,
  "pe": 4.0,
  "Eh": 0.24,
  "system_mass_kg": 0.13297951475504552,
  "input_composition": {
    "Ca": 0.28656821,
    "Si": 1.43369677,
    "Al": 0.54798438,
    "Fe": 0.09845186,
    "Mg": 0.06813152,
    "K": 0.07144252,
    "Na": 0.08872912,
    "S": 0.0307557,
    "O": 8.06077433,
    "H": 7.32711348,
    "C": 0.01655852
  },
  "execution_time": 1.2874603271484375e-05,
  "mix_id": "MIX_2104",
  "input_file": "/teamspace/studios/this_studio/inputs/generated/MIX_2104.inp"
}