{
  "converged": true,
  "method": "simplified_thermodynamic_model",
  "note": "Using simplified model until Cemdata18 integration complete",
  "temperature_K": 298.15,
  "pressure_bar": 1.01325,
  "CO2_fraction": 0.15,
  "pCO2_bar": 0.1519875,
  "phases": {
    "Calcite": {
      "moles": 0.004629303669374999,
      "mass_kg": 0.0004633470042677437
    },
    "C-S-H_1.0": {
      "moles": 0.9753733363306251,
      "mass_kg": 0.16581346717620626
    },
    "Silica_gel": {
      "moles": 0.458822733669375,
      "mass_kg": 0.02756606983885605
    },
    "Ettringite": {
      "moles": 0.034173003333333334,
      "mass_kg": 0.04288711918333333
    },
    "Hydrotalcite": {
      "moles": 0.063447168,
      "mass_kg": 0.028107095424
    }
  },
  "pH": 9.7400625,
  "pe": 4.0,
  "Eh": 0.24,
  "system_mass_kg": 0.2648370986266634,
  "input_composition": {
    "Ca": 0.98000264,
    "Si": 1.43419607,
    "Al": 0.67366736,
    "Fe": 0.06149484,
    "Mg": 0.21149056,
    "K": 0.05860121,
    "Na": 0.15233141,
    "S": 0.20503802,
    "O": 15.23299289,
    "H": 18.65083423,
    "C": 0.01218338
  },
  "execution_time": 1.7881393432617188e-05,
  "mix_id": "MIX_3721",
  "input_file": "/teamspace/studios/this_studio/inputs/generated/MIX_3721.inp"
}