{
  "converged": true,
  "method": "simplified_thermodynamic_model",
  "note": "Using simplified model until Cemdata18 integration complete",
  "temperature_K": 298.15,
  "pressure_bar": 1.01325,
  "CO2_fraction": 0.25,
  "pCO2_bar": 0.2533125,
  "phases": {
    "Calcite": {
      "moles": 0.010346010773437499,
      "mass_kg": 0.0010355322183133592
    },
    "C-S-H_1.0": {
      "moles": 0.2857982492265625,
      "mass_kg": 0.04858570236851563
    },
    "Silica_gel": {
      "moles": 1.4945687007734374,
      "mass_kg": 0.08979368754246812
    },
    "Hydrotalcite": {
      "moles": 0.017290917,
      "mass_kg": 0.007659876231
    }
  },
  "pH": 9.2334375,
  "pe": 4.0,
  "Eh": 0.24,
  "system_mass_kg": 0.1470747983602971,
  "input_composition": {
    "Ca": 0.29614426,
    "Si": 1.78036695,
    "Al": 0.62611991,
    "Fe": 0.1468612,
    "Mg": 0.05763639,
    "K": 0.08611831,
    "Na": 0.06076591,
    "S": 0.0,
    "O": 12.17416542,
    "H": 13.9881256,
    "C": 0.01633715
  },
  "execution_time": 1.239776611328125e-05,
  "mix_id": "MIX_3633",
  "input_file": "/teamspace/studios/this_studio/inputs/generated/MIX_3633.inp"
}