{
  "converged": true,
  "method": "simplified_thermodynamic_model",
  "note": "Using simplified model until Cemdata18 integration complete",
  "temperature_K": 298.15,
  "pressure_bar": 1.01325,
  "CO2_fraction": 0.25,
  "pCO2_bar": 0.2533125,
  "phases": {
    "Calcite": {
      "moles": 0.005998743974999999,
      "mass_kg": 0.0006004142844577499
    },
    "C-S-H_1.0": {
      "moles": 0.227018476025,
      "mass_kg": 0.03859314092425
    },
    "Silica_gel": {
      "moles": 0.885679293975,
      "mass_kg": 0.053211611982018
    },
    "Ettringite": {
      "moles": 0.007688925,
      "mass_kg": 0.009649600874999999
    },
    "Hydrotalcite": {
      "moles": 0.020372466000000002,
      "mass_kg": 0.009025002438000002
    }
  },
  "pH": 9.2334375,
  "pe": 4.0,
  "Eh": 0.24,
  "system_mass_kg": 0.11107977050372575,
  "input_composition": {
    "Ca": 0.23301722,
    "Si": 1.11269777,
    "Al": 0.47184373,
    "Fe": 0.05876702,
    "Mg": 0.06790822,
    "K": 0.05951845,
    "Na": 0.07106182,
    "S": 0.04613355,
    "O": 6.37580308,
    "H": 5.66186043,
    "C": 0.00947248
  },
  "execution_time": 1.0967254638671875e-05,
  "mix_id": "MIX_0170",
  "input_file": "/teamspace/studios/this_studio/inputs/generated/MIX_0170.inp"
}