{
  "converged": true,
  "method": "simplified_thermodynamic_model",
  "note": "Using simplified model until Cemdata18 integration complete",
  "temperature_K": 298.15,
  "pressure_bar": 1.01325,
  "CO2_fraction": 0.15,
  "pCO2_bar": 0.1519875,
  "phases": {
    "Calcite": {
      "moles": 0.0033407346459375,
      "mass_kg": 0.00033437413071188437
    },
    "C-S-H_1.0": {
      "moles": 0.3125440953540625,
      "mass_kg": 0.05313249621019063
    },
    "Silica_gel": {
      "moles": 1.0992834046459374,
      "mass_kg": 0.06604494695112792
    },
    "Ettringite": {
      "moles": 0.0068346,
      "mass_kg": 0.008577422999999999
    },
    "Hydrotalcite": {
      "moles": 0.022583142,
      "mass_kg": 0.010004331906
    }
  },
  "pH": 9.7400625,
  "pe": 4.0,
  "Eh": 0.24,
  "system_mass_kg": 0.13809357219803042,
  "input_composition": {
    "Ca": 0.31588483,
    "Si": 1.4118275,
    "Al": 0.54665447,
    "Fe": 0.09263552,
    "Mg": 0.07527714,
    "K": 0.06960805,
    "Na": 0.10992989,
    "S": 0.0410076,
    "O": 11.06514023,
    "H": 13.32202447,
    "C": 0.00879213
  },
  "execution_time": 1.9788742065429688e-05,
  "mix_id": "MIX_1931",
  "input_file": "/teamspace/studios/this_studio/inputs/generated/MIX_1931.inp"
}