{
  "converged": true,
  "method": "simplified_thermodynamic_model",
  "note": "Using simplified model until Cemdata18 integration complete",
  "temperature_K": 298.15,
  "pressure_bar": 1.01325,
  "CO2_fraction": 0.4,
  "pCO2_bar": 0.4053,
  "phases": {
    "Calcite": {
      "moles": 0.01515596,
      "mass_kg": 0.0015169600364
    },
    "C-S-H_1.0": {
      "moles": 0.20320295,
      "mass_kg": 0.0345445015
    },
    "Silica_gel": {
      "moles": 0.9258967800000001,
      "mass_kg": 0.055627878542400006
    },
    "Ettringite": {
      "moles": 0.0068346,
      "mass_kg": 0.008577422999999999
    },
    "Hydrotalcite": {
      "moles": 0.019300623,
      "mass_kg": 0.008550175989
    }
  },
  "pH": 8.5,
  "pe": 4.0,
  "Eh": 0.24,
  "system_mass_kg": 0.1088169390678,
  "input_composition": {
    "Ca": 0.21835891,
    "Si": 1.12909973,
    "Al": 0.47250869,
    "Fe": 0.06167519,
    "Mg": 0.06433541,
    "K": 0.06043569,
    "Na": 0.07106182,
    "S": 0.0410076,
    "O": 6.3921833,
    "H": 5.66186043,
    "C": 0.01515596
  },
  "execution_time": 1.0251998901367188e-05,
  "mix_id": "MIX_0330",
  "input_file": "/teamspace/studios/this_studio/inputs/generated/MIX_0330.inp"
}