{
  "converged": true,
  "method": "simplified_thermodynamic_model",
  "note": "Using simplified model until Cemdata18 integration complete",
  "temperature_K": 298.15,
  "pressure_bar": 1.01325,
  "CO2_fraction": 0.35,
  "pCO2_bar": 0.3546375,
  "phases": {
    "Calcite": {
      "moles": 0.0222808545421875,
      "mass_kg": 0.0022300907311275466
    },
    "C-S-H_1.0": {
      "moles": 0.6256628754578125,
      "mass_kg": 0.10636268882782814
    },
    "Silica_gel": {
      "moles": 0.7991713445421874,
      "mass_kg": 0.04801421438009462
    },
    "Ettringite": {
      "moles": 0.020503801666666665,
      "mass_kg": 0.02573227109166666
    },
    "Hydrotalcite": {
      "moles": 0.043015155,
      "mass_kg": 0.019055713665
    }
  },
  "pH": 8.7268125,
  "pe": 4.0,
  "Eh": 0.24,
  "system_mass_kg": 0.20139497869571696,
  "input_composition": {
    "Ca": 0.64794373,
    "Si": 1.42483422,
    "Al": 0.61016091,
    "Fe": 0.07706518,
    "Mg": 0.14338385,
    "K": 0.06410463,
    "Na": 0.13466411,
    "S": 0.12302281,
    "O": 13.68334026,
    "H": 16.98558118,
    "C": 0.02513085
  },
  "execution_time": 1.1205673217773438e-05,
  "mix_id": "MIX_2778",
  "input_file": "/teamspace/studios/this_studio/inputs/generated/MIX_2778.inp"
}