{
  "converged": true,
  "method": "simplified_thermodynamic_model",
  "note": "Using simplified model until Cemdata18 integration complete",
  "temperature_K": 298.15,
  "pressure_bar": 1.01325,
  "CO2_fraction": 0.25,
  "pCO2_bar": 0.2533125,
  "phases": {
    "Calcite": {
      "moles": 0.010472939334374999,
      "mass_kg": 0.0010482364979775935
    },
    "C-S-H_1.0": {
      "moles": 0.549520930665625,
      "mass_kg": 0.09341855821315626
    },
    "Silica_gel": {
      "moles": 0.968257699334375,
      "mass_kg": 0.05817292257600925
    },
    "Ettringite": {
      "moles": 0.015377851666666666,
      "mass_kg": 0.019299203841666664
    },
    "Hydrotalcite": {
      "moles": 0.036584094,
      "mass_kg": 0.016206753642
    }
  },
  "pH": 9.2334375,
  "pe": 4.0,
  "Eh": 0.24,
  "system_mass_kg": 0.18814567477080976,
  "input_composition": {
    "Ca": 0.55999387,
    "Si": 1.51777863,
    "Al": 0.61415066,
    "Fe": 0.09451418,
    "Mg": 0.12194698,
    "K": 0.06960805,
    "Na": 0.12406373,
    "S": 0.09226711,
    "O": 12.18127062,
    "H": 13.98812569,
    "C": 0.01653758
  },
  "execution_time": 8.58306884765625e-06,
  "mix_id": "MIX_2969",
  "input_file": "/teamspace/studios/this_studio/inputs/generated/MIX_2969.inp"
}