{
  "converged": true,
  "method": "simplified_thermodynamic_model",
  "note": "Using simplified model until Cemdata18 integration complete",
  "temperature_K": 298.15,
  "pressure_bar": 1.01325,
  "CO2_fraction": 0.25,
  "pCO2_bar": 0.2533125,
  "phases": {
    "Calcite": {
      "moles": 0.0062584716140624995,
      "mass_kg": 0.0006264104238515156
    },
    "C-S-H_1.0": {
      "moles": 0.1827838183859375,
      "mass_kg": 0.031073249125609374
    },
    "Silica_gel": {
      "moles": 0.9710263516140626,
      "mass_kg": 0.05833926320497288
    },
    "Ettringite": {
      "moles": 0.00512595,
      "mass_kg": 0.006433067249999999
    },
    "Hydrotalcite": {
      "moles": 0.017156936999999997,
      "mass_kg": 0.007600523090999999
    }
  },
  "pH": 9.2334375,
  "pe": 4.0,
  "Eh": 0.24,
  "system_mass_kg": 0.10407251309543376,
  "input_composition": {
    "Ca": 0.18904229,
    "Si": 1.15381017,
    "Al": 0.4738386,
    "Fe": 0.06749152,
    "Mg": 0.05718979,
    "K": 0.06227016,
    "Na": 0.05536969,
    "S": 0.0307557,
    "O": 6.86720597,
    "H": 6.66101223,
    "C": 0.00988261
  },
  "execution_time": 1.049041748046875e-05,
  "mix_id": "MIX_0503",
  "input_file": "/teamspace/studios/this_studio/inputs/generated/MIX_0503.inp"
}