{
  "converged": true,
  "method": "simplified_thermodynamic_model",
  "note": "Using simplified model until Cemdata18 integration complete",
  "temperature_K": 298.15,
  "pressure_bar": 1.01325,
  "CO2_fraction": 0.2,
  "pCO2_bar": 0.20265,
  "phases": {
    "Calcite": {
      "moles": 0.00403009548375,
      "mass_kg": 0.0004033722569685375
    },
    "C-S-H_1.0": {
      "moles": 0.24364543451625,
      "mass_kg": 0.041419723867762506
    },
    "Silica_gel": {
      "moles": 0.8544728254837499,
      "mass_kg": 0.0513367273550637
    },
    "Ettringite": {
      "moles": 0.00854325,
      "mass_kg": 0.010721778749999999
    },
    "Hydrotalcite": {
      "moles": 0.021444308999999998,
      "mass_kg": 0.009499828887
    }
  },
  "pH": 9.48675,
  "pe": 4.0,
  "Eh": 0.24,
  "system_mass_kg": 0.11338143111679475,
  "input_composition": {
    "Ca": 0.24767553,
    "Si": 1.09811826,
    "Al": 0.47117877,
    "Fe": 0.05585885,
    "Mg": 0.07148103,
    "K": 0.05860121,
    "Na": 0.07459528,
    "S": 0.0512595,
    "O": 6.87274198,
    "H": 6.66101226,
    "C": 0.00795479
  },
  "execution_time": 9.5367431640625e-06,
  "mix_id": "MIX_0043",
  "input_file": "/teamspace/studios/this_studio/inputs/generated/MIX_0043.inp"
}