{
  "converged": true,
  "method": "simplified_thermodynamic_model",
  "note": "Using simplified model until Cemdata18 integration complete",
  "temperature_K": 298.15,
  "pressure_bar": 1.01325,
  "CO2_fraction": 0.35,
  "pCO2_bar": 0.3546375,
  "phases": {
    "Calcite": {
      "moles": 0.0222808545421875,
      "mass_kg": 0.0022300907311275466
    },
    "C-S-H_1.0": {
      "moles": 0.4057882054578125,
      "mass_kg": 0.06898399492782814
    },
    "Silica_gel": {
      "moles": 1.2650753445421874,
      "mass_kg": 0.07600572670009462
    },
    "Ettringite": {
      "moles": 0.007688925,
      "mass_kg": 0.009649600874999999
    },
    "Hydrotalcite": {
      "moles": 0.026937506999999996,
      "mass_kg": 0.011933315600999998
    }
  },
  "pH": 8.7268125,
  "pe": 4.0,
  "Eh": 0.24,
  "system_mass_kg": 0.1688027288350503,
  "input_composition": {
    "Ca": 0.42806906,
    "Si": 1.67086355,
    "Al": 0.62013529,
    "Fe": 0.12068769,
    "Mg": 0.08979169,
    "K": 0.07786318,
    "Na": 0.13466411,
    "S": 0.04613355,
    "O": 13.75853891,
    "H": 16.98558118,
    "C": 0.02513085
  },
  "execution_time": 1.049041748046875e-05,
  "mix_id": "MIX_3338",
  "input_file": "/teamspace/studios/this_studio/inputs/generated/MIX_3338.inp"
}