{
  "converged": true,
  "method": "simplified_thermodynamic_model",
  "note": "Using simplified model until Cemdata18 integration complete",
  "temperature_K": 298.15,
  "pressure_bar": 1.01325,
  "CO2_fraction": 0.3,
  "pCO2_bar": 0.303975,
  "phases": {
    "Calcite": {
      "moles": 0.011573559348749998,
      "mass_kg": 0.0011583975552163872
    },
    "C-S-H_1.0": {
      "moles": 0.33362789065125004,
      "mass_kg": 0.056716741410712514
    },
    "Silica_gel": {
      "moles": 1.02537181934875,
      "mass_kg": 0.0616043389064729
    },
    "Ettringite": {
      "moles": 0.00854325,
      "mass_kg": 0.010721778749999999
    },
    "Hydrotalcite": {
      "moles": 0.024726828,
      "mass_kg": 0.010953984804
    }
  },
  "pH": 8.980125000000001,
  "pe": 4.0,
  "Eh": 0.24,
  "system_mass_kg": 0.1411552414264018,
  "input_composition": {
    "Ca": 0.34520145,
    "Si": 1.35899971,
    "Al": 0.54532455,
    "Fe": 0.08681919,
    "Mg": 0.08242276,
    "K": 0.06777358,
    "Na": 0.07110634,
    "S": 0.0512595,
    "O": 9.01022551,
    "H": 9.3254171,
    "C": 0.01522962
  },
  "execution_time": 1.2636184692382812e-05,
  "mix_id": "MIX_1861",
  "input_file": "/teamspace/studios/this_studio/inputs/generated/MIX_1861.inp"
}