{
  "converged": true,
  "method": "simplified_thermodynamic_model",
  "note": "Using simplified model until Cemdata18 integration complete",
  "temperature_K": 298.15,
  "pressure_bar": 1.01325,
  "CO2_fraction": 0.25,
  "pCO2_bar": 0.2533125,
  "phases": {
    "Calcite": {
      "moles": 0.006036240557812499,
      "mass_kg": 0.000604167317431453
    },
    "C-S-H_1.0": {
      "moles": 0.1536894194421875,
      "mass_kg": 0.026127201305171877
    },
    "Silica_gel": {
      "moles": 1.0506632005578127,
      "mass_kg": 0.0631238450895134
    },
    "Ettringite": {
      "moles": 0.0034173,
      "mass_kg": 0.0042887114999999995
    },
    "Hydrotalcite": {
      "moles": 0.015013247999999998,
      "mass_kg": 0.006650868863999999
    }
  },
  "pH": 9.2334375,
  "pe": 4.0,
  "Eh": 0.24,
  "system_mass_kg": 0.10079479407611672,
  "input_composition": {
    "Ca": 0.15972566,
    "Si": 1.20435262,
    "Al": 0.47516852,
    "Fe": 0.07330786,
    "Mg": 0.05004416,
    "K": 0.06410463,
    "Na": 0.0897623,
    "S": 0.0205038,
    "O": 6.42962811,
    "H": 5.66186043,
    "C": 0.00953169
  },
  "execution_time": 9.775161743164062e-06,
  "mix_id": "MIX_0734",
  "input_file": "/teamspace/studios/this_studio/inputs/generated/MIX_0734.inp"
}