{
  "converged": true,
  "method": "simplified_thermodynamic_model",
  "note": "Using simplified model until Cemdata18 integration complete",
  "temperature_K": 298.15,
  "pressure_bar": 1.01325,
  "CO2_fraction": 0.0,
  "pCO2_bar": 0.0,
  "phases": {
    "C-S-H_1.0": {
      "moles": 0.92136939,
      "mass_kg": 0.15663279630000002
    },
    "Silica_gel": {
      "moles": 0.54191959,
      "mass_kg": 0.032558528967200004
    },
    "Ettringite": {
      "moles": 0.030755703333333332,
      "mass_kg": 0.03859840768333333
    },
    "Hydrotalcite": {
      "moles": 0.059159792999999995,
      "mass_kg": 0.026207788298999998
    }
  },
  "pH": 10.5,
  "pe": 4.0,
  "Eh": 0.24,
  "system_mass_kg": 0.25399752124953334,
  "input_composition": {
    "Ca": 0.92136939,
    "Si": 1.46328898,
    "Al": 0.67632719,
    "Fe": 0.07312751,
    "Mg": 0.19719931,
    "K": 0.06227016,
    "Na": 0.081534,
    "S": 0.18453422,
    "O": 17.11855422,
    "H": 22.64744155,
    "C": 0.0
  },
  "execution_time": 8.344650268554688e-06,
  "mix_id": "MIX_3810",
  "input_file": "/teamspace/studios/this_studio/inputs/generated/MIX_3810.inp"
}