{
  "converged": true,
  "method": "simplified_thermodynamic_model",
  "note": "Using simplified model until Cemdata18 integration complete",
  "temperature_K": 298.15,
  "pressure_bar": 1.01325,
  "CO2_fraction": 0.4,
  "pCO2_bar": 0.4053,
  "phases": {
    "Calcite": {
      "moles": 0.01880816,
      "mass_kg": 0.0018825087344
    },
    "C-S-H_1.0": {
      "moles": 0.29707667,
      "mass_kg": 0.0505030339
    },
    "Silica_gel": {
      "moles": 1.0920214799999999,
      "mass_kg": 0.0656086505184
    },
    "Ettringite": {
      "moles": 0.0068346,
      "mass_kg": 0.008577422999999999
    },
    "Hydrotalcite": {
      "moles": 0.022583142,
      "mass_kg": 0.010004331906
    }
  },
  "pH": 8.5,
  "pe": 4.0,
  "Eh": 0.24,
  "system_mass_kg": 0.1365759480588,
  "input_composition": {
    "Ca": 0.31588483,
    "Si": 1.38909815,
    "Al": 0.54665447,
    "Fe": 0.09263552,
    "Mg": 0.07527714,
    "K": 0.06960805,
    "Na": 0.06586079,
    "S": 0.0410076,
    "O": 8.02022354,
    "H": 7.32711348,
    "C": 0.01880816
  },
  "execution_time": 9.059906005859375e-06,
  "mix_id": "MIX_2004",
  "input_file": "/teamspace/studios/this_studio/inputs/generated/MIX_2004.inp"
}