{
  "converged": true,
  "method": "simplified_thermodynamic_model",
  "note": "Using simplified model until Cemdata18 integration complete",
  "temperature_K": 298.15,
  "pressure_bar": 1.01325,
  "CO2_fraction": 0.3,
  "pCO2_bar": 0.303975,
  "phases": {
    "Calcite": {
      "moles": 0.012582064805624998,
      "mass_kg": 0.001259338866395006
    },
    "C-S-H_1.0": {
      "moles": 0.391252635194375,
      "mass_kg": 0.06651294798304375
    },
    "Silica_gel": {
      "moles": 0.9324796248056251,
      "mass_kg": 0.056023375858321955
    },
    "Ettringite": {
      "moles": 0.011960551666666666,
      "mass_kg": 0.015010492341666664
    },
    "Hydrotalcite": {
      "moles": 0.029014203,
      "mass_kg": 0.012853291929
    }
  },
  "pH": 8.980125000000001,
  "pe": 4.0,
  "Eh": 0.24,
  "system_mass_kg": 0.15165944697842737,
  "input_composition": {
    "Ca": 0.4038347,
    "Si": 1.32373226,
    "Al": 0.54266472,
    "Fe": 0.07518652,
    "Mg": 0.09671401,
    "K": 0.06410463,
    "Na": 0.12993217,
    "S": 0.07176331,
    "O": 10.08207221,
    "H": 11.32372077,
    "C": 0.01655671
  },
  "execution_time": 1.0967254638671875e-05,
  "mix_id": "MIX_1646",
  "input_file": "/teamspace/studios/this_studio/inputs/generated/MIX_1646.inp"
}