{
  "converged": true,
  "method": "simplified_thermodynamic_model",
  "note": "Using simplified model until Cemdata18 integration complete",
  "temperature_K": 298.15,
  "pressure_bar": 1.01325,
  "CO2_fraction": 0.4,
  "pCO2_bar": 0.4053,
  "phases": {
    "Calcite": {
      "moles": 0.03229011,
      "mass_kg": 0.0032319171098999996
    },
    "C-S-H_1.0": {
      "moles": 0.36138007,
      "mass_kg": 0.061434611900000005
    },
    "Silica_gel": {
      "moles": 1.70864488,
      "mass_kg": 0.1026553843904
    },
    "Hydrotalcite": {
      "moles": 0.020573436,
      "mass_kg": 0.009114032148
    }
  },
  "pH": 8.5,
  "pe": 4.0,
  "Eh": 0.24,
  "system_mass_kg": 0.1764359455483,
  "input_composition": {
    "Ca": 0.39367018,
    "Si": 2.07002495,
    "Al": 0.70026569,
    "Fe": 0.17782153,
    "Mg": 0.06857812,
    "K": 0.09529067,
    "Na": 0.11307074,
    "S": 0.0,
    "O": 15.41360704,
    "H": 18.65083418,
    "C": 0.03229011
  },
  "execution_time": 8.821487426757812e-06,
  "mix_id": "MIX_4917",
  "input_file": "/teamspace/studios/this_studio/inputs/generated/MIX_4917.inp"
}