{
  "converged": true,
  "method": "simplified_thermodynamic_model",
  "note": "Using simplified model until Cemdata18 integration complete",
  "temperature_K": 298.15,
  "pressure_bar": 1.01325,
  "CO2_fraction": 0.15,
  "pCO2_bar": 0.1519875,
  "phases": {
    "Calcite": {
      "moles": 0.0034481176143749993,
      "mass_kg": 0.0003451220920227937
    },
    "C-S-H_1.0": {
      "moles": 0.556545752385625,
      "mass_kg": 0.09461277790555625
    },
    "Silica_gel": {
      "moles": 0.955765567614375,
      "mass_kg": 0.05742239530227165
    },
    "Ettringite": {
      "moles": 0.015377851666666666,
      "mass_kg": 0.019299203841666664
    },
    "Hydrotalcite": {
      "moles": 0.036584094,
      "mass_kg": 0.016206753642
    }
  },
  "pH": 9.7400625,
  "pe": 4.0,
  "Eh": 0.24,
  "system_mass_kg": 0.18788625278351737,
  "input_composition": {
    "Ca": 0.55999387,
    "Si": 1.51231132,
    "Al": 0.61415066,
    "Fe": 0.09451418,
    "Mg": 0.12194698,
    "K": 0.06960805,
    "Na": 0.11346335,
    "S": 0.09226711,
    "O": 10.65138235,
    "H": 10.99067019,
    "C": 0.00907474
  },
  "execution_time": 9.5367431640625e-06,
  "mix_id": "MIX_2936",
  "input_file": "/teamspace/studios/this_studio/inputs/generated/MIX_2936.inp"
}