{
  "converged": true,
  "method": "simplified_thermodynamic_model",
  "note": "Using simplified model until Cemdata18 integration complete",
  "temperature_K": 298.15,
  "pressure_bar": 1.01325,
  "CO2_fraction": 0.15,
  "pCO2_bar": 0.1519875,
  "phases": {
    "Calcite": {
      "moles": 0.0019569416540624997,
      "mass_kg": 0.0001958702901551156
    },
    "C-S-H_1.0": {
      "moles": 0.20174365834593752,
      "mass_kg": 0.03429642191880938
    },
    "Silica_gel": {
      "moles": 0.9487990416540624,
      "mass_kg": 0.05700384642257607
    },
    "Ettringite": {
      "moles": 0.005980275,
      "mass_kg": 0.007505245125
    },
    "Hydrotalcite": {
      "moles": 0.01822878,
      "mass_kg": 0.00807534954
    }
  },
  "pH": 9.7400625,
  "pe": 4.0,
  "Eh": 0.24,
  "system_mass_kg": 0.10707673329654056,
  "input_composition": {
    "Ca": 0.2037006,
    "Si": 1.1505427,
    "Al": 0.47317365,
    "Fe": 0.06458336,
    "Mg": 0.0607626,
    "K": 0.06135292,
    "Na": 0.08083566,
    "S": 0.03588165,
    "O": 5.39300224,
    "H": 3.66355671,
    "C": 0.00515027
  },
  "execution_time": 0.0002548694610595703,
  "mix_id": "MIX_0364",
  "input_file": "/teamspace/studios/this_studio/inputs/generated/MIX_0364.inp"
}