{
  "converged": true,
  "method": "simplified_thermodynamic_model",
  "note": "Using simplified model until Cemdata18 integration complete",
  "temperature_K": 298.15,
  "pressure_bar": 1.01325,
  "CO2_fraction": 0.2,
  "pCO2_bar": 0.20265,
  "phases": {
    "Calcite": {
      "moles": 0.00347900907375,
      "mass_kg": 0.0003482140181916375
    },
    "C-S-H_1.0": {
      "moles": 0.11227172092625,
      "mass_kg": 0.0190861925574625
    },
    "Silica_gel": {
      "moles": 1.13668270907375,
      "mass_kg": 0.0682918971611509
    },
    "Ettringite": {
      "moles": 0.000854325,
      "mass_kg": 0.0010721778749999999
    },
    "Hydrotalcite": {
      "moles": 0.011797719,
      "mass_kg": 0.005226389517
    }
  },
  "pH": 9.48675,
  "pe": 4.0,
  "Eh": 0.24,
  "system_mass_kg": 0.09402487112880505,
  "input_composition": {
    "Ca": 0.11575073,
    "Si": 1.24895443,
    "Al": 0.47716339,
    "Fe": 0.08203236,
    "Mg": 0.03932573,
    "K": 0.06685634,
    "Na": 0.08083566,
    "S": 0.00512595,
    "O": 5.42651522,
    "H": 3.66355671,
    "C": 0.00686703
  },
  "execution_time": 1.5020370483398438e-05,
  "mix_id": "MIX_1052",
  "input_file": "/teamspace/studios/this_studio/inputs/generated/MIX_1052.inp"
}