{
  "converged": true,
  "method": "simplified_thermodynamic_model",
  "note": "Using simplified model until Cemdata18 integration complete",
  "temperature_K": 298.15,
  "pressure_bar": 1.01325,
  "CO2_fraction": 0.35,
  "pCO2_bar": 0.3546375,
  "phases": {
    "Calcite": {
      "moles": 0.01468068034125,
      "mass_kg": 0.0014693892953557125
    },
    "C-S-H_1.0": {
      "moles": 0.33052076965875005,
      "mass_kg": 0.056188530841987515
    },
    "Silica_gel": {
      "moles": 1.03756818034125,
      "mass_kg": 0.0623370962749023
    },
    "Ettringite": {
      "moles": 0.00854325,
      "mass_kg": 0.010721778749999999
    },
    "Hydrotalcite": {
      "moles": 0.024726828,
      "mass_kg": 0.010953984804
    }
  },
  "pH": 8.7268125,
  "pe": 4.0,
  "Eh": 0.24,
  "system_mass_kg": 0.14167077996624552,
  "input_composition": {
    "Ca": 0.34520145,
    "Si": 1.36808895,
    "Al": 0.54532455,
    "Fe": 0.08681919,
    "Mg": 0.08242276,
    "K": 0.06777358,
    "Na": 0.08872912,
    "S": 0.0512595,
    "O": 8.04072136,
    "H": 7.32711348,
    "C": 0.01655852
  },
  "execution_time": 1.5974044799804688e-05,
  "mix_id": "MIX_1880",
  "input_file": "/teamspace/studios/this_studio/inputs/generated/MIX_1880.inp"
}