{
  "converged": true,
  "method": "simplified_thermodynamic_model",
  "note": "Using simplified model until Cemdata18 integration complete",
  "temperature_K": 298.15,
  "pressure_bar": 1.01325,
  "CO2_fraction": 0.3,
  "pCO2_bar": 0.303975,
  "phases": {
    "Calcite": {
      "moles": 0.00820866249,
      "mass_kg": 0.0008216050286240999
    },
    "C-S-H_1.0": {
      "moles": 0.18083362751,
      "mass_kg": 0.030741716676700004
    },
    "Silica_gel": {
      "moles": 0.97924757249,
      "mass_kg": 0.058833194155199206
    },
    "Ettringite": {
      "moles": 0.00512595,
      "mass_kg": 0.006433067249999999
    },
    "Hydrotalcite": {
      "moles": 0.017156936999999997,
      "mass_kg": 0.007600523090999999
    }
  },
  "pH": 8.980125000000001,
  "pe": 4.0,
  "Eh": 0.24,
  "system_mass_kg": 0.1044301062015233,
  "input_composition": {
    "Ca": 0.18904229,
    "Si": 1.1600812,
    "Al": 0.4738386,
    "Fe": 0.06749152,
    "Mg": 0.05718979,
    "K": 0.06227016,
    "Na": 0.06752836,
    "S": 0.0307557,
    "O": 5.88851386,
    "H": 4.6627086,
    "C": 0.01080176
  },
  "execution_time": 1.0967254638671875e-05,
  "mix_id": "MIX_0521",
  "input_file": "/teamspace/studios/this_studio/inputs/generated/MIX_0521.inp"
}