{
  "converged": true,
  "method": "simplified_thermodynamic_model",
  "note": "Using simplified model until Cemdata18 integration complete",
  "temperature_K": 298.15,
  "pressure_bar": 1.01325,
  "CO2_fraction": 0.25,
  "pCO2_bar": 0.2533125,
  "phases": {
    "Calcite": {
      "moles": 0.007490140317187499,
      "mass_kg": 0.0007496881443472967
    },
    "C-S-H_1.0": {
      "moles": 0.3670279396828125,
      "mass_kg": 0.06239474974607813
    },
    "Silica_gel": {
      "moles": 0.9682571003171876,
      "mass_kg": 0.05817288658705663
    },
    "Ettringite": {
      "moles": 0.010251901666666667,
      "mass_kg": 0.012866136591666666
    },
    "Hydrotalcite": {
      "moles": 0.026870514,
      "mass_kg": 0.011903637702000001
    }
  },
  "pH": 9.2334375,
  "pe": 4.0,
  "Eh": 0.24,
  "system_mass_kg": 0.14608709877114873,
  "input_composition": {
    "Ca": 0.37451808,
    "Si": 1.33528504,
    "Al": 0.54399463,
    "Fe": 0.08100285,
    "Mg": 0.08956838,
    "K": 0.06593911,
    "Na": 0.08872912,
    "S": 0.06151141,
    "O": 8.02123287,
    "H": 7.32711348,
    "C": 0.01182751
  },
  "execution_time": 1.1205673217773438e-05,
  "mix_id": "MIX_1736",
  "input_file": "/teamspace/studios/this_studio/inputs/generated/MIX_1736.inp"
}