{
  "converged": true,
  "method": "simplified_thermodynamic_model",
  "note": "Using simplified model until Cemdata18 integration complete",
  "temperature_K": 298.15,
  "pressure_bar": 1.01325,
  "CO2_fraction": 0.4,
  "pCO2_bar": 0.4053,
  "phases": {
    "Calcite": {
      "moles": 0.02405114,
      "mass_kg": 0.0024072786026
    },
    "C-S-H_1.0": {
      "moles": 0.66786753,
      "mass_kg": 0.1135374801
    },
    "Silica_gel": {
      "moles": 0.68174357,
      "mass_kg": 0.0409591536856
    },
    "Ettringite": {
      "moles": 0.023066776666666667,
      "mass_kg": 0.028948804716666665
    },
    "Hydrotalcite": {
      "moles": 0.046230684,
      "mass_kg": 0.020480193012000002
    }
  },
  "pH": 8.5,
  "pe": 4.0,
  "Eh": 0.24,
  "system_mass_kg": 0.20633291011686666,
  "input_composition": {
    "Ca": 0.69191867,
    "Si": 1.3496111,
    "Al": 0.60816604,
    "Fe": 0.06834068,
    "Mg": 0.15410228,
    "K": 0.06135292,
    "Na": 0.08422021,
    "S": 0.13840066,
    "O": 10.59142913,
    "H": 10.99067013,
    "C": 0.02405114
  },
  "execution_time": 2.6226043701171875e-05,
  "mix_id": "MIX_2676",
  "input_file": "/teamspace/studios/this_studio/inputs/generated/MIX_2676.inp"
}