{
  "converged": true,
  "method": "simplified_thermodynamic_model",
  "note": "Using simplified model until Cemdata18 integration complete",
  "temperature_K": 298.15,
  "pressure_bar": 1.01325,
  "CO2_fraction": 0.15,
  "pCO2_bar": 0.1519875,
  "phases": {
    "Calcite": {
      "moles": 0.0037938283818749995,
      "mass_kg": 0.00037972428274186867
    },
    "C-S-H_1.0": {
      "moles": 0.556200041618125,
      "mass_kg": 0.09455400707508126
    },
    "Silica_gel": {
      "moles": 0.9784175083818751,
      "mass_kg": 0.05878332390358306
    },
    "Ettringite": {
      "moles": 0.015377851666666666,
      "mass_kg": 0.019299203841666664
    },
    "Hydrotalcite": {
      "moles": 0.036584094,
      "mass_kg": 0.016206753642
    }
  },
  "pH": 9.7400625,
  "pe": 4.0,
  "Eh": 0.24,
  "system_mass_kg": 0.18922301274507286,
  "input_composition": {
    "Ca": 0.55999387,
    "Si": 1.53461755,
    "Al": 0.61415066,
    "Fe": 0.09451418,
    "Mg": 0.12194698,
    "K": 0.06960805,
    "Na": 0.15671208,
    "S": 0.09226711,
    "O": 12.21816658,
    "H": 13.98812562,
    "C": 0.00998458
  },
  "execution_time": 1.049041748046875e-05,
  "mix_id": "MIX_2941",
  "input_file": "/teamspace/studios/this_studio/inputs/generated/MIX_2941.inp"
}