{
  "converged": true,
  "method": "simplified_thermodynamic_model",
  "note": "Using simplified model until Cemdata18 integration complete",
  "temperature_K": 298.15,
  "pressure_bar": 1.01325,
  "CO2_fraction": 0.15,
  "pCO2_bar": 0.1519875,
  "phases": {
    "Calcite": {
      "moles": 0.00291121417125,
      "mass_kg": 0.00029138342640041247
    },
    "C-S-H_1.0": {
      "moles": 0.34229023582875,
      "mass_kg": 0.058189340090887505
    },
    "Silica_gel": {
      "moles": 1.0294435941712499,
      "mass_kg": 0.06184897113780869
    },
    "Ettringite": {
      "moles": 0.00854325,
      "mass_kg": 0.010721778749999999
    },
    "Hydrotalcite": {
      "moles": 0.024726828,
      "mass_kg": 0.010953984804
    }
  },
  "pH": 9.7400625,
  "pe": 4.0,
  "Eh": 0.24,
  "system_mass_kg": 0.1420054582090966,
  "input_composition": {
    "Ca": 0.34520145,
    "Si": 1.37173383,
    "Al": 0.54532455,
    "Fe": 0.08681919,
    "Mg": 0.08242276,
    "K": 0.06777358,
    "Na": 0.09579605,
    "S": 0.0512595,
    "O": 9.03290281,
    "H": 9.32541714,
    "C": 0.00766172
  },
  "execution_time": 1.0251998901367188e-05,
  "mix_id": "MIX_1817",
  "input_file": "/teamspace/studios/this_studio/inputs/generated/MIX_1817.inp"
}