{
  "converged": true,
  "method": "simplified_thermodynamic_model",
  "note": "Using simplified model until Cemdata18 integration complete",
  "temperature_K": 298.15,
  "pressure_bar": 1.01325,
  "CO2_fraction": 0.2,
  "pCO2_bar": 0.20265,
  "phases": {
    "Calcite": {
      "moles": 0.007800028897499999,
      "mass_kg": 0.0007807048923507749
    },
    "C-S-H_1.0": {
      "moles": 0.6401437011025001,
      "mass_kg": 0.10882442918742502
    },
    "Silica_gel": {
      "moles": 0.7708479088974999,
      "mass_kg": 0.04631254236656179
    },
    "Ettringite": {
      "moles": 0.020503801666666665,
      "mass_kg": 0.02573227109166666
    },
    "Hydrotalcite": {
      "moles": 0.043015155,
      "mass_kg": 0.019055713665
    }
  },
  "pH": 9.48675,
  "pe": 4.0,
  "Eh": 0.24,
  "system_mass_kg": 0.20070566120300426,
  "input_composition": {
    "Ca": 0.64794373,
    "Si": 1.41099161,
    "Al": 0.61016091,
    "Fe": 0.07706518,
    "Mg": 0.14338385,
    "K": 0.06410463,
    "Na": 0.10782519,
    "S": 0.12302281,
    "O": 15.12149375,
    "H": 19.98303666,
    "C": 0.01539606
  },
  "execution_time": 1.1444091796875e-05,
  "mix_id": "MIX_2727",
  "input_file": "/teamspace/studios/this_studio/inputs/generated/MIX_2727.inp"
}