{
  "converged": true,
  "method": "simplified_thermodynamic_model",
  "note": "Using simplified model until Cemdata18 integration complete",
  "temperature_K": 298.15,
  "pressure_bar": 1.01325,
  "CO2_fraction": 0.15,
  "pCO2_bar": 0.1519875,
  "phases": {
    "Calcite": {
      "moles": 0.004658245889062499,
      "mass_kg": 0.00046624383103626555
    },
    "C-S-H_1.0": {
      "moles": 0.5649116741109375,
      "mass_kg": 0.09603498459885937
    },
    "Silica_gel": {
      "moles": 1.3492147658890625,
      "mass_kg": 0.08106082313461488
    },
    "Ettringite": {
      "moles": 0.010251901666666667,
      "mass_kg": 0.012866136591666666
    },
    "Hydrotalcite": {
      "moles": 0.033435555,
      "mass_kg": 0.014811950865
    }
  },
  "pH": 9.7400625,
  "pe": 4.0,
  "Eh": 0.24,
  "system_mass_kg": 0.2052401390211772,
  "input_composition": {
    "Ca": 0.56956992,
    "Si": 1.91412644,
    "Al": 0.69228619,
    "Fe": 0.14292352,
    "Mg": 0.11145185,
    "K": 0.08428383,
    "Na": 0.19241863,
    "S": 0.06151141,
    "O": 15.43491086,
    "H": 18.65083419,
    "C": 0.01225955
  },
  "execution_time": 1.3828277587890625e-05,
  "mix_id": "MIX_4509",
  "input_file": "/teamspace/studios/this_studio/inputs/generated/MIX_4509.inp"
}