{
  "converged": true,
  "method": "simplified_thermodynamic_model",
  "note": "Using simplified model until Cemdata18 integration complete",
  "temperature_K": 298.15,
  "pressure_bar": 1.01325,
  "CO2_fraction": 0.3,
  "pCO2_bar": 0.303975,
  "phases": {
    "Calcite": {
      "moles": 0.008692187923124999,
      "mass_kg": 0.0008700010892255812
    },
    "C-S-H_1.0": {
      "moles": 0.121716852076875,
      "mass_kg": 0.020691864853068752
    },
    "Silica_gel": {
      "moles": 1.115439677923125,
      "mass_kg": 0.06701561584962136
    },
    "Ettringite": {
      "moles": 0.00170865,
      "mass_kg": 0.0021443557499999997
    },
    "Hydrotalcite": {
      "moles": 0.012869562,
      "mass_kg": 0.0057012159659999995
    }
  },
  "pH": 8.980125000000001,
  "pe": 4.0,
  "Eh": 0.24,
  "system_mass_kg": 0.09642305350791569,
  "input_composition": {
    "Ca": 0.13040904,
    "Si": 1.23715653,
    "Al": 0.47649844,
    "Fe": 0.07912419,
    "Mg": 0.04289854,
    "K": 0.06593911,
    "Na": 0.0897623,
    "S": 0.0102519,
    "O": 6.44346728,
    "H": 5.66186043,
    "C": 0.01143803
  },
  "execution_time": 2.09808349609375e-05,
  "mix_id": "MIX_0974",
  "input_file": "/teamspace/studios/this_studio/inputs/generated/MIX_0974.inp"
}