{
  "converged": true,
  "method": "simplified_thermodynamic_model",
  "note": "Using simplified model until Cemdata18 integration complete",
  "temperature_K": 298.15,
  "pressure_bar": 1.01325,
  "CO2_fraction": 0.35,
  "pCO2_bar": 0.3546375,
  "phases": {
    "Calcite": {
      "moles": 0.0250496868234375,
      "mass_kg": 0.0025072231541578595
    },
    "C-S-H_1.0": {
      "moles": 0.5445202331765624,
      "mass_kg": 0.09256843964001561
    },
    "Silica_gel": {
      "moles": 1.3286812568234376,
      "mass_kg": 0.07982716990995213
    },
    "Ettringite": {
      "moles": 0.010251901666666667,
      "mass_kg": 0.012866136591666666
    },
    "Hydrotalcite": {
      "moles": 0.033435555,
      "mass_kg": 0.014811950865
    }
  },
  "pH": 8.7268125,
  "pe": 4.0,
  "Eh": 0.24,
  "system_mass_kg": 0.20258092016079227,
  "input_composition": {
    "Ca": 0.56956992,
    "Si": 1.87320149,
    "Al": 0.69228619,
    "Fe": 0.14292352,
    "Mg": 0.11145185,
    "K": 0.08428383,
    "Na": 0.11307074,
    "S": 0.06151141,
    "O": 15.3453756,
    "H": 18.65083418,
    "C": 0.02825385
  },
  "execution_time": 1.2159347534179688e-05,
  "mix_id": "MIX_4565",
  "input_file": "/teamspace/studios/this_studio/inputs/generated/MIX_4565.inp"
}