{
  "converged": true,
  "method": "simplified_thermodynamic_model",
  "note": "Using simplified model until Cemdata18 integration complete",
  "temperature_K": 298.15,
  "pressure_bar": 1.01325,
  "CO2_fraction": 0.15,
  "pCO2_bar": 0.1519875,
  "phases": {
    "Calcite": {
      "moles": 0.003427006550625,
      "mass_kg": 0.0003430090856520562
    },
    "C-S-H_1.0": {
      "moles": 0.600541793449375,
      "mass_kg": 0.10209210488639375
    },
    "Silica_gel": {
      "moles": 0.847481036550625,
      "mass_kg": 0.05091666067596155
    },
    "Ettringite": {
      "moles": 0.017940826666666666,
      "mass_kg": 0.022515737466666665
    },
    "Hydrotalcite": {
      "moles": 0.039799626,
      "mass_kg": 0.017631234318
    }
  },
  "pH": 9.7400625,
  "pe": 4.0,
  "Eh": 0.24,
  "system_mass_kg": 0.19349874643267403,
  "input_composition": {
    "Ca": 0.6039688,
    "Si": 1.44802283,
    "Al": 0.61215579,
    "Fe": 0.08578968,
    "Mg": 0.13266542,
    "K": 0.06685634,
    "Na": 0.08422021,
    "S": 0.10764496,
    "O": 10.59144466,
    "H": 10.99067013,
    "C": 0.00901918
  },
  "execution_time": 9.5367431640625e-06,
  "mix_id": "MIX_2820",
  "input_file": "/teamspace/studios/this_studio/inputs/generated/MIX_2820.inp"
}