{
  "converged": true,
  "method": "simplified_thermodynamic_model",
  "note": "Using simplified model until Cemdata18 integration complete",
  "temperature_K": 298.15,
  "pressure_bar": 1.01325,
  "CO2_fraction": 0.15,
  "pCO2_bar": 0.1519875,
  "phases": {
    "Calcite": {
      "moles": 0.0044421424621875,
      "mass_kg": 0.0004446140390403468
    },
    "C-S-H_1.0": {
      "moles": 0.2917021175378125,
      "mass_kg": 0.049589359981428126
    },
    "Silica_gel": {
      "moles": 1.5519627924621875,
      "mass_kg": 0.09324192457112823
    },
    "Hydrotalcite": {
      "moles": 0.017290917,
      "mass_kg": 0.007659876231
    }
  },
  "pH": 9.7400625,
  "pe": 4.0,
  "Eh": 0.24,
  "system_mass_kg": 0.1509357748225967,
  "input_composition": {
    "Ca": 0.29614426,
    "Si": 1.84366491,
    "Al": 0.62611991,
    "Fe": 0.1468612,
    "Mg": 0.05763639,
    "K": 0.08611831,
    "Na": 0.18349199,
    "S": 0.0,
    "O": 15.35028717,
    "H": 19.98303657,
    "C": 0.01169081
  },
  "execution_time": 1.1205673217773438e-05,
  "mix_id": "MIX_3615",
  "input_file": "/teamspace/studios/this_studio/inputs/generated/MIX_3615.inp"
}