{
  "converged": true,
  "method": "simplified_thermodynamic_model",
  "note": "Using simplified model until Cemdata18 integration complete",
  "temperature_K": 298.15,
  "pressure_bar": 1.01325,
  "CO2_fraction": 0.25,
  "pCO2_bar": 0.2533125,
  "phases": {
    "Calcite": {
      "moles": 0.00951945841875,
      "mass_kg": 0.0009528025931326875
    },
    "C-S-H_1.0": {
      "moles": 0.41854960158125,
      "mass_kg": 0.0711534322688125
    },
    "Silica_gel": {
      "moles": 1.22629668841875,
      "mass_kg": 0.07367590504019851
    },
    "Ettringite": {
      "moles": 0.007688925,
      "mass_kg": 0.009649600874999999
    },
    "Hydrotalcite": {
      "moles": 0.026937506999999996,
      "mass_kg": 0.011933315600999998
    }
  },
  "pH": 9.2334375,
  "pe": 4.0,
  "Eh": 0.24,
  "system_mass_kg": 0.1673650563781437,
  "input_composition": {
    "Ca": 0.42806906,
    "Si": 1.64484629,
    "Al": 0.62013529,
    "Fe": 0.12068769,
    "Mg": 0.08979169,
    "K": 0.07786318,
    "Na": 0.08422021,
    "S": 0.04613355,
    "O": 10.66362915,
    "H": 10.99067013,
    "C": 0.01503196
  },
  "execution_time": 1.0251998901367188e-05,
  "mix_id": "MIX_3300",
  "input_file": "/teamspace/studios/this_studio/inputs/generated/MIX_3300.inp"
}