{
  "converged": true,
  "method": "simplified_thermodynamic_model",
  "note": "Using simplified model until Cemdata18 integration complete",
  "temperature_K": 298.15,
  "pressure_bar": 1.01325,
  "CO2_fraction": 0.2,
  "pCO2_bar": 0.20265,
  "phases": {
    "Calcite": {
      "moles": 0.00559203049125,
      "mass_kg": 0.0005597063318692125
    },
    "C-S-H_1.0": {
      "moles": 0.25165954950874997,
      "mass_kg": 0.042782123416487496
    },
    "Silica_gel": {
      "moles": 1.23609227049125,
      "mass_kg": 0.07426442361111431
    },
    "Ettringite": {
      "moles": 0.0034173,
      "mass_kg": 0.0042887114999999995
    },
    "Hydrotalcite": {
      "moles": 0.01829577,
      "mass_kg": 0.00810502611
    }
  },
  "pH": 9.48675,
  "pe": 4.0,
  "Eh": 0.24,
  "system_mass_kg": 0.129999990969471,
  "input_composition": {
    "Ca": 0.25725158,
    "Si": 1.48775182,
    "Al": 0.5493143,
    "Fe": 0.10426819,
    "Mg": 0.0609859,
    "K": 0.073277,
    "Na": 0.12993217,
    "S": 0.0205038,
    "O": 10.12116684,
    "H": 11.32372077,
    "C": 0.01103781
  },
  "execution_time": 8.821487426757812e-06,
  "mix_id": "MIX_2174",
  "input_file": "/teamspace/studios/this_studio/inputs/generated/MIX_2174.inp"
}