{
  "converged": true,
  "method": "simplified_thermodynamic_model",
  "note": "Using simplified model until Cemdata18 integration complete",
  "temperature_K": 298.15,
  "pressure_bar": 1.01325,
  "CO2_fraction": 0.3,
  "pCO2_bar": 0.303975,
  "phases": {
    "Calcite": {
      "moles": 0.013281131311875,
      "mass_kg": 0.0013293084330055686
    },
    "C-S-H_1.0": {
      "moles": 0.47850343868812495,
      "mass_kg": 0.08134558457698125
    },
    "Silica_gel": {
      "moles": 0.721887671311875,
      "mass_kg": 0.04337101129241745
    },
    "Ettringite": {
      "moles": 0.017086501666666667,
      "mass_kg": 0.021443559591666665
    },
    "Hydrotalcite": {
      "moles": 0.035445261,
      "mass_kg": 0.015702250623
    }
  },
  "pH": 8.980125000000001,
  "pe": 4.0,
  "Eh": 0.24,
  "system_mass_kg": 0.16319171451707093,
  "input_composition": {
    "Ca": 0.49178457,
    "Si": 1.20039111,
    "Al": 0.53867497,
    "Fe": 0.05773752,
    "Mg": 0.11815087,
    "K": 0.05860121,
    "Na": 0.08159744,
    "S": 0.10251901,
    "O": 10.97895819,
    "H": 13.32202445,
    "C": 0.01747661
  },
  "execution_time": 1.049041748046875e-05,
  "mix_id": "MIX_1303",
  "input_file": "/teamspace/studios/this_studio/inputs/generated/MIX_1303.inp"
}