{
  "converged": true,
  "method": "simplified_thermodynamic_model",
  "note": "Using simplified model until Cemdata18 integration complete",
  "temperature_K": 298.15,
  "pressure_bar": 1.01325,
  "CO2_fraction": 0.3,
  "pCO2_bar": 0.303975,
  "phases": {
    "Calcite": {
      "moles": 0.021818998726874997,
      "mass_kg": 0.0021838635825729186
    },
    "C-S-H_1.0": {
      "moles": 0.489117671273125,
      "mass_kg": 0.08315000411643125
    },
    "Silica_gel": {
      "moles": 1.4605135387268748,
      "mass_kg": 0.08774765340671065
    },
    "Ettringite": {
      "moles": 0.0068346,
      "mass_kg": 0.008577422999999999
    },
    "Hydrotalcite": {
      "moles": 0.029148182999999998,
      "mass_kg": 0.012912645068999999
    }
  },
  "pH": 8.980125000000001,
  "pe": 4.0,
  "Eh": 0.24,
  "system_mass_kg": 0.19457158917471482,
  "input_composition": {
    "Ca": 0.51093667,
    "Si": 1.94963121,
    "Al": 0.69494602,
    "Fe": 0.15455619,
    "Mg": 0.09716061,
    "K": 0.08795278,
    "Na": 0.13405294,
    "S": 0.0410076,
    "O": 19.39508622,
    "H": 26.64404877,
    "C": 0.02871157
  },
  "execution_time": 1.0967254638671875e-05,
  "mix_id": "MIX_4663",
  "input_file": "/teamspace/studios/this_studio/inputs/generated/MIX_4663.inp"
}