{
  "converged": true,
  "method": "simplified_thermodynamic_model",
  "note": "Using simplified model until Cemdata18 integration complete",
  "temperature_K": 298.15,
  "pressure_bar": 1.01325,
  "CO2_fraction": 0.4,
  "pCO2_bar": 0.4053,
  "phases": {
    "Calcite": {
      "moles": 0.01571675,
      "mass_kg": 0.0015730895075
    },
    "C-S-H_1.0": {
      "moles": 0.20264216,
      "mass_kg": 0.0344491672
    },
    "Silica_gel": {
      "moles": 0.90865056,
      "mass_kg": 0.0545917256448
    },
    "Ettringite": {
      "moles": 0.0068346,
      "mass_kg": 0.008577422999999999
    },
    "Hydrotalcite": {
      "moles": 0.019300623,
      "mass_kg": 0.008550175989
    }
  },
  "pH": 8.5,
  "pe": 4.0,
  "Eh": 0.24,
  "system_mass_kg": 0.10774158134129999,
  "input_composition": {
    "Ca": 0.21835891,
    "Si": 1.11129272,
    "Al": 0.47250869,
    "Fe": 0.06167519,
    "Mg": 0.06433541,
    "K": 0.06043569,
    "Na": 0.03653646,
    "S": 0.0410076,
    "O": 6.84000407,
    "H": 6.66101223,
    "C": 0.01571675
  },
  "execution_time": 8.58306884765625e-06,
  "mix_id": "MIX_0323",
  "input_file": "/teamspace/studios/this_studio/inputs/generated/MIX_0323.inp"
}