{
  "converged": true,
  "method": "simplified_thermodynamic_model",
  "note": "Using simplified model until Cemdata18 integration complete",
  "temperature_K": 298.15,
  "pressure_bar": 1.01325,
  "CO2_fraction": 0.25,
  "pCO2_bar": 0.2533125,
  "phases": {
    "Calcite": {
      "moles": 0.005402180371874999,
      "mass_kg": 0.0005407042334209687
    },
    "C-S-H_1.0": {
      "moles": 0.198298419628125,
      "mass_kg": 0.03371073133678125
    },
    "Silica_gel": {
      "moles": 0.943558380371875,
      "mass_kg": 0.05668898749274225
    },
    "Ettringite": {
      "moles": 0.005980275,
      "mass_kg": 0.007505245125
    },
    "Hydrotalcite": {
      "moles": 0.01822878,
      "mass_kg": 0.00807534954
    }
  },
  "pH": 9.2334375,
  "pe": 4.0,
  "Eh": 0.24,
  "system_mass_kg": 0.10652101772794448,
  "input_composition": {
    "Ca": 0.2037006,
    "Si": 1.1418568,
    "Al": 0.47317365,
    "Fe": 0.06458336,
    "Mg": 0.0607626,
    "K": 0.06135292,
    "Na": 0.0639949,
    "S": 0.03588165,
    "O": 5.37397049,
    "H": 3.66355677,
    "C": 0.00853046
  },
  "execution_time": 1.0251998901367188e-05,
  "mix_id": "MIX_0392",
  "input_file": "/teamspace/studios/this_studio/inputs/generated/MIX_0392.inp"
}