{
  "converged": true,
  "method": "simplified_thermodynamic_model",
  "note": "Using simplified model until Cemdata18 integration complete",
  "temperature_K": 298.15,
  "pressure_bar": 1.01325,
  "CO2_fraction": 0.3,
  "pCO2_bar": 0.303975,
  "phases": {
    "Calcite": {
      "moles": 0.017658173728124997,
      "mass_kg": 0.001767406608448031
    },
    "C-S-H_1.0": {
      "moles": 0.498360756271875,
      "mass_kg": 0.08472132856621875
    },
    "Silica_gel": {
      "moles": 1.079558383728125,
      "mass_kg": 0.06485986769438576
    },
    "Ettringite": {
      "moles": 0.012814876666666667,
      "mass_kg": 0.016082670216666668
    },
    "Hydrotalcite": {
      "moles": 0.033368564999999996,
      "mass_kg": 0.014782274294999998
    }
  },
  "pH": 8.980125000000001,
  "pe": 4.0,
  "Eh": 0.24,
  "system_mass_kg": 0.1822135473807192,
  "input_composition": {
    "Ca": 0.51601893,
    "Si": 1.57791914,
    "Al": 0.61614554,
    "Fe": 0.10323869,
    "Mg": 0.11122855,
    "K": 0.07235976,
    "Na": 0.14526449,
    "S": 0.07688926,
    "O": 15.23963303,
    "H": 19.98303667,
    "C": 0.02323635
  },
  "execution_time": 8.821487426757812e-06,
  "mix_id": "MIX_3099",
  "input_file": "/teamspace/studios/this_studio/inputs/generated/MIX_3099.inp"
}