{
  "converged": true,
  "method": "simplified_thermodynamic_model",
  "note": "Using simplified model until Cemdata18 integration complete",
  "temperature_K": 298.15,
  "pressure_bar": 1.01325,
  "CO2_fraction": 0.25,
  "pCO2_bar": 0.2533125,
  "phases": {
    "Calcite": {
      "moles": 0.005700462173437499,
      "mass_kg": 0.0005705592589393592
    },
    "C-S-H_1.0": {
      "moles": 0.2419750678265625,
      "mass_kg": 0.04113576153051563
    },
    "Silica_gel": {
      "moles": 0.8524983121734374,
      "mass_kg": 0.051218098595380124
    },
    "Ettringite": {
      "moles": 0.00854325,
      "mass_kg": 0.010721778749999999
    },
    "Hydrotalcite": {
      "moles": 0.021444308999999998,
      "mass_kg": 0.009499828887
    }
  },
  "pH": 9.2334375,
  "pe": 4.0,
  "Eh": 0.24,
  "system_mass_kg": 0.11314602702183511,
  "input_composition": {
    "Ca": 0.24767553,
    "Si": 1.09447338,
    "Al": 0.47117877,
    "Fe": 0.05585885,
    "Mg": 0.07148103,
    "K": 0.05860121,
    "Na": 0.06752836,
    "S": 0.0512595,
    "O": 5.8648603,
    "H": 4.6627086,
    "C": 0.00900147
  },
  "execution_time": 1.6927719116210938e-05,
  "mix_id": "MIX_0057",
  "input_file": "/teamspace/studios/this_studio/inputs/generated/MIX_0057.inp"
}