{
  "converged": true,
  "method": "simplified_thermodynamic_model",
  "note": "Using simplified model until Cemdata18 integration complete",
  "temperature_K": 298.15,
  "pressure_bar": 1.01325,
  "CO2_fraction": 0.2,
  "pCO2_bar": 0.20265,
  "phases": {
    "Calcite": {
      "moles": 0.00552326121375,
      "mass_kg": 0.0005528232148842375
    },
    "C-S-H_1.0": {
      "moles": 0.28104494878624997,
      "mass_kg": 0.0477776412936625
    },
    "Silica_gel": {
      "moles": 1.1462680612137501,
      "mass_kg": 0.06886778511772211
    },
    "Ettringite": {
      "moles": 0.00512595,
      "mass_kg": 0.006433067249999999
    },
    "Hydrotalcite": {
      "moles": 0.020439455999999998,
      "mass_kg": 0.009054679008
    }
  },
  "pH": 9.48675,
  "pe": 4.0,
  "Eh": 0.24,
  "system_mass_kg": 0.13268599588426885,
  "input_composition": {
    "Ca": 0.28656821,
    "Si": 1.42731301,
    "Al": 0.54798438,
    "Fe": 0.09845186,
    "Mg": 0.06813152,
    "K": 0.07144252,
    "Na": 0.07635189,
    "S": 0.0307557,
    "O": 10.02880893,
    "H": 11.32372072,
    "C": 0.01090207
  },
  "execution_time": 9.5367431640625e-06,
  "mix_id": "MIX_2054",
  "input_file": "/teamspace/studios/this_studio/inputs/generated/MIX_2054.inp"
}