{
  "converged": true,
  "method": "simplified_thermodynamic_model",
  "note": "Using simplified model until Cemdata18 integration complete",
  "temperature_K": 298.15,
  "pressure_bar": 1.01325,
  "CO2_fraction": 0.4,
  "pCO2_bar": 0.4053,
  "phases": {
    "Calcite": {
      "moles": 0.01497227,
      "mass_kg": 0.0014985745043
    },
    "C-S-H_1.0": {
      "moles": 0.21804495,
      "mass_kg": 0.0370676415
    },
    "Silica_gel": {
      "moles": 0.87595319,
      "mass_kg": 0.052627267655200004
    },
    "Ettringite": {
      "moles": 0.007688925,
      "mass_kg": 0.009649600874999999
    },
    "Hydrotalcite": {
      "moles": 0.020372466000000002,
      "mass_kg": 0.009025002438000002
    }
  },
  "pH": 8.5,
  "pe": 4.0,
  "Eh": 0.24,
  "system_mass_kg": 0.1098680869725,
  "input_composition": {
    "Ca": 0.23301722,
    "Si": 1.09399814,
    "Al": 0.47184373,
    "Fe": 0.05876702,
    "Mg": 0.06790822,
    "K": 0.05951845,
    "Na": 0.03480579,
    "S": 0.04613355,
    "O": 6.33127538,
    "H": 5.6618604,
    "C": 0.01497227
  },
  "execution_time": 1.239776611328125e-05,
  "mix_id": "MIX_0210",
  "input_file": "/teamspace/studios/this_studio/inputs/generated/MIX_0210.inp"
}