{
  "converged": true,
  "method": "simplified_thermodynamic_model",
  "note": "Using simplified model until Cemdata18 integration complete",
  "temperature_K": 298.15,
  "pressure_bar": 1.01325,
  "CO2_fraction": 0.35,
  "pCO2_bar": 0.3546375,
  "phases": {
    "Calcite": {
      "moles": 0.0147724516603125,
      "mass_kg": 0.0014785746866806781
    },
    "C-S-H_1.0": {
      "moles": 0.4770121183396875,
      "mass_kg": 0.08109206011774688
    },
    "Silica_gel": {
      "moles": 0.7391003016603125,
      "mass_kg": 0.04440514612375158
    },
    "Ettringite": {
      "moles": 0.017086501666666667,
      "mass_kg": 0.021443559591666665
    },
    "Hydrotalcite": {
      "moles": 0.035445261,
      "mass_kg": 0.015702250623
    }
  },
  "pH": 8.7268125,
  "pe": 4.0,
  "Eh": 0.24,
  "system_mass_kg": 0.1641215911428458,
  "input_composition": {
    "Ca": 0.49178457,
    "Si": 1.21611242,
    "Al": 0.53867497,
    "Fe": 0.05773752,
    "Mg": 0.11815087,
    "K": 0.05860121,
    "Na": 0.11207889,
    "S": 0.10251901,
    "O": 8.02655684,
    "H": 7.32711338,
    "C": 0.01666203
  },
  "execution_time": 1.1920928955078125e-05,
  "mix_id": "MIX_1324",
  "input_file": "/teamspace/studios/this_studio/inputs/generated/MIX_1324.inp"
}