{
  "converged": true,
  "method": "simplified_thermodynamic_model",
  "note": "Using simplified model until Cemdata18 integration complete",
  "temperature_K": 298.15,
  "pressure_bar": 1.01325,
  "CO2_fraction": 0.3,
  "pCO2_bar": 0.303975,
  "phases": {
    "Calcite": {
      "moles": 0.013446478513124997,
      "mass_kg": 0.001345858034378681
    },
    "C-S-H_1.0": {
      "moles": 0.185171861486875,
      "mass_kg": 0.03147921645276875
    },
    "Silica_gel": {
      "moles": 1.372791828513125,
      "mass_kg": 0.08247733305706856
    },
    "Hydrotalcite": {
      "moles": 0.014008394999999998,
      "mass_kg": 0.006205718984999999
    }
  },
  "pH": 8.980125000000001,
  "pe": 4.0,
  "Eh": 0.24,
  "system_mass_kg": 0.12150812652921598,
  "input_composition": {
    "Ca": 0.19861834,
    "Si": 1.55796369,
    "Al": 0.55197413,
    "Fe": 0.11590086,
    "Mg": 0.04669465,
    "K": 0.07694594,
    "Na": 0.1388588,
    "S": 0.0,
    "O": 11.16735585,
    "H": 13.32202445,
    "C": 0.01769419
  },
  "execution_time": 8.821487426757812e-06,
  "mix_id": "MIX_2431",
  "input_file": "/teamspace/studios/this_studio/inputs/generated/MIX_2431.inp"
}