{
  "converged": true,
  "method": "simplified_thermodynamic_model",
  "note": "Using simplified model until Cemdata18 integration complete",
  "temperature_K": 298.15,
  "pressure_bar": 1.01325,
  "CO2_fraction": 0.25,
  "pCO2_bar": 0.2533125,
  "phases": {
    "Calcite": {
      "moles": 0.0062584716140624995,
      "mass_kg": 0.0006264104238515156
    },
    "C-S-H_1.0": {
      "moles": 0.12415056838593751,
      "mass_kg": 0.021105596625609378
    },
    "Silica_gel": {
      "moles": 1.0952674216140625,
      "mass_kg": 0.06580366669057287
    },
    "Ettringite": {
      "moles": 0.00170865,
      "mass_kg": 0.0021443557499999997
    },
    "Hydrotalcite": {
      "moles": 0.012869562,
      "mass_kg": 0.0057012159659999995
    }
  },
  "pH": 9.2334375,
  "pe": 4.0,
  "Eh": 0.24,
  "system_mass_kg": 0.09538124545603377,
  "input_composition": {
    "Ca": 0.13040904,
    "Si": 1.21941799,
    "Al": 0.47649844,
    "Fe": 0.07912419,
    "Mg": 0.04289854,
    "K": 0.06593911,
    "Na": 0.05536969,
    "S": 0.0102519,
    "O": 6.88725894,
    "H": 6.66101223,
    "C": 0.00988261
  },
  "execution_time": 9.5367431640625e-06,
  "mix_id": "MIX_0951",
  "input_file": "/teamspace/studios/this_studio/inputs/generated/MIX_0951.inp"
}