{
  "converged": true,
  "method": "simplified_thermodynamic_model",
  "note": "Using simplified model until Cemdata18 integration complete",
  "temperature_K": 298.15,
  "pressure_bar": 1.01325,
  "CO2_fraction": 0.35,
  "pCO2_bar": 0.3546375,
  "phases": {
    "Calcite": {
      "moles": 0.018188453049374997,
      "mass_kg": 0.0018204822657119436
    },
    "C-S-H_1.0": {
      "moles": 0.268379756950625,
      "mass_kg": 0.04562455868160625
    },
    "Silica_gel": {
      "moles": 1.176251653049375,
      "mass_kg": 0.07066919931520645
    },
    "Ettringite": {
      "moles": 0.00512595,
      "mass_kg": 0.006433067249999999
    },
    "Hydrotalcite": {
      "moles": 0.020439455999999998,
      "mass_kg": 0.009054679008
    }
  },
  "pH": 8.7268125,
  "pe": 4.0,
  "Eh": 0.24,
  "system_mass_kg": 0.13360198652052463,
  "input_composition": {
    "Ca": 0.28656821,
    "Si": 1.44463141,
    "Al": 0.54798438,
    "Fe": 0.09845186,
    "Mg": 0.06813152,
    "K": 0.07144252,
    "Na": 0.10992989,
    "S": 0.0307557,
    "O": 11.0986124,
    "H": 13.32202447,
    "C": 0.02051498
  },
  "execution_time": 9.775161743164062e-06,
  "mix_id": "MIX_2107",
  "input_file": "/teamspace/studios/this_studio/inputs/generated/MIX_2107.inp"
}