{
  "converged": true,
  "method": "simplified_thermodynamic_model",
  "note": "Using simplified model until Cemdata18 integration complete",
  "temperature_K": 298.15,
  "pressure_bar": 1.01325,
  "CO2_fraction": 0.35,
  "pCO2_bar": 0.3546375,
  "phases": {
    "Calcite": {
      "moles": 0.0248985225890625,
      "mass_kg": 0.0024920931259392654
    },
    "C-S-H_1.0": {
      "moles": 0.8378376274109376,
      "mass_kg": 0.1424323966598594
    },
    "Silica_gel": {
      "moles": 0.6874886725890623,
      "mass_kg": 0.04130431944915087
    },
    "Ettringite": {
      "moles": 0.027338403333333334,
      "mass_kg": 0.03430969618333333
    },
    "Hydrotalcite": {
      "moles": 0.054872421,
      "mass_kg": 0.024308482503
    }
  },
  "pH": 8.7268125,
  "pe": 4.0,
  "Eh": 0.24,
  "system_mass_kg": 0.24484698792128287,
  "input_composition": {
    "Ca": 0.86273615,
    "Si": 1.5253263,
    "Al": 0.67898703,
    "Fe": 0.08476018,
    "Mg": 0.18290807,
    "K": 0.06593911,
    "Na": 0.0746113,
    "S": 0.16403042,
    "O": 15.18586785,
    "H": 18.65083414,
    "C": 0.02808335
  },
  "execution_time": 9.298324584960938e-06,
  "mix_id": "MIX_4001",
  "input_file": "/teamspace/studios/this_studio/inputs/generated/MIX_4001.inp"
}