{
  "converged": true,
  "method": "simplified_thermodynamic_model",
  "note": "Using simplified model until Cemdata18 integration complete",
  "temperature_K": 298.15,
  "pressure_bar": 1.01325,
  "CO2_fraction": 0.15,
  "pCO2_bar": 0.1519875,
  "phases": {
    "Calcite": {
      "moles": 0.0019328782331249998,
      "mass_kg": 0.00019346178235348123
    },
    "C-S-H_1.0": {
      "moles": 0.20176772176687502,
      "mass_kg": 0.034300512700368754
    },
    "Silica_gel": {
      "moles": 0.9315822782331251,
      "mass_kg": 0.055969463276246155
    },
    "Ettringite": {
      "moles": 0.005980275,
      "mass_kg": 0.007505245125
    },
    "Hydrotalcite": {
      "moles": 0.01822878,
      "mass_kg": 0.00807534954
    }
  },
  "pH": 9.7400625,
  "pe": 4.0,
  "Eh": 0.24,
  "system_mass_kg": 0.10604403242396838,
  "input_composition": {
    "Ca": 0.2037006,
    "Si": 1.13335,
    "Al": 0.47317365,
    "Fe": 0.06458336,
    "Mg": 0.0607626,
    "K": 0.06135292,
    "Na": 0.04750137,
    "S": 0.03588165,
    "O": 5.34182301,
    "H": 3.66355667,
    "C": 0.00508694
  },
  "execution_time": 1.0251998901367188e-05,
  "mix_id": "MIX_0356",
  "input_file": "/teamspace/studios/this_studio/inputs/generated/MIX_0356.inp"
}