{
  "converged": true,
  "method": "simplified_thermodynamic_model",
  "note": "Using simplified model until Cemdata18 integration complete",
  "temperature_K": 298.15,
  "pressure_bar": 1.01325,
  "CO2_fraction": 0.3,
  "pCO2_bar": 0.303975,
  "phases": {
    "Calcite": {
      "moles": 0.011717651098125,
      "mass_kg": 0.0011728196984113312
    },
    "C-S-H_1.0": {
      "moles": 0.36280042890187497,
      "mass_kg": 0.06167607291331875
    },
    "Silica_gel": {
      "moles": 0.989131681098125,
      "mass_kg": 0.05942703140037535
    },
    "Ettringite": {
      "moles": 0.010251901666666667,
      "mass_kg": 0.012866136591666666
    },
    "Hydrotalcite": {
      "moles": 0.026870514,
      "mass_kg": 0.011903637702000001
    }
  },
  "pH": 8.980125000000001,
  "pe": 4.0,
  "Eh": 0.24,
  "system_mass_kg": 0.1470456983057721,
  "input_composition": {
    "Ca": 0.37451808,
    "Si": 1.35193211,
    "Al": 0.54399463,
    "Fe": 0.08100285,
    "Mg": 0.08956838,
    "K": 0.06593911,
    "Na": 0.12100552,
    "S": 0.06151141,
    "O": 9.07700043,
    "H": 9.32541705,
    "C": 0.01541923
  },
  "execution_time": 7.62939453125e-06,
  "mix_id": "MIX_1757",
  "input_file": "/teamspace/studios/this_studio/inputs/generated/MIX_1757.inp"
}