{
  "converged": true,
  "method": "simplified_thermodynamic_model",
  "note": "Using simplified model until Cemdata18 integration complete",
  "temperature_K": 298.15,
  "pressure_bar": 1.01325,
  "CO2_fraction": 0.35,
  "pCO2_bar": 0.3546375,
  "phases": {
    "Calcite": {
      "moles": 0.0206552849015625,
      "mass_kg": 0.0020673874657973906
    },
    "C-S-H_1.0": {
      "moles": 0.31946390509843753,
      "mass_kg": 0.054308863866734385
    },
    "Silica_gel": {
      "moles": 1.4611829749015623,
      "mass_kg": 0.08778787313208587
    },
    "Ettringite": {
      "moles": 0.002562975,
      "mass_kg": 0.0032165336249999994
    },
    "Hydrotalcite": {
      "moles": 0.020506445999999998,
      "mass_kg": 0.009084355577999999
    }
  },
  "pH": 8.7268125,
  "pe": 4.0,
  "Eh": 0.24,
  "system_mass_kg": 0.15646501366761764,
  "input_composition": {
    "Ca": 0.34011919,
    "Si": 1.78064688,
    "Al": 0.62412504,
    "Fe": 0.13813669,
    "Mg": 0.06835482,
    "K": 0.0833666,
    "Na": 0.15671208,
    "S": 0.01537785,
    "O": 12.31999077,
    "H": 13.98812562,
    "C": 0.02329735
  },
  "execution_time": 2.3126602172851562e-05,
  "mix_id": "MIX_3565",
  "input_file": "/teamspace/studios/this_studio/inputs/generated/MIX_3565.inp"
}