{
  "converged": true,
  "method": "simplified_thermodynamic_model",
  "note": "Using simplified model until Cemdata18 integration complete",
  "temperature_K": 298.15,
  "pressure_bar": 1.01325,
  "CO2_fraction": 0.35,
  "pCO2_bar": 0.3546375,
  "phases": {
    "Calcite": {
      "moles": 0.01889044024875,
      "mass_kg": 0.0018907441644973877
    },
    "C-S-H_1.0": {
      "moles": 0.6290532897512501,
      "mass_kg": 0.10693905925771252
    },
    "Silica_gel": {
      "moles": 0.80024644024875,
      "mass_kg": 0.048078806130144904
    },
    "Ettringite": {
      "moles": 0.020503801666666665,
      "mass_kg": 0.02573227109166666
    },
    "Hydrotalcite": {
      "moles": 0.043015155,
      "mass_kg": 0.019055713665
    }
  },
  "pH": 8.7268125,
  "pe": 4.0,
  "Eh": 0.24,
  "system_mass_kg": 0.20169659430902148,
  "input_composition": {
    "Ca": 0.64794373,
    "Si": 1.42929973,
    "Al": 0.61016091,
    "Fe": 0.07706518,
    "Mg": 0.14338385,
    "K": 0.06410463,
    "Na": 0.14332212,
    "S": 0.12302281,
    "O": 10.69149657,
    "H": 10.99067012,
    "C": 0.02130676
  },
  "execution_time": 1.049041748046875e-05,
  "mix_id": "MIX_2780",
  "input_file": "/teamspace/studios/this_studio/inputs/generated/MIX_2780.inp"
}