{
  "converged": true,
  "method": "simplified_thermodynamic_model",
  "note": "Using simplified model until Cemdata18 integration complete",
  "temperature_K": 298.15,
  "pressure_bar": 1.01325,
  "CO2_fraction": 0.4,
  "pCO2_bar": 0.4053,
  "phases": {
    "Calcite": {
      "moles": 0.02359226,
      "mass_kg": 0.0023613493034
    },
    "C-S-H_1.0": {
      "moles": 0.17502608,
      "mass_kg": 0.0297544336
    },
    "Silica_gel": {
      "moles": 1.38293761,
      "mass_kg": 0.08308689160879999
    },
    "Hydrotalcite": {
      "moles": 0.014008394999999998,
      "mass_kg": 0.006205718984999999
    }
  },
  "pH": 8.5,
  "pe": 4.0,
  "Eh": 0.24,
  "system_mass_kg": 0.12140839349719999,
  "input_composition": {
    "Ca": 0.19861834,
    "Si": 1.55796369,
    "Al": 0.55197413,
    "Fe": 0.11590086,
    "Mg": 0.04669465,
    "K": 0.07694594,
    "Na": 0.1388588,
    "S": 0.0,
    "O": 11.17915198,
    "H": 13.32202445,
    "C": 0.02359226
  },
  "execution_time": 1.1682510375976562e-05,
  "mix_id": "MIX_2463",
  "input_file": "/teamspace/studios/this_studio/inputs/generated/MIX_2463.inp"
}