{
  "converged": true,
  "method": "simplified_thermodynamic_model",
  "note": "Using simplified model until Cemdata18 integration complete",
  "temperature_K": 298.15,
  "pressure_bar": 1.01325,
  "CO2_fraction": 0.2,
  "pCO2_bar": 0.20265,
  "phases": {
    "Calcite": {
      "moles": 0.007512954907499999,
      "mass_kg": 0.0007519716566916749
    },
    "C-S-H_1.0": {
      "moles": 0.7965899450924999,
      "mass_kg": 0.135420290665725
    },
    "Silica_gel": {
      "moles": 0.8458970949075001,
      "mass_kg": 0.050821497462042606
    },
    "Ettringite": {
      "moles": 0.023921101666666666,
      "mass_kg": 0.030020982591666665
    },
    "Hydrotalcite": {
      "moles": 0.050585049,
      "mass_kg": 0.022409176707
    }
  },
  "pH": 9.48675,
  "pe": 4.0,
  "Eh": 0.24,
  "system_mass_kg": 0.23942391908312594,
  "input_composition": {
    "Ca": 0.8041029,
    "Si": 1.64248704,
    "Al": 0.68164686,
    "Fe": 0.09639285,
    "Mg": 0.16861683,
    "K": 0.06960805,
    "Na": 0.17456535,
    "S": 0.14352661,
    "O": 13.33419221,
    "H": 14.65422691,
    "C": 0.01482942
  },
  "execution_time": 1.1444091796875e-05,
  "mix_id": "MIX_4076",
  "input_file": "/teamspace/studios/this_studio/inputs/generated/MIX_4076.inp"
}