{
  "converged": true,
  "method": "simplified_thermodynamic_model",
  "note": "Using simplified model until Cemdata18 integration complete",
  "temperature_K": 298.15,
  "pressure_bar": 1.01325,
  "CO2_fraction": 0.3,
  "pCO2_bar": 0.303975,
  "phases": {
    "Calcite": {
      "moles": 0.013200980703749999,
      "mass_kg": 0.0013212861586383374
    },
    "C-S-H_1.0": {
      "moles": 0.47858358929625,
      "mass_kg": 0.0813592101803625
    },
    "Silica_gel": {
      "moles": 0.70749283070375,
      "mass_kg": 0.0425061692686813
    },
    "Ettringite": {
      "moles": 0.017086501666666667,
      "mass_kg": 0.021443559591666665
    },
    "Hydrotalcite": {
      "moles": 0.035445261,
      "mass_kg": 0.015702250623
    }
  },
  "pH": 8.980125000000001,
  "pe": 4.0,
  "Eh": 0.24,
  "system_mass_kg": 0.1623324758223488,
  "input_composition": {
    "Ca": 0.49178457,
    "Si": 1.18607642,
    "Al": 0.53867497,
    "Fe": 0.05773752,
    "Mg": 0.11815087,
    "K": 0.05860121,
    "Na": 0.05384321,
    "S": 0.10251901,
    "O": 10.93624075,
    "H": 13.32202441,
    "C": 0.01737114
  },
  "execution_time": 2.6702880859375e-05,
  "mix_id": "MIX_1299",
  "input_file": "/teamspace/studios/this_studio/inputs/generated/MIX_1299.inp"
}