{
  "converged": true,
  "method": "simplified_thermodynamic_model",
  "note": "Using simplified model until Cemdata18 integration complete",
  "temperature_K": 298.15,
  "pressure_bar": 1.01325,
  "CO2_fraction": 0.35,
  "pCO2_bar": 0.3546375,
  "phases": {
    "Calcite": {
      "moles": 0.01701919548,
      "mass_kg": 0.0017034512755931999
    },
    "C-S-H_1.0": {
      "moles": 0.29886563452000003,
      "mass_kg": 0.05080715786840001
    },
    "Silica_gel": {
      "moles": 1.10931698548,
      "mass_kg": 0.0666477644876384
    },
    "Ettringite": {
      "moles": 0.0068346,
      "mass_kg": 0.008577422999999999
    },
    "Hydrotalcite": {
      "moles": 0.022583142,
      "mass_kg": 0.010004331906
    }
  },
  "pH": 8.7268125,
  "pe": 4.0,
  "Eh": 0.24,
  "system_mass_kg": 0.13774012853763162,
  "input_composition": {
    "Ca": 0.31588483,
    "Si": 1.40818262,
    "Al": 0.54665447,
    "Fe": 0.09263552,
    "Mg": 0.07527714,
    "K": 0.06960805,
    "Na": 0.10286297,
    "S": 0.0410076,
    "O": 10.07597323,
    "H": 11.32372081,
    "C": 0.01919616
  },
  "execution_time": 1.049041748046875e-05,
  "mix_id": "MIX_1994",
  "input_file": "/teamspace/studios/this_studio/inputs/generated/MIX_1994.inp"
}