{
  "converged": true,
  "method": "simplified_thermodynamic_model",
  "note": "Using simplified model until Cemdata18 integration complete",
  "temperature_K": 298.15,
  "pressure_bar": 1.01325,
  "CO2_fraction": 0.2,
  "pCO2_bar": 0.20265,
  "phases": {
    "Calcite": {
      "moles": 0.004823657685000001,
      "mass_kg": 0.00048279989769165003
    },
    "C-S-H_1.0": {
      "moles": 0.193794682315,
      "mass_kg": 0.03294509599355
    },
    "Silica_gel": {
      "moles": 1.350356837685,
      "mass_kg": 0.0811294388081148
    },
    "Hydrotalcite": {
      "moles": 0.014008394999999998,
      "mass_kg": 0.006205718984999999
    }
  },
  "pH": 9.48675,
  "pe": 4.0,
  "Eh": 0.24,
  "system_mass_kg": 0.12076305368435644,
  "input_composition": {
    "Ca": 0.19861834,
    "Si": 1.54415152,
    "Al": 0.55197413,
    "Fe": 0.11590086,
    "Mg": 0.04669465,
    "K": 0.07694594,
    "Na": 0.11207889,
    "S": 0.0,
    "O": 8.11253995,
    "H": 7.32711338,
    "C": 0.00952116
  },
  "execution_time": 9.775161743164062e-06,
  "mix_id": "MIX_2396",
  "input_file": "/teamspace/studios/this_studio/inputs/generated/MIX_2396.inp"
}