{
  "converged": true,
  "method": "simplified_thermodynamic_model",
  "note": "Using simplified model until Cemdata18 integration complete",
  "temperature_K": 298.15,
  "pressure_bar": 1.01325,
  "CO2_fraction": 0.35,
  "pCO2_bar": 0.3546375,
  "phases": {
    "Calcite": {
      "moles": 0.020278181115937502,
      "mass_kg": 0.0020296431478941846
    },
    "C-S-H_1.0": {
      "moles": 0.6716404888840625,
      "mass_kg": 0.11417888311029063
    },
    "Silica_gel": {
      "moles": 0.6658736711159375,
      "mass_kg": 0.04000569016064553
    },
    "Ettringite": {
      "moles": 0.023066776666666667,
      "mass_kg": 0.028948804716666665
    },
    "Hydrotalcite": {
      "moles": 0.046230684,
      "mass_kg": 0.020480193012000002
    }
  },
  "pH": 8.7268125,
  "pe": 4.0,
  "Eh": 0.24,
  "system_mass_kg": 0.205643214147497,
  "input_composition": {
    "Ca": 0.69191867,
    "Si": 1.33751416,
    "Al": 0.60816604,
    "Fe": 0.06834068,
    "Mg": 0.15410228,
    "K": 0.06135292,
    "Na": 0.06076591,
    "S": 0.13840066,
    "O": 12.05187758,
    "H": 13.9881256,
    "C": 0.02287201
  },
  "execution_time": 9.5367431640625e-06,
  "mix_id": "MIX_2657",
  "input_file": "/teamspace/studios/this_studio/inputs/generated/MIX_2657.inp"
}