{
  "converged": true,
  "method": "simplified_thermodynamic_model",
  "note": "Using simplified model until Cemdata18 integration complete",
  "temperature_K": 298.15,
  "pressure_bar": 1.01325,
  "CO2_fraction": 0.35,
  "pCO2_bar": 0.3546375,
  "phases": {
    "Calcite": {
      "moles": 0.022865483326874998,
      "mass_kg": 0.0022886062261869185
    },
    "C-S-H_1.0": {
      "moles": 0.429437936673125,
      "mass_kg": 0.07300444923443127
    },
    "Silica_gel": {
      "moles": 1.587938763326875,
      "mass_kg": 0.09540336090067865
    },
    "Ettringite": {
      "moles": 0.0034173,
      "mass_kg": 0.0042887114999999995
    },
    "Hydrotalcite": {
      "moles": 0.024860808,
      "mass_kg": 0.011013337944000001
    }
  },
  "pH": 8.7268125,
  "pe": 4.0,
  "Eh": 0.24,
  "system_mass_kg": 0.18599846580529683,
  "input_composition": {
    "Ca": 0.45230342,
    "Si": 2.0173767,
    "Al": 0.69760586,
    "Fe": 0.16618886,
    "Mg": 0.08286936,
    "K": 0.09162172,
    "Na": 0.13819757,
    "S": 0.0205038,
    "O": 13.42073329,
    "H": 14.65422691,
    "C": 0.02579026
  },
  "execution_time": 9.298324584960938e-06,
  "mix_id": "MIX_4792",
  "input_file": "/teamspace/studios/this_studio/inputs/generated/MIX_4792.inp"
}