{
  "converged": true,
  "method": "simplified_thermodynamic_model",
  "note": "Using simplified model until Cemdata18 integration complete",
  "temperature_K": 298.15,
  "pressure_bar": 1.01325,
  "CO2_fraction": 0.3,
  "pCO2_bar": 0.303975,
  "phases": {
    "Calcite": {
      "moles": 0.01362529940625,
      "mass_kg": 0.0013637562175715624
    },
    "C-S-H_1.0": {
      "moles": 0.54636857059375,
      "mass_kg": 0.09288265700093751
    },
    "Silica_gel": {
      "moles": 0.93608531940625,
      "mass_kg": 0.0562400059899275
    },
    "Ettringite": {
      "moles": 0.015377851666666666,
      "mass_kg": 0.019299203841666664
    },
    "Hydrotalcite": {
      "moles": 0.036584094,
      "mass_kg": 0.016206753642
    }
  },
  "pH": 8.980125000000001,
  "pe": 4.0,
  "Eh": 0.24,
  "system_mass_kg": 0.18599237669210322,
  "input_composition": {
    "Ca": 0.55999387,
    "Si": 1.48245389,
    "Al": 0.61415066,
    "Fe": 0.09451418,
    "Mg": 0.12194698,
    "K": 0.06960805,
    "Na": 0.05557388,
    "S": 0.09226711,
    "O": 10.58043226,
    "H": 10.99067014,
    "C": 0.0179295
  },
  "execution_time": 1.0967254638671875e-05,
  "mix_id": "MIX_2976",
  "input_file": "/teamspace/studios/this_studio/inputs/generated/MIX_2976.inp"
}