{
  "converged": true,
  "method": "simplified_thermodynamic_model",
  "note": "Using simplified model until Cemdata18 integration complete",
  "temperature_K": 298.15,
  "pressure_bar": 1.01325,
  "CO2_fraction": 0.0,
  "pCO2_bar": 0.0,
  "phases": {
    "C-S-H_1.0": {
      "moles": 0.21835891,
      "mass_kg": 0.0371210147
    },
    "Silica_gel": {
      "moles": 0.91808386,
      "mass_kg": 0.055158478308799996
    },
    "Ettringite": {
      "moles": 0.0068346,
      "mass_kg": 0.008577422999999999
    },
    "Hydrotalcite": {
      "moles": 0.019300623,
      "mass_kg": 0.008550175989
    }
  },
  "pH": 10.5,
  "pe": 4.0,
  "Eh": 0.24,
  "system_mass_kg": 0.1094070919978,
  "input_composition": {
    "Ca": 0.21835891,
    "Si": 1.13644277,
    "Al": 0.47250869,
    "Fe": 0.06167519,
    "Mg": 0.06433541,
    "K": 0.06043569,
    "Na": 0.08529898,
    "S": 0.0410076,
    "O": 5.8841001,
    "H": 4.66270854,
    "C": 0.0
  },
  "execution_time": 9.5367431640625e-06,
  "mix_id": "MIX_0237",
  "input_file": "/teamspace/studios/this_studio/inputs/generated/MIX_0237.inp"
}