{
  "converged": true,
  "method": "simplified_thermodynamic_model",
  "note": "Using simplified model until Cemdata18 integration complete",
  "temperature_K": 298.15,
  "pressure_bar": 1.01325,
  "CO2_fraction": 0.35,
  "pCO2_bar": 0.3546375,
  "phases": {
    "Calcite": {
      "moles": 0.01124275348875,
      "mass_kg": 0.0011252871966889876
    },
    "C-S-H_1.0": {
      "moles": 0.13382459651125,
      "mass_kg": 0.0227501814069125
    },
    "Silica_gel": {
      "moles": 1.08462795348875,
      "mass_kg": 0.0651644474456041
    },
    "Ettringite": {
      "moles": 0.002562975,
      "mass_kg": 0.0032165336249999994
    },
    "Hydrotalcite": {
      "moles": 0.013941405,
      "mass_kg": 0.006176042415
    }
  },
  "pH": 8.7268125,
  "pe": 4.0,
  "Eh": 0.24,
  "system_mass_kg": 0.09843249208920558,
  "input_composition": {
    "Ca": 0.14506735,
    "Si": 1.21845255,
    "Al": 0.47583348,
    "Fe": 0.07621603,
    "Mg": 0.04647135,
    "K": 0.06502187,
    "Na": 0.08529898,
    "S": 0.01537785,
    "O": 5.93452799,
    "H": 4.66270854,
    "C": 0.01268084
  },
  "execution_time": 9.775161743164062e-06,
  "mix_id": "MIX_0877",
  "input_file": "/teamspace/studios/this_studio/inputs/generated/MIX_0877.inp"
}