{
  "converged": true,
  "method": "simplified_thermodynamic_model",
  "note": "Using simplified model until Cemdata18 integration complete",
  "temperature_K": 298.15,
  "pressure_bar": 1.01325,
  "CO2_fraction": 0.2,
  "pCO2_bar": 0.20265,
  "phases": {
    "Calcite": {
      "moles": 0.00775295836875,
      "mass_kg": 0.0007759936031281875
    },
    "C-S-H_1.0": {
      "moles": 0.72814064163125,
      "mass_kg": 0.12378390907731252
    },
    "Silica_gel": {
      "moles": 0.5655233883687499,
      "mass_kg": 0.0339766451731945
    },
    "Ettringite": {
      "moles": 0.02562975166666667,
      "mass_kg": 0.03216533834166667
    },
    "Hydrotalcite": {
      "moles": 0.049446213,
      "mass_kg": 0.021904672359
    }
  },
  "pH": 9.48675,
  "pe": 4.0,
  "Eh": 0.24,
  "system_mass_kg": 0.21260655855430188,
  "input_composition": {
    "Ca": 0.7358936,
    "Si": 1.29366403,
    "Al": 0.60617116,
    "Fe": 0.05961618,
    "Mg": 0.16482071,
    "K": 0.05860121,
    "Na": 0.07114995,
    "S": 0.15377851,
    "O": 15.03505916,
    "H": 19.98303666,
    "C": 0.01530315
  },
  "execution_time": 1.0728836059570312e-05,
  "mix_id": "MIX_2499",
  "input_file": "/teamspace/studios/this_studio/inputs/generated/MIX_2499.inp"
}