{
  "converged": true,
  "method": "simplified_thermodynamic_model",
  "note": "Using simplified model until Cemdata18 integration complete",
  "temperature_K": 298.15,
  "pressure_bar": 1.01325,
  "CO2_fraction": 0.15,
  "pCO2_bar": 0.1519875,
  "phases": {
    "Calcite": {
      "moles": 0.0033002451759374996,
      "mass_kg": 0.00033032153965958434
    },
    "C-S-H_1.0": {
      "moles": 0.28326796482406247,
      "mass_kg": 0.04815555402009062
    },
    "Silica_gel": {
      "moles": 1.1324358251759374,
      "mass_kg": 0.06803674437657033
    },
    "Ettringite": {
      "moles": 0.00512595,
      "mass_kg": 0.006433067249999999
    },
    "Hydrotalcite": {
      "moles": 0.020439455999999998,
      "mass_kg": 0.009054679008
    }
  },
  "pH": 9.7400625,
  "pe": 4.0,
  "Eh": 0.24,
  "system_mass_kg": 0.13201036619432052,
  "input_composition": {
    "Ca": 0.28656821,
    "Si": 1.41570379,
    "Al": 0.54798438,
    "Fe": 0.09845186,
    "Mg": 0.06813152,
    "K": 0.07144252,
    "Na": 0.05384321,
    "S": 0.0307557,
    "O": 10.989055,
    "H": 13.32202441,
    "C": 0.00868557
  },
  "execution_time": 9.775161743164062e-06,
  "mix_id": "MIX_2035",
  "input_file": "/teamspace/studios/this_studio/inputs/generated/MIX_2035.inp"
}