{
  "converged": true,
  "method": "simplified_thermodynamic_model",
  "note": "Using simplified model until Cemdata18 integration complete",
  "temperature_K": 298.15,
  "pressure_bar": 1.01325,
  "CO2_fraction": 0.2,
  "pCO2_bar": 0.20265,
  "phases": {
    "Calcite": {
      "moles": 0.00904969545375,
      "mass_kg": 0.0009057840179658374
    },
    "C-S-H_1.0": {
      "moles": 0.44325372454625,
      "mass_kg": 0.0753531331728625
    },
    "Silica_gel": {
      "moles": 1.61129647545375,
      "mass_kg": 0.0968066922452613
    },
    "Ettringite": {
      "moles": 0.0034173,
      "mass_kg": 0.0042887114999999995
    },
    "Hydrotalcite": {
      "moles": 0.024860808,
      "mass_kg": 0.011013337944000001
    }
  },
  "pH": 9.48675,
  "pe": 4.0,
  "Eh": 0.24,
  "system_mass_kg": 0.18836765888008963,
  "input_composition": {
    "Ca": 0.45230342,
    "Si": 2.0545502,
    "Al": 0.69760586,
    "Fe": 0.16618886,
    "Mg": 0.08286936,
    "K": 0.09162172,
    "Na": 0.2102719,
    "S": 0.0205038,
    "O": 17.51186966,
    "H": 22.64744153,
    "C": 0.01786271
  },
  "execution_time": 1.0251998901367188e-05,
  "mix_id": "MIX_4750",
  "input_file": "/teamspace/studios/this_studio/inputs/generated/MIX_4750.inp"
}