{
  "converged": true,
  "method": "simplified_thermodynamic_model",
  "note": "Using simplified model until Cemdata18 integration complete",
  "temperature_K": 298.15,
  "pressure_bar": 1.01325,
  "CO2_fraction": 0.25,
  "pCO2_bar": 0.2533125,
  "phases": {
    "Calcite": {
      "moles": 0.007988690981249998,
      "mass_kg": 0.0007995880803133123
    },
    "C-S-H_1.0": {
      "moles": 0.19062964901875,
      "mass_kg": 0.0324070403331875
    },
    "Silica_gel": {
      "moles": 1.31991538098125,
      "mass_kg": 0.0793005160893535
    },
    "Hydrotalcite": {
      "moles": 0.014008394999999998,
      "mass_kg": 0.006205718984999999
    }
  },
  "pH": 9.2334375,
  "pe": 4.0,
  "Eh": 0.24,
  "system_mass_kg": 0.11871286348785431,
  "input_composition": {
    "Ca": 0.19861834,
    "Si": 1.51054503,
    "Al": 0.55197413,
    "Fe": 0.11590086,
    "Mg": 0.04669465,
    "K": 0.07694594,
    "Na": 0.04692051,
    "S": 0.0,
    "O": 9.01808685,
    "H": 9.32541712,
    "C": 0.01261476
  },
  "execution_time": 1.4066696166992188e-05,
  "mix_id": "MIX_2401",
  "input_file": "/teamspace/studios/this_studio/inputs/generated/MIX_2401.inp"
}