{
  "converged": true,
  "method": "simplified_thermodynamic_model",
  "note": "Using simplified model until Cemdata18 integration complete",
  "temperature_K": 298.15,
  "pressure_bar": 1.01325,
  "CO2_fraction": 0.35,
  "pCO2_bar": 0.3546375,
  "phases": {
    "Calcite": {
      "moles": 0.020526968188124998,
      "mass_kg": 0.002054544245949431
    },
    "C-S-H_1.0": {
      "moles": 0.6713917018118749,
      "mass_kg": 0.11413658930801875
    },
    "Silica_gel": {
      "moles": 0.698769338188125,
      "mass_kg": 0.041982061838342556
    },
    "Ettringite": {
      "moles": 0.023066776666666667,
      "mass_kg": 0.028948804716666665
    },
    "Hydrotalcite": {
      "moles": 0.046230684,
      "mass_kg": 0.020480193012000002
    }
  },
  "pH": 8.7268125,
  "pe": 4.0,
  "Eh": 0.24,
  "system_mass_kg": 0.2076021931209774,
  "input_composition": {
    "Ca": 0.69191867,
    "Si": 1.37016104,
    "Al": 0.60816604,
    "Fe": 0.06834068,
    "Mg": 0.15410228,
    "K": 0.06135292,
    "Na": 0.12406373,
    "S": 0.13840066,
    "O": 12.1493815,
    "H": 13.98812569,
    "C": 0.02315262
  },
  "execution_time": 2.3603439331054688e-05,
  "mix_id": "MIX_2665",
  "input_file": "/teamspace/studios/this_studio/inputs/generated/MIX_2665.inp"
}