{
  "converged": true,
  "method": "simplified_thermodynamic_model",
  "note": "Using simplified model until Cemdata18 integration complete",
  "temperature_K": 298.15,
  "pressure_bar": 1.01325,
  "CO2_fraction": 0.35,
  "pCO2_bar": 0.3546375,
  "phases": {
    "Calcite": {
      "moles": 0.0204012935240625,
      "mass_kg": 0.0020419654688234156
    },
    "C-S-H_1.0": {
      "moles": 0.3636928364759375,
      "mass_kg": 0.06182778220090938
    },
    "Silica_gel": {
      "moles": 1.3344175435240624,
      "mass_kg": 0.08017180601492567
    },
    "Ettringite": {
      "moles": 0.00512595,
      "mass_kg": 0.006433067249999999
    },
    "Hydrotalcite": {
      "moles": 0.023721975,
      "mass_kg": 0.010508834925
    }
  },
  "pH": 8.7268125,
  "pe": 4.0,
  "Eh": 0.24,
  "system_mass_kg": 0.16098345585965845,
  "input_composition": {
    "Ca": 0.38409413,
    "Si": 1.69811038,
    "Al": 0.62213016,
    "Fe": 0.12941219,
    "Mg": 0.07907325,
    "K": 0.08061489,
    "Na": 0.09208854,
    "S": 0.0307557,
    "O": 12.20540506,
    "H": 13.9881257,
    "C": 0.02301087
  },
  "execution_time": 8.58306884765625e-06,
  "mix_id": "MIX_3445",
  "input_file": "/teamspace/studios/this_studio/inputs/generated/MIX_3445.inp"
}