{
  "converged": true,
  "method": "simplified_thermodynamic_model",
  "note": "Using simplified model until Cemdata18 integration complete",
  "temperature_K": 298.15,
  "pressure_bar": 1.01325,
  "CO2_fraction": 0.4,
  "pCO2_bar": 0.4053,
  "phases": {
    "Calcite": {
      "moles": 0.02330214,
      "mass_kg": 0.0023323111926
    },
    "C-S-H_1.0": {
      "moles": 0.23394943999999998,
      "mass_kg": 0.0397714048
    },
    "Silica_gel": {
      "moles": 1.2288729600000001,
      "mass_kg": 0.0738306874368
    },
    "Ettringite": {
      "moles": 0.0034173,
      "mass_kg": 0.0042887114999999995
    },
    "Hydrotalcite": {
      "moles": 0.01829577,
      "mass_kg": 0.00810502611
    }
  },
  "pH": 8.5,
  "pe": 4.0,
  "Eh": 0.24,
  "system_mass_kg": 0.12832814103940002,
  "input_composition": {
    "Ca": 0.25725158,
    "Si": 1.4628224,
    "Al": 0.5493143,
    "Fe": 0.10426819,
    "Mg": 0.0609859,
    "K": 0.073277,
    "Na": 0.08159744,
    "S": 0.0205038,
    "O": 11.07082115,
    "H": 13.32202445,
    "C": 0.02330214
  },
  "execution_time": 1.0967254638671875e-05,
  "mix_id": "MIX_2231",
  "input_file": "/teamspace/studios/this_studio/inputs/generated/MIX_2231.inp"
}