{
  "converged": true,
  "method": "simplified_thermodynamic_model",
  "note": "Using simplified model until Cemdata18 integration complete",
  "temperature_K": 298.15,
  "pressure_bar": 1.01325,
  "CO2_fraction": 0.3,
  "pCO2_bar": 0.303975,
  "phases": {
    "Calcite": {
      "moles": 0.0137080262025,
      "mass_kg": 0.0013720363426082249
    },
    "C-S-H_1.0": {
      "moles": 0.6342357037975,
      "mass_kg": 0.10782006964557501
    },
    "Silica_gel": {
      "moles": 0.7645812562025,
      "mass_kg": 0.045936041872646195
    },
    "Ettringite": {
      "moles": 0.020503801666666665,
      "mass_kg": 0.02573227109166666
    },
    "Hydrotalcite": {
      "moles": 0.043015155,
      "mass_kg": 0.019055713665
    }
  },
  "pH": 8.980125000000001,
  "pe": 4.0,
  "Eh": 0.24,
  "system_mass_kg": 0.1999161326174961,
  "input_composition": {
    "Ca": 0.64794373,
    "Si": 1.39881696,
    "Al": 0.61016091,
    "Fe": 0.07706518,
    "Mg": 0.14338385,
    "K": 0.06410463,
    "Na": 0.08422021,
    "S": 0.12302281,
    "O": 10.59444329,
    "H": 10.99067013,
    "C": 0.01803836
  },
  "execution_time": 8.58306884765625e-06,
  "mix_id": "MIX_2756",
  "input_file": "/teamspace/studios/this_studio/inputs/generated/MIX_2756.inp"
}