{
  "converged": true,
  "method": "simplified_thermodynamic_model",
  "note": "Using simplified model until Cemdata18 integration complete",
  "temperature_K": 298.15,
  "pressure_bar": 1.01325,
  "CO2_fraction": 0.35,
  "pCO2_bar": 0.3546375,
  "phases": {
    "Calcite": {
      "moles": 0.018077096874374997,
      "mass_kg": 0.0018093366261561934
    },
    "C-S-H_1.0": {
      "moles": 0.32712435312562504,
      "mass_kg": 0.05561114003135626
    },
    "Silica_gel": {
      "moles": 1.0372863168743751,
      "mass_kg": 0.06232016191781246
    },
    "Ettringite": {
      "moles": 0.00854325,
      "mass_kg": 0.010721778749999999
    },
    "Hydrotalcite": {
      "moles": 0.024726828,
      "mass_kg": 0.010953984804
    }
  },
  "pH": 8.7268125,
  "pe": 4.0,
  "Eh": 0.24,
  "system_mass_kg": 0.1414164021293249,
  "input_composition": {
    "Ca": 0.34520145,
    "Si": 1.36441067,
    "Al": 0.54532455,
    "Fe": 0.08681919,
    "Mg": 0.08242276,
    "K": 0.06777358,
    "Na": 0.08159744,
    "S": 0.0512595,
    "O": 11.03491616,
    "H": 13.32202445,
    "C": 0.02038938
  },
  "execution_time": 1.52587890625e-05,
  "mix_id": "MIX_1879",
  "input_file": "/teamspace/studios/this_studio/inputs/generated/MIX_1879.inp"
}