{
  "converged": true,
  "method": "simplified_thermodynamic_model",
  "note": "Using simplified model until Cemdata18 integration complete",
  "temperature_K": 298.15,
  "pressure_bar": 1.01325,
  "CO2_fraction": 0.2,
  "pCO2_bar": 0.20265,
  "phases": {
    "Calcite": {
      "moles": 0.0036482978175,
      "mass_kg": 0.000365158128553575
    },
    "C-S-H_1.0": {
      "moles": 0.1414190521825,
      "mass_kg": 0.024041238871025
    },
    "Silica_gel": {
      "moles": 1.0678680078175,
      "mass_kg": 0.0641575099096754
    },
    "Ettringite": {
      "moles": 0.002562975,
      "mass_kg": 0.0032165336249999994
    },
    "Hydrotalcite": {
      "moles": 0.013941405,
      "mass_kg": 0.006176042415
    }
  },
  "pH": 9.48675,
  "pe": 4.0,
  "Eh": 0.24,
  "system_mass_kg": 0.09795648294925398,
  "input_composition": {
    "Ca": 0.14506735,
    "Si": 1.20928706,
    "Al": 0.47583348,
    "Fe": 0.07621603,
    "Mg": 0.04647135,
    "K": 0.06502187,
    "Na": 0.06752836,
    "S": 0.01537785,
    "O": 5.89635241,
    "H": 4.6627086,
    "C": 0.00720118
  },
  "execution_time": 9.059906005859375e-06,
  "mix_id": "MIX_0825",
  "input_file": "/teamspace/studios/this_studio/inputs/generated/MIX_0825.inp"
}