{
  "converged": true,
  "method": "simplified_thermodynamic_model",
  "note": "Using simplified model until Cemdata18 integration complete",
  "temperature_K": 298.15,
  "pressure_bar": 1.01325,
  "CO2_fraction": 0.0,
  "pCO2_bar": 0.0,
  "phases": {
    "C-S-H_1.0": {
      "moles": 0.98000264,
      "mass_kg": 0.16660044880000002
    },
    "Silica_gel": {
      "moles": 0.46148318999999993,
      "mass_kg": 0.027725910055199997
    },
    "Ettringite": {
      "moles": 0.034173003333333334,
      "mass_kg": 0.04288711918333333
    },
    "Hydrotalcite": {
      "moles": 0.063447168,
      "mass_kg": 0.028107095424
    }
  },
  "pH": 10.5,
  "pe": 4.0,
  "Eh": 0.24,
  "system_mass_kg": 0.26532057346253335,
  "input_composition": {
    "Ca": 0.98000264,
    "Si": 1.44148583,
    "Al": 0.67366736,
    "Fe": 0.06149484,
    "Mg": 0.21149056,
    "K": 0.05860121,
    "Na": 0.16646526,
    "S": 0.20503802,
    "O": 17.22857622,
    "H": 22.64744156,
    "C": 0.0
  },
  "execution_time": 1.2636184692382812e-05,
  "mix_id": "MIX_3706",
  "input_file": "/teamspace/studios/this_studio/inputs/generated/MIX_3706.inp"
}