{
  "converged": true,
  "method": "simplified_thermodynamic_model",
  "note": "Using simplified model until Cemdata18 integration complete",
  "temperature_K": 298.15,
  "pressure_bar": 1.01325,
  "CO2_fraction": 0.35,
  "pCO2_bar": 0.3546375,
  "phases": {
    "Calcite": {
      "moles": 0.017968010379375,
      "mass_kg": 0.0017984181588716437
    },
    "C-S-H_1.0": {
      "moles": 0.415183309620625,
      "mass_kg": 0.07058116263550625
    },
    "Silica_gel": {
      "moles": 0.8365009303793749,
      "mass_kg": 0.05025697589719284
    },
    "Ettringite": {
      "moles": 0.013669201666666667,
      "mass_kg": 0.017154848091666664
    },
    "Hydrotalcite": {
      "moles": 0.031157888999999998,
      "mass_kg": 0.013802944826999999
    }
  },
  "pH": 8.7268125,
  "pe": 4.0,
  "Eh": 0.24,
  "system_mass_kg": 0.1535943496102374,
  "input_composition": {
    "Ca": 0.43315132,
    "Si": 1.25168424,
    "Al": 0.5413348,
    "Fe": 0.06937019,
    "Mg": 0.10385963,
    "K": 0.06227016,
    "Na": 0.05384321,
    "S": 0.08201521,
    "O": 10.9620841,
    "H": 13.32202441,
    "C": 0.02026634
  },
  "execution_time": 1.1682510375976562e-05,
  "mix_id": "MIX_1539",
  "input_file": "/teamspace/studios/this_studio/inputs/generated/MIX_1539.inp"
}