{
  "converged": true,
  "method": "simplified_thermodynamic_model",
  "note": "Using simplified model until Cemdata18 integration complete",
  "temperature_K": 298.15,
  "pressure_bar": 1.01325,
  "CO2_fraction": 0.35,
  "pCO2_bar": 0.3546375,
  "phases": {
    "Calcite": {
      "moles": 0.025361555040937497,
      "mass_kg": 0.002538438044047434
    },
    "C-S-H_1.0": {
      "moles": 0.5442083649590624,
      "mass_kg": 0.09251542204304063
    },
    "Silica_gel": {
      "moles": 1.3699180750409377,
      "mass_kg": 0.08230467794845954
    },
    "Ettringite": {
      "moles": 0.010251901666666667,
      "mass_kg": 0.012866136591666666
    },
    "Hydrotalcite": {
      "moles": 0.033435555,
      "mass_kg": 0.014811950865
    }
  },
  "pH": 8.7268125,
  "pe": 4.0,
  "Eh": 0.24,
  "system_mass_kg": 0.20503662549221427,
  "input_composition": {
    "Ca": 0.56956992,
    "Si": 1.91412644,
    "Al": 0.69228619,
    "Fe": 0.14292352,
    "Mg": 0.11145185,
    "K": 0.08428383,
    "Na": 0.19241863,
    "S": 0.06151141,
    "O": 15.46760299,
    "H": 18.65083419,
    "C": 0.02860561
  },
  "execution_time": 1.0013580322265625e-05,
  "mix_id": "MIX_4573",
  "input_file": "/teamspace/studios/this_studio/inputs/generated/MIX_4573.inp"
}