{
  "converged": true,
  "method": "simplified_thermodynamic_model",
  "note": "Using simplified model until Cemdata18 integration complete",
  "temperature_K": 298.15,
  "pressure_bar": 1.01325,
  "CO2_fraction": 0.3,
  "pCO2_bar": 0.303975,
  "phases": {
    "Calcite": {
      "moles": 0.012352350898125,
      "mass_kg": 0.0012363468013933312
    },
    "C-S-H_1.0": {
      "moles": 0.30353247910187503,
      "mass_kg": 0.05160052144731876
    },
    "Silica_gel": {
      "moles": 1.077582160898125,
      "mass_kg": 0.06474113622675935
    },
    "Ettringite": {
      "moles": 0.0068346,
      "mass_kg": 0.008577422999999999
    },
    "Hydrotalcite": {
      "moles": 0.022583142,
      "mass_kg": 0.010004331906
    }
  },
  "pH": 8.980125000000001,
  "pe": 4.0,
  "Eh": 0.24,
  "system_mass_kg": 0.13615975938147146,
  "input_composition": {
    "Ca": 0.31588483,
    "Si": 1.38111464,
    "Al": 0.54665447,
    "Fe": 0.09263552,
    "Mg": 0.07527714,
    "K": 0.06960805,
    "Na": 0.05038186,
    "S": 0.0410076,
    "O": 9.98971321,
    "H": 11.32372071,
    "C": 0.01625443
  },
  "execution_time": 1.71661376953125e-05,
  "mix_id": "MIX_1970",
  "input_file": "/teamspace/studios/this_studio/inputs/generated/MIX_1970.inp"
}