{
  "converged": true,
  "method": "simplified_thermodynamic_model",
  "note": "Using simplified model until Cemdata18 integration complete",
  "temperature_K": 298.15,
  "pressure_bar": 1.01325,
  "CO2_fraction": 0.2,
  "pCO2_bar": 0.20265,
  "phases": {
    "Calcite": {
      "moles": 0.0038391941175,
      "mass_kg": 0.000384264939220575
    },
    "C-S-H_1.0": {
      "moles": 0.1412281558825,
      "mass_kg": 0.024008786500025005
    },
    "Silica_gel": {
      "moles": 1.0698813441175001,
      "mass_kg": 0.06427847115457941
    },
    "Ettringite": {
      "moles": 0.002562975,
      "mass_kg": 0.0032165336249999994
    },
    "Hydrotalcite": {
      "moles": 0.013941405,
      "mass_kg": 0.006176042415
    }
  },
  "pH": 9.48675,
  "pe": 4.0,
  "Eh": 0.24,
  "system_mass_kg": 0.09806409863382498,
  "input_composition": {
    "Ca": 0.14506735,
    "Si": 1.2111095,
    "Al": 0.47583348,
    "Fe": 0.07621603,
    "Mg": 0.04647135,
    "K": 0.06502187,
    "Na": 0.07106182,
    "S": 0.01537785,
    "O": 6.40209355,
    "H": 5.66186043,
    "C": 0.00757798
  },
  "execution_time": 0.00010919570922851562,
  "mix_id": "MIX_0826",
  "input_file": "/teamspace/studios/this_studio/inputs/generated/MIX_0826.inp"
}