{
  "converged": true,
  "method": "simplified_thermodynamic_model",
  "note": "Using simplified model until Cemdata18 integration complete",
  "temperature_K": 298.15,
  "pressure_bar": 1.01325,
  "CO2_fraction": 0.15,
  "pCO2_bar": 0.1519875,
  "phases": {
    "Calcite": {
      "moles": 0.0028759302731249997,
      "mass_kg": 0.0002878518610370812
    },
    "C-S-H_1.0": {
      "moles": 0.283692279726875,
      "mass_kg": 0.04822768755356875
    },
    "Silica_gel": {
      "moles": 1.128441020273125,
      "mass_kg": 0.06779673649800935
    },
    "Ettringite": {
      "moles": 0.00512595,
      "mass_kg": 0.006433067249999999
    },
    "Hydrotalcite": {
      "moles": 0.020439455999999998,
      "mass_kg": 0.009054679008
    }
  },
  "pH": 9.7400625,
  "pe": 4.0,
  "Eh": 0.24,
  "system_mass_kg": 0.13180002217061518,
  "input_composition": {
    "Ca": 0.28656821,
    "Si": 1.4121333,
    "Al": 0.54798438,
    "Fe": 0.09845186,
    "Mg": 0.06813152,
    "K": 0.07144252,
    "Na": 0.04692051,
    "S": 0.0307557,
    "O": 8.97791559,
    "H": 9.32541712,
    "C": 0.00756886
  },
  "execution_time": 9.298324584960938e-06,
  "mix_id": "MIX_2033",
  "input_file": "/teamspace/studios/this_studio/inputs/generated/MIX_2033.inp"
}