{
  "converged": true,
  "method": "simplified_thermodynamic_model",
  "note": "Using simplified model until Cemdata18 integration complete",
  "temperature_K": 298.15,
  "pressure_bar": 1.01325,
  "CO2_fraction": 0.3,
  "pCO2_bar": 0.303975,
  "phases": {
    "Calcite": {
      "moles": 0.007827774215625,
      "mass_kg": 0.0007834819212419062
    },
    "C-S-H_1.0": {
      "moles": 0.122581265784375,
      "mass_kg": 0.020838815183343753
    },
    "Silica_gel": {
      "moles": 1.109971204215625,
      "mass_kg": 0.06668706994927474
    },
    "Ettringite": {
      "moles": 0.00170865,
      "mass_kg": 0.0021443557499999997
    },
    "Hydrotalcite": {
      "moles": 0.012869562,
      "mass_kg": 0.0057012159659999995
    }
  },
  "pH": 8.980125000000001,
  "pe": 4.0,
  "Eh": 0.24,
  "system_mass_kg": 0.0961549387698604,
  "input_composition": {
    "Ca": 0.13040904,
    "Si": 1.23255247,
    "Al": 0.47649844,
    "Fe": 0.07912419,
    "Mg": 0.04289854,
    "K": 0.06593911,
    "Na": 0.08083566,
    "S": 0.0102519,
    "O": 5.42836901,
    "H": 3.66355671,
    "C": 0.01030055
  },
  "execution_time": 1.049041748046875e-05,
  "mix_id": "MIX_0972",
  "input_file": "/teamspace/studios/this_studio/inputs/generated/MIX_0972.inp"
}