{
  "converged": true,
  "method": "simplified_thermodynamic_model",
  "note": "Using simplified model until Cemdata18 integration complete",
  "temperature_K": 298.15,
  "pressure_bar": 1.01325,
  "CO2_fraction": 0.35,
  "pCO2_bar": 0.3546375,
  "phases": {
    "Calcite": {
      "moles": 0.0105882788484375,
      "mass_kg": 0.0010597808299401094
    },
    "C-S-H_1.0": {
      "moles": 0.1637957011515625,
      "mass_kg": 0.02784526919576563
    },
    "Silica_gel": {
      "moles": 1.0108650088484374,
      "mass_kg": 0.06073276973161412
    },
    "Ettringite": {
      "moles": 0.004271625,
      "mass_kg": 0.0053608893749999996
    },
    "Hydrotalcite": {
      "moles": 0.016085091,
      "mass_kg": 0.007125695313
    }
  },
  "pH": 8.7268125,
  "pe": 4.0,
  "Eh": 0.24,
  "system_mass_kg": 0.10212440444531987,
  "input_composition": {
    "Ca": 0.17438398,
    "Si": 1.17466071,
    "Al": 0.47450356,
    "Fe": 0.07039969,
    "Mg": 0.05361697,
    "K": 0.0631874,
    "Na": 0.0639949,
    "S": 0.02562975,
    "O": 5.39082134,
    "H": 3.66355677,
    "C": 0.01194265
  },
  "execution_time": 0.0001995563507080078,
  "mix_id": "MIX_0648",
  "input_file": "/teamspace/studios/this_studio/inputs/generated/MIX_0648.inp"
}