{
  "converged": true,
  "method": "simplified_thermodynamic_model",
  "note": "Using simplified model until Cemdata18 integration complete",
  "temperature_K": 298.15,
  "pressure_bar": 1.01325,
  "CO2_fraction": 0.3,
  "pCO2_bar": 0.303975,
  "phases": {
    "Calcite": {
      "moles": 0.019990064744999998,
      "mass_kg": 0.00200080558032705
    },
    "C-S-H_1.0": {
      "moles": 0.490946605255,
      "mass_kg": 0.08346092289335001
    },
    "Silica_gel": {
      "moles": 1.431597114745,
      "mass_kg": 0.0860103546538796
    },
    "Ettringite": {
      "moles": 0.0068346,
      "mass_kg": 0.008577422999999999
    },
    "Hydrotalcite": {
      "moles": 0.029148182999999998,
      "mass_kg": 0.012912645068999999
    }
  },
  "pH": 8.980125000000001,
  "pe": 4.0,
  "Eh": 0.24,
  "system_mass_kg": 0.19296215119655666,
  "input_composition": {
    "Ca": 0.51093667,
    "Si": 1.92254372,
    "Al": 0.69494602,
    "Fe": 0.15455619,
    "Mg": 0.09716061,
    "K": 0.08795278,
    "Na": 0.081534,
    "S": 0.0410076,
    "O": 17.31153477,
    "H": 22.64744155,
    "C": 0.02630488
  },
  "execution_time": 1.5020370483398438e-05,
  "mix_id": "MIX_4658",
  "input_file": "/teamspace/studios/this_studio/inputs/generated/MIX_4658.inp"
}