{
  "converged": true,
  "method": "simplified_thermodynamic_model",
  "note": "Using simplified model until Cemdata18 integration complete",
  "temperature_K": 298.15,
  "pressure_bar": 1.01325,
  "CO2_fraction": 0.15,
  "pCO2_bar": 0.1519875,
  "phases": {
    "Calcite": {
      "moles": 0.005454747781875,
      "mass_kg": 0.0005459657054878687
    },
    "C-S-H_1.0": {
      "moles": 0.5641151722181249,
      "mass_kg": 0.09589957927708125
    },
    "Silica_gel": {
      "moles": 1.319908217781875,
      "mass_kg": 0.07930008572433506
    },
    "Ettringite": {
      "moles": 0.010251901666666667,
      "mass_kg": 0.012866136591666666
    },
    "Hydrotalcite": {
      "moles": 0.033435555,
      "mass_kg": 0.014811950865
    }
  },
  "pH": 9.7400625,
  "pe": 4.0,
  "Eh": 0.24,
  "system_mass_kg": 0.20342371816357083,
  "input_composition": {
    "Ca": 0.56956992,
    "Si": 1.88402339,
    "Al": 0.69228619,
    "Fe": 0.14292352,
    "Mg": 0.11145185,
    "K": 0.08428383,
    "Na": 0.13405294,
    "S": 0.06151141,
    "O": 19.34632168,
    "H": 26.64404877,
    "C": 0.01435578
  },
  "execution_time": 1.6689300537109375e-05,
  "mix_id": "MIX_4503",
  "input_file": "/teamspace/studios/this_studio/inputs/generated/MIX_4503.inp"
}