{
  "converged": true,
  "method": "simplified_thermodynamic_model",
  "note": "Using simplified model until Cemdata18 integration complete",
  "temperature_K": 298.15,
  "pressure_bar": 1.01325,
  "CO2_fraction": 0.15,
  "pCO2_bar": 0.1519875,
  "phases": {
    "Calcite": {
      "moles": 0.0045731974837499995,
      "mass_kg": 0.00045773133614853746
    },
    "C-S-H_1.0": {
      "moles": 0.8581629525162501,
      "mass_kg": 0.14588770192776251
    },
    "Silica_gel": {
      "moles": 0.6671633474837498,
      "mass_kg": 0.04008317391682369
    },
    "Ettringite": {
      "moles": 0.027338403333333334,
      "mass_kg": 0.03430969618333333
    },
    "Hydrotalcite": {
      "moles": 0.054872421,
      "mass_kg": 0.024308482503
    }
  },
  "pH": 9.7400625,
  "pe": 4.0,
  "Eh": 0.24,
  "system_mass_kg": 0.24504678586706807,
  "input_composition": {
    "Ca": 0.86273615,
    "Si": 1.5253263,
    "Al": 0.67898703,
    "Fe": 0.08476018,
    "Mg": 0.18290807,
    "K": 0.06593911,
    "Na": 0.0746113,
    "S": 0.16403042,
    "O": 15.15377259,
    "H": 18.65083414,
    "C": 0.01203572
  },
  "execution_time": 8.344650268554688e-06,
  "mix_id": "MIX_3937",
  "input_file": "/teamspace/studios/this_studio/inputs/generated/MIX_3937.inp"
}