{
  "converged": true,
  "method": "simplified_thermodynamic_model",
  "note": "Using simplified model until Cemdata18 integration complete",
  "temperature_K": 298.15,
  "pressure_bar": 1.01325,
  "CO2_fraction": 0.25,
  "pCO2_bar": 0.2533125,
  "phases": {
    "Calcite": {
      "moles": 0.0086300972296875,
      "mass_kg": 0.0008637864317194218
    },
    "C-S-H_1.0": {
      "moles": 0.4245212227703125,
      "mass_kg": 0.07216860787095314
    },
    "Silica_gel": {
      "moles": 0.8387722372296875,
      "mass_kg": 0.050393436012759626
    },
    "Ettringite": {
      "moles": 0.013669201666666667,
      "mass_kg": 0.017154848091666664
    },
    "Hydrotalcite": {
      "moles": 0.031157888999999998,
      "mass_kg": 0.013802944826999999
    }
  },
  "pH": 9.2334375,
  "pe": 4.0,
  "Eh": 0.24,
  "system_mass_kg": 0.15438362323409885,
  "input_composition": {
    "Ca": 0.43315132,
    "Si": 1.26329346,
    "Al": 0.5413348,
    "Fe": 0.06937019,
    "Mg": 0.10385963,
    "K": 0.06227016,
    "Na": 0.07635189,
    "S": 0.08201521,
    "O": 9.98412754,
    "H": 11.32372072,
    "C": 0.01362759
  },
  "execution_time": 1.0013580322265625e-05,
  "mix_id": "MIX_1510",
  "input_file": "/teamspace/studios/this_studio/inputs/generated/MIX_1510.inp"
}