{
  "converged": true,
  "method": "simplified_thermodynamic_model",
  "note": "Using simplified model until Cemdata18 integration complete",
  "temperature_K": 298.15,
  "pressure_bar": 1.01325,
  "CO2_fraction": 0.15,
  "pCO2_bar": 0.1519875,
  "phases": {
    "Calcite": {
      "moles": 0.0043610381325,
      "mass_kg": 0.000436496306681925
    },
    "C-S-H_1.0": {
      "moles": 0.2917832218675,
      "mass_kg": 0.049603147717475
    },
    "Silica_gel": {
      "moles": 1.4939394681325,
      "mass_kg": 0.0897558832454006
    },
    "Hydrotalcite": {
      "moles": 0.017290917,
      "mass_kg": 0.007659876231
    }
  },
  "pH": 9.7400625,
  "pe": 4.0,
  "Eh": 0.24,
  "system_mass_kg": 0.14745540350055752,
  "input_composition": {
    "Ca": 0.29614426,
    "Si": 1.78572269,
    "Al": 0.62611991,
    "Fe": 0.1468612,
    "Mg": 0.05763639,
    "K": 0.08611831,
    "Na": 0.07114995,
    "S": 0.0,
    "O": 15.17780487,
    "H": 19.98303666,
    "C": 0.01147736
  },
  "execution_time": 9.059906005859375e-06,
  "mix_id": "MIX_3603",
  "input_file": "/teamspace/studios/this_studio/inputs/generated/MIX_3603.inp"
}