{
  "converged": true,
  "method": "simplified_thermodynamic_model",
  "note": "Using simplified model until Cemdata18 integration complete",
  "temperature_K": 298.15,
  "pressure_bar": 1.01325,
  "CO2_fraction": 0.3,
  "pCO2_bar": 0.303975,
  "phases": {
    "Calcite": {
      "moles": 0.009067711038749999,
      "mass_kg": 0.0009075871978684874
    },
    "C-S-H_1.0": {
      "moles": 0.12134132896125001,
      "mass_kg": 0.020628025923412504
    },
    "Silica_gel": {
      "moles": 1.1079925710387502,
      "mass_kg": 0.0665681936680081
    },
    "Ettringite": {
      "moles": 0.00170865,
      "mass_kg": 0.0021443557499999997
    },
    "Hydrotalcite": {
      "moles": 0.012869562,
      "mass_kg": 0.0057012159659999995
    }
  },
  "pH": 8.980125000000001,
  "pe": 4.0,
  "Eh": 0.24,
  "system_mass_kg": 0.09594937850528909,
  "input_composition": {
    "Ca": 0.13040904,
    "Si": 1.2293339,
    "Al": 0.47649844,
    "Fe": 0.07912419,
    "Mg": 0.04289854,
    "K": 0.06593911,
    "Na": 0.07459528,
    "S": 0.0102519,
    "O": 6.92080271,
    "H": 6.66101226,
    "C": 0.01193218
  },
  "execution_time": 1.0013580322265625e-05,
  "mix_id": "MIX_0971",
  "input_file": "/teamspace/studios/this_studio/inputs/generated/MIX_0971.inp"
}