{
  "converged": true,
  "method": "simplified_thermodynamic_model",
  "note": "Using simplified model until Cemdata18 integration complete",
  "temperature_K": 298.15,
  "pressure_bar": 1.01325,
  "CO2_fraction": 0.2,
  "pCO2_bar": 0.20265,
  "phases": {
    "Calcite": {
      "moles": 0.00822987487875,
      "mass_kg": 0.0008237281766140874
    },
    "C-S-H_1.0": {
      "moles": 0.97177276512125,
      "mass_kg": 0.1652013700706125
    },
    "Silica_gel": {
      "moles": 0.46242330487875005,
      "mass_kg": 0.027782392157115303
    },
    "Ettringite": {
      "moles": 0.034173003333333334,
      "mass_kg": 0.04288711918333333
    },
    "Hydrotalcite": {
      "moles": 0.063447168,
      "mass_kg": 0.028107095424
    }
  },
  "pH": 9.48675,
  "pe": 4.0,
  "Eh": 0.24,
  "system_mass_kg": 0.2648017050116752,
  "input_composition": {
    "Ca": 0.98000264,
    "Si": 1.43419607,
    "Al": 0.67366736,
    "Fe": 0.06149484,
    "Mg": 0.21149056,
    "K": 0.05860121,
    "Na": 0.15233141,
    "S": 0.20503802,
    "O": 15.24111515,
    "H": 18.65083423,
    "C": 0.01624451
  },
  "execution_time": 1.33514404296875e-05,
  "mix_id": "MIX_3737",
  "input_file": "/teamspace/studios/this_studio/inputs/generated/MIX_3737.inp"
}