{
  "converged": true,
  "method": "simplified_thermodynamic_model",
  "note": "Using simplified model until Cemdata18 integration complete",
  "temperature_K": 298.15,
  "pressure_bar": 1.01325,
  "CO2_fraction": 0.35,
  "pCO2_bar": 0.3546375,
  "phases": {
    "Calcite": {
      "moles": 0.01103748930375,
      "mass_kg": 0.0011047423044123375
    },
    "C-S-H_1.0": {
      "moles": 0.19266311069625,
      "mass_kg": 0.032752728818362505
    },
    "Silica_gel": {
      "moles": 0.93324630930375,
      "mass_kg": 0.0560694382629693
    },
    "Ettringite": {
      "moles": 0.005980275,
      "mass_kg": 0.007505245125
    },
    "Hydrotalcite": {
      "moles": 0.01822878,
      "mass_kg": 0.00807534954
    }
  },
  "pH": 8.7268125,
  "pe": 4.0,
  "Eh": 0.24,
  "system_mass_kg": 0.10550750405074415,
  "input_composition": {
    "Ca": 0.2037006,
    "Si": 1.12590942,
    "Al": 0.47317365,
    "Fe": 0.06458336,
    "Mg": 0.0607626,
    "K": 0.06135292,
    "Na": 0.03307511,
    "S": 0.03588165,
    "O": 5.83402943,
    "H": 4.66270853,
    "C": 0.01244932
  },
  "execution_time": 1.1205673217773438e-05,
  "mix_id": "MIX_0417",
  "input_file": "/teamspace/studios/this_studio/inputs/generated/MIX_0417.inp"
}