{
  "converged": true,
  "method": "simplified_thermodynamic_model",
  "note": "Using simplified model until Cemdata18 integration complete",
  "temperature_K": 298.15,
  "pressure_bar": 1.01325,
  "CO2_fraction": 0.4,
  "pCO2_bar": 0.4053,
  "phases": {
    "Calcite": {
      "moles": 0.01590957,
      "mass_kg": 0.0015923888613000002
    },
    "C-S-H_1.0": {
      "moles": 0.18779103,
      "mass_kg": 0.0319244751
    },
    "Silica_gel": {
      "moles": 0.95953309,
      "mass_kg": 0.0576487480472
    },
    "Ettringite": {
      "moles": 0.005980275,
      "mass_kg": 0.007505245125
    },
    "Hydrotalcite": {
      "moles": 0.01822878,
      "mass_kg": 0.00807534954
    }
  },
  "pH": 8.5,
  "pe": 4.0,
  "Eh": 0.24,
  "system_mass_kg": 0.1067462066735,
  "input_composition": {
    "Ca": 0.2037006,
    "Si": 1.14732412,
    "Al": 0.47317365,
    "Fe": 0.06458336,
    "Mg": 0.0607626,
    "K": 0.06135292,
    "Na": 0.07459528,
    "S": 0.03588165,
    "O": 6.90369129,
    "H": 6.66101226,
    "C": 0.01590957
  },
  "execution_time": 1.0013580322265625e-05,
  "mix_id": "MIX_0443",
  "input_file": "/teamspace/studios/this_studio/inputs/generated/MIX_0443.inp"
}