{
  "converged": true,
  "method": "simplified_thermodynamic_model",
  "note": "Using simplified model until Cemdata18 integration complete",
  "temperature_K": 298.15,
  "pressure_bar": 1.01325,
  "CO2_fraction": 0.2,
  "pCO2_bar": 0.20265,
  "phases": {
    "Calcite": {
      "moles": 0.0089934752775,
      "mass_kg": 0.0009001569405249749
    },
    "C-S-H_1.0": {
      "moles": 0.7364761747224999,
      "mass_kg": 0.125200949702825
    },
    "Silica_gel": {
      "moles": 0.9674409352775,
      "mass_kg": 0.0581238513914722
    },
    "Ettringite": {
      "moles": 0.020503801666666665,
      "mass_kg": 0.02573227109166666
    },
    "Hydrotalcite": {
      "moles": 0.046297674,
      "mass_kg": 0.020509869582
    }
  },
  "pH": 9.48675,
  "pe": 4.0,
  "Eh": 0.24,
  "system_mass_kg": 0.23046709870848883,
  "input_composition": {
    "Ca": 0.74546965,
    "Si": 1.70391711,
    "Al": 0.68430669,
    "Fe": 0.10802551,
    "Mg": 0.15432558,
    "K": 0.073277,
    "Na": 0.16646526,
    "S": 0.12302281,
    "O": 17.34429158,
    "H": 22.64744156,
    "C": 0.01775174
  },
  "execution_time": 1.1682510375976562e-05,
  "mix_id": "MIX_4186",
  "input_file": "/teamspace/studios/this_studio/inputs/generated/MIX_4186.inp"
}