{
  "converged": true,
  "method": "simplified_thermodynamic_model",
  "note": "Using simplified model until Cemdata18 integration complete",
  "temperature_K": 298.15,
  "pressure_bar": 1.01325,
  "CO2_fraction": 0.0,
  "pCO2_bar": 0.0,
  "phases": {
    "C-S-H_1.0": {
      "moles": 0.62820316,
      "mass_kg": 0.10679453720000001
    },
    "Silica_gel": {
      "moles": 1.18480146,
      "mass_kg": 0.0711828717168
    },
    "Ettringite": {
      "moles": 0.013669201666666667,
      "mass_kg": 0.017154848091666664
    },
    "Hydrotalcite": {
      "moles": 0.037722929999999995,
      "mass_kg": 0.01671125799
    }
  },
  "pH": 10.5,
  "pe": 4.0,
  "Eh": 0.24,
  "system_mass_kg": 0.21184351499846668,
  "input_composition": {
    "Ca": 0.62820316,
    "Si": 1.81300462,
    "Al": 0.68962636,
    "Fe": 0.13129085,
    "Mg": 0.1257431,
    "K": 0.08061489,
    "Na": 0.12356184,
    "S": 0.08201521,
    "O": 17.28318606,
    "H": 22.64744153,
    "C": 0.0
  },
  "execution_time": 8.58306884765625e-06,
  "mix_id": "MIX_4374",
  "input_file": "/teamspace/studios/this_studio/inputs/generated/MIX_4374.inp"
}