{
  "converged": true,
  "method": "simplified_thermodynamic_model",
  "note": "Using simplified model until Cemdata18 integration complete",
  "temperature_K": 298.15,
  "pressure_bar": 1.01325,
  "CO2_fraction": 0.35,
  "pCO2_bar": 0.3546375,
  "phases": {
    "Calcite": {
      "moles": 0.022144434361875,
      "mass_kg": 0.0022164364352800685
    },
    "C-S-H_1.0": {
      "moles": 0.27399982563812497,
      "mass_kg": 0.04657997035848125
    },
    "Silica_gel": {
      "moles": 1.526580494361875,
      "mass_kg": 0.09171695610126146
    },
    "Hydrotalcite": {
      "moles": 0.017290917,
      "mass_kg": 0.007659876231
    }
  },
  "pH": 8.7268125,
  "pe": 4.0,
  "Eh": 0.24,
  "system_mass_kg": 0.1481732391260228,
  "input_composition": {
    "Ca": 0.29614426,
    "Si": 1.80058032,
    "Al": 0.62611991,
    "Fe": 0.1468612,
    "Mg": 0.05763639,
    "K": 0.08611831,
    "Na": 0.09995686,
    "S": 0.0,
    "O": 13.75019505,
    "H": 16.9855811,
    "C": 0.02497698
  },
  "execution_time": 9.775161743164062e-06,
  "mix_id": "MIX_3670",
  "input_file": "/teamspace/studios/this_studio/inputs/generated/MIX_3670.inp"
}