{
  "converged": true,
  "method": "simplified_thermodynamic_model",
  "note": "Using simplified model until Cemdata18 integration complete",
  "temperature_K": 298.15,
  "pressure_bar": 1.01325,
  "CO2_fraction": 0.35,
  "pCO2_bar": 0.3546375,
  "phases": {
    "Calcite": {
      "moles": 0.010459944403125,
      "mass_kg": 0.001046935835308781
    },
    "C-S-H_1.0": {
      "moles": 0.222557275596875,
      "mass_kg": 0.03783473685146875
    },
    "Silica_gel": {
      "moles": 0.8696556144031251,
      "mass_kg": 0.05224890931333976
    },
    "Ettringite": {
      "moles": 0.007688925,
      "mass_kg": 0.009649600874999999
    },
    "Hydrotalcite": {
      "moles": 0.020372466000000002,
      "mass_kg": 0.009025002438000002
    }
  },
  "pH": 8.7268125,
  "pe": 4.0,
  "Eh": 0.24,
  "system_mass_kg": 0.1098051853131173,
  "input_composition": {
    "Ca": 0.23301722,
    "Si": 1.09221289,
    "Al": 0.47184373,
    "Fe": 0.05876702,
    "Mg": 0.06790822,
    "K": 0.05951845,
    "Na": 0.03134444,
    "S": 0.04613355,
    "O": 5.32047362,
    "H": 3.6635567,
    "C": 0.0117979
  },
  "execution_time": 1.0728836059570312e-05,
  "mix_id": "MIX_0192",
  "input_file": "/teamspace/studios/this_studio/inputs/generated/MIX_0192.inp"
}