{
  "converged": true,
  "method": "simplified_thermodynamic_model",
  "note": "Using simplified model until Cemdata18 integration complete",
  "temperature_K": 298.15,
  "pressure_bar": 1.01325,
  "CO2_fraction": 0.0,
  "pCO2_bar": 0.0,
  "phases": {
    "C-S-H_1.0": {
      "moles": 0.43315132,
      "mass_kg": 0.0736357244
    },
    "Silica_gel": {
      "moles": 0.8131771799999999,
      "mass_kg": 0.048855684974399995
    },
    "Ettringite": {
      "moles": 0.013669201666666667,
      "mass_kg": 0.017154848091666664
    },
    "Hydrotalcite": {
      "moles": 0.031157888999999998,
      "mass_kg": 0.013802944826999999
    }
  },
  "pH": 10.5,
  "pe": 4.0,
  "Eh": 0.24,
  "system_mass_kg": 0.15344920229306666,
  "input_composition": {
    "Ca": 0.43315132,
    "Si": 1.2463285,
    "Al": 0.5413348,
    "Fe": 0.06937019,
    "Mg": 0.10385963,
    "K": 0.06227016,
    "Na": 0.04345916,
    "S": 0.08201521,
    "O": 7.90819243,
    "H": 7.32711342,
    "C": 0.0
  },
  "execution_time": 1.0728836059570312e-05,
  "mix_id": "MIX_1456",
  "input_file": "/teamspace/studios/this_studio/inputs/generated/MIX_1456.inp"
}