{
  "converged": true,
  "method": "simplified_thermodynamic_model",
  "note": "Using simplified model until Cemdata18 integration complete",
  "temperature_K": 298.15,
  "pressure_bar": 1.01325,
  "CO2_fraction": 0.15,
  "pCO2_bar": 0.1519875,
  "phases": {
    "Calcite": {
      "moles": 0.0034696732415624995,
      "mass_kg": 0.0003472795947479906
    },
    "C-S-H_1.0": {
      "moles": 0.6884489967584374,
      "mass_kg": 0.11703632944893437
    },
    "Silica_gel": {
      "moles": 0.6916448632415625,
      "mass_kg": 0.041554023383553074
    },
    "Ettringite": {
      "moles": 0.023066776666666667,
      "mass_kg": 0.028948804716666665
    },
    "Hydrotalcite": {
      "moles": 0.046230684,
      "mass_kg": 0.020480193012000002
    }
  },
  "pH": 9.7400625,
  "pe": 4.0,
  "Eh": 0.24,
  "system_mass_kg": 0.2083666301559021,
  "input_composition": {
    "Ca": 0.69191867,
    "Si": 1.38009386,
    "Al": 0.60816604,
    "Fe": 0.06834068,
    "Mg": 0.15410228,
    "K": 0.06135292,
    "Na": 0.14332212,
    "S": 0.13840066,
    "O": 10.65210626,
    "H": 10.99067012,
    "C": 0.00913147
  },
  "execution_time": 1.621246337890625e-05,
  "mix_id": "MIX_2604",
  "input_file": "/teamspace/studios/this_studio/inputs/generated/MIX_2604.inp"
}