{
  "converged": true,
  "method": "simplified_thermodynamic_model",
  "note": "Using simplified model until Cemdata18 integration complete",
  "temperature_K": 298.15,
  "pressure_bar": 1.01325,
  "CO2_fraction": 0.25,
  "pCO2_bar": 0.2533125,
  "phases": {
    "Calcite": {
      "moles": 0.010346010773437499,
      "mass_kg": 0.0010355322183133592
    },
    "C-S-H_1.0": {
      "moles": 0.3737481192265625,
      "mass_kg": 0.06353718026851563
    },
    "Silica_gel": {
      "moles": 1.3082071007734375,
      "mass_kg": 0.07859708261446813
    },
    "Ettringite": {
      "moles": 0.00512595,
      "mass_kg": 0.006433067249999999
    },
    "Hydrotalcite": {
      "moles": 0.023721975,
      "mass_kg": 0.010508834925
    }
  },
  "pH": 9.2334375,
  "pe": 4.0,
  "Eh": 0.24,
  "system_mass_kg": 0.16011169727629712,
  "input_composition": {
    "Ca": 0.38409413,
    "Si": 1.68195522,
    "Al": 0.62213016,
    "Fe": 0.12941219,
    "Mg": 0.07907325,
    "K": 0.08061489,
    "Na": 0.06076591,
    "S": 0.0307557,
    "O": 12.14408596,
    "H": 13.9881256,
    "C": 0.01633715
  },
  "execution_time": 1.0013580322265625e-05,
  "mix_id": "MIX_3409",
  "input_file": "/teamspace/studios/this_studio/inputs/generated/MIX_3409.inp"
}