{
  "converged": true,
  "method": "simplified_thermodynamic_model",
  "note": "Using simplified model until Cemdata18 integration complete",
  "temperature_K": 298.15,
  "pressure_bar": 1.01325,
  "CO2_fraction": 0.3,
  "pCO2_bar": 0.303975,
  "phases": {
    "Calcite": {
      "moles": 0.017550065019374998,
      "mass_kg": 0.0017565860077892435
    },
    "C-S-H_1.0": {
      "moles": 0.454493934980625,
      "mass_kg": 0.07726396894670626
    },
    "Silica_gel": {
      "moles": 1.153321135019375,
      "mass_kg": 0.06929153379196405
    },
    "Ettringite": {
      "moles": 0.010251901666666667,
      "mass_kg": 0.012866136591666666
    },
    "Hydrotalcite": {
      "moles": 0.030153035999999998,
      "mass_kg": 0.013357794947999999
    }
  },
  "pH": 8.980125000000001,
  "pe": 4.0,
  "Eh": 0.24,
  "system_mass_kg": 0.17453602028612622,
  "input_composition": {
    "Ca": 0.472044,
    "Si": 1.60781507,
    "Al": 0.61814041,
    "Fe": 0.11196319,
    "Mg": 0.10051012,
    "K": 0.07511147,
    "Na": 0.10782519,
    "S": 0.06151141,
    "O": 15.19704872,
    "H": 19.98303666,
    "C": 0.02309409
  },
  "execution_time": 1.0967254638671875e-05,
  "mix_id": "MIX_3207",
  "input_file": "/teamspace/studios/this_studio/inputs/generated/MIX_3207.inp"
}