{
  "converged": true,
  "method": "simplified_thermodynamic_model",
  "note": "Using simplified model until Cemdata18 integration complete",
  "temperature_K": 298.15,
  "pressure_bar": 1.01325,
  "CO2_fraction": 0.4,
  "pCO2_bar": 0.4053,
  "phases": {
    "Calcite": {
      "moles": 0.02167257,
      "mass_kg": 0.0021692075313
    },
    "C-S-H_1.0": {
      "moles": 0.20626239,
      "mass_kg": 0.0350646063
    },
    "Silica_gel": {
      "moles": 1.27326398,
      "mass_kg": 0.07649769991840001
    },
    "Ettringite": {
      "moles": 0.00170865,
      "mass_kg": 0.0021443557499999997
    },
    "Hydrotalcite": {
      "moles": 0.016152083999999997,
      "mass_kg": 0.007155373211999999
    }
  },
  "pH": 8.5,
  "pe": 4.0,
  "Eh": 0.24,
  "system_mass_kg": 0.12303124271170002,
  "input_composition": {
    "Ca": 0.22793496,
    "Si": 1.47952637,
    "Al": 0.55064422,
    "Fe": 0.11008453,
    "Mg": 0.05384028,
    "K": 0.07511147,
    "Na": 0.05038186,
    "S": 0.0102519,
    "O": 10.03062895,
    "H": 11.32372071,
    "C": 0.02167257
  },
  "execution_time": 1.049041748046875e-05,
  "mix_id": "MIX_2338",
  "input_file": "/teamspace/studios/this_studio/inputs/generated/MIX_2338.inp"
}