{
  "converged": true,
  "method": "simplified_thermodynamic_model",
  "note": "Using simplified model until Cemdata18 integration complete",
  "temperature_K": 298.15,
  "pressure_bar": 1.01325,
  "CO2_fraction": 0.2,
  "pCO2_bar": 0.20265,
  "phases": {
    "Calcite": {
      "moles": 0.0051754884825,
      "mass_kg": 0.0005180146422134249
    },
    "C-S-H_1.0": {
      "moles": 0.19344285151750001,
      "mass_kg": 0.032885284757975
    },
    "Silica_gel": {
      "moles": 1.3423105284825,
      "mass_kg": 0.0806460165512286
    },
    "Hydrotalcite": {
      "moles": 0.014008394999999998,
      "mass_kg": 0.006205718984999999
    }
  },
  "pH": 9.48675,
  "pe": 4.0,
  "Eh": 0.24,
  "system_mass_kg": 0.12025503493641704,
  "input_composition": {
    "Ca": 0.19861834,
    "Si": 1.53575338,
    "Al": 0.55197413,
    "Fe": 0.11590086,
    "Mg": 0.04669465,
    "K": 0.07694594,
    "Na": 0.09579605,
    "S": 0.0,
    "O": 9.08814305,
    "H": 9.32541714,
    "C": 0.01021562
  },
  "execution_time": 7.867813110351562e-06,
  "mix_id": "MIX_2393",
  "input_file": "/teamspace/studios/this_studio/inputs/generated/MIX_2393.inp"
}