{
  "converged": true,
  "method": "simplified_thermodynamic_model",
  "note": "Using simplified model until Cemdata18 integration complete",
  "temperature_K": 298.15,
  "pressure_bar": 1.01325,
  "CO2_fraction": 0.25,
  "pCO2_bar": 0.2533125,
  "phases": {
    "Calcite": {
      "moles": 0.010408819607812498,
      "mass_kg": 0.001041818754545953
    },
    "C-S-H_1.0": {
      "moles": 0.4176602403921875,
      "mass_kg": 0.07100224086667188
    },
    "Silica_gel": {
      "moles": 1.2312442696078123,
      "mass_kg": 0.07397315571803736
    },
    "Ettringite": {
      "moles": 0.007688925,
      "mass_kg": 0.009649600874999999
    },
    "Hydrotalcite": {
      "moles": 0.026937506999999996,
      "mass_kg": 0.011933315600999998
    }
  },
  "pH": 9.2334375,
  "pe": 4.0,
  "Eh": 0.24,
  "system_mass_kg": 0.16760013181525518,
  "input_composition": {
    "Ca": 0.42806906,
    "Si": 1.64890451,
    "Al": 0.62013529,
    "Fe": 0.12068769,
    "Mg": 0.08979169,
    "K": 0.07786318,
    "Na": 0.09208854,
    "S": 0.04613355,
    "O": 12.17721627,
    "H": 13.9881257,
    "C": 0.01643633
  },
  "execution_time": 1.5020370483398438e-05,
  "mix_id": "MIX_3301",
  "input_file": "/teamspace/studios/this_studio/inputs/generated/MIX_3301.inp"
}