{
  "converged": true,
  "method": "simplified_thermodynamic_model",
  "note": "Using simplified model until Cemdata18 integration complete",
  "temperature_K": 298.15,
  "pressure_bar": 1.01325,
  "CO2_fraction": 0.15,
  "pCO2_bar": 0.1519875,
  "phases": {
    "Calcite": {
      "moles": 0.0041997831946875,
      "mass_kg": 0.0004203562999562719
    },
    "C-S-H_1.0": {
      "moles": 0.9171696068053125,
      "mass_kg": 0.15591883315690314
    },
    "Silica_gel": {
      "moles": 0.5753445231946875,
      "mass_kg": 0.034566698953536826
    },
    "Ettringite": {
      "moles": 0.030755703333333332,
      "mass_kg": 0.03859840768333333
    },
    "Hydrotalcite": {
      "moles": 0.059159792999999995,
      "mass_kg": 0.026207788298999998
    }
  },
  "pH": 9.7400625,
  "pe": 4.0,
  "Eh": 0.24,
  "system_mass_kg": 0.2557120843927296,
  "input_composition": {
    "Ca": 0.92136939,
    "Si": 1.49251413,
    "Al": 0.67632719,
    "Fe": 0.07312751,
    "Mg": 0.19719931,
    "K": 0.06227016,
    "Na": 0.13819757,
    "S": 0.18453422,
    "O": 13.23083493,
    "H": 14.65422691,
    "C": 0.01105297
  },
  "execution_time": 9.059906005859375e-06,
  "mix_id": "MIX_3832",
  "input_file": "/teamspace/studios/this_studio/inputs/generated/MIX_3832.inp"
}