{
  "converged": true,
  "method": "simplified_thermodynamic_model",
  "note": "Using simplified model until Cemdata18 integration complete",
  "temperature_K": 298.15,
  "pressure_bar": 1.01325,
  "CO2_fraction": 0.15,
  "pCO2_bar": 0.1519875,
  "phases": {
    "Calcite": {
      "moles": 0.0021333725437499996,
      "mass_kg": 0.00021352925790393745
    },
    "C-S-H_1.0": {
      "moles": 0.20156722745625,
      "mass_kg": 0.0342664286675625
    },
    "Silica_gel": {
      "moles": 0.92523482254375,
      "mass_kg": 0.0555881081384285
    },
    "Ettringite": {
      "moles": 0.005980275,
      "mass_kg": 0.007505245125
    },
    "Hydrotalcite": {
      "moles": 0.01822878,
      "mass_kg": 0.00807534954
    }
  },
  "pH": 9.7400625,
  "pe": 4.0,
  "Eh": 0.24,
  "system_mass_kg": 0.10564866072889494,
  "input_composition": {
    "Ca": 0.2037006,
    "Si": 1.12680205,
    "Al": 0.47317365,
    "Fe": 0.06458336,
    "Mg": 0.0607626,
    "K": 0.06135292,
    "Na": 0.03480579,
    "S": 0.03588165,
    "O": 6.32258652,
    "H": 5.6618604,
    "C": 0.0056146
  },
  "execution_time": 1.0967254638671875e-05,
  "mix_id": "MIX_0354",
  "input_file": "/teamspace/studios/this_studio/inputs/generated/MIX_0354.inp"
}