{
  "converged": true,
  "method": "simplified_thermodynamic_model",
  "note": "Using simplified model until Cemdata18 integration complete",
  "temperature_K": 298.15,
  "pressure_bar": 1.01325,
  "CO2_fraction": 0.2,
  "pCO2_bar": 0.20265,
  "phases": {
    "Calcite": {
      "moles": 0.00479369081625,
      "mass_kg": 0.00047980051379846244
    },
    "C-S-H_1.0": {
      "moles": 0.48699087918375,
      "mass_kg": 0.0827884494612375
    },
    "Silica_gel": {
      "moles": 0.71707852081625,
      "mass_kg": 0.0430820775306403
    },
    "Ettringite": {
      "moles": 0.017086501666666667,
      "mass_kg": 0.021443559591666665
    },
    "Hydrotalcite": {
      "moles": 0.035445261,
      "mass_kg": 0.015702250623
    }
  },
  "pH": 9.48675,
  "pe": 4.0,
  "Eh": 0.24,
  "system_mass_kg": 0.16349613772034294,
  "input_composition": {
    "Ca": 0.49178457,
    "Si": 1.2040694,
    "Al": 0.53867497,
    "Fe": 0.05773752,
    "Mg": 0.11815087,
    "K": 0.05860121,
    "Na": 0.08872912,
    "S": 0.10251901,
    "O": 7.97639592,
    "H": 7.32711348,
    "C": 0.00946201
  },
  "execution_time": 8.821487426757812e-06,
  "mix_id": "MIX_1272",
  "input_file": "/teamspace/studios/this_studio/inputs/generated/MIX_1272.inp"
}