{
  "converged": true,
  "method": "simplified_thermodynamic_model",
  "note": "Using simplified model until Cemdata18 integration complete",
  "temperature_K": 298.15,
  "pressure_bar": 1.01325,
  "CO2_fraction": 0.2,
  "pCO2_bar": 0.20265,
  "phases": {
    "Calcite": {
      "moles": 0.00737578618875,
      "mass_kg": 0.0007382424396319875
    },
    "C-S-H_1.0": {
      "moles": 0.44492763381125,
      "mass_kg": 0.0756376977479125
    },
    "Silica_gel": {
      "moles": 1.53608292618875,
      "mass_kg": 0.09228786220542011
    },
    "Ettringite": {
      "moles": 0.0034173,
      "mass_kg": 0.0042887114999999995
    },
    "Hydrotalcite": {
      "moles": 0.024860808,
      "mass_kg": 0.011013337944000001
    }
  },
  "pH": 9.48675,
  "pe": 4.0,
  "Eh": 0.24,
  "system_mass_kg": 0.1839658518369646,
  "input_composition": {
    "Ca": 0.45230342,
    "Si": 1.98101056,
    "Al": 0.69760586,
    "Fe": 0.16618886,
    "Mg": 0.08286936,
    "K": 0.09162172,
    "Na": 0.0676886,
    "S": 0.0205038,
    "O": 13.29028332,
    "H": 14.65422685,
    "C": 0.01455867
  },
  "execution_time": 8.821487426757812e-06,
  "mix_id": "MIX_4736",
  "input_file": "/teamspace/studios/this_studio/inputs/generated/MIX_4736.inp"
}