{
  "converged": true,
  "method": "simplified_thermodynamic_model",
  "note": "Using simplified model until Cemdata18 integration complete",
  "temperature_K": 298.15,
  "pressure_bar": 1.01325,
  "CO2_fraction": 0.2,
  "pCO2_bar": 0.20265,
  "phases": {
    "Calcite": {
      "moles": 0.00822987487875,
      "mass_kg": 0.0008237281766140874
    },
    "C-S-H_1.0": {
      "moles": 0.5613400451212499,
      "mass_kg": 0.09542780767061249
    },
    "Silica_gel": {
      "moles": 1.3321107648787502,
      "mass_kg": 0.08003321475391531
    },
    "Ettringite": {
      "moles": 0.010251901666666667,
      "mass_kg": 0.012866136591666666
    },
    "Hydrotalcite": {
      "moles": 0.033435555,
      "mass_kg": 0.014811950865
    }
  },
  "pH": 9.48675,
  "pe": 4.0,
  "Eh": 0.24,
  "system_mass_kg": 0.20396283805780854,
  "input_composition": {
    "Ca": 0.56956992,
    "Si": 1.89345081,
    "Al": 0.69228619,
    "Fe": 0.14292352,
    "Mg": 0.11145185,
    "K": 0.08428383,
    "Na": 0.15233141,
    "S": 0.06151141,
    "O": 15.38148595,
    "H": 18.65083423,
    "C": 0.01624451
  },
  "execution_time": 1.2636184692382812e-05,
  "mix_id": "MIX_4521",
  "input_file": "/teamspace/studios/this_studio/inputs/generated/MIX_4521.inp"
}