{
  "converged": true,
  "method": "simplified_thermodynamic_model",
  "note": "Using simplified model until Cemdata18 integration complete",
  "temperature_K": 298.15,
  "pressure_bar": 1.01325,
  "CO2_fraction": 0.35,
  "pCO2_bar": 0.3546375,
  "phases": {
    "Calcite": {
      "moles": 0.027542513604375,
      "mass_kg": 0.0027567301866618936
    },
    "C-S-H_1.0": {
      "moles": 0.952460126395625,
      "mass_kg": 0.16191822148725626
    },
    "Silica_gel": {
      "moles": 0.4890257036043749,
      "mass_kg": 0.029380664272550847
    },
    "Ettringite": {
      "moles": 0.034173003333333334,
      "mass_kg": 0.04288711918333333
    },
    "Hydrotalcite": {
      "moles": 0.063447168,
      "mass_kg": 0.028107095424
    }
  },
  "pH": 8.7268125,
  "pe": 4.0,
  "Eh": 0.24,
  "system_mass_kg": 0.2650498305538023,
  "input_composition": {
    "Ca": 0.98000264,
    "Si": 1.44148583,
    "Al": 0.67366736,
    "Fe": 0.06149484,
    "Mg": 0.21149056,
    "K": 0.05860121,
    "Na": 0.16646526,
    "S": 0.20503802,
    "O": 17.2907073,
    "H": 22.64744156,
    "C": 0.03106554
  },
  "execution_time": 1.3113021850585938e-05,
  "mix_id": "MIX_3786",
  "input_file": "/teamspace/studios/this_studio/inputs/generated/MIX_3786.inp"
}