{
  "converged": true,
  "method": "simplified_thermodynamic_model",
  "note": "Using simplified model until Cemdata18 integration complete",
  "temperature_K": 298.15,
  "pressure_bar": 1.01325,
  "CO2_fraction": 0.25,
  "pCO2_bar": 0.2533125,
  "phases": {
    "Calcite": {
      "moles": 0.012339282506249999,
      "mass_kg": 0.0012350387860505622
    },
    "C-S-H_1.0": {
      "moles": 0.5036796474937499,
      "mass_kg": 0.0856255400739375
    },
    "Silica_gel": {
      "moles": 1.09395593250625,
      "mass_kg": 0.0657248724249755
    },
    "Ettringite": {
      "moles": 0.012814876666666667,
      "mass_kg": 0.016082670216666668
    },
    "Hydrotalcite": {
      "moles": 0.033368564999999996,
      "mass_kg": 0.014782274294999998
    }
  },
  "pH": 9.2334375,
  "pe": 4.0,
  "Eh": 0.24,
  "system_mass_kg": 0.18345039579663022,
  "input_composition": {
    "Ca": 0.51601893,
    "Si": 1.59763558,
    "Al": 0.61614554,
    "Fe": 0.10323869,
    "Mg": 0.11122855,
    "K": 0.07235976,
    "Na": 0.18349199,
    "S": 0.07688926,
    "O": 15.29067627,
    "H": 19.98303657,
    "C": 0.01948468
  },
  "execution_time": 1.0013580322265625e-05,
  "mix_id": "MIX_3087",
  "input_file": "/teamspace/studios/this_studio/inputs/generated/MIX_3087.inp"
}