{
  "converged": true,
  "method": "simplified_thermodynamic_model",
  "note": "Using simplified model until Cemdata18 integration complete",
  "temperature_K": 298.15,
  "pressure_bar": 1.01325,
  "CO2_fraction": 0.35,
  "pCO2_bar": 0.3546375,
  "phases": {
    "Calcite": {
      "moles": 0.012419316590625,
      "mass_kg": 0.0012430493975556561
    },
    "C-S-H_1.0": {
      "moles": 0.235256213409375,
      "mass_kg": 0.03999355627959375
    },
    "Silica_gel": {
      "moles": 0.8729867065906249,
      "mass_kg": 0.05244904133196475
    },
    "Ettringite": {
      "moles": 0.00854325,
      "mass_kg": 0.010721778749999999
    },
    "Hydrotalcite": {
      "moles": 0.021444308999999998,
      "mass_kg": 0.009499828887
    }
  },
  "pH": 8.7268125,
  "pe": 4.0,
  "Eh": 0.24,
  "system_mass_kg": 0.11390725464611415,
  "input_composition": {
    "Ca": 0.24767553,
    "Si": 1.10824292,
    "Al": 0.47117877,
    "Fe": 0.05585885,
    "Mg": 0.07148103,
    "K": 0.05860121,
    "Na": 0.09422562,
    "S": 0.0512595,
    "O": 6.91491268,
    "H": 6.66101221,
    "C": 0.0140079
  },
  "execution_time": 0.00012636184692382812,
  "mix_id": "MIX_0095",
  "input_file": "/teamspace/studios/this_studio/inputs/generated/MIX_0095.inp"
}