{
  "converged": true,
  "method": "simplified_thermodynamic_model",
  "note": "Using simplified model until Cemdata18 integration complete",
  "temperature_K": 298.15,
  "pressure_bar": 1.01325,
  "CO2_fraction": 0.25,
  "pCO2_bar": 0.2533125,
  "phases": {
    "Calcite": {
      "moles": 0.008578022512499998,
      "mass_kg": 0.0008585742732761248
    },
    "C-S-H_1.0": {
      "moles": 0.4245732974875,
      "mass_kg": 0.07217746057287501
    },
    "Silica_gel": {
      "moles": 0.8253257025125,
      "mass_kg": 0.049585568206951
    },
    "Ettringite": {
      "moles": 0.013669201666666667,
      "mass_kg": 0.017154848091666664
    },
    "Hydrotalcite": {
      "moles": 0.031157888999999998,
      "mass_kg": 0.013802944826999999
    }
  },
  "pH": 9.2334375,
  "pe": 4.0,
  "Eh": 0.24,
  "system_mass_kg": 0.1535793959717688,
  "input_composition": {
    "Ca": 0.43315132,
    "Si": 1.249899,
    "Al": 0.5413348,
    "Fe": 0.06937019,
    "Mg": 0.10385963,
    "K": 0.06227016,
    "Na": 0.05038186,
    "S": 0.08201521,
    "O": 9.94418912,
    "H": 11.32372071,
    "C": 0.01354536
  },
  "execution_time": 1.0728836059570312e-05,
  "mix_id": "MIX_1506",
  "input_file": "/teamspace/studios/this_studio/inputs/generated/MIX_1506.inp"
}