{
  "converged": true,
  "method": "simplified_thermodynamic_model",
  "note": "Using simplified model until Cemdata18 integration complete",
  "temperature_K": 298.15,
  "pressure_bar": 1.01325,
  "CO2_fraction": 0.25,
  "pCO2_bar": 0.2533125,
  "phases": {
    "Calcite": {
      "moles": 0.011367784739062498,
      "mass_kg": 0.0011378015745327655
    },
    "C-S-H_1.0": {
      "moles": 0.6805508852609374,
      "mass_kg": 0.11569365049435937
    },
    "Silica_gel": {
      "moles": 0.6950774647390625,
      "mass_kg": 0.041760254081522875
    },
    "Ettringite": {
      "moles": 0.023066776666666667,
      "mass_kg": 0.028948804716666665
    },
    "Hydrotalcite": {
      "moles": 0.046230684,
      "mass_kg": 0.020480193012000002
    }
  },
  "pH": 9.2334375,
  "pe": 4.0,
  "Eh": 0.24,
  "system_mass_kg": 0.20802070387908167,
  "input_composition": {
    "Ca": 0.69191867,
    "Si": 1.37562835,
    "Al": 0.60816604,
    "Fe": 0.06834068,
    "Mg": 0.15410228,
    "K": 0.06135292,
    "Na": 0.13466411,
    "S": 0.13840066,
    "O": 13.65394005,
    "H": 16.98558118,
    "C": 0.01795061
  },
  "execution_time": 1.049041748046875e-05,
  "mix_id": "MIX_2634",
  "input_file": "/teamspace/studios/this_studio/inputs/generated/MIX_2634.inp"
}