{
  "converged": true,
  "method": "simplified_thermodynamic_model",
  "note": "Using simplified model until Cemdata18 integration complete",
  "temperature_K": 298.15,
  "pressure_bar": 1.01325,
  "CO2_fraction": 0.3,
  "pCO2_bar": 0.303975,
  "phases": {
    "Calcite": {
      "moles": 0.010719769567499999,
      "mass_kg": 0.0010729417360110748
    },
    "C-S-H_1.0": {
      "moles": 0.3637983104325,
      "mass_kg": 0.061845712773525005
    },
    "Silica_gel": {
      "moles": 0.9596920195675,
      "mass_kg": 0.057658296535615404
    },
    "Ettringite": {
      "moles": 0.010251901666666667,
      "mass_kg": 0.012866136591666666
    },
    "Hydrotalcite": {
      "moles": 0.026870514,
      "mass_kg": 0.011903637702000001
    }
  },
  "pH": 8.980125000000001,
  "pe": 4.0,
  "Eh": 0.24,
  "system_mass_kg": 0.14534672533881815,
  "input_composition": {
    "Ca": 0.37451808,
    "Si": 1.32349033,
    "Al": 0.54399463,
    "Fe": 0.08100285,
    "Mg": 0.08956838,
    "K": 0.06593911,
    "Na": 0.06586079,
    "S": 0.06151141,
    "O": 7.99076649,
    "H": 7.32711348,
    "C": 0.01410612
  },
  "execution_time": 3.7670135498046875e-05,
  "mix_id": "MIX_1748",
  "input_file": "/teamspace/studios/this_studio/inputs/generated/MIX_1748.inp"
}