{
  "converged": true,
  "method": "simplified_thermodynamic_model",
  "note": "Using simplified model until Cemdata18 integration complete",
  "temperature_K": 298.15,
  "pressure_bar": 1.01325,
  "CO2_fraction": 0.4,
  "pCO2_bar": 0.4053,
  "phases": {
    "Calcite": {
      "moles": 0.03507317,
      "mass_kg": 0.0035104735853
    },
    "C-S-H_1.0": {
      "moles": 0.71039648,
      "mass_kg": 0.1207674016
    },
    "Silica_gel": {
      "moles": 0.94971596,
      "mass_kg": 0.057058934876800006
    },
    "Ettringite": {
      "moles": 0.020503801666666665,
      "mass_kg": 0.02573227109166666
    },
    "Hydrotalcite": {
      "moles": 0.046297674,
      "mass_kg": 0.020509869582
    }
  },
  "pH": 8.5,
  "pe": 4.0,
  "Eh": 0.24,
  "system_mass_kg": 0.22757895073576667,
  "input_composition": {
    "Ca": 0.74546965,
    "Si": 1.66011244,
    "Al": 0.68430669,
    "Fe": 0.10802551,
    "Mg": 0.15432558,
    "K": 0.073277,
    "Na": 0.081534,
    "S": 0.12302281,
    "O": 17.24885947,
    "H": 22.64744155,
    "C": 0.03507317
  },
  "execution_time": 1.0967254638671875e-05,
  "mix_id": "MIX_4242",
  "input_file": "/teamspace/studios/this_studio/inputs/generated/MIX_4242.inp"
}