{
  "converged": true,
  "method": "simplified_thermodynamic_model",
  "note": "Using simplified model until Cemdata18 integration complete",
  "temperature_K": 298.15,
  "pressure_bar": 1.01325,
  "CO2_fraction": 0.15,
  "pCO2_bar": 0.1519875,
  "phases": {
    "Calcite": {
      "moles": 0.0031455143015624997,
      "mass_kg": 0.00031483452644339056
    },
    "C-S-H_1.0": {
      "moles": 0.4593224356984375,
      "mass_kg": 0.07808481406873438
    },
    "Silica_gel": {
      "moles": 0.7988020043015625,
      "mass_kg": 0.047992024418437876
    },
    "Ettringite": {
      "moles": 0.015377851666666666,
      "mass_kg": 0.019299203841666664
    },
    "Hydrotalcite": {
      "moles": 0.033301575,
      "mass_kg": 0.014752597725
    }
  },
  "pH": 9.7400625,
  "pe": 4.0,
  "Eh": 0.24,
  "system_mass_kg": 0.16044347458028232,
  "input_composition": {
    "Ca": 0.46246795,
    "Si": 1.25812444,
    "Al": 0.54000488,
    "Fe": 0.06355385,
    "Mg": 0.11100525,
    "K": 0.06043569,
    "Na": 0.12993217,
    "S": 0.09226711,
    "O": 10.04546253,
    "H": 11.32372077,
    "C": 0.00827835
  },
  "execution_time": 1.049041748046875e-05,
  "mix_id": "MIX_1374",
  "input_file": "/teamspace/studios/this_studio/inputs/generated/MIX_1374.inp"
}