{
  "converged": true,
  "method": "simplified_thermodynamic_model",
  "note": "Using simplified model until Cemdata18 integration complete",
  "temperature_K": 298.15,
  "pressure_bar": 1.01325,
  "CO2_fraction": 0.4,
  "pCO2_bar": 0.4053,
  "phases": {
    "Calcite": {
      "moles": 0.02854513,
      "mass_kg": 0.0028570820616999996
    },
    "C-S-H_1.0": {
      "moles": 0.6633735399999999,
      "mass_kg": 0.1127735018
    },
    "Silica_gel": {
      "moles": 0.6943539900000001,
      "mass_kg": 0.0417167877192
    },
    "Ettringite": {
      "moles": 0.023066776666666667,
      "mass_kg": 0.028948804716666665
    },
    "Hydrotalcite": {
      "moles": 0.046230684,
      "mass_kg": 0.020480193012000002
    }
  },
  "pH": 8.5,
  "pe": 4.0,
  "Eh": 0.24,
  "system_mass_kg": 0.20677636930956667,
  "input_composition": {
    "Ca": 0.69191867,
    "Si": 1.35772753,
    "Al": 0.60816604,
    "Fe": 0.06834068,
    "Mg": 0.15410228,
    "K": 0.06135292,
    "Na": 0.09995686,
    "S": 0.13840066,
    "O": 13.62197377,
    "H": 16.9855811,
    "C": 0.02854513
  },
  "execution_time": 1.0013580322265625e-05,
  "mix_id": "MIX_2678",
  "input_file": "/teamspace/studios/this_studio/inputs/generated/MIX_2678.inp"
}