{
  "converged": true,
  "method": "simplified_thermodynamic_model",
  "note": "Using simplified model until Cemdata18 integration complete",
  "temperature_K": 298.15,
  "pressure_bar": 1.01325,
  "CO2_fraction": 0.15,
  "pCO2_bar": 0.1519875,
  "phases": {
    "Calcite": {
      "moles": 0.004092400226249999,
      "mass_kg": 0.0004096083386453624
    },
    "C-S-H_1.0": {
      "moles": 0.46795159977375,
      "mass_kg": 0.07955177196153751
    },
    "Silica_gel": {
      "moles": 1.15370608022625,
      "mass_kg": 0.0693146612999931
    },
    "Ettringite": {
      "moles": 0.010251901666666667,
      "mass_kg": 0.012866136591666666
    },
    "Hydrotalcite": {
      "moles": 0.030153035999999998,
      "mass_kg": 0.013357794947999999
    }
  },
  "pH": 9.7400625,
  "pe": 4.0,
  "Eh": 0.24,
  "system_mass_kg": 0.17549997313984264,
  "input_composition": {
    "Ca": 0.472044,
    "Si": 1.62165768,
    "Al": 0.61814041,
    "Fe": 0.11196319,
    "Mg": 0.10051012,
    "K": 0.07511147,
    "Na": 0.13466411,
    "S": 0.06151141,
    "O": 13.71477821,
    "H": 16.98558118,
    "C": 0.01077036
  },
  "execution_time": 1.049041748046875e-05,
  "mix_id": "MIX_3162",
  "input_file": "/teamspace/studios/this_studio/inputs/generated/MIX_3162.inp"
}