{
  "converged": true,
  "method": "simplified_thermodynamic_model",
  "note": "Using simplified model until Cemdata18 integration complete",
  "temperature_K": 298.15,
  "pressure_bar": 1.01325,
  "CO2_fraction": 0.15,
  "pCO2_bar": 0.1519875,
  "phases": {
    "Calcite": {
      "moles": 0.0021333725437499996,
      "mass_kg": 0.00021352925790393745
    },
    "C-S-H_1.0": {
      "moles": 0.14293397745625,
      "mass_kg": 0.024298776167562503
    },
    "Silica_gel": {
      "moles": 1.0494758925437502,
      "mass_kg": 0.06305251162402851
    },
    "Ettringite": {
      "moles": 0.002562975,
      "mass_kg": 0.0032165336249999994
    },
    "Hydrotalcite": {
      "moles": 0.013941405,
      "mass_kg": 0.006176042415
    }
  },
  "pH": 9.7400625,
  "pe": 4.0,
  "Eh": 0.24,
  "system_mass_kg": 0.09695739308949496,
  "input_composition": {
    "Ca": 0.14506735,
    "Si": 1.19240987,
    "Al": 0.47583348,
    "Fe": 0.07621603,
    "Mg": 0.04647135,
    "K": 0.06502187,
    "Na": 0.03480579,
    "S": 0.01537785,
    "O": 6.34263949,
    "H": 5.6618604,
    "C": 0.0056146
  },
  "execution_time": 1.0251998901367188e-05,
  "mix_id": "MIX_0802",
  "input_file": "/teamspace/studios/this_studio/inputs/generated/MIX_0802.inp"
}