{
  "converged": true,
  "method": "simplified_thermodynamic_model",
  "note": "Using simplified model until Cemdata18 integration complete",
  "temperature_K": 298.15,
  "pressure_bar": 1.01325,
  "CO2_fraction": 0.3,
  "pCO2_bar": 0.303975,
  "phases": {
    "Calcite": {
      "moles": 0.0219534088725,
      "mass_kg": 0.0021973166940485248
    },
    "C-S-H_1.0": {
      "moles": 0.7821494911275,
      "mass_kg": 0.132965413491675
    },
    "Silica_gel": {
      "moles": 0.8634495588725,
      "mass_kg": 0.0518760494970598
    },
    "Ettringite": {
      "moles": 0.023921101666666666,
      "mass_kg": 0.030020982591666665
    },
    "Hydrotalcite": {
      "moles": 0.050585049,
      "mass_kg": 0.022409176707
    }
  },
  "pH": 8.980125000000001,
  "pe": 4.0,
  "Eh": 0.24,
  "system_mass_kg": 0.23946893898145,
  "input_composition": {
    "Ca": 0.8041029,
    "Si": 1.64559905,
    "Al": 0.68164686,
    "Fe": 0.09639285,
    "Mg": 0.16861683,
    "K": 0.06960805,
    "Na": 0.1805991,
    "S": 0.14352661,
    "O": 19.36646211,
    "H": 26.64404888,
    "C": 0.02888844
  },
  "execution_time": 1.0967254638671875e-05,
  "mix_id": "MIX_4107",
  "input_file": "/teamspace/studios/this_studio/inputs/generated/MIX_4107.inp"
}