{
  "converged": true,
  "method": "simplified_thermodynamic_model",
  "note": "Using simplified model until Cemdata18 integration complete",
  "temperature_K": 298.15,
  "pressure_bar": 1.01325,
  "CO2_fraction": 0.15,
  "pCO2_bar": 0.1519875,
  "phases": {
    "Calcite": {
      "moles": 0.0021333725437499996,
      "mass_kg": 0.00021352925790393745
    },
    "C-S-H_1.0": {
      "moles": 0.21622553745624998,
      "mass_kg": 0.0367583413675625
    },
    "Silica_gel": {
      "moles": 0.89417455254375,
      "mass_kg": 0.0537220071168285
    },
    "Ettringite": {
      "moles": 0.0068346,
      "mass_kg": 0.008577422999999999
    },
    "Hydrotalcite": {
      "moles": 0.019300623,
      "mass_kg": 0.008550175989
    }
  },
  "pH": 9.7400625,
  "pe": 4.0,
  "Eh": 0.24,
  "system_mass_kg": 0.10782147673129494,
  "input_composition": {
    "Ca": 0.21835891,
    "Si": 1.11040009,
    "Al": 0.47250869,
    "Fe": 0.06167519,
    "Mg": 0.06433541,
    "K": 0.06043569,
    "Na": 0.03480579,
    "S": 0.0410076,
    "O": 6.31757328,
    "H": 5.6618604,
    "C": 0.0056146
  },
  "execution_time": 1.049041748046875e-05,
  "mix_id": "MIX_0242",
  "input_file": "/teamspace/studios/this_studio/inputs/generated/MIX_0242.inp"
}