{
  "converged": true,
  "method": "simplified_thermodynamic_model",
  "note": "Using simplified model until Cemdata18 integration complete",
  "temperature_K": 298.15,
  "pressure_bar": 1.01325,
  "CO2_fraction": 0.3,
  "pCO2_bar": 0.303975,
  "phases": {
    "Calcite": {
      "moles": 0.010853229791249999,
      "mass_kg": 0.0010862997698062123
    },
    "C-S-H_1.0": {
      "moles": 0.33434822020875005,
      "mass_kg": 0.056839197435487515
    },
    "Silica_gel": {
      "moles": 1.04578374979125,
      "mass_kg": 0.06283068768745831
    },
    "Ettringite": {
      "moles": 0.00854325,
      "mass_kg": 0.010721778749999999
    },
    "Hydrotalcite": {
      "moles": 0.024726828,
      "mass_kg": 0.010953984804
    }
  },
  "pH": 8.980125000000001,
  "pe": 4.0,
  "Eh": 0.24,
  "system_mass_kg": 0.14243194844675203,
  "input_composition": {
    "Ca": 0.34520145,
    "Si": 1.38013197,
    "Al": 0.54532455,
    "Fe": 0.08681919,
    "Mg": 0.08242276,
    "K": 0.06777358,
    "Na": 0.11207889,
    "S": 0.0512595,
    "O": 8.07192868,
    "H": 7.32711338,
    "C": 0.01428174
  },
  "execution_time": 1.239776611328125e-05,
  "mix_id": "MIX_1868",
  "input_file": "/teamspace/studios/this_studio/inputs/generated/MIX_1868.inp"
}