{
  "converged": true,
  "method": "simplified_thermodynamic_model",
  "note": "Using simplified model until Cemdata18 integration complete",
  "temperature_K": 298.15,
  "pressure_bar": 1.01325,
  "CO2_fraction": 0.15,
  "pCO2_bar": 0.1519875,
  "phases": {
    "Calcite": {
      "moles": 0.00291121417125,
      "mass_kg": 0.00029138342640041247
    },
    "C-S-H_1.0": {
      "moles": 0.37160686582874997,
      "mass_kg": 0.0631731671908875
    },
    "Silica_gel": {
      "moles": 0.9673230541712501,
      "mass_kg": 0.05811676909460871
    },
    "Ettringite": {
      "moles": 0.010251901666666667,
      "mass_kg": 0.012866136591666666
    },
    "Hydrotalcite": {
      "moles": 0.026870514,
      "mass_kg": 0.011903637702000001
    }
  },
  "pH": 9.7400625,
  "pe": 4.0,
  "Eh": 0.24,
  "system_mass_kg": 0.1463510940055633,
  "input_composition": {
    "Ca": 0.37451808,
    "Si": 1.33892992,
    "Al": 0.54399463,
    "Fe": 0.08100285,
    "Mg": 0.08956838,
    "K": 0.06593911,
    "Na": 0.09579605,
    "S": 0.06151141,
    "O": 9.02287632,
    "H": 9.32541714,
    "C": 0.00766172
  },
  "execution_time": 1.0251998901367188e-05,
  "mix_id": "MIX_1705",
  "input_file": "/teamspace/studios/this_studio/inputs/generated/MIX_1705.inp"
}