{
  "converged": true,
  "method": "simplified_thermodynamic_model",
  "note": "Using simplified model until Cemdata18 integration complete",
  "temperature_K": 298.15,
  "pressure_bar": 1.01325,
  "CO2_fraction": 0.2,
  "pCO2_bar": 0.20265,
  "phases": {
    "Calcite": {
      "moles": 0.00362596072125,
      "mass_kg": 0.0003629224085899125
    },
    "C-S-H_1.0": {
      "moles": 0.11212476927875,
      "mass_kg": 0.0190612107773875
    },
    "Silica_gel": {
      "moles": 1.1209897007212501,
      "mass_kg": 0.0673490612193327
    },
    "Ettringite": {
      "moles": 0.000854325,
      "mass_kg": 0.0010721778749999999
    },
    "Hydrotalcite": {
      "moles": 0.011797719,
      "mass_kg": 0.005226389517
    }
  },
  "pH": 9.48675,
  "pe": 4.0,
  "Eh": 0.24,
  "system_mass_kg": 0.09307176179731012,
  "input_composition": {
    "Ca": 0.11575073,
    "Si": 1.23311447,
    "Al": 0.47716339,
    "Fe": 0.08203236,
    "Mg": 0.03932573,
    "K": 0.06685634,
    "Na": 0.05012415,
    "S": 0.00512595,
    "O": 5.87963561,
    "H": 4.66270861,
    "C": 0.00715709
  },
  "execution_time": 9.5367431640625e-06,
  "mix_id": "MIX_1045",
  "input_file": "/teamspace/studios/this_studio/inputs/generated/MIX_1045.inp"
}