{
  "converged": true,
  "method": "simplified_thermodynamic_model",
  "note": "Using simplified model until Cemdata18 integration complete",
  "temperature_K": 298.15,
  "pressure_bar": 1.01325,
  "CO2_fraction": 0.2,
  "pCO2_bar": 0.20265,
  "phases": {
    "Calcite": {
      "moles": 0.0036040795875,
      "mass_kg": 0.000360732325912875
    },
    "C-S-H_1.0": {
      "moles": 0.1854382104125,
      "mass_kg": 0.031524495770125005
    },
    "Silica_gel": {
      "moles": 0.9568731695875,
      "mass_kg": 0.057488940028817
    },
    "Ettringite": {
      "moles": 0.00512595,
      "mass_kg": 0.006433067249999999
    },
    "Hydrotalcite": {
      "moles": 0.017156936999999997,
      "mass_kg": 0.007600523090999999
    }
  },
  "pH": 9.48675,
  "pe": 4.0,
  "Eh": 0.24,
  "system_mass_kg": 0.10340775846585487,
  "input_composition": {
    "Ca": 0.18904229,
    "Si": 1.14231138,
    "Al": 0.4738386,
    "Fe": 0.06749152,
    "Mg": 0.05718979,
    "K": 0.06227016,
    "Na": 0.03307511,
    "S": 0.0307557,
    "O": 5.82837183,
    "H": 4.66270853,
    "C": 0.0071139
  },
  "execution_time": 1.0013580322265625e-05,
  "mix_id": "MIX_0481",
  "input_file": "/teamspace/studios/this_studio/inputs/generated/MIX_0481.inp"
}