{
  "converged": true,
  "method": "simplified_thermodynamic_model",
  "note": "Using simplified model until Cemdata18 integration complete",
  "temperature_K": 298.15,
  "pressure_bar": 1.01325,
  "CO2_fraction": 0.4,
  "pCO2_bar": 0.4053,
  "phases": {
    "Calcite": {
      "moles": 0.03229011,
      "mass_kg": 0.0032319171098999996
    },
    "C-S-H_1.0": {
      "moles": 0.5372798099999999,
      "mass_kg": 0.0913375677
    },
    "Silica_gel": {
      "moles": 1.3359216800000002,
      "mass_kg": 0.08026217453440002
    },
    "Ettringite": {
      "moles": 0.010251901666666667,
      "mass_kg": 0.012866136591666666
    },
    "Hydrotalcite": {
      "moles": 0.033435555,
      "mass_kg": 0.014811950865
    }
  },
  "pH": 8.5,
  "pe": 4.0,
  "Eh": 0.24,
  "system_mass_kg": 0.20250974680096667,
  "input_composition": {
    "Ca": 0.56956992,
    "Si": 1.87320149,
    "Al": 0.69228619,
    "Fe": 0.14292352,
    "Mg": 0.11145185,
    "K": 0.08428383,
    "Na": 0.11307074,
    "S": 0.06151141,
    "O": 15.35344813,
    "H": 18.65083418,
    "C": 0.03229011
  },
  "execution_time": 8.821487426757812e-06,
  "mix_id": "MIX_4581",
  "input_file": "/teamspace/studios/this_studio/inputs/generated/MIX_4581.inp"
}