{
  "converged": true,
  "method": "simplified_thermodynamic_model",
  "note": "Using simplified model until Cemdata18 integration complete",
  "temperature_K": 298.15,
  "pressure_bar": 1.01325,
  "CO2_fraction": 0.25,
  "pCO2_bar": 0.2533125,
  "phases": {
    "Calcite": {
      "moles": 0.010346010773437499,
      "mass_kg": 0.0010355322183133592
    },
    "C-S-H_1.0": {
      "moles": 0.5496478592265625,
      "mass_kg": 0.09344013606851562
    },
    "Silica_gel": {
      "moles": 0.9354839007734376,
      "mass_kg": 0.05620387275846813
    },
    "Ettringite": {
      "moles": 0.015377851666666666,
      "mass_kg": 0.019299203841666664
    },
    "Hydrotalcite": {
      "moles": 0.036584094,
      "mass_kg": 0.016206753642
    }
  },
  "pH": 9.2334375,
  "pe": 4.0,
  "Eh": 0.24,
  "system_mass_kg": 0.18618549852896377,
  "input_composition": {
    "Ca": 0.55999387,
    "Si": 1.48513176,
    "Al": 0.61415066,
    "Fe": 0.09451418,
    "Mg": 0.12194698,
    "K": 0.06960805,
    "Na": 0.06076591,
    "S": 0.09226711,
    "O": 12.08392704,
    "H": 13.9881256,
    "C": 0.01633715
  },
  "execution_time": 1.0251998901367188e-05,
  "mix_id": "MIX_2961",
  "input_file": "/teamspace/studios/this_studio/inputs/generated/MIX_2961.inp"
}