{
  "converged": true,
  "method": "simplified_thermodynamic_model",
  "note": "Using simplified model until Cemdata18 integration complete",
  "temperature_K": 298.15,
  "pressure_bar": 1.01325,
  "CO2_fraction": 0.25,
  "pCO2_bar": 0.2533125,
  "phases": {
    "Calcite": {
      "moles": 0.009279824793749999,
      "mass_kg": 0.0009288176636064373
    },
    "C-S-H_1.0": {
      "moles": 0.42387149520625,
      "mass_kg": 0.0720581541850625
    },
    "Silica_gel": {
      "moles": 0.8567403547937501,
      "mass_kg": 0.051472960516008505
    },
    "Ettringite": {
      "moles": 0.013669201666666667,
      "mass_kg": 0.017154848091666664
    },
    "Hydrotalcite": {
      "moles": 0.031157888999999998,
      "mass_kg": 0.013802944826999999
    }
  },
  "pH": 9.2334375,
  "pe": 4.0,
  "Eh": 0.24,
  "system_mass_kg": 0.1554177252833441,
  "input_composition": {
    "Ca": 0.43315132,
    "Si": 1.28061185,
    "Al": 0.5413348,
    "Fe": 0.06937019,
    "Mg": 0.10385963,
    "K": 0.06227016,
    "Na": 0.10992989,
    "S": 0.08201521,
    "O": 11.03675713,
    "H": 13.32202447,
    "C": 0.01465356
  },
  "execution_time": 1.1682510375976562e-05,
  "mix_id": "MIX_1515",
  "input_file": "/teamspace/studios/this_studio/inputs/generated/MIX_1515.inp"
}