{
  "converged": true,
  "method": "simplified_thermodynamic_model",
  "note": "Using simplified model until Cemdata18 integration complete",
  "temperature_K": 298.15,
  "pressure_bar": 1.01325,
  "CO2_fraction": 0.35,
  "pCO2_bar": 0.3546375,
  "phases": {
    "Calcite": {
      "moles": 0.030067825180312497,
      "mass_kg": 0.0030094886222974777
    },
    "C-S-H_1.0": {
      "moles": 0.7154018248196875,
      "mass_kg": 0.12161831021934688
    },
    "Silica_gel": {
      "moles": 1.0203173851803125,
      "mass_kg": 0.061300668501633175
    },
    "Ettringite": {
      "moles": 0.020503801666666665,
      "mass_kg": 0.02573227109166666
    },
    "Hydrotalcite": {
      "moles": 0.046297674,
      "mass_kg": 0.020509869582
    }
  },
  "pH": 8.7268125,
  "pe": 4.0,
  "Eh": 0.24,
  "system_mass_kg": 0.2321706080169442,
  "input_composition": {
    "Ca": 0.74546965,
    "Si": 1.73571921,
    "Al": 0.68430669,
    "Fe": 0.10802551,
    "Mg": 0.15432558,
    "K": 0.073277,
    "Na": 0.22812517,
    "S": 0.12302281,
    "O": 19.46935363,
    "H": 26.64404881,
    "C": 0.03391387
  },
  "execution_time": 1.1444091796875e-05,
  "mix_id": "MIX_4239",
  "input_file": "/teamspace/studios/this_studio/inputs/generated/MIX_4239.inp"
}