{
  "converged": true,
  "method": "simplified_thermodynamic_model",
  "note": "Using simplified model until Cemdata18 integration complete",
  "temperature_K": 298.15,
  "pressure_bar": 1.01325,
  "CO2_fraction": 0.2,
  "pCO2_bar": 0.20265,
  "phases": {
    "Calcite": {
      "moles": 0.0096388142025,
      "mass_kg": 0.000964748913528225
    },
    "C-S-H_1.0": {
      "moles": 0.5599311057974999,
      "mass_kg": 0.09518828798557499
    },
    "Silica_gel": {
      "moles": 1.3005752942025,
      "mass_kg": 0.0781385636756862
    },
    "Ettringite": {
      "moles": 0.010251901666666667,
      "mass_kg": 0.012866136591666666
    },
    "Hydrotalcite": {
      "moles": 0.033435555,
      "mass_kg": 0.014811950865
    }
  },
  "pH": 9.48675,
  "pe": 4.0,
  "Eh": 0.24,
  "system_mass_kg": 0.20196968803145607,
  "input_composition": {
    "Ca": 0.56956992,
    "Si": 1.8605064,
    "Al": 0.69228619,
    "Fe": 0.14292352,
    "Mg": 0.11145185,
    "K": 0.08428383,
    "Na": 0.0884567,
    "S": 0.06151141,
    "O": 19.28582911,
    "H": 26.64404884,
    "C": 0.01902554
  },
  "execution_time": 1.0251998901367188e-05,
  "mix_id": "MIX_4515",
  "input_file": "/teamspace/studios/this_studio/inputs/generated/MIX_4515.inp"
}