{
  "converged": true,
  "method": "simplified_thermodynamic_model",
  "note": "Using simplified model until Cemdata18 integration complete",
  "temperature_K": 298.15,
  "pressure_bar": 1.01325,
  "CO2_fraction": 0.2,
  "pCO2_bar": 0.20265,
  "phases": {
    "Calcite": {
      "moles": 0.005939083815,
      "mass_kg": 0.00059444289904335
    },
    "C-S-H_1.0": {
      "moles": 0.25131249618499996,
      "mass_kg": 0.042723124351449995
    },
    "Silica_gel": {
      "moles": 1.2261228238150002,
      "mass_kg": 0.07366545925480521
    },
    "Ettringite": {
      "moles": 0.0034173,
      "mass_kg": 0.0042887114999999995
    },
    "Hydrotalcite": {
      "moles": 0.01829577,
      "mass_kg": 0.00810502611
    }
  },
  "pH": 9.48675,
  "pe": 4.0,
  "Eh": 0.24,
  "system_mass_kg": 0.12937676411529855,
  "input_composition": {
    "Ca": 0.25725158,
    "Si": 1.47743532,
    "Al": 0.5493143,
    "Fe": 0.10426819,
    "Mg": 0.0609859,
    "K": 0.073277,
    "Na": 0.10992989,
    "S": 0.0205038,
    "O": 11.09105462,
    "H": 13.32202447,
    "C": 0.01172284
  },
  "execution_time": 1.1444091796875e-05,
  "mix_id": "MIX_2171",
  "input_file": "/teamspace/studios/this_studio/inputs/generated/MIX_2171.inp"
}