{
  "converged": true,
  "method": "simplified_thermodynamic_model",
  "note": "Using simplified model until Cemdata18 integration complete",
  "temperature_K": 298.15,
  "pressure_bar": 1.01325,
  "CO2_fraction": 0.0,
  "pCO2_bar": 0.0,
  "phases": {
    "C-S-H_1.0": {
      "moles": 0.51601893,
      "mass_kg": 0.0877232181
    },
    "Silica_gel": {
      "moles": 1.0619002100000001,
      "mass_kg": 0.06379896461680001
    },
    "Ettringite": {
      "moles": 0.012814876666666667,
      "mass_kg": 0.016082670216666668
    },
    "Hydrotalcite": {
      "moles": 0.033368564999999996,
      "mass_kg": 0.014782274294999998
    }
  },
  "pH": 10.5,
  "pe": 4.0,
  "Eh": 0.24,
  "system_mass_kg": 0.18238712722846667,
  "input_composition": {
    "Ca": 0.51601893,
    "Si": 1.57791914,
    "Al": 0.61614554,
    "Fe": 0.10323869,
    "Mg": 0.11122855,
    "K": 0.07235976,
    "Na": 0.14526449,
    "S": 0.07688926,
    "O": 15.19316033,
    "H": 19.98303667,
    "C": 0.0
  },
  "execution_time": 9.775161743164062e-06,
  "mix_id": "MIX_3035",
  "input_file": "/teamspace/studios/this_studio/inputs/generated/MIX_3035.inp"
}