{
  "converged": true,
  "method": "simplified_thermodynamic_model",
  "note": "Using simplified model until Cemdata18 integration complete",
  "temperature_K": 298.15,
  "pressure_bar": 1.01325,
  "CO2_fraction": 0.0,
  "pCO2_bar": 0.0,
  "phases": {
    "C-S-H_1.0": {
      "moles": 0.68683641,
      "mass_kg": 0.1167621897
    },
    "Silica_gel": {
      "moles": 1.09607439,
      "mass_kg": 0.06585214935120001
    },
    "Ettringite": {
      "moles": 0.017086501666666667,
      "mass_kg": 0.021443559591666665
    },
    "Hydrotalcite": {
      "moles": 0.042010302,
      "mass_kg": 0.018610563786
    }
  },
  "pH": 10.5,
  "pe": 4.0,
  "Eh": 0.24,
  "system_mass_kg": 0.22266846242886668,
  "input_composition": {
    "Ca": 0.68683641,
    "Si": 1.7829108,
    "Al": 0.68696653,
    "Fe": 0.11965818,
    "Mg": 0.14003434,
    "K": 0.07694594,
    "Na": 0.19241863,
    "S": 0.10251901,
    "O": 15.37028582,
    "H": 18.65083419,
    "C": 0.0
  },
  "execution_time": 8.106231689453125e-06,
  "mix_id": "MIX_4269",
  "input_file": "/teamspace/studios/this_studio/inputs/generated/MIX_4269.inp"
}