{
  "converged": true,
  "method": "simplified_thermodynamic_model",
  "note": "Using simplified model until Cemdata18 integration complete",
  "temperature_K": 298.15,
  "pressure_bar": 1.01325,
  "CO2_fraction": 0.2,
  "pCO2_bar": 0.20265,
  "phases": {
    "Calcite": {
      "moles": 0.007512954907499999,
      "mass_kg": 0.0007519716566916749
    },
    "C-S-H_1.0": {
      "moles": 0.44479046509250003,
      "mass_kg": 0.075614379065725
    },
    "Silica_gel": {
      "moles": 1.5913435049074998,
      "mass_kg": 0.0956079177748426
    },
    "Ettringite": {
      "moles": 0.0034173,
      "mass_kg": 0.0042887114999999995
    },
    "Hydrotalcite": {
      "moles": 0.024860808,
      "mass_kg": 0.011013337944000001
    }
  },
  "pH": 9.48675,
  "pe": 4.0,
  "Eh": 0.24,
  "system_mass_kg": 0.18727631794125926,
  "input_composition": {
    "Ca": 0.45230342,
    "Si": 2.03613397,
    "Al": 0.69760586,
    "Fe": 0.16618886,
    "Mg": 0.08286936,
    "K": 0.09162172,
    "Na": 0.17456535,
    "S": 0.0205038,
    "O": 13.45451004,
    "H": 14.65422691,
    "C": 0.01482942
  },
  "execution_time": 1.0013580322265625e-05,
  "mix_id": "MIX_4748",
  "input_file": "/teamspace/studios/this_studio/inputs/generated/MIX_4748.inp"
}