{
  "converged": true,
  "method": "simplified_thermodynamic_model",
  "note": "Using simplified model until Cemdata18 integration complete",
  "temperature_K": 298.15,
  "pressure_bar": 1.01325,
  "CO2_fraction": 0.35,
  "pCO2_bar": 0.3546375,
  "phases": {
    "Calcite": {
      "moles": 0.015849937910624997,
      "mass_kg": 0.001586420285474456
    },
    "C-S-H_1.0": {
      "moles": 0.358668142089375,
      "mass_kg": 0.06097358415519375
    },
    "Silica_gel": {
      "moles": 0.9802617779106251,
      "mass_kg": 0.05889412761687036
    },
    "Ettringite": {
      "moles": 0.010251901666666667,
      "mass_kg": 0.012866136591666666
    },
    "Hydrotalcite": {
      "moles": 0.026870514,
      "mass_kg": 0.011903637702000001
    }
  },
  "pH": 8.7268125,
  "pe": 4.0,
  "Eh": 0.24,
  "system_mass_kg": 0.14622390635120522,
  "input_composition": {
    "Ca": 0.37451808,
    "Si": 1.33892992,
    "Al": 0.54399463,
    "Fe": 0.08100285,
    "Mg": 0.08956838,
    "K": 0.06593911,
    "Na": 0.09579605,
    "S": 0.06151141,
    "O": 9.04330757,
    "H": 9.32541714,
    "C": 0.01787734
  },
  "execution_time": 9.059906005859375e-06,
  "mix_id": "MIX_1769",
  "input_file": "/teamspace/studios/this_studio/inputs/generated/MIX_1769.inp"
}