{
  "converged": true,
  "method": "simplified_thermodynamic_model",
  "note": "Using simplified model until Cemdata18 integration complete",
  "temperature_K": 298.15,
  "pressure_bar": 1.01325,
  "CO2_fraction": 0.2,
  "pCO2_bar": 0.20265,
  "phases": {
    "Calcite": {
      "moles": 0.00548993542125,
      "mass_kg": 0.0005494876363129125
    },
    "C-S-H_1.0": {
      "moles": 0.33971151457875004,
      "mass_kg": 0.05775095747838751
    },
    "Silica_gel": {
      "moles": 1.00859921542125,
      "mass_kg": 0.0605966408625087
    },
    "Ettringite": {
      "moles": 0.00854325,
      "mass_kg": 0.010721778749999999
    },
    "Hydrotalcite": {
      "moles": 0.024726828,
      "mass_kg": 0.010953984804
    }
  },
  "pH": 9.48675,
  "pe": 4.0,
  "Eh": 0.24,
  "system_mass_kg": 0.1405728495312091,
  "input_composition": {
    "Ca": 0.34520145,
    "Si": 1.34831073,
    "Al": 0.54532455,
    "Fe": 0.08681919,
    "Mg": 0.08242276,
    "K": 0.06777358,
    "Na": 0.05038186,
    "S": 0.0512595,
    "O": 9.96885044,
    "H": 11.32372071,
    "C": 0.01083629
  },
  "execution_time": 1.1205673217773438e-05,
  "mix_id": "MIX_1826",
  "input_file": "/teamspace/studios/this_studio/inputs/generated/MIX_1826.inp"
}