{
  "converged": true,
  "method": "simplified_thermodynamic_model",
  "note": "Using simplified model until Cemdata18 integration complete",
  "temperature_K": 298.15,
  "pressure_bar": 1.01325,
  "CO2_fraction": 0.35,
  "pCO2_bar": 0.3546375,
  "phases": {
    "Calcite": {
      "moles": 0.015657830776875,
      "mass_kg": 0.0015671922824574186
    },
    "C-S-H_1.0": {
      "moles": 0.270910379223125,
      "mass_kg": 0.046054764467931254
    },
    "Silica_gel": {
      "moles": 1.1412229207768751,
      "mass_kg": 0.06856467308027465
    },
    "Ettringite": {
      "moles": 0.00512595,
      "mass_kg": 0.006433067249999999
    },
    "Hydrotalcite": {
      "moles": 0.020439455999999998,
      "mass_kg": 0.009054679008
    }
  },
  "pH": 8.7268125,
  "pe": 4.0,
  "Eh": 0.24,
  "system_mass_kg": 0.13167437608866334,
  "input_composition": {
    "Ca": 0.28656821,
    "Si": 1.4121333,
    "Al": 0.54798438,
    "Fe": 0.09845186,
    "Mg": 0.06813152,
    "K": 0.07144252,
    "Na": 0.04692051,
    "S": 0.0307557,
    "O": 8.9980992,
    "H": 9.32541712,
    "C": 0.01766066
  },
  "execution_time": 1.0728836059570312e-05,
  "mix_id": "MIX_2097",
  "input_file": "/teamspace/studios/this_studio/inputs/generated/MIX_2097.inp"
}