{
  "converged": true,
  "method": "simplified_thermodynamic_model",
  "note": "Using simplified model until Cemdata18 integration complete",
  "temperature_K": 298.15,
  "pressure_bar": 1.01325,
  "CO2_fraction": 0.4,
  "pCO2_bar": 0.4053,
  "phases": {
    "Calcite": {
      "moles": 0.02646014,
      "mass_kg": 0.0026483954126
    },
    "C-S-H_1.0": {
      "moles": 0.57750866,
      "mass_kg": 0.0981764722
    },
    "Silica_gel": {
      "moles": 0.89106411,
      "mass_kg": 0.0535351317288
    },
    "Ettringite": {
      "moles": 0.017940826666666666,
      "mass_kg": 0.022515737466666665
    },
    "Hydrotalcite": {
      "moles": 0.039799626,
      "mass_kg": 0.017631234318
    }
  },
  "pH": 8.5,
  "pe": 4.0,
  "Eh": 0.24,
  "system_mass_kg": 0.19450697112606666,
  "input_composition": {
    "Ca": 0.6039688,
    "Si": 1.46857277,
    "Al": 0.61215579,
    "Fe": 0.08578968,
    "Mg": 0.13266542,
    "K": 0.06685634,
    "Na": 0.12406373,
    "S": 0.10764496,
    "O": 12.18607599,
    "H": 13.98812569,
    "C": 0.02646014
  },
  "execution_time": 1.0251998901367188e-05,
  "mix_id": "MIX_2905",
  "input_file": "/teamspace/studios/this_studio/inputs/generated/MIX_2905.inp"
}