{
  "converged": true,
  "method": "simplified_thermodynamic_model",
  "note": "Using simplified model until Cemdata18 integration complete",
  "temperature_K": 298.15,
  "pressure_bar": 1.01325,
  "CO2_fraction": 0.25,
  "pCO2_bar": 0.2533125,
  "phases": {
    "Calcite": {
      "moles": 0.009279824793749999,
      "mass_kg": 0.0009288176636064373
    },
    "C-S-H_1.0": {
      "moles": 0.33592162520625,
      "mass_kg": 0.05710667628506251
    },
    "Silica_gel": {
      "moles": 1.04310195479375,
      "mass_kg": 0.0626695654440085
    },
    "Ettringite": {
      "moles": 0.00854325,
      "mass_kg": 0.010721778749999999
    },
    "Hydrotalcite": {
      "moles": 0.024726828,
      "mass_kg": 0.010953984804
    }
  },
  "pH": 9.2334375,
  "pe": 4.0,
  "Eh": 0.24,
  "system_mass_kg": 0.14238082294667745,
  "input_composition": {
    "Ca": 0.34520145,
    "Si": 1.37902358,
    "Al": 0.54532455,
    "Fe": 0.08681919,
    "Mg": 0.08242276,
    "K": 0.06777358,
    "Na": 0.10992989,
    "S": 0.0512595,
    "O": 11.06683659,
    "H": 13.32202447,
    "C": 0.01465356
  },
  "execution_time": 1.3589859008789062e-05,
  "mix_id": "MIX_1851",
  "input_file": "/teamspace/studios/this_studio/inputs/generated/MIX_1851.inp"
}