{
  "converged": true,
  "method": "simplified_thermodynamic_model",
  "note": "Using simplified model until Cemdata18 integration complete",
  "temperature_K": 298.15,
  "pressure_bar": 1.01325,
  "CO2_fraction": 0.3,
  "pCO2_bar": 0.303975,
  "phases": {
    "Calcite": {
      "moles": 0.015081035681249999,
      "mass_kg": 0.0015094608613363124
    },
    "C-S-H_1.0": {
      "moles": 0.50093789431875,
      "mass_kg": 0.08515944203418752
    },
    "Silica_gel": {
      "moles": 1.06604660568125,
      "mass_kg": 0.06404808006932951
    },
    "Ettringite": {
      "moles": 0.012814876666666667,
      "mass_kg": 0.016082670216666668
    },
    "Hydrotalcite": {
      "moles": 0.033368564999999996,
      "mass_kg": 0.014782274294999998
    }
  },
  "pH": 8.980125000000001,
  "pe": 4.0,
  "Eh": 0.24,
  "system_mass_kg": 0.18158192747652,
  "input_composition": {
    "Ca": 0.51601893,
    "Si": 1.5669845,
    "Al": 0.61614554,
    "Fe": 0.10323869,
    "Mg": 0.11122855,
    "K": 0.07235976,
    "Na": 0.12406373,
    "S": 0.07688926,
    "O": 12.20292538,
    "H": 13.98812569,
    "C": 0.0198451
  },
  "execution_time": 1.049041748046875e-05,
  "mix_id": "MIX_3097",
  "input_file": "/teamspace/studios/this_studio/inputs/generated/MIX_3097.inp"
}