{
  "converged": true,
  "method": "simplified_thermodynamic_model",
  "note": "Using simplified model until Cemdata18 integration complete",
  "temperature_K": 298.15,
  "pressure_bar": 1.01325,
  "CO2_fraction": 0.15,
  "pCO2_bar": 0.1519875,
  "phases": {
    "Calcite": {
      "moles": 0.0033202809281249993,
      "mass_kg": 0.0003323269180960312
    },
    "C-S-H_1.0": {
      "moles": 0.34188116907187505,
      "mass_kg": 0.05811979874221876
    },
    "Silica_gel": {
      "moles": 1.022529500928125,
      "mass_kg": 0.06143357241576175
    },
    "Ettringite": {
      "moles": 0.00854325,
      "mass_kg": 0.010721778749999999
    },
    "Hydrotalcite": {
      "moles": 0.024726828,
      "mass_kg": 0.010953984804
    }
  },
  "pH": 9.7400625,
  "pe": 4.0,
  "Eh": 0.24,
  "system_mass_kg": 0.14156146163007655,
  "input_composition": {
    "Ca": 0.34520145,
    "Si": 1.36441067,
    "Al": 0.54532455,
    "Fe": 0.08681919,
    "Mg": 0.08242276,
    "K": 0.06777358,
    "Na": 0.08159744,
    "S": 0.0512595,
    "O": 11.01161402,
    "H": 13.32202445,
    "C": 0.0087383
  },
  "execution_time": 1.8835067749023438e-05,
  "mix_id": "MIX_1815",
  "input_file": "/teamspace/studios/this_studio/inputs/generated/MIX_1815.inp"
}