{
  "converged": true,
  "method": "simplified_thermodynamic_model",
  "note": "Using simplified model until Cemdata18 integration complete",
  "temperature_K": 298.15,
  "pressure_bar": 1.01325,
  "CO2_fraction": 0.4,
  "pCO2_bar": 0.4053,
  "phases": {
    "Calcite": {
      "moles": 0.01904232,
      "mass_kg": 0.0019059458088
    },
    "C-S-H_1.0": {
      "moles": 0.414109,
      "mass_kg": 0.07039853
    },
    "Silica_gel": {
      "moles": 0.86761124,
      "mass_kg": 0.0521260832992
    },
    "Ettringite": {
      "moles": 0.013669201666666667,
      "mass_kg": 0.017154848091666664
    },
    "Hydrotalcite": {
      "moles": 0.031157888999999998,
      "mass_kg": 0.013802944826999999
    }
  },
  "pH": 8.5,
  "pe": 4.0,
  "Eh": 0.24,
  "system_mass_kg": 0.15538835202666668,
  "input_composition": {
    "Ca": 0.43315132,
    "Si": 1.28172024,
    "Al": 0.5413348,
    "Fe": 0.06937019,
    "Mg": 0.10385963,
    "K": 0.06227016,
    "Na": 0.11207889,
    "S": 0.08201521,
    "O": 8.05137039,
    "H": 7.32711338,
    "C": 0.01904232
  },
  "execution_time": 1.049041748046875e-05,
  "mix_id": "MIX_1564",
  "input_file": "/teamspace/studios/this_studio/inputs/generated/MIX_1564.inp"
}