{
  "converged": true,
  "method": "simplified_thermodynamic_model",
  "note": "Using simplified model until Cemdata18 integration complete",
  "temperature_K": 298.15,
  "pressure_bar": 1.01325,
  "CO2_fraction": 0.4,
  "pCO2_bar": 0.4053,
  "phases": {
    "Calcite": {
      "moles": 0.02405114,
      "mass_kg": 0.0024072786026
    },
    "C-S-H_1.0": {
      "moles": 0.6238925900000001,
      "mass_kg": 0.10606174030000003
    },
    "Silica_gel": {
      "moles": 0.7749243699999999,
      "mass_kg": 0.046557456149599996
    },
    "Ettringite": {
      "moles": 0.020503801666666665,
      "mass_kg": 0.02573227109166666
    },
    "Hydrotalcite": {
      "moles": 0.043015155,
      "mass_kg": 0.019055713665
    }
  },
  "pH": 8.5,
  "pe": 4.0,
  "Eh": 0.24,
  "system_mass_kg": 0.1998144598088667,
  "input_composition": {
    "Ca": 0.64794373,
    "Si": 1.39881696,
    "Al": 0.61016091,
    "Fe": 0.07706518,
    "Mg": 0.14338385,
    "K": 0.06410463,
    "Na": 0.08422021,
    "S": 0.12302281,
    "O": 10.60646886,
    "H": 10.99067013,
    "C": 0.02405114
  },
  "execution_time": 1.239776611328125e-05,
  "mix_id": "MIX_2788",
  "input_file": "/teamspace/studios/this_studio/inputs/generated/MIX_2788.inp"
}