{
  "converged": true,
  "method": "simplified_thermodynamic_model",
  "note": "Using simplified model until Cemdata18 integration complete",
  "temperature_K": 298.15,
  "pressure_bar": 1.01325,
  "CO2_fraction": 0.4,
  "pCO2_bar": 0.4053,
  "phases": {
    "Calcite": {
      "moles": 0.01515596,
      "mass_kg": 0.0015169600364
    },
    "C-S-H_1.0": {
      "moles": 0.10059477,
      "mass_kg": 0.0171011109
    },
    "Silica_gel": {
      "moles": 1.14331864,
      "mass_kg": 0.0686905838912
    },
    "Ettringite": {
      "moles": 0.000854325,
      "mass_kg": 0.0010721778749999999
    },
    "Hydrotalcite": {
      "moles": 0.011797719,
      "mass_kg": 0.005226389517
    }
  },
  "pH": 8.5,
  "pe": 4.0,
  "Eh": 0.24,
  "system_mass_kg": 0.09360722221960001,
  "input_composition": {
    "Ca": 0.11575073,
    "Si": 1.24391341,
    "Al": 0.47716339,
    "Fe": 0.08203236,
    "Mg": 0.03932573,
    "K": 0.06685634,
    "Na": 0.07106182,
    "S": 0.00512595,
    "O": 6.427276,
    "H": 5.66186043,
    "C": 0.01515596
  },
  "execution_time": 1.0967254638671875e-05,
  "mix_id": "MIX_1114",
  "input_file": "/teamspace/studios/this_studio/inputs/generated/MIX_1114.inp"
}