{
  "converged": true,
  "method": "simplified_thermodynamic_model",
  "note": "Using simplified model until Cemdata18 integration complete",
  "temperature_K": 298.15,
  "pressure_bar": 1.01325,
  "CO2_fraction": 0.3,
  "pCO2_bar": 0.303975,
  "phases": {
    "Calcite": {
      "moles": 0.021687331955625,
      "mass_kg": 0.002170685055438506
    },
    "C-S-H_1.0": {
      "moles": 0.606515828044375,
      "mass_kg": 0.10310769076754375
    },
    "Silica_gel": {
      "moles": 1.188382751955625,
      "mass_kg": 0.07139803573749395
    },
    "Ettringite": {
      "moles": 0.013669201666666667,
      "mass_kg": 0.017154848091666664
    },
    "Hydrotalcite": {
      "moles": 0.037722929999999995,
      "mass_kg": 0.01671125799
    }
  },
  "pH": 8.980125000000001,
  "pe": 4.0,
  "Eh": 0.24,
  "system_mass_kg": 0.21054251764214288,
  "input_composition": {
    "Ca": 0.62820316,
    "Si": 1.79489858,
    "Al": 0.68962636,
    "Fe": 0.13129085,
    "Mg": 0.1257431,
    "K": 0.08061489,
    "Na": 0.0884567,
    "S": 0.08201521,
    "O": 19.28480168,
    "H": 26.64404884,
    "C": 0.02853831
  },
  "execution_time": 1.0013580322265625e-05,
  "mix_id": "MIX_4435",
  "input_file": "/teamspace/studios/this_studio/inputs/generated/MIX_4435.inp"
}