{
  "converged": true,
  "method": "simplified_thermodynamic_model",
  "note": "Using simplified model until Cemdata18 integration complete",
  "temperature_K": 298.15,
  "pressure_bar": 1.01325,
  "CO2_fraction": 0.3,
  "pCO2_bar": 0.303975,
  "phases": {
    "Calcite": {
      "moles": 0.016471941688125,
      "mass_kg": 0.001648676643564431
    },
    "C-S-H_1.0": {
      "moles": 0.279672318311875,
      "mass_kg": 0.047544294113018755
    },
    "Silica_gel": {
      "moles": 1.557086511688125,
      "mass_kg": 0.09354975762222255
    },
    "Hydrotalcite": {
      "moles": 0.017290917,
      "mass_kg": 0.007659876231
    }
  },
  "pH": 8.980125000000001,
  "pe": 4.0,
  "Eh": 0.24,
  "system_mass_kg": 0.15040260460980573,
  "input_composition": {
    "Ca": 0.29614426,
    "Si": 1.83675883,
    "Al": 0.62611991,
    "Fe": 0.1468612,
    "Mg": 0.05763639,
    "K": 0.08611831,
    "Na": 0.17010204,
    "S": 0.0,
    "O": 13.85102147,
    "H": 16.98558112,
    "C": 0.02167539
  },
  "execution_time": 1.2159347534179688e-05,
  "mix_id": "MIX_3662",
  "input_file": "/teamspace/studios/this_studio/inputs/generated/MIX_3662.inp"
}