{
  "converged": true,
  "method": "simplified_thermodynamic_model",
  "note": "Using simplified model until Cemdata18 integration complete",
  "temperature_K": 298.15,
  "pressure_bar": 1.01325,
  "CO2_fraction": 0.15,
  "pCO2_bar": 0.1519875,
  "phases": {
    "Calcite": {
      "moles": 0.004067345086874999,
      "mass_kg": 0.00040710056974531866
    },
    "C-S-H_1.0": {
      "moles": 0.336051844913125,
      "mass_kg": 0.05712881363523126
    },
    "Silica_gel": {
      "moles": 1.415322605086875,
      "mass_kg": 0.08503258211361946
    },
    "Ettringite": {
      "moles": 0.002562975,
      "mass_kg": 0.0032165336249999994
    },
    "Hydrotalcite": {
      "moles": 0.020506445999999998,
      "mass_kg": 0.009084355577999999
    }
  },
  "pH": 9.7400625,
  "pe": 4.0,
  "Eh": 0.24,
  "system_mass_kg": 0.15486938552159604,
  "input_composition": {
    "Ca": 0.34011919,
    "Si": 1.75137445,
    "Al": 0.62412504,
    "Fe": 0.13813669,
    "Mg": 0.06835482,
    "K": 0.0833666,
    "Na": 0.09995686,
    "S": 0.01537785,
    "O": 13.70661019,
    "H": 16.9855811,
    "C": 0.01070442
  },
  "execution_time": 1.1205673217773438e-05,
  "mix_id": "MIX_3494",
  "input_file": "/teamspace/studios/this_studio/inputs/generated/MIX_3494.inp"
}