{
  "converged": true,
  "method": "simplified_thermodynamic_model",
  "note": "Using simplified model until Cemdata18 integration complete",
  "temperature_K": 298.15,
  "pressure_bar": 1.01325,
  "CO2_fraction": 0.25,
  "pCO2_bar": 0.2533125,
  "phases": {
    "Calcite": {
      "moles": 0.015340725323437497,
      "mass_kg": 0.001535453197622859
    },
    "C-S-H_1.0": {
      "moles": 0.7301289246765625,
      "mass_kg": 0.12412191719501564
    },
    "Silica_gel": {
      "moles": 1.0055902853234375,
      "mass_kg": 0.06041586434223213
    },
    "Ettringite": {
      "moles": 0.020503801666666665,
      "mass_kg": 0.02573227109166666
    },
    "Hydrotalcite": {
      "moles": 0.046297674,
      "mass_kg": 0.020509869582
    }
  },
  "pH": 9.2334375,
  "pe": 4.0,
  "Eh": 0.24,
  "system_mass_kg": 0.2323153754085373,
  "input_composition": {
    "Ca": 0.74546965,
    "Si": 1.73571921,
    "Al": 0.68430669,
    "Fe": 0.10802551,
    "Mg": 0.15432558,
    "K": 0.073277,
    "Na": 0.22812517,
    "S": 0.12302281,
    "O": 19.44997427,
    "H": 26.64404881,
    "C": 0.02422419
  },
  "execution_time": 1.5497207641601562e-05,
  "mix_id": "MIX_4207",
  "input_file": "/teamspace/studios/this_studio/inputs/generated/MIX_4207.inp"
}