{
  "converged": true,
  "method": "simplified_thermodynamic_model",
  "note": "Using simplified model until Cemdata18 integration complete",
  "temperature_K": 298.15,
  "pressure_bar": 1.01325,
  "CO2_fraction": 0.3,
  "pCO2_bar": 0.303975,
  "phases": {
    "Calcite": {
      "moles": 0.013281131311875,
      "mass_kg": 0.0013293084330055686
    },
    "C-S-H_1.0": {
      "moles": 0.39055356868812496,
      "mass_kg": 0.06639410667698124
    },
    "Silica_gel": {
      "moles": 0.908249281311875,
      "mass_kg": 0.05456761682121745
    },
    "Ettringite": {
      "moles": 0.011960551666666666,
      "mass_kg": 0.015010492341666664
    },
    "Hydrotalcite": {
      "moles": 0.029014203,
      "mass_kg": 0.012853291929
    }
  },
  "pH": 8.980125000000001,
  "pe": 4.0,
  "Eh": 0.24,
  "system_mass_kg": 0.15015481620187093,
  "input_composition": {
    "Ca": 0.4038347,
    "Si": 1.29880285,
    "Al": 0.54266472,
    "Fe": 0.07518652,
    "Mg": 0.09671401,
    "K": 0.06410463,
    "Na": 0.08159744,
    "S": 0.07176331,
    "O": 11.00903765,
    "H": 13.32202445,
    "C": 0.01747661
  },
  "execution_time": 8.58306884765625e-06,
  "mix_id": "MIX_1639",
  "input_file": "/teamspace/studios/this_studio/inputs/generated/MIX_1639.inp"
}