{
  "converged": true,
  "method": "simplified_thermodynamic_model",
  "note": "Using simplified model until Cemdata18 integration complete",
  "temperature_K": 298.15,
  "pressure_bar": 1.01325,
  "CO2_fraction": 0.15,
  "pCO2_bar": 0.1519875,
  "phases": {
    "Calcite": {
      "moles": 0.0021595485909374997,
      "mass_kg": 0.00021614921846693436
    },
    "C-S-H_1.0": {
      "moles": 0.0989328714090625,
      "mass_kg": 0.016818588139540624
    },
    "Silica_gel": {
      "moles": 1.1613824985909376,
      "mass_kg": 0.06977586051534353
    },
    "Hydrotalcite": {
      "moles": 0.010725876,
      "mass_kg": 0.004751563068
    }
  },
  "pH": 9.7400625,
  "pe": 4.0,
  "Eh": 0.24,
  "system_mass_kg": 0.09156216094135108,
  "input_composition": {
    "Ca": 0.10109242,
    "Si": 1.26031537,
    "Al": 0.47782835,
    "Fe": 0.08494053,
    "Mg": 0.03575292,
    "K": 0.06777358,
    "Na": 0.07106182,
    "S": 0.0,
    "O": 6.41334429,
    "H": 5.66186043,
    "C": 0.00568349
  },
  "execution_time": 1.6450881958007812e-05,
  "mix_id": "MIX_1146",
  "input_file": "/teamspace/studios/this_studio/inputs/generated/MIX_1146.inp"
}