{
  "converged": true,
  "method": "simplified_thermodynamic_model",
  "note": "Using simplified model until Cemdata18 integration complete",
  "temperature_K": 298.15,
  "pressure_bar": 1.01325,
  "CO2_fraction": 0.4,
  "pCO2_bar": 0.4053,
  "phases": {
    "Calcite": {
      "moles": 0.0309818,
      "mass_kg": 0.003100968362
    },
    "C-S-H_1.0": {
      "moles": 0.5290120700000001,
      "mass_kg": 0.08993205190000002
    },
    "Silica_gel": {
      "moles": 0.9997011999999998,
      "mass_kg": 0.06006204809599999
    },
    "Ettringite": {
      "moles": 0.015377851666666666,
      "mass_kg": 0.019299203841666664
    },
    "Hydrotalcite": {
      "moles": 0.036584094,
      "mass_kg": 0.016206753642
    }
  },
  "pH": 8.5,
  "pe": 4.0,
  "Eh": 0.24,
  "system_mass_kg": 0.1886010258416667,
  "input_composition": {
    "Ca": 0.55999387,
    "Si": 1.52871327,
    "Al": 0.61415066,
    "Fe": 0.09451418,
    "Mg": 0.12194698,
    "K": 0.06960805,
    "Na": 0.14526449,
    "S": 0.09226711,
    "O": 15.24008421,
    "H": 19.98303667,
    "C": 0.0309818
  },
  "execution_time": 1.0967254638671875e-05,
  "mix_id": "MIX_3019",
  "input_file": "/teamspace/studios/this_studio/inputs/generated/MIX_3019.inp"
}