{
  "converged": true,
  "method": "simplified_thermodynamic_model",
  "note": "Using simplified model until Cemdata18 integration complete",
  "temperature_K": 298.15,
  "pressure_bar": 1.01325,
  "CO2_fraction": 0.3,
  "pCO2_bar": 0.303975,
  "phases": {
    "Calcite": {
      "moles": 0.010655083687499999,
      "mass_kg": 0.0010664673262818748
    },
    "C-S-H_1.0": {
      "moles": 0.4518128663125,
      "mass_kg": 0.07680818727312501
    },
    "Silica_gel": {
      "moles": 0.7617117236875,
      "mass_kg": 0.045763640359145
    },
    "Ettringite": {
      "moles": 0.015377851666666666,
      "mass_kg": 0.019299203841666664
    },
    "Hydrotalcite": {
      "moles": 0.033301575,
      "mass_kg": 0.014752597725
    }
  },
  "pH": 8.980125000000001,
  "pe": 4.0,
  "Eh": 0.24,
  "system_mass_kg": 0.15769009652521854,
  "input_composition": {
    "Ca": 0.46246795,
    "Si": 1.21352459,
    "Al": 0.54000488,
    "Fe": 0.06355385,
    "Mg": 0.11100525,
    "K": 0.06043569,
    "Na": 0.04345916,
    "S": 0.09226711,
    "O": 7.92620793,
    "H": 7.32711342,
    "C": 0.014021
  },
  "execution_time": 1.0013580322265625e-05,
  "mix_id": "MIX_1408",
  "input_file": "/teamspace/studios/this_studio/inputs/generated/MIX_1408.inp"
}