{
  "converged": true,
  "method": "simplified_thermodynamic_model",
  "note": "Using simplified model until Cemdata18 integration complete",
  "temperature_K": 298.15,
  "pressure_bar": 1.01325,
  "CO2_fraction": 0.2,
  "pCO2_bar": 0.20265,
  "phases": {
    "Calcite": {
      "moles": 0.0036040795875,
      "mass_kg": 0.000360732325912875
    },
    "C-S-H_1.0": {
      "moles": 0.2440714504125,
      "mass_kg": 0.041492146570125
    },
    "Silica_gel": {
      "moles": 0.8326321095874999,
      "mass_kg": 0.050024537144016994
    },
    "Ettringite": {
      "moles": 0.00854325,
      "mass_kg": 0.010721778749999999
    },
    "Hydrotalcite": {
      "moles": 0.021444308999999998,
      "mass_kg": 0.009499828887
    }
  },
  "pH": 9.48675,
  "pe": 4.0,
  "Eh": 0.24,
  "system_mass_kg": 0.11209902367705488,
  "input_composition": {
    "Ca": 0.24767553,
    "Si": 1.07670356,
    "Al": 0.47117877,
    "Fe": 0.05585885,
    "Mg": 0.07148103,
    "K": 0.05860121,
    "Na": 0.03307511,
    "S": 0.0512595,
    "O": 5.80831886,
    "H": 4.66270853,
    "C": 0.0071139
  },
  "execution_time": 0.0006058216094970703,
  "mix_id": "MIX_0033",
  "input_file": "/teamspace/studios/this_studio/inputs/generated/MIX_0033.inp"
}