{
  "converged": true,
  "method": "simplified_thermodynamic_model",
  "note": "Using simplified model until Cemdata18 integration complete",
  "temperature_K": 298.15,
  "pressure_bar": 1.01325,
  "CO2_fraction": 0.35,
  "pCO2_bar": 0.3546375,
  "phases": {
    "Calcite": {
      "moles": 0.0187730818340625,
      "mass_kg": 0.0018789977607713156
    },
    "C-S-H_1.0": {
      "moles": 0.5851957181659375,
      "mass_kg": 0.09948327208820938
    },
    "Silica_gel": {
      "moles": 0.8779097318340625,
      "mass_kg": 0.052744816688590476
    },
    "Ettringite": {
      "moles": 0.017940826666666666,
      "mass_kg": 0.022515737466666665
    },
    "Hydrotalcite": {
      "moles": 0.039799626,
      "mass_kg": 0.017631234318
    }
  },
  "pH": 8.7268125,
  "pe": 4.0,
  "Eh": 0.24,
  "system_mass_kg": 0.19425405832223783,
  "input_composition": {
    "Ca": 0.6039688,
    "Si": 1.46310545,
    "Al": 0.61215579,
    "Fe": 0.08578968,
    "Mg": 0.13266542,
    "K": 0.06685634,
    "Na": 0.11346335,
    "S": 0.10764496,
    "O": 10.66054192,
    "H": 10.99067019,
    "C": 0.02117439
  },
  "execution_time": 1.3828277587890625e-05,
  "mix_id": "MIX_2888",
  "input_file": "/teamspace/studios/this_studio/inputs/generated/MIX_2888.inp"
}