{
  "converged": true,
  "method": "simplified_thermodynamic_model",
  "note": "Using simplified model until Cemdata18 integration complete",
  "temperature_K": 298.15,
  "pressure_bar": 1.01325,
  "CO2_fraction": 0.2,
  "pCO2_bar": 0.20265,
  "phases": {
    "Calcite": {
      "moles": 0.005867102535,
      "mass_kg": 0.00058723829272815
    },
    "C-S-H_1.0": {
      "moles": 0.222067857465,
      "mass_kg": 0.03775153576905
    },
    "Silica_gel": {
      "moles": 1.2592437625350001,
      "mass_kg": 0.0756553652531028
    },
    "Ettringite": {
      "moles": 0.00170865,
      "mass_kg": 0.0021443557499999997
    },
    "Hydrotalcite": {
      "moles": 0.016152083999999997,
      "mass_kg": 0.007155373211999999
    }
  },
  "pH": 9.48675,
  "pe": 4.0,
  "Eh": 0.24,
  "system_mass_kg": 0.12329386827688095,
  "input_composition": {
    "Ca": 0.22793496,
    "Si": 1.48131162,
    "Al": 0.55064422,
    "Fe": 0.11008453,
    "Mg": 0.05384028,
    "K": 0.07511147,
    "Na": 0.05384321,
    "S": 0.0102519,
    "O": 11.01489836,
    "H": 13.32202441,
    "C": 0.01158076
  },
  "execution_time": 1.0967254638671875e-05,
  "mix_id": "MIX_2275",
  "input_file": "/teamspace/studios/this_studio/inputs/generated/MIX_2275.inp"
}