{
  "converged": true,
  "method": "simplified_thermodynamic_model",
  "note": "Using simplified model until Cemdata18 integration complete",
  "temperature_K": 298.15,
  "pressure_bar": 1.01325,
  "CO2_fraction": 0.2,
  "pCO2_bar": 0.20265,
  "phases": {
    "Calcite": {
      "moles": 0.0034154934975,
      "mass_kg": 0.00034185674416477497
    },
    "C-S-H_1.0": {
      "moles": 0.2296017265025,
      "mass_kg": 0.039032293505425
    },
    "Silica_gel": {
      "moles": 0.8626111634975001,
      "mass_kg": 0.051825678702929805
    },
    "Ettringite": {
      "moles": 0.007688925,
      "mass_kg": 0.009649600874999999
    },
    "Hydrotalcite": {
      "moles": 0.020372466000000002,
      "mass_kg": 0.009025002438000002
    }
  },
  "pH": 9.48675,
  "pe": 4.0,
  "Eh": 0.24,
  "system_mass_kg": 0.10987443226551959,
  "input_composition": {
    "Ca": 0.23301722,
    "Si": 1.09221289,
    "Al": 0.47184373,
    "Fe": 0.05876702,
    "Mg": 0.06790822,
    "K": 0.05951845,
    "Na": 0.03134444,
    "S": 0.04613355,
    "O": 5.31036113,
    "H": 3.6635567,
    "C": 0.00674166
  },
  "execution_time": 1.430511474609375e-05,
  "mix_id": "MIX_0144",
  "input_file": "/teamspace/studios/this_studio/inputs/generated/MIX_0144.inp"
}