{
  "converged": true,
  "method": "simplified_thermodynamic_model",
  "note": "Using simplified model until Cemdata18 integration complete",
  "temperature_K": 298.15,
  "pressure_bar": 1.01325,
  "CO2_fraction": 0.2,
  "pCO2_bar": 0.20265,
  "phases": {
    "Calcite": {
      "moles": 0.00737578618875,
      "mass_kg": 0.0007382424396319875
    },
    "C-S-H_1.0": {
      "moles": 0.9139936038112499,
      "mass_kg": 0.1553789126479125
    },
    "Silica_gel": {
      "moles": 0.5421543861887501,
      "mass_kg": 0.03257263552222011
    },
    "Ettringite": {
      "moles": 0.030755703333333332,
      "mass_kg": 0.03859840768333333
    },
    "Hydrotalcite": {
      "moles": 0.059159792999999995,
      "mass_kg": 0.026207788298999998
    }
  },
  "pH": 9.48675,
  "pe": 4.0,
  "Eh": 0.24,
  "system_mass_kg": 0.25349598659209793,
  "input_composition": {
    "Ca": 0.92136939,
    "Si": 1.45614799,
    "Al": 0.67632719,
    "Fe": 0.07312751,
    "Mg": 0.19719931,
    "K": 0.06227016,
    "Na": 0.0676886,
    "S": 0.18453422,
    "O": 13.12985954,
    "H": 14.65422685,
    "C": 0.01455867
  },
  "execution_time": 8.821487426757812e-06,
  "mix_id": "MIX_3840",
  "input_file": "/teamspace/studios/this_studio/inputs/generated/MIX_3840.inp"
}