{
  "converged": true,
  "method": "simplified_thermodynamic_model",
  "note": "Using simplified model until Cemdata18 integration complete",
  "temperature_K": 298.15,
  "pressure_bar": 1.01325,
  "CO2_fraction": 0.4,
  "pCO2_bar": 0.4053,
  "phases": {
    "Calcite": {
      "moles": 0.01869466,
      "mass_kg": 0.0018711485193999998
    },
    "C-S-H_1.0": {
      "moles": 0.17992368,
      "mass_kg": 0.0305870256
    },
    "Silica_gel": {
      "moles": 1.3288361000000002,
      "mass_kg": 0.07983647288800001
    },
    "Hydrotalcite": {
      "moles": 0.014008394999999998,
      "mass_kg": 0.006205718984999999
    }
  },
  "pH": 8.5,
  "pe": 4.0,
  "Eh": 0.24,
  "system_mass_kg": 0.1185003659924,
  "input_composition": {
    "Ca": 0.19861834,
    "Si": 1.50875978,
    "Al": 0.55197413,
    "Fe": 0.11590086,
    "Mg": 0.04669465,
    "K": 0.07694594,
    "Na": 0.04345916,
    "S": 0.0,
    "O": 8.02579363,
    "H": 7.32711342,
    "C": 0.01869466
  },
  "execution_time": 7.867813110351562e-06,
  "mix_id": "MIX_2448",
  "input_file": "/teamspace/studios/this_studio/inputs/generated/MIX_2448.inp"
}