{
  "converged": true,
  "method": "simplified_thermodynamic_model",
  "note": "Using simplified model until Cemdata18 integration complete",
  "temperature_K": 298.15,
  "pressure_bar": 1.01325,
  "CO2_fraction": 0.3,
  "pCO2_bar": 0.303975,
  "phases": {
    "Calcite": {
      "moles": 0.008158407823124998,
      "mass_kg": 0.000816575039016581
    },
    "C-S-H_1.0": {
      "moles": 0.107592322176875,
      "mass_kg": 0.01829069477006875
    },
    "Silica_gel": {
      "moles": 1.125522147823125,
      "mass_kg": 0.06762137064121335
    },
    "Ettringite": {
      "moles": 0.000854325,
      "mass_kg": 0.0010721778749999999
    },
    "Hydrotalcite": {
      "moles": 0.011797719,
      "mass_kg": 0.005226389517
    }
  },
  "pH": 8.980125000000001,
  "pe": 4.0,
  "Eh": 0.24,
  "system_mass_kg": 0.09302720784229868,
  "input_composition": {
    "Ca": 0.11575073,
    "Si": 1.23311447,
    "Al": 0.47716339,
    "Fe": 0.08203236,
    "Mg": 0.03932573,
    "K": 0.06685634,
    "Na": 0.05012415,
    "S": 0.00512595,
    "O": 5.88679269,
    "H": 4.66270861,
    "C": 0.01073563
  },
  "execution_time": 1.0728836059570312e-05,
  "mix_id": "MIX_1077",
  "input_file": "/teamspace/studios/this_studio/inputs/generated/MIX_1077.inp"
}