{
  "converged": true,
  "method": "simplified_thermodynamic_model",
  "note": "Using simplified model until Cemdata18 integration complete",
  "temperature_K": 298.15,
  "pressure_bar": 1.01325,
  "CO2_fraction": 0.0,
  "pCO2_bar": 0.0,
  "phases": {
    "C-S-H_1.0": {
      "moles": 0.28656821,
      "mass_kg": 0.048716595700000004
    },
    "Silica_gel": {
      "moles": 1.13803932,
      "mass_kg": 0.0683734023456
    },
    "Ettringite": {
      "moles": 0.00512595,
      "mass_kg": 0.006433067249999999
    },
    "Hydrotalcite": {
      "moles": 0.020439455999999998,
      "mass_kg": 0.009054679008
    }
  },
  "pH": 10.5,
  "pe": 4.0,
  "Eh": 0.24,
  "system_mass_kg": 0.1325777443036,
  "input_composition": {
    "Ca": 0.28656821,
    "Si": 1.42460753,
    "Al": 0.54798438,
    "Fe": 0.09845186,
    "Mg": 0.06813152,
    "K": 0.07144252,
    "Na": 0.07110634,
    "S": 0.0307557,
    "O": 8.99981925,
    "H": 9.3254171,
    "C": 0.0
  },
  "execution_time": 8.58306884765625e-06,
  "mix_id": "MIX_2021",
  "input_file": "/teamspace/studios/this_studio/inputs/generated/MIX_2021.inp"
}