{
  "converged": true,
  "method": "simplified_thermodynamic_model",
  "note": "Using simplified model until Cemdata18 integration complete",
  "temperature_K": 298.15,
  "pressure_bar": 1.01325,
  "CO2_fraction": 0.15,
  "pCO2_bar": 0.1519875,
  "phases": {
    "Calcite": {
      "moles": 0.004600961800312499,
      "mass_kg": 0.000460510266593278
    },
    "C-S-H_1.0": {
      "moles": 0.8581351881996875,
      "mass_kg": 0.1458829819939469
    },
    "Silica_gel": {
      "moles": 0.6870271918003126,
      "mass_kg": 0.04127659368336278
    },
    "Ettringite": {
      "moles": 0.027338403333333334,
      "mass_kg": 0.03430969618333333
    },
    "Hydrotalcite": {
      "moles": 0.054872421,
      "mass_kg": 0.024308482503
    }
  },
  "pH": 9.7400625,
  "pe": 4.0,
  "Eh": 0.24,
  "system_mass_kg": 0.2462382646302363,
  "input_composition": {
    "Ca": 0.86273615,
    "Si": 1.54516238,
    "Al": 0.67898703,
    "Fe": 0.08476018,
    "Mg": 0.18290807,
    "K": 0.06593911,
    "Na": 0.11307074,
    "S": 0.16403042,
    "O": 15.21282063,
    "H": 18.65083418,
    "C": 0.01210879
  },
  "execution_time": 1.239776611328125e-05,
  "mix_id": "MIX_3941",
  "input_file": "/teamspace/studios/this_studio/inputs/generated/MIX_3941.inp"
}