{
  "converged": true,
  "method": "simplified_thermodynamic_model",
  "note": "Using simplified model until Cemdata18 integration complete",
  "temperature_K": 298.15,
  "pressure_bar": 1.01325,
  "CO2_fraction": 0.3,
  "pCO2_bar": 0.303975,
  "phases": {
    "Calcite": {
      "moles": 0.013878692966249998,
      "mass_kg": 0.0013891183789919623
    },
    "C-S-H_1.0": {
      "moles": 0.28226556703375,
      "mass_kg": 0.047985146395737505
    },
    "Silica_gel": {
      "moles": 1.54068108296625,
      "mass_kg": 0.09256411946461231
    },
    "Hydrotalcite": {
      "moles": 0.017290917,
      "mass_kg": 0.007659876231
    }
  },
  "pH": 8.980125000000001,
  "pe": 4.0,
  "Eh": 0.24,
  "system_mass_kg": 0.14959826047034178,
  "input_composition": {
    "Ca": 0.29614426,
    "Si": 1.82294665,
    "Al": 0.62611991,
    "Fe": 0.1468612,
    "Mg": 0.05763639,
    "K": 0.08611831,
    "Na": 0.14332212,
    "S": 0.0,
    "O": 10.80572675,
    "H": 10.99067012,
    "C": 0.01826294
  },
  "execution_time": 1.3828277587890625e-05,
  "mix_id": "MIX_3660",
  "input_file": "/teamspace/studios/this_studio/inputs/generated/MIX_3660.inp"
}