{
  "converged": true,
  "method": "simplified_thermodynamic_model",
  "note": "Using simplified model until Cemdata18 integration complete",
  "temperature_K": 298.15,
  "pressure_bar": 1.01325,
  "CO2_fraction": 0.3,
  "pCO2_bar": 0.303975,
  "phases": {
    "Calcite": {
      "moles": 0.020235311775,
      "mass_kg": 0.00202535235555975
    },
    "C-S-H_1.0": {
      "moles": 0.7838675882249999,
      "mass_kg": 0.13325748999825
    },
    "Silica_gel": {
      "moles": 0.8544417017750001,
      "mass_kg": 0.05133485744264201
    },
    "Ettringite": {
      "moles": 0.023921101666666666,
      "mass_kg": 0.030020982591666665
    },
    "Hydrotalcite": {
      "moles": 0.050585049,
      "mass_kg": 0.022409176707
    }
  },
  "pH": 8.980125000000001,
  "pe": 4.0,
  "Eh": 0.24,
  "system_mass_kg": 0.23904785909511841,
  "input_composition": {
    "Ca": 0.8041029,
    "Si": 1.63830929,
    "Al": 0.68164686,
    "Fe": 0.09639285,
    "Mg": 0.16861683,
    "K": 0.06960805,
    "Na": 0.16646526,
    "S": 0.14352661,
    "O": 17.34199035,
    "H": 22.64744156,
    "C": 0.0266276
  },
  "execution_time": 1.049041748046875e-05,
  "mix_id": "MIX_4106",
  "input_file": "/teamspace/studios/this_studio/inputs/generated/MIX_4106.inp"
}