{
  "converged": true,
  "method": "simplified_thermodynamic_model",
  "note": "Using simplified model until Cemdata18 integration complete",
  "temperature_K": 298.15,
  "pressure_bar": 1.01325,
  "CO2_fraction": 0.25,
  "pCO2_bar": 0.2533125,
  "phases": {
    "Calcite": {
      "moles": 0.012187541985937498,
      "mass_kg": 0.0012198510773724842
    },
    "C-S-H_1.0": {
      "moles": 0.28395671801406247,
      "mass_kg": 0.048272642062390625
    },
    "Silica_gel": {
      "moles": 1.5206818219859375,
      "mass_kg": 0.09136256386491513
    },
    "Hydrotalcite": {
      "moles": 0.017290917,
      "mass_kg": 0.007659876231
    }
  },
  "pH": 9.2334375,
  "pe": 4.0,
  "Eh": 0.24,
  "system_mass_kg": 0.14851493323567824,
  "input_composition": {
    "Ca": 0.29614426,
    "Si": 1.80463854,
    "Al": 0.62611991,
    "Fe": 0.1468612,
    "Mg": 0.05763639,
    "K": 0.08611831,
    "Na": 0.10782519,
    "S": 0.0,
    "O": 15.24950961,
    "H": 19.98303666,
    "C": 0.01924507
  },
  "execution_time": 8.58306884765625e-06,
  "mix_id": "MIX_3639",
  "input_file": "/teamspace/studios/this_studio/inputs/generated/MIX_3639.inp"
}