{
  "converged": true,
  "method": "simplified_thermodynamic_model",
  "note": "Using simplified model until Cemdata18 integration complete",
  "temperature_K": 298.15,
  "pressure_bar": 1.01325,
  "CO2_fraction": 0.3,
  "pCO2_bar": 0.303975,
  "phases": {
    "Calcite": {
      "moles": 0.007684860369374999,
      "mass_kg": 0.0007691776743707437
    },
    "C-S-H_1.0": {
      "moles": 0.093407559630625,
      "mass_kg": 0.01587928513720625
    },
    "Silica_gel": {
      "moles": 1.146422930369375,
      "mass_kg": 0.06887708965659205
    },
    "Hydrotalcite": {
      "moles": 0.010725876,
      "mass_kg": 0.004751563068
    }
  },
  "pH": 8.980125000000001,
  "pe": 4.0,
  "Eh": 0.24,
  "system_mass_kg": 0.09027711553616904,
  "input_composition": {
    "Ca": 0.10109242,
    "Si": 1.23983049,
    "Al": 0.47782835,
    "Fe": 0.08494053,
    "Mg": 0.03575292,
    "K": 0.06777358,
    "Na": 0.03134444,
    "S": 0.0,
    "O": 5.36222198,
    "H": 3.6635567,
    "C": 0.01011249
  },
  "execution_time": 9.775161743164062e-06,
  "mix_id": "MIX_1184",
  "input_file": "/teamspace/studios/this_studio/inputs/generated/MIX_1184.inp"
}