{
  "converged": true,
  "method": "simplified_thermodynamic_model",
  "note": "Using simplified model until Cemdata18 integration complete",
  "temperature_K": 298.15,
  "pressure_bar": 1.01325,
  "CO2_fraction": 0.2,
  "pCO2_bar": 0.20265,
  "phases": {
    "Calcite": {
      "moles": 0.006055688625,
      "mass_kg": 0.00060611387447625
    },
    "C-S-H_1.0": {
      "moles": 0.6418880413750001,
      "mass_kg": 0.10912096703375003
    },
    "Silica_gel": {
      "moles": 0.7421541086249999,
      "mass_kg": 0.04458861884618999
    },
    "Ettringite": {
      "moles": 0.020503801666666665,
      "mass_kg": 0.02573227109166666
    },
    "Hydrotalcite": {
      "moles": 0.043015155,
      "mass_kg": 0.019055713665
    }
  },
  "pH": 9.48675,
  "pe": 4.0,
  "Eh": 0.24,
  "system_mass_kg": 0.19910368451108293,
  "input_composition": {
    "Ca": 0.64794373,
    "Si": 1.38404215,
    "Al": 0.61016091,
    "Fe": 0.07706518,
    "Mg": 0.14338385,
    "K": 0.06410463,
    "Na": 0.05557388,
    "S": 0.12302281,
    "O": 10.5383998,
    "H": 10.99067014,
    "C": 0.011953
  },
  "execution_time": 9.298324584960938e-06,
  "mix_id": "MIX_2720",
  "input_file": "/teamspace/studios/this_studio/inputs/generated/MIX_2720.inp"
}