{
  "converged": true,
  "method": "simplified_thermodynamic_model",
  "note": "Using simplified model until Cemdata18 integration complete",
  "temperature_K": 298.15,
  "pressure_bar": 1.01325,
  "CO2_fraction": 0.15,
  "pCO2_bar": 0.1519875,
  "phases": {
    "Calcite": {
      "moles": 0.0026637709218749997,
      "mass_kg": 0.0002666168315704687
    },
    "C-S-H_1.0": {
      "moles": 0.43048754907812503,
      "mass_kg": 0.07318288334328125
    },
    "Silica_gel": {
      "moles": 0.8158409509218749,
      "mass_kg": 0.04901572433138625
    },
    "Ettringite": {
      "moles": 0.013669201666666667,
      "mass_kg": 0.017154848091666664
    },
    "Hydrotalcite": {
      "moles": 0.031157888999999998,
      "mass_kg": 0.013802944826999999
    }
  },
  "pH": 9.7400625,
  "pe": 4.0,
  "Eh": 0.24,
  "system_mass_kg": 0.15342301742490463,
  "input_composition": {
    "Ca": 0.43315132,
    "Si": 1.2463285,
    "Al": 0.5413348,
    "Fe": 0.06937019,
    "Mg": 0.10385963,
    "K": 0.06227016,
    "Na": 0.04345916,
    "S": 0.08201521,
    "O": 7.92221342,
    "H": 7.32711342,
    "C": 0.0070105
  },
  "execution_time": 1.2874603271484375e-05,
  "mix_id": "MIX_1472",
  "input_file": "/teamspace/studios/this_studio/inputs/generated/MIX_1472.inp"
}