{
  "converged": true,
  "method": "simplified_thermodynamic_model",
  "note": "Using simplified model until Cemdata18 integration complete",
  "temperature_K": 298.15,
  "pressure_bar": 1.01325,
  "CO2_fraction": 0.35,
  "pCO2_bar": 0.3546375,
  "phases": {
    "Calcite": {
      "moles": 0.010459944403125,
      "mass_kg": 0.001046935835308781
    },
    "C-S-H_1.0": {
      "moles": 0.119949095596875,
      "mass_kg": 0.02039134625146875
    },
    "Silica_gel": {
      "moles": 1.087077484403125,
      "mass_kg": 0.06531161526293976
    },
    "Ettringite": {
      "moles": 0.00170865,
      "mass_kg": 0.0021443557499999997
    },
    "Hydrotalcite": {
      "moles": 0.012869562,
      "mass_kg": 0.0057012159659999995
    }
  },
  "pH": 8.7268125,
  "pe": 4.0,
  "Eh": 0.24,
  "system_mass_kg": 0.09459546906571728,
  "input_composition": {
    "Ca": 0.13040904,
    "Si": 1.20702658,
    "Al": 0.47649844,
    "Fe": 0.07912419,
    "Mg": 0.04289854,
    "K": 0.06593911,
    "Na": 0.03134444,
    "S": 0.0102519,
    "O": 5.35556632,
    "H": 3.6635567,
    "C": 0.0117979
  },
  "execution_time": 2.5272369384765625e-05,
  "mix_id": "MIX_0976",
  "input_file": "/teamspace/studios/this_studio/inputs/generated/MIX_0976.inp"
}