{
  "converged": true,
  "method": "simplified_thermodynamic_model",
  "note": "Using simplified model until Cemdata18 integration complete",
  "temperature_K": 298.15,
  "pressure_bar": 1.01325,
  "CO2_fraction": 0.3,
  "pCO2_bar": 0.303975,
  "phases": {
    "Calcite": {
      "moles": 0.014898255513749998,
      "mass_kg": 0.0014911663943712372
    },
    "C-S-H_1.0": {
      "moles": 0.58907054448625,
      "mass_kg": 0.1001419925626625
    },
    "Silica_gel": {
      "moles": 0.8468553455137501,
      "mass_kg": 0.05087906915846611
    },
    "Ettringite": {
      "moles": 0.017940826666666666,
      "mass_kg": 0.022515737466666665
    },
    "Hydrotalcite": {
      "moles": 0.039799626,
      "mass_kg": 0.017631234318
    }
  },
  "pH": 8.980125000000001,
  "pe": 4.0,
  "Eh": 0.24,
  "system_mass_kg": 0.1926591999001665,
  "input_composition": {
    "Ca": 0.6039688,
    "Si": 1.43592589,
    "Al": 0.61215579,
    "Fe": 0.08578968,
    "Mg": 0.13266542,
    "K": 0.06685634,
    "Na": 0.06076591,
    "S": 0.10764496,
    "O": 12.07542217,
    "H": 13.9881256,
    "C": 0.01960458
  },
  "execution_time": 8.106231689453125e-06,
  "mix_id": "MIX_2865",
  "input_file": "/teamspace/studios/this_studio/inputs/generated/MIX_2865.inp"
}