{
  "converged": true,
  "method": "simplified_thermodynamic_model",
  "note": "Using simplified model until Cemdata18 integration complete",
  "temperature_K": 298.15,
  "pressure_bar": 1.01325,
  "CO2_fraction": 0.4,
  "pCO2_bar": 0.4053,
  "phases": {
    "Calcite": {
      "moles": 0.02890052,
      "mass_kg": 0.0028926530468
    },
    "C-S-H_1.0": {
      "moles": 0.35519361,
      "mass_kg": 0.060382913700000006
    },
    "Silica_gel": {
      "moles": 1.38315349,
      "mass_kg": 0.0830998616792
    },
    "Ettringite": {
      "moles": 0.00512595,
      "mass_kg": 0.006433067249999999
    },
    "Hydrotalcite": {
      "moles": 0.023721975,
      "mass_kg": 0.010508834925
    }
  },
  "pH": 8.5,
  "pe": 4.0,
  "Eh": 0.24,
  "system_mass_kg": 0.163317330601,
  "input_composition": {
    "Ca": 0.38409413,
    "Si": 1.7383471,
    "Al": 0.62213016,
    "Fe": 0.12941219,
    "Mg": 0.07907325,
    "K": 0.08061489,
    "Na": 0.17010204,
    "S": 0.0307557,
    "O": 13.83539227,
    "H": 16.98558112,
    "C": 0.02890052
  },
  "execution_time": 7.62939453125e-06,
  "mix_id": "MIX_3470",
  "input_file": "/teamspace/studios/this_studio/inputs/generated/MIX_3470.inp"
}