{
  "converged": true,
  "method": "simplified_thermodynamic_model",
  "note": "Using simplified model until Cemdata18 integration complete",
  "temperature_K": 298.15,
  "pressure_bar": 1.01325,
  "CO2_fraction": 0.4,
  "pCO2_bar": 0.4053,
  "phases": {
    "Calcite": {
      "moles": 0.03875871,
      "mass_kg": 0.0038793592839
    },
    "C-S-H_1.0": {
      "moles": 0.70671094,
      "mass_kg": 0.12014085980000001
    },
    "Silica_gel": {
      "moles": 1.02900827,
      "mass_kg": 0.0618228168616
    },
    "Ettringite": {
      "moles": 0.020503801666666665,
      "mass_kg": 0.02573227109166666
    },
    "Hydrotalcite": {
      "moles": 0.046297674,
      "mass_kg": 0.020509869582
    }
  },
  "pH": 8.5,
  "pe": 4.0,
  "Eh": 0.24,
  "system_mass_kg": 0.23208517661916667,
  "input_composition": {
    "Ca": 0.74546965,
    "Si": 1.73571921,
    "Al": 0.68430669,
    "Fe": 0.10802551,
    "Mg": 0.15432558,
    "K": 0.073277,
    "Na": 0.22812517,
    "S": 0.12302281,
    "O": 19.47904331,
    "H": 26.64404881,
    "C": 0.03875871
  },
  "execution_time": 1.0013580322265625e-05,
  "mix_id": "MIX_4255",
  "input_file": "/teamspace/studios/this_studio/inputs/generated/MIX_4255.inp"
}