{
  "converged": true,
  "method": "simplified_thermodynamic_model",
  "note": "Using simplified model until Cemdata18 integration complete",
  "temperature_K": 298.15,
  "pressure_bar": 1.01325,
  "CO2_fraction": 0.2,
  "pCO2_bar": 0.20265,
  "phases": {
    "Calcite": {
      "moles": 0.0036040795875,
      "mass_kg": 0.000360732325912875
    },
    "C-S-H_1.0": {
      "moles": 0.2294131404125,
      "mass_kg": 0.039000233870125
    },
    "Silica_gel": {
      "moles": 0.8636923695875001,
      "mass_kg": 0.051890637564817
    },
    "Ettringite": {
      "moles": 0.007688925,
      "mass_kg": 0.009649600874999999
    },
    "Hydrotalcite": {
      "moles": 0.020372466000000002,
      "mass_kg": 0.009025002438000002
    }
  },
  "pH": 9.48675,
  "pe": 4.0,
  "Eh": 0.24,
  "system_mass_kg": 0.10992620707385488,
  "input_composition": {
    "Ca": 0.23301722,
    "Si": 1.09310551,
    "Al": 0.47184373,
    "Fe": 0.05876702,
    "Mg": 0.06790822,
    "K": 0.05951845,
    "Na": 0.03307511,
    "S": 0.04613355,
    "O": 5.8133321,
    "H": 4.66270853,
    "C": 0.0071139
  },
  "execution_time": 4.458427429199219e-05,
  "mix_id": "MIX_0145",
  "input_file": "/teamspace/studios/this_studio/inputs/generated/MIX_0145.inp"
}