{
  "converged": true,
  "method": "simplified_thermodynamic_model",
  "note": "Using simplified model until Cemdata18 integration complete",
  "temperature_K": 298.15,
  "pressure_bar": 1.01325,
  "CO2_fraction": 0.25,
  "pCO2_bar": 0.2533125,
  "phases": {
    "Calcite": {
      "moles": 0.012939569803124997,
      "mass_kg": 0.001295121541594781
    },
    "C-S-H_1.0": {
      "moles": 0.849796580196875,
      "mass_kg": 0.14446541863346876
    },
    "Silica_gel": {
      "moles": 0.736290759803125,
      "mass_kg": 0.04423634884897175
    },
    "Ettringite": {
      "moles": 0.027338403333333334,
      "mass_kg": 0.03430969618333333
    },
    "Hydrotalcite": {
      "moles": 0.054872421,
      "mass_kg": 0.024308482503
    }
  },
  "pH": 9.2334375,
  "pe": 4.0,
  "Eh": 0.24,
  "system_mass_kg": 0.24861506771036862,
  "input_composition": {
    "Ca": 0.86273615,
    "Si": 1.58608734,
    "Al": 0.67898703,
    "Fe": 0.08476018,
    "Mg": 0.18290807,
    "K": 0.06593911,
    "Na": 0.19241863,
    "S": 0.16403042,
    "O": 15.35099207,
    "H": 18.65083419,
    "C": 0.02043258
  },
  "execution_time": 8.821487426757812e-06,
  "mix_id": "MIX_3981",
  "input_file": "/teamspace/studios/this_studio/inputs/generated/MIX_3981.inp"
}