{
  "converged": true,
  "method": "simplified_thermodynamic_model",
  "note": "Using simplified model until Cemdata18 integration complete",
  "temperature_K": 298.15,
  "pressure_bar": 1.01325,
  "CO2_fraction": 0.15,
  "pCO2_bar": 0.1519875,
  "phases": {
    "Calcite": {
      "moles": 0.004629303669374999,
      "mass_kg": 0.0004633470042677437
    },
    "C-S-H_1.0": {
      "moles": 0.799473596330625,
      "mass_kg": 0.13591051137620624
    },
    "Silica_gel": {
      "moles": 0.8315459336693751,
      "mass_kg": 0.04995927969485606
    },
    "Ettringite": {
      "moles": 0.023921101666666666,
      "mass_kg": 0.030020982591666665
    },
    "Hydrotalcite": {
      "moles": 0.050585049,
      "mass_kg": 0.022409176707
    }
  },
  "pH": 9.7400625,
  "pe": 4.0,
  "Eh": 0.24,
  "system_mass_kg": 0.2387632973739967,
  "input_composition": {
    "Ca": 0.8041029,
    "Si": 1.63101953,
    "Al": 0.68164686,
    "Fe": 0.09639285,
    "Mg": 0.16861683,
    "K": 0.06960805,
    "Na": 0.15233141,
    "S": 0.14352661,
    "O": 15.29315181,
    "H": 18.65083423,
    "C": 0.01218338
  },
  "execution_time": 1.0967254638671875e-05,
  "mix_id": "MIX_4057",
  "input_file": "/teamspace/studios/this_studio/inputs/generated/MIX_4057.inp"
}