{
  "converged": true,
  "method": "simplified_thermodynamic_model",
  "note": "Using simplified model until Cemdata18 integration complete",
  "temperature_K": 298.15,
  "pressure_bar": 1.01325,
  "CO2_fraction": 0.25,
  "pCO2_bar": 0.2533125,
  "phases": {
    "Calcite": {
      "moles": 0.008086703920312499,
      "mass_kg": 0.000809398195384078
    },
    "C-S-H_1.0": {
      "moles": 0.27848150607968747,
      "mass_kg": 0.047341856033546875
    },
    "Silica_gel": {
      "moles": 1.1588601439203126,
      "mass_kg": 0.06962431744673238
    },
    "Ettringite": {
      "moles": 0.00512595,
      "mass_kg": 0.006433067249999999
    },
    "Hydrotalcite": {
      "moles": 0.020439455999999998,
      "mass_kg": 0.009054679008
    }
  },
  "pH": 9.2334375,
  "pe": 4.0,
  "Eh": 0.24,
  "system_mass_kg": 0.13326331793366333,
  "input_composition": {
    "Ca": 0.28656821,
    "Si": 1.43734165,
    "Al": 0.54798438,
    "Fe": 0.09845186,
    "Mg": 0.06813152,
    "K": 0.07144252,
    "Na": 0.09579605,
    "S": 0.0307557,
    "O": 9.0631714,
    "H": 9.32541714,
    "C": 0.01276953
  },
  "execution_time": 1.0967254638671875e-05,
  "mix_id": "MIX_2073",
  "input_file": "/teamspace/studios/this_studio/inputs/generated/MIX_2073.inp"
}