{
  "converged": true,
  "method": "simplified_thermodynamic_model",
  "note": "Using simplified model until Cemdata18 integration complete",
  "temperature_K": 298.15,
  "pressure_bar": 1.01325,
  "CO2_fraction": 0.2,
  "pCO2_bar": 0.20265,
  "phases": {
    "Calcite": {
      "moles": 0.004055289944999999,
      "mass_kg": 0.0004058939705950499
    },
    "C-S-H_1.0": {
      "moles": 0.17032869005499998,
      "mass_kg": 0.02895587730935
    },
    "Silica_gel": {
      "moles": 1.0199239999449998,
      "mass_kg": 0.06127703391669559
    },
    "Ettringite": {
      "moles": 0.004271625,
      "mass_kg": 0.0053608893749999996
    },
    "Hydrotalcite": {
      "moles": 0.016085091,
      "mass_kg": 0.007125695313
    }
  },
  "pH": 9.48675,
  "pe": 4.0,
  "Eh": 0.24,
  "system_mass_kg": 0.10312538988464064,
  "input_composition": {
    "Ca": 0.17438398,
    "Si": 1.19025269,
    "Al": 0.47450356,
    "Fe": 0.07039969,
    "Mg": 0.05361697,
    "K": 0.0631874,
    "Na": 0.09422562,
    "S": 0.02562975,
    "O": 6.92797212,
    "H": 6.66101221,
    "C": 0.00800452
  },
  "execution_time": 8.821487426757812e-06,
  "mix_id": "MIX_0607",
  "input_file": "/teamspace/studios/this_studio/inputs/generated/MIX_0607.inp"
}