{
  "converged": true,
  "method": "simplified_thermodynamic_model",
  "note": "Using simplified model until Cemdata18 integration complete",
  "temperature_K": 298.15,
  "pressure_bar": 1.01325,
  "CO2_fraction": 0.15,
  "pCO2_bar": 0.1519875,
  "phases": {
    "Calcite": {
      "moles": 0.0050278566909375,
      "mass_kg": 0.0005032381761959343
    },
    "C-S-H_1.0": {
      "moles": 0.8577082933090625,
      "mass_kg": 0.14581040986254062
    },
    "Silica_gel": {
      "moles": 0.6928650366909375,
      "mass_kg": 0.041627331404391524
    },
    "Ettringite": {
      "moles": 0.027338403333333334,
      "mass_kg": 0.03430969618333333
    },
    "Hydrotalcite": {
      "moles": 0.054872421,
      "mass_kg": 0.024308482503
    }
  },
  "pH": 9.7400625,
  "pe": 4.0,
  "Eh": 0.24,
  "system_mass_kg": 0.24655915812946141,
  "input_composition": {
    "Ca": 0.86273615,
    "Si": 1.55057333,
    "Al": 0.67898703,
    "Fe": 0.08476018,
    "Mg": 0.18290807,
    "K": 0.06593911,
    "Na": 0.12356184,
    "S": 0.16403042,
    "O": 17.22943875,
    "H": 22.64744153,
    "C": 0.01323229
  },
  "execution_time": 9.298324584960938e-06,
  "mix_id": "MIX_3942",
  "input_file": "/teamspace/studios/this_studio/inputs/generated/MIX_3942.inp"
}