{
  "converged": true,
  "method": "simplified_thermodynamic_model",
  "note": "Using simplified model until Cemdata18 integration complete",
  "temperature_K": 298.15,
  "pressure_bar": 1.01325,
  "CO2_fraction": 0.3,
  "pCO2_bar": 0.303975,
  "phases": {
    "Calcite": {
      "moles": 0.016696275238125,
      "mass_kg": 0.001671130188583931
    },
    "C-S-H_1.0": {
      "moles": 0.963306364761875,
      "mass_kg": 0.16376208200951878
    },
    "Silica_gel": {
      "moles": 0.445229415238125,
      "mass_kg": 0.02674938326750655
    },
    "Ettringite": {
      "moles": 0.034173003333333334,
      "mass_kg": 0.04288711918333333
    },
    "Hydrotalcite": {
      "moles": 0.063447168,
      "mass_kg": 0.028107095424
    }
  },
  "pH": 8.980125000000001,
  "pe": 4.0,
  "Eh": 0.24,
  "system_mass_kg": 0.2631768100729426,
  "input_composition": {
    "Ca": 0.98000264,
    "Si": 1.40853578,
    "Al": 0.67366736,
    "Fe": 0.06149484,
    "Mg": 0.21149056,
    "K": 0.05860121,
    "Na": 0.10257964,
    "S": 0.20503802,
    "O": 13.17806715,
    "H": 14.65422683,
    "C": 0.02197059
  },
  "execution_time": 2.0265579223632812e-05,
  "mix_id": "MIX_3764",
  "input_file": "/teamspace/studios/this_studio/inputs/generated/MIX_3764.inp"
}