{
  "converged": true,
  "method": "simplified_thermodynamic_model",
  "note": "Using simplified model until Cemdata18 integration complete",
  "temperature_K": 298.15,
  "pressure_bar": 1.01325,
  "CO2_fraction": 0.0,
  "pCO2_bar": 0.0,
  "phases": {
    "C-S-H_1.0": {
      "moles": 0.29614426,
      "mass_kg": 0.050344524200000004
    },
    "Silica_gel": {
      "moles": 1.52780421,
      "mass_kg": 0.09179047693680001
    },
    "Hydrotalcite": {
      "moles": 0.017290917,
      "mass_kg": 0.007659876231
    }
  },
  "pH": 10.5,
  "pe": 4.0,
  "Eh": 0.24,
  "system_mass_kg": 0.1497948773678,
  "input_composition": {
    "Ca": 0.29614426,
    "Si": 1.82394847,
    "Al": 0.62611991,
    "Fe": 0.1468612,
    "Mg": 0.05763639,
    "K": 0.08611831,
    "Na": 0.14526449,
    "S": 0.0,
    "O": 15.26835897,
    "H": 19.98303667,
    "C": 0.0
  },
  "execution_time": 6.4373016357421875e-06,
  "mix_id": "MIX_3595",
  "input_file": "/teamspace/studios/this_studio/inputs/generated/MIX_3595.inp"
}