{
  "converged": true,
  "method": "simplified_thermodynamic_model",
  "note": "Using simplified model until Cemdata18 integration complete",
  "temperature_K": 298.15,
  "pressure_bar": 1.01325,
  "CO2_fraction": 0.3,
  "pCO2_bar": 0.303975,
  "phases": {
    "Calcite": {
      "moles": 0.020235311775,
      "mass_kg": 0.00202535235555975
    },
    "C-S-H_1.0": {
      "moles": 0.6079678482249999,
      "mass_kg": 0.10335453419825
    },
    "Silica_gel": {
      "moles": 1.2271649017750001,
      "mass_kg": 0.07372806729864201
    },
    "Ettringite": {
      "moles": 0.013669201666666667,
      "mass_kg": 0.017154848091666664
    },
    "Hydrotalcite": {
      "moles": 0.037722929999999995,
      "mass_kg": 0.01671125799
    }
  },
  "pH": 8.980125000000001,
  "pe": 4.0,
  "Eh": 0.24,
  "system_mass_kg": 0.21297405993411841,
  "input_composition": {
    "Ca": 0.62820316,
    "Si": 1.83513275,
    "Al": 0.68962636,
    "Fe": 0.13129085,
    "Mg": 0.1257431,
    "K": 0.08061489,
    "Na": 0.16646526,
    "S": 0.08201521,
    "O": 17.40214926,
    "H": 22.64744156,
    "C": 0.0266276
  },
  "execution_time": 1.1205673217773438e-05,
  "mix_id": "MIX_4442",
  "input_file": "/teamspace/studios/this_studio/inputs/generated/MIX_4442.inp"
}