{
  "converged": true,
  "method": "simplified_thermodynamic_model",
  "note": "Using simplified model until Cemdata18 integration complete",
  "temperature_K": 298.15,
  "pressure_bar": 1.01325,
  "CO2_fraction": 0.35,
  "pCO2_bar": 0.3546375,
  "phases": {
    "Calcite": {
      "moles": 0.0222808545421875,
      "mass_kg": 0.0022300907311275466
    },
    "C-S-H_1.0": {
      "moles": 0.6696378154578124,
      "mass_kg": 0.11383842862782811
    },
    "Silica_gel": {
      "moles": 0.7059905345421875,
      "mass_kg": 0.042415911315294624
    },
    "Ettringite": {
      "moles": 0.023066776666666667,
      "mass_kg": 0.028948804716666665
    },
    "Hydrotalcite": {
      "moles": 0.046230684,
      "mass_kg": 0.020480193012000002
    }
  },
  "pH": 8.7268125,
  "pe": 4.0,
  "Eh": 0.24,
  "system_mass_kg": 0.20791342840291696,
  "input_composition": {
    "Ca": 0.69191867,
    "Si": 1.37562835,
    "Al": 0.60816604,
    "Fe": 0.06834068,
    "Mg": 0.15410228,
    "K": 0.06135292,
    "Na": 0.13466411,
    "S": 0.13840066,
    "O": 13.66830053,
    "H": 16.98558118,
    "C": 0.02513085
  },
  "execution_time": 1.9550323486328125e-05,
  "mix_id": "MIX_2666",
  "input_file": "/teamspace/studios/this_studio/inputs/generated/MIX_2666.inp"
}