{
  "converged": true,
  "method": "simplified_thermodynamic_model",
  "note": "Using simplified model until Cemdata18 integration complete",
  "temperature_K": 298.15,
  "pressure_bar": 1.01325,
  "CO2_fraction": 0.2,
  "pCO2_bar": 0.20265,
  "phases": {
    "Calcite": {
      "moles": 0.00616830629625,
      "mass_kg": 0.0006173857771916625
    },
    "C-S-H_1.0": {
      "moles": 0.59780049370375,
      "mass_kg": 0.10162608392963751
    },
    "Silica_gel": {
      "moles": 0.8807050962962499,
      "mass_kg": 0.0529127621854787
    },
    "Ettringite": {
      "moles": 0.017940826666666666,
      "mass_kg": 0.022515737466666665
    },
    "Hydrotalcite": {
      "moles": 0.039799626,
      "mass_kg": 0.017631234318
    }
  },
  "pH": 9.48675,
  "pe": 4.0,
  "Eh": 0.24,
  "system_mass_kg": 0.19530320367697454,
  "input_composition": {
    "Ca": 0.6039688,
    "Si": 1.47850559,
    "Al": 0.61215579,
    "Fe": 0.08578968,
    "Mg": 0.13266542,
    "K": 0.06685634,
    "Na": 0.14332212,
    "S": 0.10764496,
    "O": 10.68827336,
    "H": 10.99067012,
    "C": 0.01217529
  },
  "execution_time": 1.0251998901367188e-05,
  "mix_id": "MIX_2844",
  "input_file": "/teamspace/studios/this_studio/inputs/generated/MIX_2844.inp"
}