{
  "converged": true,
  "method": "simplified_thermodynamic_model",
  "note": "Using simplified model until Cemdata18 integration complete",
  "temperature_K": 298.15,
  "pressure_bar": 1.01325,
  "CO2_fraction": 0.2,
  "pCO2_bar": 0.20265,
  "phases": {
    "Calcite": {
      "moles": 0.004823657685000001,
      "mass_kg": 0.00048279989769165003
    },
    "C-S-H_1.0": {
      "moles": 0.428327662315,
      "mass_kg": 0.07281570259355001
    },
    "Silica_gel": {
      "moles": 0.853392577685,
      "mass_kg": 0.0512718260673148
    },
    "Ettringite": {
      "moles": 0.013669201666666667,
      "mass_kg": 0.017154848091666664
    },
    "Hydrotalcite": {
      "moles": 0.031157888999999998,
      "mass_kg": 0.013802944826999999
    }
  },
  "pH": 9.48675,
  "pe": 4.0,
  "Eh": 0.24,
  "system_mass_kg": 0.1555281214772231,
  "input_composition": {
    "Ca": 0.43315132,
    "Si": 1.28172024,
    "Al": 0.5413348,
    "Fe": 0.06937019,
    "Mg": 0.10385963,
    "K": 0.06227016,
    "Na": 0.11207889,
    "S": 0.08201521,
    "O": 8.03232807,
    "H": 7.32711338,
    "C": 0.00952116
  },
  "execution_time": 1.0967254638671875e-05,
  "mix_id": "MIX_1500",
  "input_file": "/teamspace/studios/this_studio/inputs/generated/MIX_1500.inp"
}