{
  "converged": true,
  "method": "simplified_thermodynamic_model",
  "note": "Using simplified model until Cemdata18 integration complete",
  "temperature_K": 298.15,
  "pressure_bar": 1.01325,
  "CO2_fraction": 0.3,
  "pCO2_bar": 0.303975,
  "phases": {
    "Calcite": {
      "moles": 0.017658173728124997,
      "mass_kg": 0.001767406608448031
    },
    "C-S-H_1.0": {
      "moles": 0.322461016271875,
      "mass_kg": 0.05481837276621876
    },
    "Silica_gel": {
      "moles": 1.4522815837281249,
      "mass_kg": 0.08725307755038575
    },
    "Ettringite": {
      "moles": 0.002562975,
      "mass_kg": 0.0032165336249999994
    },
    "Hydrotalcite": {
      "moles": 0.020506445999999998,
      "mass_kg": 0.009084355577999999
    }
  },
  "pH": 8.980125000000001,
  "pe": 4.0,
  "Eh": 0.24,
  "system_mass_kg": 0.15613974612805254,
  "input_composition": {
    "Ca": 0.34011919,
    "Si": 1.7747426,
    "Al": 0.62412504,
    "Fe": 0.13813669,
    "Mg": 0.06835482,
    "K": 0.0833666,
    "Na": 0.14526449,
    "S": 0.01537785,
    "O": 15.29979195,
    "H": 19.98303667,
    "C": 0.02323635
  },
  "execution_time": 1.6927719116210938e-05,
  "mix_id": "MIX_3547",
  "input_file": "/teamspace/studios/this_studio/inputs/generated/MIX_3547.inp"
}