{
  "converged": true,
  "method": "simplified_thermodynamic_model",
  "note": "Using simplified model until Cemdata18 integration complete",
  "temperature_K": 298.15,
  "pressure_bar": 1.01325,
  "CO2_fraction": 0.4,
  "pCO2_bar": 0.4053,
  "phases": {
    "Calcite": {
      "moles": 0.01364874,
      "mass_kg": 0.0013661023866
    },
    "C-S-H_1.0": {
      "moles": 0.14607692,
      "mass_kg": 0.0248330764
    },
    "Silica_gel": {
      "moles": 1.04498575,
      "mass_kg": 0.06278274386
    },
    "Ettringite": {
      "moles": 0.0034173,
      "mass_kg": 0.0042887114999999995
    },
    "Hydrotalcite": {
      "moles": 0.015013247999999998,
      "mass_kg": 0.006650868863999999
    }
  },
  "pH": 8.5,
  "pe": 4.0,
  "Eh": 0.24,
  "system_mass_kg": 0.0999215030106,
  "input_composition": {
    "Ca": 0.15972566,
    "Si": 1.19106267,
    "Al": 0.47516852,
    "Fe": 0.07330786,
    "Mg": 0.05004416,
    "K": 0.06410463,
    "Na": 0.0639949,
    "S": 0.0205038,
    "O": 5.39924677,
    "H": 3.66355677,
    "C": 0.01364874
  },
  "execution_time": 9.298324584960938e-06,
  "mix_id": "MIX_0776",
  "input_file": "/teamspace/studios/this_studio/inputs/generated/MIX_0776.inp"
}