{
  "converged": true,
  "method": "simplified_thermodynamic_model",
  "note": "Using simplified model until Cemdata18 integration complete",
  "temperature_K": 298.15,
  "pressure_bar": 1.01325,
  "CO2_fraction": 0.2,
  "pCO2_bar": 0.20265,
  "phases": {
    "Calcite": {
      "moles": 0.0034154934975,
      "mass_kg": 0.00034185674416477497
    },
    "C-S-H_1.0": {
      "moles": 0.2002851065025,
      "mass_kg": 0.034048468105425
    },
    "Silica_gel": {
      "moles": 0.9247316934975001,
      "mass_kg": 0.05555788014532981
    },
    "Ettringite": {
      "moles": 0.005980275,
      "mass_kg": 0.007505245125
    },
    "Hydrotalcite": {
      "moles": 0.01822878,
      "mass_kg": 0.00807534954
    }
  },
  "pH": 9.48675,
  "pe": 4.0,
  "Eh": 0.24,
  "system_mass_kg": 0.10552879965991958,
  "input_composition": {
    "Ca": 0.2037006,
    "Si": 1.1250168,
    "Al": 0.47317365,
    "Fe": 0.06458336,
    "Mg": 0.0607626,
    "K": 0.06135292,
    "Na": 0.03134444,
    "S": 0.03588165,
    "O": 5.32038762,
    "H": 3.6635567,
    "C": 0.00674166
  },
  "execution_time": 1.1920928955078125e-05,
  "mix_id": "MIX_0368",
  "input_file": "/teamspace/studios/this_studio/inputs/generated/MIX_0368.inp"
}