{
  "converged": true,
  "method": "simplified_thermodynamic_model",
  "note": "Using simplified model until Cemdata18 integration complete",
  "temperature_K": 298.15,
  "pressure_bar": 1.01325,
  "CO2_fraction": 0.3,
  "pCO2_bar": 0.303975,
  "phases": {
    "Calcite": {
      "moles": 0.020361810971249998,
      "mass_kg": 0.002038013660112412
    },
    "C-S-H_1.0": {
      "moles": 0.84237433902875,
      "mass_kg": 0.14320363763488753
    },
    "Silica_gel": {
      "moles": 0.75292111097125,
      "mass_kg": 0.0452355003471527
    },
    "Ettringite": {
      "moles": 0.027338403333333334,
      "mass_kg": 0.03430969618333333
    },
    "Hydrotalcite": {
      "moles": 0.054872421,
      "mass_kg": 0.024308482503
    }
  },
  "pH": 8.980125000000001,
  "pe": 4.0,
  "Eh": 0.24,
  "system_mass_kg": 0.24909533032848596,
  "input_composition": {
    "Ca": 0.86273615,
    "Si": 1.59529545,
    "Al": 0.67898703,
    "Fe": 0.08476018,
    "Mg": 0.18290807,
    "K": 0.06593911,
    "Na": 0.2102719,
    "S": 0.16403042,
    "O": 17.38936156,
    "H": 22.64744153,
    "C": 0.02679406
  },
  "execution_time": 1.2159347534179688e-05,
  "mix_id": "MIX_3998",
  "input_file": "/teamspace/studios/this_studio/inputs/generated/MIX_3998.inp"
}