{
  "converged": true,
  "method": "simplified_thermodynamic_model",
  "note": "Using simplified model until Cemdata18 integration complete",
  "temperature_K": 298.15,
  "pressure_bar": 1.01325,
  "CO2_fraction": 0.25,
  "pCO2_bar": 0.2533125,
  "phases": {
    "Calcite": {
      "moles": 0.012859181081249999,
      "mass_kg": 0.0012870754344223123
    },
    "C-S-H_1.0": {
      "moles": 0.49807748891875,
      "mass_kg": 0.08467317311618751
    },
    "Silica_gel": {
      "moles": 1.46098115108125,
      "mass_kg": 0.0877757475569615
    },
    "Ettringite": {
      "moles": 0.0068346,
      "mass_kg": 0.008577422999999999
    },
    "Hydrotalcite": {
      "moles": 0.029148182999999998,
      "mass_kg": 0.012912645068999999
    }
  },
  "pH": 9.2334375,
  "pe": 4.0,
  "Eh": 0.24,
  "system_mass_kg": 0.19522606417657132,
  "input_composition": {
    "Ca": 0.51093667,
    "Si": 1.95905864,
    "Al": 0.69494602,
    "Fe": 0.15455619,
    "Mg": 0.09716061,
    "K": 0.08795278,
    "Na": 0.15233141,
    "S": 0.0410076,
    "O": 15.40966118,
    "H": 18.65083423,
    "C": 0.02030564
  },
  "execution_time": 8.106231689453125e-06,
  "mix_id": "MIX_4649",
  "input_file": "/teamspace/studios/this_studio/inputs/generated/MIX_4649.inp"
}