{
  "converged": true,
  "method": "simplified_thermodynamic_model",
  "note": "Using simplified model until Cemdata18 integration complete",
  "temperature_K": 298.15,
  "pressure_bar": 1.01325,
  "CO2_fraction": 0.35,
  "pCO2_bar": 0.3546375,
  "phases": {
    "Calcite": {
      "moles": 0.0123421652025,
      "mass_kg": 0.001235327315118225
    },
    "C-S-H_1.0": {
      "moles": 0.1913584347975,
      "mass_kg": 0.032530933915575
    },
    "Silica_gel": {
      "moles": 0.9559656852024999,
      "mass_kg": 0.057434418366966195
    },
    "Ettringite": {
      "moles": 0.005980275,
      "mass_kg": 0.007505245125
    },
    "Hydrotalcite": {
      "moles": 0.01822878,
      "mass_kg": 0.00807534954
    }
  },
  "pH": 8.7268125,
  "pe": 4.0,
  "Eh": 0.24,
  "system_mass_kg": 0.10678127426265942,
  "input_composition": {
    "Ca": 0.2037006,
    "Si": 1.14732412,
    "Al": 0.47317365,
    "Fe": 0.06458336,
    "Mg": 0.0607626,
    "K": 0.06135292,
    "Na": 0.07459528,
    "S": 0.03588165,
    "O": 6.89971389,
    "H": 6.66101226,
    "C": 0.01392088
  },
  "execution_time": 8.58306884765625e-06,
  "mix_id": "MIX_0427",
  "input_file": "/teamspace/studios/this_studio/inputs/generated/MIX_0427.inp"
}