{
  "converged": true,
  "method": "simplified_thermodynamic_model",
  "note": "Using simplified model until Cemdata18 integration complete",
  "temperature_K": 298.15,
  "pressure_bar": 1.01325,
  "CO2_fraction": 0.0,
  "pCO2_bar": 0.0,
  "phases": {
    "C-S-H_1.0": {
      "moles": 0.14506735,
      "mass_kg": 0.024661449500000005
    },
    "Silica_gel": {
      "moles": 1.0642197100000002,
      "mass_kg": 0.06393832017680001
    },
    "Ettringite": {
      "moles": 0.002562975,
      "mass_kg": 0.0032165336249999994
    },
    "Hydrotalcite": {
      "moles": 0.013941405,
      "mass_kg": 0.006176042415
    }
  },
  "pH": 10.5,
  "pe": 4.0,
  "Eh": 0.24,
  "system_mass_kg": 0.09799234571680002,
  "input_composition": {
    "Ca": 0.14506735,
    "Si": 1.20928706,
    "Al": 0.47583348,
    "Fe": 0.07621603,
    "Mg": 0.04647135,
    "K": 0.06502187,
    "Na": 0.06752836,
    "S": 0.01537785,
    "O": 5.88195006,
    "H": 4.6627086,
    "C": 0.0
  },
  "execution_time": 1.1682510375976562e-05,
  "mix_id": "MIX_0793",
  "input_file": "/teamspace/studios/this_studio/inputs/generated/MIX_0793.inp"
}