{
  "converged": true,
  "method": "simplified_thermodynamic_model",
  "note": "Using simplified model until Cemdata18 integration complete",
  "temperature_K": 298.15,
  "pressure_bar": 1.01325,
  "CO2_fraction": 0.3,
  "pCO2_bar": 0.303975,
  "phases": {
    "Calcite": {
      "moles": 0.021818998726874997,
      "mass_kg": 0.0021838635825729186
    },
    "C-S-H_1.0": {
      "moles": 0.840917151273125,
      "mass_kg": 0.14295591571643126
    },
    "Silica_gel": {
      "moles": 0.715067138726875,
      "mass_kg": 0.04296123369471065
    },
    "Ettringite": {
      "moles": 0.027338403333333334,
      "mass_kg": 0.03430969618333333
    },
    "Hydrotalcite": {
      "moles": 0.054872421,
      "mass_kg": 0.024308482503
    }
  },
  "pH": 8.980125000000001,
  "pe": 4.0,
  "Eh": 0.24,
  "system_mass_kg": 0.24671919168004816,
  "input_composition": {
    "Ca": 0.86273615,
    "Si": 1.55598429,
    "Al": 0.67898703,
    "Fe": 0.08476018,
    "Mg": 0.18290807,
    "K": 0.06593911,
    "Na": 0.13405294,
    "S": 0.16403042,
    "O": 19.27476839,
    "H": 26.64404877,
    "C": 0.02871157
  },
  "execution_time": 1.0728836059570312e-05,
  "mix_id": "MIX_3991",
  "input_file": "/teamspace/studios/this_studio/inputs/generated/MIX_3991.inp"
}