{
  "converged": true,
  "method": "simplified_thermodynamic_model",
  "note": "Using simplified model until Cemdata18 integration complete",
  "temperature_K": 298.15,
  "pressure_bar": 1.01325,
  "CO2_fraction": 0.2,
  "pCO2_bar": 0.20265,
  "phases": {
    "Calcite": {
      "moles": 0.0036482978175,
      "mass_kg": 0.000365158128553575
    },
    "C-S-H_1.0": {
      "moles": 0.15607736218249998,
      "mass_kg": 0.026533151571025
    },
    "Silica_gel": {
      "moles": 1.0368077478175,
      "mass_kg": 0.0622914094888754
    },
    "Ettringite": {
      "moles": 0.0034173,
      "mass_kg": 0.0042887114999999995
    },
    "Hydrotalcite": {
      "moles": 0.015013247999999998,
      "mass_kg": 0.006650868863999999
    }
  },
  "pH": 9.48675,
  "pe": 4.0,
  "Eh": 0.24,
  "system_mass_kg": 0.10012929955245398,
  "input_composition": {
    "Ca": 0.15972566,
    "Si": 1.19288511,
    "Al": 0.47516852,
    "Fe": 0.07330786,
    "Mg": 0.05004416,
    "K": 0.06410463,
    "Na": 0.06752836,
    "S": 0.0205038,
    "O": 5.89133917,
    "H": 4.6627086,
    "C": 0.00720118
  },
  "execution_time": 1.1444091796875e-05,
  "mix_id": "MIX_0713",
  "input_file": "/teamspace/studios/this_studio/inputs/generated/MIX_0713.inp"
}