{
  "converged": true,
  "method": "simplified_thermodynamic_model",
  "note": "Using simplified model until Cemdata18 integration complete",
  "temperature_K": 298.15,
  "pressure_bar": 1.01325,
  "CO2_fraction": 0.35,
  "pCO2_bar": 0.3546375,
  "phases": {
    "Calcite": {
      "moles": 0.01468068034125,
      "mass_kg": 0.0014693892953557125
    },
    "C-S-H_1.0": {
      "moles": 0.47710388965875,
      "mass_kg": 0.08110766124198751
    },
    "Silica_gel": {
      "moles": 0.72696551034125,
      "mass_kg": 0.0436760878613023
    },
    "Ettringite": {
      "moles": 0.017086501666666667,
      "mass_kg": 0.021443559591666665
    },
    "Hydrotalcite": {
      "moles": 0.035445261,
      "mass_kg": 0.015702250623
    }
  },
  "pH": 8.7268125,
  "pe": 4.0,
  "Eh": 0.24,
  "system_mass_kg": 0.1633989486133122,
  "input_composition": {
    "Ca": 0.49178457,
    "Si": 1.2040694,
    "Al": 0.53867497,
    "Fe": 0.05773752,
    "Mg": 0.11815087,
    "K": 0.05860121,
    "Na": 0.08872912,
    "S": 0.10251901,
    "O": 7.99058893,
    "H": 7.32711348,
    "C": 0.01655852
  },
  "execution_time": 1.3828277587890625e-05,
  "mix_id": "MIX_1320",
  "input_file": "/teamspace/studios/this_studio/inputs/generated/MIX_1320.inp"
}