{
  "converged": true,
  "method": "simplified_thermodynamic_model",
  "note": "Using simplified model until Cemdata18 integration complete",
  "temperature_K": 298.15,
  "pressure_bar": 1.01325,
  "CO2_fraction": 0.3,
  "pCO2_bar": 0.303975,
  "phases": {
    "Calcite": {
      "moles": 0.012503897634374999,
      "mass_kg": 0.0012515151142245937
    },
    "C-S-H_1.0": {
      "moles": 0.420647422365625,
      "mass_kg": 0.07151006180215626
    },
    "Silica_gel": {
      "moles": 0.8563195476343749,
      "mass_kg": 0.05144767842187325
    },
    "Ettringite": {
      "moles": 0.013669201666666667,
      "mass_kg": 0.017154848091666664
    },
    "Hydrotalcite": {
      "moles": 0.031157888999999998,
      "mass_kg": 0.013802944826999999
    }
  },
  "pH": 8.980125000000001,
  "pe": 4.0,
  "Eh": 0.24,
  "system_mass_kg": 0.15516704825692076,
  "input_composition": {
    "Ca": 0.43315132,
    "Si": 1.27696697,
    "Al": 0.5413348,
    "Fe": 0.06937019,
    "Mg": 0.10385963,
    "K": 0.06227016,
    "Na": 0.10286297,
    "S": 0.08201521,
    "O": 10.03038267,
    "H": 11.32372081,
    "C": 0.01645385
  },
  "execution_time": 2.193450927734375e-05,
  "mix_id": "MIX_1530",
  "input_file": "/teamspace/studios/this_studio/inputs/generated/MIX_1530.inp"
}