{
  "converged": true,
  "method": "simplified_thermodynamic_model",
  "note": "Using simplified model until Cemdata18 integration complete",
  "temperature_K": 298.15,
  "pressure_bar": 1.01325,
  "CO2_fraction": 0.0,
  "pCO2_bar": 0.0,
  "phases": {
    "C-S-H_1.0": {
      "moles": 0.34520145,
      "mass_kg": 0.05868424650000001
    },
    "Silica_gel": {
      "moles": 1.01920922,
      "mass_kg": 0.0612340899376
    },
    "Ettringite": {
      "moles": 0.00854325,
      "mass_kg": 0.010721778749999999
    },
    "Hydrotalcite": {
      "moles": 0.024726828,
      "mass_kg": 0.010953984804
    }
  },
  "pH": 10.5,
  "pe": 4.0,
  "Eh": 0.24,
  "system_mass_kg": 0.1415940999916,
  "input_composition": {
    "Ca": 0.34520145,
    "Si": 1.36441067,
    "Al": 0.54532455,
    "Fe": 0.08681919,
    "Mg": 0.08242276,
    "K": 0.06777358,
    "Na": 0.08159744,
    "S": 0.0512595,
    "O": 10.99413741,
    "H": 13.32202445,
    "C": 0.0
  },
  "execution_time": 1.5735626220703125e-05,
  "mix_id": "MIX_1799",
  "input_file": "/teamspace/studios/this_studio/inputs/generated/MIX_1799.inp"
}