{
  "converged": true,
  "method": "simplified_thermodynamic_model",
  "note": "Using simplified model until Cemdata18 integration complete",
  "temperature_K": 298.15,
  "pressure_bar": 1.01325,
  "CO2_fraction": 0.15,
  "pCO2_bar": 0.1519875,
  "phases": {
    "Calcite": {
      "moles": 0.0028759302731249997,
      "mass_kg": 0.0002878518610370812
    },
    "C-S-H_1.0": {
      "moles": 0.342325519726875,
      "mass_kg": 0.05819533835356876
    },
    "Silica_gel": {
      "moles": 1.0041999602731249,
      "mass_kg": 0.060332333613209346
    },
    "Ettringite": {
      "moles": 0.00854325,
      "mass_kg": 0.010721778749999999
    },
    "Hydrotalcite": {
      "moles": 0.024726828,
      "mass_kg": 0.010953984804
    }
  },
  "pH": 9.7400625,
  "pe": 4.0,
  "Eh": 0.24,
  "system_mass_kg": 0.14049128738181518,
  "input_composition": {
    "Ca": 0.34520145,
    "Si": 1.34652548,
    "Al": 0.54532455,
    "Fe": 0.08681919,
    "Mg": 0.08242276,
    "K": 0.06777358,
    "Na": 0.04692051,
    "S": 0.0512595,
    "O": 8.95786262,
    "H": 9.32541712,
    "C": 0.00756886
  },
  "execution_time": 1.239776611328125e-05,
  "mix_id": "MIX_1809",
  "input_file": "/teamspace/studios/this_studio/inputs/generated/MIX_1809.inp"
}