{
  "converged": true,
  "method": "simplified_thermodynamic_model",
  "note": "Using simplified model until Cemdata18 integration complete",
  "temperature_K": 298.15,
  "pressure_bar": 1.01325,
  "CO2_fraction": 0.2,
  "pCO2_bar": 0.20265,
  "phases": {
    "Calcite": {
      "moles": 0.0036482978175,
      "mass_kg": 0.000365158128553575
    },
    "C-S-H_1.0": {
      "moles": 0.1267607421825,
      "mass_kg": 0.021549326171025
    },
    "Silica_gel": {
      "moles": 1.0989282778175,
      "mass_kg": 0.0660236109312754
    },
    "Ettringite": {
      "moles": 0.00170865,
      "mass_kg": 0.0021443557499999997
    },
    "Hydrotalcite": {
      "moles": 0.012869562,
      "mass_kg": 0.0057012159659999995
    }
  },
  "pH": 9.48675,
  "pe": 4.0,
  "Eh": 0.24,
  "system_mass_kg": 0.09578366694685397,
  "input_composition": {
    "Ca": 0.13040904,
    "Si": 1.22568902,
    "Al": 0.47649844,
    "Fe": 0.07912419,
    "Mg": 0.04289854,
    "K": 0.06593911,
    "Na": 0.06752836,
    "S": 0.0102519,
    "O": 5.90136565,
    "H": 4.6627086,
    "C": 0.00720118
  },
  "execution_time": 1.049041748046875e-05,
  "mix_id": "MIX_0937",
  "input_file": "/teamspace/studios/this_studio/inputs/generated/MIX_0937.inp"
}