{
  "converged": true,
  "method": "simplified_thermodynamic_model",
  "note": "Using simplified model until Cemdata18 integration complete",
  "temperature_K": 298.15,
  "pressure_bar": 1.01325,
  "CO2_fraction": 0.3,
  "pCO2_bar": 0.303975,
  "phases": {
    "Calcite": {
      "moles": 0.013281131311875,
      "mass_kg": 0.0013293084330055686
    },
    "C-S-H_1.0": {
      "moles": 0.44918681868812504,
      "mass_kg": 0.07636175917698126
    },
    "Silica_gel": {
      "moles": 0.784008211311875,
      "mass_kg": 0.047103213335617455
    },
    "Ettringite": {
      "moles": 0.015377851666666666,
      "mass_kg": 0.019299203841666664
    },
    "Hydrotalcite": {
      "moles": 0.033301575,
      "mass_kg": 0.014752597725
    }
  },
  "pH": 8.980125000000001,
  "pe": 4.0,
  "Eh": 0.24,
  "system_mass_kg": 0.15884608251227095,
  "input_composition": {
    "Ca": 0.46246795,
    "Si": 1.23319503,
    "Al": 0.54000488,
    "Fe": 0.06355385,
    "Mg": 0.11100525,
    "K": 0.06043569,
    "Na": 0.08159744,
    "S": 0.09226711,
    "O": 10.98898468,
    "H": 13.32202445,
    "C": 0.01747661
  },
  "execution_time": 1.2159347534179688e-05,
  "mix_id": "MIX_1415",
  "input_file": "/teamspace/studios/this_studio/inputs/generated/MIX_1415.inp"
}