{
  "converged": true,
  "method": "simplified_thermodynamic_model",
  "note": "Using simplified model until Cemdata18 integration complete",
  "temperature_K": 298.15,
  "pressure_bar": 1.01325,
  "CO2_fraction": 0.25,
  "pCO2_bar": 0.2533125,
  "phases": {
    "Calcite": {
      "moles": 0.010346010773437499,
      "mass_kg": 0.0010355322183133592
    },
    "C-S-H_1.0": {
      "moles": 0.7255475892265625,
      "mass_kg": 0.12334309016851563
    },
    "Silica_gel": {
      "moles": 0.5627607107734375,
      "mass_kg": 0.033810663503268126
    },
    "Ettringite": {
      "moles": 0.02562975166666667,
      "mass_kg": 0.03216533834166667
    },
    "Hydrotalcite": {
      "moles": 0.049446213,
      "mass_kg": 0.021904672359
    }
  },
  "pH": 9.2334375,
  "pe": 4.0,
  "Eh": 0.24,
  "system_mass_kg": 0.21225929659076379,
  "input_composition": {
    "Ca": 0.7358936,
    "Si": 1.2883083,
    "Al": 0.60617116,
    "Fe": 0.05961618,
    "Mg": 0.16482071,
    "K": 0.05860121,
    "Na": 0.06076591,
    "S": 0.15377851,
    "O": 12.02376813,
    "H": 13.9881256,
    "C": 0.01633715
  },
  "execution_time": 1.6927719116210938e-05,
  "mix_id": "MIX_2513",
  "input_file": "/teamspace/studios/this_studio/inputs/generated/MIX_2513.inp"
}