{
  "converged": true,
  "method": "simplified_thermodynamic_model",
  "note": "Using simplified model until Cemdata18 integration complete",
  "temperature_K": 298.15,
  "pressure_bar": 1.01325,
  "CO2_fraction": 0.4,
  "pCO2_bar": 0.4053,
  "phases": {
    "Calcite": {
      "moles": 0.03875871,
      "mass_kg": 0.0038793592839
    },
    "C-S-H_1.0": {
      "moles": 0.35491147,
      "mass_kg": 0.060334949900000004
    },
    "Silica_gel": {
      "moles": 1.7744546600000002,
      "mass_kg": 0.10660923597280002
    },
    "Hydrotalcite": {
      "moles": 0.020573436,
      "mass_kg": 0.009114032148
    }
  },
  "pH": 8.5,
  "pe": 4.0,
  "Eh": 0.24,
  "system_mass_kg": 0.17993757730470003,
  "input_composition": {
    "Ca": 0.39367018,
    "Si": 2.12936613,
    "Al": 0.70026569,
    "Fe": 0.17782153,
    "Mg": 0.06857812,
    "K": 0.09529067,
    "Na": 0.22812517,
    "S": 0.0,
    "O": 19.59936114,
    "H": 26.64404881,
    "C": 0.03875871
  },
  "execution_time": 9.298324584960938e-06,
  "mix_id": "MIX_4927",
  "input_file": "/teamspace/studios/this_studio/inputs/generated/MIX_4927.inp"
}