{
  "converged": true,
  "method": "simplified_thermodynamic_model",
  "note": "Using simplified model until Cemdata18 integration complete",
  "temperature_K": 298.15,
  "pressure_bar": 1.01325,
  "CO2_fraction": 0.25,
  "pCO2_bar": 0.2533125,
  "phases": {
    "Calcite": {
      "moles": 0.005435953260937499,
      "mass_kg": 0.0005440845618872343
    },
    "C-S-H_1.0": {
      "moles": 0.1542897067390625,
      "mass_kg": 0.026229250145640627
    },
    "Silica_gel": {
      "moles": 1.0454588532609375,
      "mass_kg": 0.06281116790391712
    },
    "Ettringite": {
      "moles": 0.0034173,
      "mass_kg": 0.0042887114999999995
    },
    "Hydrotalcite": {
      "moles": 0.015013247999999998,
      "mass_kg": 0.006650868863999999
    }
  },
  "pH": 9.2334375,
  "pe": 4.0,
  "Eh": 0.24,
  "system_mass_kg": 0.10052408297544499,
  "input_composition": {
    "Ca": 0.15972566,
    "Si": 1.19974856,
    "Al": 0.47516852,
    "Fe": 0.07330786,
    "Mg": 0.05004416,
    "K": 0.06410463,
    "Na": 0.08083566,
    "S": 0.0205038,
    "O": 5.41490901,
    "H": 3.66355671,
    "C": 0.00858379
  },
  "execution_time": 7.62939453125e-06,
  "mix_id": "MIX_0732",
  "input_file": "/teamspace/studios/this_studio/inputs/generated/MIX_0732.inp"
}