{
  "converged": true,
  "method": "simplified_thermodynamic_model",
  "note": "Using simplified model until Cemdata18 integration complete",
  "temperature_K": 298.15,
  "pressure_bar": 1.01325,
  "CO2_fraction": 0.15,
  "pCO2_bar": 0.1519875,
  "phases": {
    "Calcite": {
      "moles": 0.0022811005940624996,
      "mass_kg": 0.0002283153584597156
    },
    "C-S-H_1.0": {
      "moles": 0.1867611894059375,
      "mass_kg": 0.031749402199009374
    },
    "Silica_gel": {
      "moles": 0.9870895505940624,
      "mass_kg": 0.059304340199691274
    },
    "Ettringite": {
      "moles": 0.00512595,
      "mass_kg": 0.006433067249999999
    },
    "Hydrotalcite": {
      "moles": 0.017156936999999997,
      "mass_kg": 0.007600523090999999
    }
  },
  "pH": 9.7400625,
  "pe": 4.0,
  "Eh": 0.24,
  "system_mass_kg": 0.10531564809816037,
  "input_composition": {
    "Ca": 0.18904229,
    "Si": 1.17385074,
    "Al": 0.4738386,
    "Fe": 0.06749152,
    "Mg": 0.05718979,
    "K": 0.06227016,
    "Na": 0.09422562,
    "S": 0.0307557,
    "O": 6.91895662,
    "H": 6.66101221,
    "C": 0.00600339
  },
  "execution_time": 1.0251998901367188e-05,
  "mix_id": "MIX_0479",
  "input_file": "/teamspace/studios/this_studio/inputs/generated/MIX_0479.inp"
}