{
  "converged": true,
  "method": "simplified_thermodynamic_model",
  "note": "Using simplified model until Cemdata18 integration complete",
  "temperature_K": 298.15,
  "pressure_bar": 1.01325,
  "CO2_fraction": 0.4,
  "pCO2_bar": 0.4053,
  "phases": {
    "Calcite": {
      "moles": 0.01581217,
      "mass_kg": 0.0015826400953
    },
    "C-S-H_1.0": {
      "moles": 0.18788843,
      "mass_kg": 0.0319410331
    },
    "Silica_gel": {
      "moles": 0.94951978,
      "mass_kg": 0.057047148382400006
    },
    "Ettringite": {
      "moles": 0.005980275,
      "mass_kg": 0.007505245125
    },
    "Hydrotalcite": {
      "moles": 0.01822878,
      "mass_kg": 0.00807534954
    }
  },
  "pH": 8.5,
  "pe": 4.0,
  "Eh": 0.24,
  "system_mass_kg": 0.10615141624270001,
  "input_composition": {
    "Ca": 0.2037006,
    "Si": 1.13740821,
    "Al": 0.47317365,
    "Fe": 0.06458336,
    "Mg": 0.0607626,
    "K": 0.06135292,
    "Na": 0.05536969,
    "S": 0.03588165,
    "O": 6.87405185,
    "H": 6.66101223,
    "C": 0.01581217
  },
  "execution_time": 1.049041748046875e-05,
  "mix_id": "MIX_0439",
  "input_file": "/teamspace/studios/this_studio/inputs/generated/MIX_0439.inp"
}