{
  "converged": true,
  "method": "simplified_thermodynamic_model",
  "note": "Using simplified model until Cemdata18 integration complete",
  "temperature_K": 298.15,
  "pressure_bar": 1.01325,
  "CO2_fraction": 0.0,
  "pCO2_bar": 0.0,
  "phases": {
    "C-S-H_1.0": {
      "moles": 0.39367018,
      "mass_kg": 0.0669239306
    },
    "Silica_gel": {
      "moles": 1.6636596799999999,
      "mass_kg": 0.09995267357439999
    },
    "Hydrotalcite": {
      "moles": 0.020573436,
      "mass_kg": 0.009114032148
    }
  },
  "pH": 10.5,
  "pe": 4.0,
  "Eh": 0.24,
  "system_mass_kg": 0.1759906363224,
  "input_composition": {
    "Ca": 0.39367018,
    "Si": 2.05732986,
    "Al": 0.70026569,
    "Fe": 0.17782153,
    "Mg": 0.06857812,
    "K": 0.09529067,
    "Na": 0.0884567,
    "S": 0.0,
    "O": 19.30793695,
    "H": 26.64404884,
    "C": 0.0
  },
  "execution_time": 6.67572021484375e-06,
  "mix_id": "MIX_4819",
  "input_file": "/teamspace/studios/this_studio/inputs/generated/MIX_4819.inp"
}