{
  "converged": true,
  "method": "simplified_thermodynamic_model",
  "note": "Using simplified model until Cemdata18 integration complete",
  "temperature_K": 298.15,
  "pressure_bar": 1.01325,
  "CO2_fraction": 0.15,
  "pCO2_bar": 0.1519875,
  "phases": {
    "Calcite": {
      "moles": 0.0043610381325,
      "mass_kg": 0.000436496306681925
    },
    "C-S-H_1.0": {
      "moles": 0.3797330918675,
      "mass_kg": 0.064554625617475
    },
    "Silica_gel": {
      "moles": 1.3075778681325,
      "mass_kg": 0.0785592783174006
    },
    "Ettringite": {
      "moles": 0.00512595,
      "mass_kg": 0.006433067249999999
    },
    "Hydrotalcite": {
      "moles": 0.023721975,
      "mass_kg": 0.010508834925
    }
  },
  "pH": 9.7400625,
  "pe": 4.0,
  "Eh": 0.24,
  "system_mass_kg": 0.16049230241655754,
  "input_composition": {
    "Ca": 0.38409413,
    "Si": 1.68731096,
    "Al": 0.62213016,
    "Fe": 0.12941219,
    "Mg": 0.07907325,
    "K": 0.08061489,
    "Na": 0.07114995,
    "S": 0.0307557,
    "O": 15.14772541,
    "H": 19.98303666,
    "C": 0.01147736
  },
  "execution_time": 1.1444091796875e-05,
  "mix_id": "MIX_3379",
  "input_file": "/teamspace/studios/this_studio/inputs/generated/MIX_3379.inp"
}