{
  "converged": true,
  "method": "simplified_thermodynamic_model",
  "note": "Using simplified model until Cemdata18 integration complete",
  "temperature_K": 298.15,
  "pressure_bar": 1.01325,
  "CO2_fraction": 0.2,
  "pCO2_bar": 0.20265,
  "phases": {
    "Calcite": {
      "moles": 0.007512954907499999,
      "mass_kg": 0.0007519716566916749
    },
    "C-S-H_1.0": {
      "moles": 0.6206902050925,
      "mass_kg": 0.105517334865725
    },
    "Silica_gel": {
      "moles": 1.2186203049075002,
      "mass_kg": 0.07321470791884262
    },
    "Ettringite": {
      "moles": 0.013669201666666667,
      "mass_kg": 0.017154848091666664
    },
    "Hydrotalcite": {
      "moles": 0.037722929999999995,
      "mass_kg": 0.01671125799
    }
  },
  "pH": 9.48675,
  "pe": 4.0,
  "Eh": 0.24,
  "system_mass_kg": 0.21335012052292596,
  "input_composition": {
    "Ca": 0.62820316,
    "Si": 1.83931051,
    "Al": 0.68962636,
    "Fe": 0.13129085,
    "Mg": 0.1257431,
    "K": 0.08061489,
    "Na": 0.17456535,
    "S": 0.08201521,
    "O": 13.39435112,
    "H": 14.65422691,
    "C": 0.01482942
  },
  "execution_time": 1.0967254638671875e-05,
  "mix_id": "MIX_4412",
  "input_file": "/teamspace/studios/this_studio/inputs/generated/MIX_4412.inp"
}