{
  "converged": true,
  "method": "simplified_thermodynamic_model",
  "note": "Using simplified model until Cemdata18 integration complete",
  "temperature_K": 298.15,
  "pressure_bar": 1.01325,
  "CO2_fraction": 0.15,
  "pCO2_bar": 0.1519875,
  "phases": {
    "Calcite": {
      "moles": 0.0043610381325,
      "mass_kg": 0.000436496306681925
    },
    "C-S-H_1.0": {
      "moles": 0.5556328318675,
      "mass_kg": 0.09445758141747501
    },
    "Silica_gel": {
      "moles": 0.9348546681325,
      "mass_kg": 0.0561660684614006
    },
    "Ettringite": {
      "moles": 0.015377851666666666,
      "mass_kg": 0.019299203841666664
    },
    "Hydrotalcite": {
      "moles": 0.036584094,
      "mass_kg": 0.016206753642
    }
  },
  "pH": 9.7400625,
  "pe": 4.0,
  "Eh": 0.24,
  "system_mass_kg": 0.1865661036692242,
  "input_composition": {
    "Ca": 0.55999387,
    "Si": 1.4904875,
    "Al": 0.61415066,
    "Fe": 0.09451418,
    "Mg": 0.12194698,
    "K": 0.06960805,
    "Na": 0.07114995,
    "S": 0.09226711,
    "O": 15.0875665,
    "H": 19.98303666,
    "C": 0.01147736
  },
  "execution_time": 1.2159347534179688e-05,
  "mix_id": "MIX_2931",
  "input_file": "/teamspace/studios/this_studio/inputs/generated/MIX_2931.inp"
}