{
  "converged": true,
  "method": "simplified_thermodynamic_model",
  "note": "Using simplified model until Cemdata18 integration complete",
  "temperature_K": 298.15,
  "pressure_bar": 1.01325,
  "CO2_fraction": 0.0,
  "pCO2_bar": 0.0,
  "phases": {
    "C-S-H_1.0": {
      "moles": 0.37451808,
      "mass_kg": 0.0636680736
    },
    "Silica_gel": {
      "moles": 0.9516777200000001,
      "mass_kg": 0.057176797417600005
    },
    "Ettringite": {
      "moles": 0.010251901666666667,
      "mass_kg": 0.012866136591666666
    },
    "Hydrotalcite": {
      "moles": 0.026870514,
      "mass_kg": 0.011903637702000001
    }
  },
  "pH": 10.5,
  "pe": 4.0,
  "Eh": 0.24,
  "system_mass_kg": 0.14561464531126667,
  "input_composition": {
    "Ca": 0.37451808,
    "Si": 1.3261958,
    "Al": 0.54399463,
    "Fe": 0.08100285,
    "Mg": 0.08956838,
    "K": 0.06593911,
    "Na": 0.07110634,
    "S": 0.06151141,
    "O": 8.96973979,
    "H": 9.3254171,
    "C": 0.0
  },
  "execution_time": 1.4781951904296875e-05,
  "mix_id": "MIX_1685",
  "input_file": "/teamspace/studios/this_studio/inputs/generated/MIX_1685.inp"
}