{
  "converged": true,
  "method": "simplified_thermodynamic_model",
  "note": "Using simplified model until Cemdata18 integration complete",
  "temperature_K": 298.15,
  "pressure_bar": 1.01325,
  "CO2_fraction": 0.2,
  "pCO2_bar": 0.20265,
  "phases": {
    "Calcite": {
      "moles": 0.00559203049125,
      "mass_kg": 0.0005597063318692125
    },
    "C-S-H_1.0": {
      "moles": 0.19302630950875,
      "mass_kg": 0.032814472616487504
    },
    "Silica_gel": {
      "moles": 1.3603333304912502,
      "mass_kg": 0.08172882649591431
    },
    "Hydrotalcite": {
      "moles": 0.014008394999999998,
      "mass_kg": 0.006205718984999999
    }
  },
  "pH": 9.48675,
  "pe": 4.0,
  "Eh": 0.24,
  "system_mass_kg": 0.12130872442927103,
  "input_composition": {
    "Ca": 0.19861834,
    "Si": 1.55335964,
    "Al": 0.55197413,
    "Fe": 0.11590086,
    "Mg": 0.04669465,
    "K": 0.07694594,
    "Na": 0.12993217,
    "S": 0.0,
    "O": 10.14121981,
    "H": 11.32372077,
    "C": 0.01103781
  },
  "execution_time": 1.0251998901367188e-05,
  "mix_id": "MIX_2398",
  "input_file": "/teamspace/studios/this_studio/inputs/generated/MIX_2398.inp"
}