{
  "converged": true,
  "method": "simplified_thermodynamic_model",
  "note": "Using simplified model until Cemdata18 integration complete",
  "temperature_K": 298.15,
  "pressure_bar": 1.01325,
  "CO2_fraction": 0.15,
  "pCO2_bar": 0.1519875,
  "phases": {
    "Calcite": {
      "moles": 0.0021333725437499996,
      "mass_kg": 0.00021352925790393745
    },
    "C-S-H_1.0": {
      "moles": 0.17225060745624998,
      "mass_kg": 0.0292826032675625
    },
    "Silica_gel": {
      "moles": 0.98735535254375,
      "mass_kg": 0.0593203095808285
    },
    "Ettringite": {
      "moles": 0.004271625,
      "mass_kg": 0.0053608893749999996
    },
    "Hydrotalcite": {
      "moles": 0.016085091,
      "mass_kg": 0.007125695313
    }
  },
  "pH": 9.7400625,
  "pe": 4.0,
  "Eh": 0.24,
  "system_mass_kg": 0.10130302679429494,
  "input_composition": {
    "Ca": 0.17438398,
    "Si": 1.15960596,
    "Al": 0.47450356,
    "Fe": 0.07039969,
    "Mg": 0.05361697,
    "K": 0.0631874,
    "Na": 0.03480579,
    "S": 0.02562975,
    "O": 6.33261301,
    "H": 5.6618604,
    "C": 0.0056146
  },
  "execution_time": 9.298324584960938e-06,
  "mix_id": "MIX_0578",
  "input_file": "/teamspace/studios/this_studio/inputs/generated/MIX_0578.inp"
}