{
  "converged": true,
  "method": "simplified_thermodynamic_model",
  "note": "Using simplified model until Cemdata18 integration complete",
  "temperature_K": 298.15,
  "pressure_bar": 1.01325,
  "CO2_fraction": 0.4,
  "pCO2_bar": 0.4053,
  "phases": {
    "Calcite": {
      "moles": 0.01348332,
      "mass_kg": 0.0013495454988
    },
    "C-S-H_1.0": {
      "moles": 0.10226741,
      "mass_kg": 0.0173854597
    },
    "Silica_gel": {
      "moles": 1.12116112,
      "mass_kg": 0.0673593600896
    },
    "Ettringite": {
      "moles": 0.000854325,
      "mass_kg": 0.0010721778749999999
    },
    "Hydrotalcite": {
      "moles": 0.011797719,
      "mass_kg": 0.005226389517
    }
  },
  "pH": 8.5,
  "pe": 4.0,
  "Eh": 0.24,
  "system_mass_kg": 0.0923929326804,
  "input_composition": {
    "Ca": 0.11575073,
    "Si": 1.22342853,
    "Al": 0.47716339,
    "Fe": 0.08203236,
    "Mg": 0.03932573,
    "K": 0.06685634,
    "Na": 0.03134444,
    "S": 0.00512595,
    "O": 5.36395039,
    "H": 3.6635567,
    "C": 0.01348332
  },
  "execution_time": 1.0728836059570312e-05,
  "mix_id": "MIX_1104",
  "input_file": "/teamspace/studios/this_studio/inputs/generated/MIX_1104.inp"
}