{
  "converged": true,
  "method": "simplified_thermodynamic_model",
  "note": "Using simplified model until Cemdata18 integration complete",
  "temperature_K": 298.15,
  "pressure_bar": 1.01325,
  "CO2_fraction": 0.15,
  "pCO2_bar": 0.1519875,
  "phases": {
    "Calcite": {
      "moles": 0.004174070709375,
      "mass_kg": 0.00041778273730134374
    },
    "C-S-H_1.0": {
      "moles": 0.44812934929062503,
      "mass_kg": 0.07618198937940626
    },
    "Silica_gel": {
      "moles": 1.5508768207093748,
      "mass_kg": 0.09317667938821925
    },
    "Ettringite": {
      "moles": 0.0034173,
      "mass_kg": 0.0042887114999999995
    },
    "Hydrotalcite": {
      "moles": 0.024860808,
      "mass_kg": 0.011013337944000001
    }
  },
  "pH": 9.7400625,
  "pe": 4.0,
  "Eh": 0.24,
  "system_mass_kg": 0.18507850094892686,
  "input_composition": {
    "Ca": 0.45230342,
    "Si": 1.99900617,
    "Al": 0.69760586,
    "Fe": 0.16618886,
    "Mg": 0.08286936,
    "K": 0.09162172,
    "Na": 0.10257964,
    "S": 0.0205038,
    "O": 13.33657331,
    "H": 14.65422683,
    "C": 0.0109853
  },
  "execution_time": 1.71661376953125e-05,
  "mix_id": "MIX_4724",
  "input_file": "/teamspace/studios/this_studio/inputs/generated/MIX_4724.inp"
}