{
  "converged": true,
  "method": "simplified_thermodynamic_model",
  "note": "Using simplified model until Cemdata18 integration complete",
  "temperature_K": 298.15,
  "pressure_bar": 1.01325,
  "CO2_fraction": 0.15,
  "pCO2_bar": 0.1519875,
  "phases": {
    "Calcite": {
      "moles": 0.0037938283818749995,
      "mass_kg": 0.00037972428274186867
    },
    "C-S-H_1.0": {
      "moles": 0.292350431618125,
      "mass_kg": 0.049699573375081255
    },
    "Silica_gel": {
      "moles": 1.537502308381875,
      "mass_kg": 0.09237313868758305
    },
    "Hydrotalcite": {
      "moles": 0.017290917,
      "mass_kg": 0.007659876231
    }
  },
  "pH": 9.7400625,
  "pe": 4.0,
  "Eh": 0.24,
  "system_mass_kg": 0.15011231257640617,
  "input_composition": {
    "Ca": 0.29614426,
    "Si": 1.82985274,
    "Al": 0.62611991,
    "Fe": 0.1468612,
    "Mg": 0.05763639,
    "K": 0.08611831,
    "Na": 0.15671208,
    "S": 0.0,
    "O": 12.30840495,
    "H": 13.98812562,
    "C": 0.00998458
  },
  "execution_time": 6.9141387939453125e-06,
  "mix_id": "MIX_3613",
  "input_file": "/teamspace/studios/this_studio/inputs/generated/MIX_3613.inp"
}