{
  "converged": true,
  "method": "simplified_thermodynamic_model",
  "note": "Using simplified model until Cemdata18 integration complete",
  "temperature_K": 298.15,
  "pressure_bar": 1.01325,
  "CO2_fraction": 0.35,
  "pCO2_bar": 0.3546375,
  "phases": {
    "Calcite": {
      "moles": 0.0206552849015625,
      "mass_kg": 0.0020673874657973906
    },
    "C-S-H_1.0": {
      "moles": 0.4953636450984375,
      "mass_kg": 0.08421181966673438
    },
    "Silica_gel": {
      "moles": 1.0884597649015624,
      "mass_kg": 0.06539466267528588
    },
    "Ettringite": {
      "moles": 0.012814876666666667,
      "mass_kg": 0.016082670216666668
    },
    "Hydrotalcite": {
      "moles": 0.033368564999999996,
      "mass_kg": 0.014782274294999998
    }
  },
  "pH": 8.7268125,
  "pe": 4.0,
  "Eh": 0.24,
  "system_mass_kg": 0.18253881431948432,
  "input_composition": {
    "Ca": 0.51601893,
    "Si": 1.58382341,
    "Al": 0.61614554,
    "Fe": 0.10323869,
    "Mg": 0.11122855,
    "K": 0.07235976,
    "Na": 0.15671208,
    "S": 0.07688926,
    "O": 12.25983185,
    "H": 13.98812562,
    "C": 0.02329735
  },
  "execution_time": 8.58306884765625e-06,
  "mix_id": "MIX_3117",
  "input_file": "/teamspace/studios/this_studio/inputs/generated/MIX_3117.inp"
}