{
  "converged": true,
  "method": "simplified_thermodynamic_model",
  "note": "Using simplified model until Cemdata18 integration complete",
  "temperature_K": 298.15,
  "pressure_bar": 1.01325,
  "CO2_fraction": 0.35,
  "pCO2_bar": 0.3546375,
  "phases": {
    "Calcite": {
      "moles": 0.011104498059375,
      "mass_kg": 0.0011114492107628438
    },
    "C-S-H_1.0": {
      "moles": 0.11930454194062501,
      "mass_kg": 0.020281772129906252
    },
    "Silica_gel": {
      "moles": 1.097407968059375,
      "mass_kg": 0.06593227072100724
    },
    "Ettringite": {
      "moles": 0.00170865,
      "mass_kg": 0.0021443557499999997
    },
    "Hydrotalcite": {
      "moles": 0.012869562,
      "mass_kg": 0.0057012159659999995
    }
  },
  "pH": 8.7268125,
  "pe": 4.0,
  "Eh": 0.24,
  "system_mass_kg": 0.09517106377767634,
  "input_composition": {
    "Ca": 0.13040904,
    "Si": 1.21671251,
    "Al": 0.47649844,
    "Fe": 0.07912419,
    "Mg": 0.04289854,
    "K": 0.06593911,
    "Na": 0.05012415,
    "S": 0.0102519,
    "O": 5.88535799,
    "H": 4.66270861,
    "C": 0.0125249
  },
  "execution_time": 9.059906005859375e-06,
  "mix_id": "MIX_0981",
  "input_file": "/teamspace/studios/this_studio/inputs/generated/MIX_0981.inp"
}