{
  "converged": true,
  "method": "simplified_thermodynamic_model",
  "note": "Using simplified model until Cemdata18 integration complete",
  "temperature_K": 298.15,
  "pressure_bar": 1.01325,
  "CO2_fraction": 0.2,
  "pCO2_bar": 0.20265,
  "phases": {
    "Calcite": {
      "moles": 0.0067445821012499995,
      "mass_kg": 0.0006750652225141125
    },
    "C-S-H_1.0": {
      "moles": 0.7291490178987501,
      "mass_kg": 0.12395533304278752
    },
    "Silica_gel": {
      "moles": 0.60864506210125,
      "mass_kg": 0.036567395331043105
    },
    "Ettringite": {
      "moles": 0.02562975166666667,
      "mass_kg": 0.03216533834166667
    },
    "Hydrotalcite": {
      "moles": 0.049446213,
      "mass_kg": 0.021904672359
    }
  },
  "pH": 9.48675,
  "pe": 4.0,
  "Eh": 0.24,
  "system_mass_kg": 0.21526780429701142,
  "input_composition": {
    "Ca": 0.7358936,
    "Si": 1.33779408,
    "Al": 0.60617116,
    "Fe": 0.05961618,
    "Mg": 0.16482071,
    "K": 0.05860121,
    "Na": 0.15671208,
    "S": 0.15377851,
    "O": 12.16466405,
    "H": 13.98812562,
    "C": 0.01331277
  },
  "execution_time": 1.0728836059570312e-05,
  "mix_id": "MIX_2509",
  "input_file": "/teamspace/studios/this_studio/inputs/generated/MIX_2509.inp"
}