{
  "converged": true,
  "method": "simplified_thermodynamic_model",
  "note": "Using simplified model until Cemdata18 integration complete",
  "temperature_K": 298.15,
  "pressure_bar": 1.01325,
  "CO2_fraction": 0.2,
  "pCO2_bar": 0.20265,
  "phases": {
    "Calcite": {
      "moles": 0.00981806319375,
      "mass_kg": 0.0009826899450624375
    },
    "C-S-H_1.0": {
      "moles": 0.91155132680625,
      "mass_kg": 0.1549637255570625
    },
    "Silica_gel": {
      "moles": 0.6273444131937501,
      "mass_kg": 0.03769085234468051
    },
    "Ettringite": {
      "moles": 0.030755703333333332,
      "mass_kg": 0.03859840768333333
    },
    "Hydrotalcite": {
      "moles": 0.059159792999999995,
      "mass_kg": 0.026207788298999998
    }
  },
  "pH": 9.48675,
  "pe": 4.0,
  "Eh": 0.24,
  "system_mass_kg": 0.2584434638291388,
  "input_composition": {
    "Ca": 0.92136939,
    "Si": 1.53889574,
    "Al": 0.67632719,
    "Fe": 0.07312751,
    "Mg": 0.19719931,
    "K": 0.06227016,
    "Na": 0.22812517,
    "S": 0.18453422,
    "O": 19.38012568,
    "H": 26.64404881,
    "C": 0.01937935
  },
  "execution_time": 1.0251998901367188e-05,
  "mix_id": "MIX_3855",
  "input_file": "/teamspace/studios/this_studio/inputs/generated/MIX_3855.inp"
}