{
  "converged": true,
  "method": "simplified_thermodynamic_model",
  "note": "Using simplified model until Cemdata18 integration complete",
  "temperature_K": 298.15,
  "pressure_bar": 1.01325,
  "CO2_fraction": 0.3,
  "pCO2_bar": 0.303975,
  "phases": {
    "Calcite": {
      "moles": 0.021818998726874997,
      "mass_kg": 0.0021838635825729186
    },
    "C-S-H_1.0": {
      "moles": 0.899550391273125,
      "mass_kg": 0.15292356651643127
    },
    "Silica_gel": {
      "moles": 0.590826078726875,
      "mass_kg": 0.03549683080991065
    },
    "Ettringite": {
      "moles": 0.030755703333333332,
      "mass_kg": 0.03859840768333333
    },
    "Hydrotalcite": {
      "moles": 0.059159792999999995,
      "mass_kg": 0.026207788298999998
    }
  },
  "pH": 8.980125000000001,
  "pe": 4.0,
  "Eh": 0.24,
  "system_mass_kg": 0.2554104568912482,
  "input_composition": {
    "Ca": 0.92136939,
    "Si": 1.49037647,
    "Al": 0.67632719,
    "Fe": 0.07312751,
    "Mg": 0.19719931,
    "K": 0.06227016,
    "Na": 0.13405294,
    "S": 0.18453422,
    "O": 19.25471542,
    "H": 26.64404877,
    "C": 0.02871157
  },
  "execution_time": 9.5367431640625e-06,
  "mix_id": "MIX_3879",
  "input_file": "/teamspace/studios/this_studio/inputs/generated/MIX_3879.inp"
}