{
  "converged": true,
  "method": "simplified_thermodynamic_model",
  "note": "Using simplified model until Cemdata18 integration complete",
  "temperature_K": 298.15,
  "pressure_bar": 1.01325,
  "CO2_fraction": 0.25,
  "pCO2_bar": 0.2533125,
  "phases": {
    "Calcite": {
      "moles": 0.012187541985937498,
      "mass_kg": 0.0012198510773724842
    },
    "C-S-H_1.0": {
      "moles": 0.6797311280140624,
      "mass_kg": 0.11555429176239063
    },
    "Silica_gel": {
      "moles": 0.6820546219859375,
      "mass_kg": 0.04097784168891513
    },
    "Ettringite": {
      "moles": 0.023066776666666667,
      "mass_kg": 0.028948804716666665
    },
    "Hydrotalcite": {
      "moles": 0.046230684,
      "mass_kg": 0.020480193012000002
    }
  },
  "pH": 9.2334375,
  "pe": 4.0,
  "Eh": 0.24,
  "system_mass_kg": 0.2071809822573449,
  "input_composition": {
    "Ca": 0.69191867,
    "Si": 1.36178575,
    "Al": 0.60816604,
    "Fe": 0.06834068,
    "Mg": 0.15410228,
    "K": 0.06135292,
    "Na": 0.10782519,
    "S": 0.13840066,
    "O": 15.11415205,
    "H": 19.98303666,
    "C": 0.01924507
  },
  "execution_time": 1.0967254638671875e-05,
  "mix_id": "MIX_2631",
  "input_file": "/teamspace/studios/this_studio/inputs/generated/MIX_2631.inp"
}