{
  "converged": true,
  "method": "simplified_thermodynamic_model",
  "note": "Using simplified model until Cemdata18 integration complete",
  "temperature_K": 298.15,
  "pressure_bar": 1.01325,
  "CO2_fraction": 0.3,
  "pCO2_bar": 0.303975,
  "phases": {
    "Calcite": {
      "moles": 0.021687331955625,
      "mass_kg": 0.002170685055438506
    },
    "C-S-H_1.0": {
      "moles": 0.958315308044375,
      "mass_kg": 0.16291360236754376
    },
    "Silica_gel": {
      "moles": 0.44293634195562503,
      "mass_kg": 0.026611615424693952
    },
    "Ettringite": {
      "moles": 0.034173003333333334,
      "mass_kg": 0.04288711918333333
    },
    "Hydrotalcite": {
      "moles": 0.063447168,
      "mass_kg": 0.028107095424
    }
  },
  "pH": 8.980125000000001,
  "pe": 4.0,
  "Eh": 0.24,
  "system_mass_kg": 0.26269011745500953,
  "input_composition": {
    "Ca": 0.98000264,
    "Si": 1.40125165,
    "Al": 0.67366736,
    "Fe": 0.06149484,
    "Mg": 0.21149056,
    "K": 0.05860121,
    "Na": 0.0884567,
    "S": 0.20503802,
    "O": 19.16448385,
    "H": 26.64404884,
    "C": 0.02853831
  },
  "execution_time": 1.811981201171875e-05,
  "mix_id": "MIX_3763",
  "input_file": "/teamspace/studios/this_studio/inputs/generated/MIX_3763.inp"
}