{
  "converged": true,
  "method": "simplified_thermodynamic_model",
  "note": "Using simplified model until Cemdata18 integration complete",
  "temperature_K": 298.15,
  "pressure_bar": 1.01325,
  "CO2_fraction": 0.3,
  "pCO2_bar": 0.303975,
  "phases": {
    "Calcite": {
      "moles": 0.011717651098125,
      "mass_kg": 0.0011728196984113312
    },
    "C-S-H_1.0": {
      "moles": 0.304167178901875,
      "mass_kg": 0.05170842041331875
    },
    "Silica_gel": {
      "moles": 1.113372751098125,
      "mass_kg": 0.06689143488597535
    },
    "Ettringite": {
      "moles": 0.0068346,
      "mass_kg": 0.008577422999999999
    },
    "Hydrotalcite": {
      "moles": 0.022583142,
      "mass_kg": 0.010004331906
    }
  },
  "pH": 8.980125000000001,
  "pe": 4.0,
  "Eh": 0.24,
  "system_mass_kg": 0.13835442990370544,
  "input_composition": {
    "Ca": 0.31588483,
    "Si": 1.41753993,
    "Al": 0.54665447,
    "Fe": 0.09263552,
    "Mg": 0.07527714,
    "K": 0.06960805,
    "Na": 0.12100552,
    "S": 0.0410076,
    "O": 9.0970534,
    "H": 9.32541705,
    "C": 0.01541923
  },
  "execution_time": 9.5367431640625e-06,
  "mix_id": "MIX_1981",
  "input_file": "/teamspace/studios/this_studio/inputs/generated/MIX_1981.inp"
}