{
  "converged": true,
  "method": "simplified_thermodynamic_model",
  "note": "Using simplified model until Cemdata18 integration complete",
  "temperature_K": 298.15,
  "pressure_bar": 1.01325,
  "CO2_fraction": 0.4,
  "pCO2_bar": 0.4053,
  "phases": {
    "Calcite": {
      "moles": 0.02965884,
      "mass_kg": 0.0029685532956
    },
    "C-S-H_1.0": {
      "moles": 0.65717757,
      "mass_kg": 0.1117201869
    },
    "Silica_gel": {
      "moles": 1.11652512,
      "mass_kg": 0.0670808292096
    },
    "Ettringite": {
      "moles": 0.017086501666666667,
      "mass_kg": 0.021443559591666665
    },
    "Hydrotalcite": {
      "moles": 0.042010302,
      "mass_kg": 0.018610563786
    }
  },
  "pH": 8.5,
  "pe": 4.0,
  "Eh": 0.24,
  "system_mass_kg": 0.22182369278286668,
  "input_composition": {
    "Ca": 0.68683641,
    "Si": 1.77370269,
    "Al": 0.68696653,
    "Fe": 0.11965818,
    "Mg": 0.14003434,
    "K": 0.07694594,
    "Na": 0.17456535,
    "S": 0.10251901,
    "O": 13.40395699,
    "H": 14.65422691,
    "C": 0.02965884
  },
  "execution_time": 1.1444091796875e-05,
  "mix_id": "MIX_4364",
  "input_file": "/teamspace/studios/this_studio/inputs/generated/MIX_4364.inp"
}