{
  "converged": true,
  "method": "simplified_thermodynamic_model",
  "note": "Using simplified model until Cemdata18 integration complete",
  "temperature_K": 298.15,
  "pressure_bar": 1.01325,
  "CO2_fraction": 0.25,
  "pCO2_bar": 0.2533125,
  "phases": {
    "Calcite": {
      "moles": 0.014140150729687499,
      "mass_kg": 0.0014152876865344216
    },
    "C-S-H_1.0": {
      "moles": 0.6140630092703124,
      "mass_kg": 0.10439071157595312
    },
    "Silica_gel": {
      "moles": 1.2436637207296877,
      "mass_kg": 0.07471931634143963
    },
    "Ettringite": {
      "moles": 0.013669201666666667,
      "mass_kg": 0.017154848091666664
    },
    "Hydrotalcite": {
      "moles": 0.037722929999999995,
      "mass_kg": 0.01671125799
    }
  },
  "pH": 9.2334375,
  "pe": 4.0,
  "Eh": 0.24,
  "system_mass_kg": 0.21439142168559383,
  "input_composition": {
    "Ca": 0.62820316,
    "Si": 1.85772673,
    "Al": 0.68962636,
    "Fe": 0.13129085,
    "Mg": 0.1257431,
    "K": 0.08061489,
    "Na": 0.2102719,
    "S": 0.08201521,
    "O": 17.4606421,
    "H": 22.64744153,
    "C": 0.02232839
  },
  "execution_time": 9.059906005859375e-06,
  "mix_id": "MIX_4430",
  "input_file": "/teamspace/studios/this_studio/inputs/generated/MIX_4430.inp"
}