{
  "converged": true,
  "method": "simplified_thermodynamic_model",
  "note": "Using simplified model until Cemdata18 integration complete",
  "temperature_K": 298.15,
  "pressure_bar": 1.01325,
  "CO2_fraction": 0.15,
  "pCO2_bar": 0.1519875,
  "phases": {
    "Calcite": {
      "moles": 0.003361621528125,
      "mass_kg": 0.0003364646987500312
    },
    "C-S-H_1.0": {
      "moles": 0.25388995847187495,
      "mass_kg": 0.04316129294021875
    },
    "Silica_gel": {
      "moles": 1.238465911528125,
      "mass_kg": 0.07440703196460975
    },
    "Ettringite": {
      "moles": 0.0034173,
      "mass_kg": 0.0042887114999999995
    },
    "Hydrotalcite": {
      "moles": 0.01829577,
      "mass_kg": 0.00810502611
    }
  },
  "pH": 9.7400625,
  "pe": 4.0,
  "Eh": 0.24,
  "system_mass_kg": 0.13029852721357854,
  "input_composition": {
    "Ca": 0.25725158,
    "Si": 1.49235587,
    "Al": 0.5493143,
    "Fe": 0.10426819,
    "Mg": 0.0609859,
    "K": 0.073277,
    "Na": 0.1388588,
    "S": 0.0205038,
    "O": 11.12960868,
    "H": 13.32202445,
    "C": 0.0088471
  },
  "execution_time": 1.1444091796875e-05,
  "mix_id": "MIX_2159",
  "input_file": "/teamspace/studios/this_studio/inputs/generated/MIX_2159.inp"
}