{
  "converged": true,
  "method": "simplified_thermodynamic_model",
  "note": "Using simplified model until Cemdata18 integration complete",
  "temperature_K": 298.15,
  "pressure_bar": 1.01325,
  "CO2_fraction": 0.3,
  "pCO2_bar": 0.303975,
  "phases": {
    "Calcite": {
      "moles": 0.008585302713749998,
      "mass_kg": 0.0008593029486192372
    },
    "C-S-H_1.0": {
      "moles": 0.18045698728625,
      "mass_kg": 0.030677687838662503
    },
    "Silica_gel": {
      "moles": 0.9720004427137499,
      "mass_kg": 0.058397786598242095
    },
    "Ettringite": {
      "moles": 0.00512595,
      "mass_kg": 0.006433067249999999
    },
    "Hydrotalcite": {
      "moles": 0.017156936999999997,
      "mass_kg": 0.007600523090999999
    }
  },
  "pH": 8.980125000000001,
  "pe": 4.0,
  "Eh": 0.24,
  "system_mass_kg": 0.10396836772652383,
  "input_composition": {
    "Ca": 0.18904229,
    "Si": 1.15245743,
    "Al": 0.4738386,
    "Fe": 0.06749152,
    "Mg": 0.05718979,
    "K": 0.06227016,
    "Na": 0.05274692,
    "S": 0.0307557,
    "O": 6.36644273,
    "H": 5.6618604,
    "C": 0.01129738
  },
  "execution_time": 9.059906005859375e-06,
  "mix_id": "MIX_0518",
  "input_file": "/teamspace/studios/this_studio/inputs/generated/MIX_0518.inp"
}