{
  "converged": true,
  "method": "simplified_thermodynamic_model",
  "note": "Using simplified model until Cemdata18 integration complete",
  "temperature_K": 298.15,
  "pressure_bar": 1.01325,
  "CO2_fraction": 0.35,
  "pCO2_bar": 0.3546375,
  "phases": {
    "Calcite": {
      "moles": 0.02374344165375,
      "mass_kg": 0.0023764810751238374
    },
    "C-S-H_1.0": {
      "moles": 0.49227548834625,
      "mass_kg": 0.08368683301886251
    },
    "Silica_gel": {
      "moles": 1.0474178716537499,
      "mass_kg": 0.0629288657289573
    },
    "Ettringite": {
      "moles": 0.012814876666666667,
      "mass_kg": 0.016082670216666668
    },
    "Hydrotalcite": {
      "moles": 0.033368564999999996,
      "mass_kg": 0.014782274294999998
    }
  },
  "pH": 8.7268125,
  "pe": 4.0,
  "Eh": 0.24,
  "system_mass_kg": 0.17985712433461032,
  "input_composition": {
    "Ca": 0.51601893,
    "Si": 1.53969336,
    "Al": 0.61614554,
    "Fe": 0.10323869,
    "Mg": 0.11122855,
    "K": 0.07235976,
    "Na": 0.07114995,
    "S": 0.07688926,
    "O": 15.13321253,
    "H": 19.98303666,
    "C": 0.02678052
  },
  "execution_time": 2.7179718017578125e-05,
  "mix_id": "MIX_3107",
  "input_file": "/teamspace/studios/this_studio/inputs/generated/MIX_3107.inp"
}