{
  "converged": true,
  "method": "simplified_thermodynamic_model",
  "note": "Using simplified model until Cemdata18 integration complete",
  "temperature_K": 298.15,
  "pressure_bar": 1.01325,
  "CO2_fraction": 0.25,
  "pCO2_bar": 0.2533125,
  "phases": {
    "Calcite": {
      "moles": 0.012262623810937498,
      "mass_kg": 0.001227366017236734
    },
    "C-S-H_1.0": {
      "moles": 0.5477312461890625,
      "mass_kg": 0.09311431185214064
    },
    "Silica_gel": {
      "moles": 0.9809820238109374,
      "mass_kg": 0.05893739999056112
    },
    "Ettringite": {
      "moles": 0.015377851666666666,
      "mass_kg": 0.019299203841666664
    },
    "Hydrotalcite": {
      "moles": 0.036584094,
      "mass_kg": 0.016206753642
    }
  },
  "pH": 9.2334375,
  "pe": 4.0,
  "Eh": 0.24,
  "system_mass_kg": 0.18878503534360516,
  "input_composition": {
    "Ca": 0.55999387,
    "Si": 1.52871327,
    "Al": 0.61415066,
    "Fe": 0.09451418,
    "Mg": 0.12194698,
    "K": 0.06960805,
    "Na": 0.14526449,
    "S": 0.09226711,
    "O": 15.21684785,
    "H": 19.98303667,
    "C": 0.01936363
  },
  "execution_time": 1.811981201171875e-05,
  "mix_id": "MIX_2971",
  "input_file": "/teamspace/studios/this_studio/inputs/generated/MIX_2971.inp"
}