{
  "converged": true,
  "method": "simplified_thermodynamic_model",
  "note": "Using simplified model until Cemdata18 integration complete",
  "temperature_K": 298.15,
  "pressure_bar": 1.01325,
  "CO2_fraction": 0.3,
  "pCO2_bar": 0.303975,
  "phases": {
    "Calcite": {
      "moles": 0.014898255513749998,
      "mass_kg": 0.0014911663943712372
    },
    "C-S-H_1.0": {
      "moles": 0.36919587448624996,
      "mass_kg": 0.0627632986626625
    },
    "Silica_gel": {
      "moles": 1.31275934551375,
      "mass_kg": 0.07887058147846611
    },
    "Ettringite": {
      "moles": 0.00512595,
      "mass_kg": 0.006433067249999999
    },
    "Hydrotalcite": {
      "moles": 0.023721975,
      "mass_kg": 0.010508834925
    }
  },
  "pH": 8.980125000000001,
  "pe": 4.0,
  "Eh": 0.24,
  "system_mass_kg": 0.16006694871049984,
  "input_composition": {
    "Ca": 0.38409413,
    "Si": 1.68195522,
    "Al": 0.62213016,
    "Fe": 0.12941219,
    "Mg": 0.07907325,
    "K": 0.08061489,
    "Na": 0.06076591,
    "S": 0.0307557,
    "O": 12.15062082,
    "H": 13.9881256,
    "C": 0.01960458
  },
  "execution_time": 1.2636184692382812e-05,
  "mix_id": "MIX_3425",
  "input_file": "/teamspace/studios/this_studio/inputs/generated/MIX_3425.inp"
}