{
  "converged": true,
  "method": "simplified_thermodynamic_model",
  "note": "Using simplified model until Cemdata18 integration complete",
  "temperature_K": 298.15,
  "pressure_bar": 1.01325,
  "CO2_fraction": 0.3,
  "pCO2_bar": 0.303975,
  "phases": {
    "Calcite": {
      "moles": 0.016171204021875,
      "mass_kg": 0.0016185758105494686
    },
    "C-S-H_1.0": {
      "moles": 0.543822665978125,
      "mass_kg": 0.09244985321628126
    },
    "Silica_gel": {
      "moles": 0.9439869640218751,
      "mass_kg": 0.05671473679843426
    },
    "Ettringite": {
      "moles": 0.015377851666666666,
      "mass_kg": 0.019299203841666664
    },
    "Hydrotalcite": {
      "moles": 0.036584094,
      "mass_kg": 0.016206753642
    }
  },
  "pH": 8.980125000000001,
  "pe": 4.0,
  "Eh": 0.24,
  "system_mass_kg": 0.18628912330893166,
  "input_composition": {
    "Ca": 0.55999387,
    "Si": 1.48780963,
    "Al": 0.61415066,
    "Fe": 0.09451418,
    "Mg": 0.12194698,
    "K": 0.06960805,
    "Na": 0.06595793,
    "S": 0.09226711,
    "O": 13.60049156,
    "H": 16.98558113,
    "C": 0.02127965
  },
  "execution_time": 8.821487426757812e-06,
  "mix_id": "MIX_2978",
  "input_file": "/teamspace/studios/this_studio/inputs/generated/MIX_2978.inp"
}