{
  "converged": true,
  "method": "simplified_thermodynamic_model",
  "note": "Using simplified model until Cemdata18 integration complete",
  "temperature_K": 298.15,
  "pressure_bar": 1.01325,
  "CO2_fraction": 0.0,
  "pCO2_bar": 0.0,
  "phases": {
    "C-S-H_1.0": {
      "moles": 0.39367018,
      "mass_kg": 0.0669239306
    },
    "Silica_gel": {
      "moles": 1.68176572,
      "mass_kg": 0.1010404844576
    },
    "Hydrotalcite": {
      "moles": 0.020573436,
      "mass_kg": 0.009114032148
    }
  },
  "pH": 10.5,
  "pe": 4.0,
  "Eh": 0.24,
  "system_mass_kg": 0.1770784472056,
  "input_composition": {
    "Ca": 0.39367018,
    "Si": 2.0754359,
    "Al": 0.70026569,
    "Fe": 0.17782153,
    "Mg": 0.06857812,
    "K": 0.09529067,
    "Na": 0.12356184,
    "S": 0.0,
    "O": 17.36339795,
    "H": 22.64744153,
    "C": 0.0
  },
  "execution_time": 7.62939453125e-06,
  "mix_id": "MIX_4822",
  "input_file": "/teamspace/studios/this_studio/inputs/generated/MIX_4822.inp"
}