{
  "converged": true,
  "method": "simplified_thermodynamic_model",
  "note": "Using simplified model until Cemdata18 integration complete",
  "temperature_K": 298.15,
  "pressure_bar": 1.01325,
  "CO2_fraction": 0.35,
  "pCO2_bar": 0.3546375,
  "phases": {
    "Calcite": {
      "moles": 0.01124275348875,
      "mass_kg": 0.0011252871966889876
    },
    "C-S-H_1.0": {
      "moles": 0.20711615651124998,
      "mass_kg": 0.0352097466069125
    },
    "Silica_gel": {
      "moles": 0.9293266134887499,
      "mass_kg": 0.055833942938404095
    },
    "Ettringite": {
      "moles": 0.0068346,
      "mass_kg": 0.008577422999999999
    },
    "Hydrotalcite": {
      "moles": 0.019300623,
      "mass_kg": 0.008550175989
    }
  },
  "pH": 8.7268125,
  "pe": 4.0,
  "Eh": 0.24,
  "system_mass_kg": 0.10929657573100558,
  "input_composition": {
    "Ca": 0.21835891,
    "Si": 1.13644277,
    "Al": 0.47250869,
    "Fe": 0.06167519,
    "Mg": 0.06433541,
    "K": 0.06043569,
    "Na": 0.08529898,
    "S": 0.0410076,
    "O": 5.90946177,
    "H": 4.66270854,
    "C": 0.01268084
  },
  "execution_time": 1.0251998901367188e-05,
  "mix_id": "MIX_0317",
  "input_file": "/teamspace/studios/this_studio/inputs/generated/MIX_0317.inp"
}