{
  "converged": true,
  "method": "simplified_thermodynamic_model",
  "note": "Using simplified model until Cemdata18 integration complete",
  "temperature_K": 298.15,
  "pressure_bar": 1.01325,
  "CO2_fraction": 0.15,
  "pCO2_bar": 0.1519875,
  "phases": {
    "Calcite": {
      "moles": 0.004174070709375,
      "mass_kg": 0.00041778273730134374
    },
    "C-S-H_1.0": {
      "moles": 0.975828569290625,
      "mass_kg": 0.16589085677940626
    },
    "Silica_gel": {
      "moles": 0.432707210709375,
      "mass_kg": 0.02599704921941925
    },
    "Ettringite": {
      "moles": 0.034173003333333334,
      "mass_kg": 0.04288711918333333
    },
    "Hydrotalcite": {
      "moles": 0.063447168,
      "mass_kg": 0.028107095424
    }
  },
  "pH": 9.7400625,
  "pe": 4.0,
  "Eh": 0.24,
  "system_mass_kg": 0.2632999033434602,
  "input_composition": {
    "Ca": 0.98000264,
    "Si": 1.40853578,
    "Al": 0.67366736,
    "Fe": 0.06149484,
    "Mg": 0.21149056,
    "K": 0.05860121,
    "Na": 0.10257964,
    "S": 0.20503802,
    "O": 13.15609656,
    "H": 14.65422683,
    "C": 0.0109853
  },
  "execution_time": 1.2159347534179688e-05,
  "mix_id": "MIX_3716",
  "input_file": "/teamspace/studios/this_studio/inputs/generated/MIX_3716.inp"
}