{
  "converged": true,
  "method": "simplified_thermodynamic_model",
  "note": "Using simplified model until Cemdata18 integration complete",
  "temperature_K": 298.15,
  "pressure_bar": 1.01325,
  "CO2_fraction": 0.2,
  "pCO2_bar": 0.20265,
  "phases": {
    "Calcite": {
      "moles": 0.00552326121375,
      "mass_kg": 0.0005528232148842375
    },
    "C-S-H_1.0": {
      "moles": 0.33967818878625,
      "mass_kg": 0.057745292093662505
    },
    "Silica_gel": {
      "moles": 1.02202700121375,
      "mass_kg": 0.061403382232922105
    },
    "Ettringite": {
      "moles": 0.00854325,
      "mass_kg": 0.010721778749999999
    },
    "Hydrotalcite": {
      "moles": 0.024726828,
      "mass_kg": 0.010953984804
    }
  },
  "pH": 9.48675,
  "pe": 4.0,
  "Eh": 0.24,
  "system_mass_kg": 0.14137726109546886,
  "input_composition": {
    "Ca": 0.34520145,
    "Si": 1.36170519,
    "Al": 0.54532455,
    "Fe": 0.08681919,
    "Mg": 0.08242276,
    "K": 0.06777358,
    "Na": 0.07635189,
    "S": 0.0512595,
    "O": 10.00875596,
    "H": 11.32372072,
    "C": 0.01090207
  },
  "execution_time": 1.0251998901367188e-05,
  "mix_id": "MIX_1830",
  "input_file": "/teamspace/studios/this_studio/inputs/generated/MIX_1830.inp"
}