{
  "converged": true,
  "method": "simplified_thermodynamic_model",
  "note": "Using simplified model until Cemdata18 integration complete",
  "temperature_K": 298.15,
  "pressure_bar": 1.01325,
  "CO2_fraction": 0.15,
  "pCO2_bar": 0.1519875,
  "phases": {
    "Calcite": {
      "moles": 0.004042802905312499,
      "mass_kg": 0.00040464414279272806
    },
    "C-S-H_1.0": {
      "moles": 0.6878758670946875,
      "mass_kg": 0.11693889740609688
    },
    "Silica_gel": {
      "moles": 0.6523161629053126,
      "mass_kg": 0.03919115506735118
    },
    "Ettringite": {
      "moles": 0.023066776666666667,
      "mass_kg": 0.028948804716666665
    },
    "Hydrotalcite": {
      "moles": 0.046230684,
      "mass_kg": 0.020480193012000002
    }
  },
  "pH": 9.7400625,
  "pe": 4.0,
  "Eh": 0.24,
  "system_mass_kg": 0.20596369434490744,
  "input_composition": {
    "Ca": 0.69191867,
    "Si": 1.34019203,
    "Al": 0.60816604,
    "Fe": 0.06834068,
    "Mg": 0.15410228,
    "K": 0.06135292,
    "Na": 0.06595793,
    "S": 0.13840066,
    "O": 13.53409272,
    "H": 16.98558113,
    "C": 0.01063983
  },
  "execution_time": 1.1444091796875e-05,
  "mix_id": "MIX_2594",
  "input_file": "/teamspace/studios/this_studio/inputs/generated/MIX_2594.inp"
}