{
  "converged": true,
  "method": "simplified_thermodynamic_model",
  "note": "Using simplified model until Cemdata18 integration complete",
  "temperature_K": 298.15,
  "pressure_bar": 1.01325,
  "CO2_fraction": 0.3,
  "pCO2_bar": 0.303975,
  "phases": {
    "Calcite": {
      "moles": 0.020235311775,
      "mass_kg": 0.00202535235555975
    },
    "C-S-H_1.0": {
      "moles": 0.373434868225,
      "mass_kg": 0.06348392759825
    },
    "Silica_gel": {
      "moles": 1.724129171775,
      "mass_kg": 0.103585680640242
    },
    "Hydrotalcite": {
      "moles": 0.020573436,
      "mass_kg": 0.009114032148
    }
  },
  "pH": 8.980125000000001,
  "pe": 4.0,
  "Eh": 0.24,
  "system_mass_kg": 0.17820899274205174,
  "input_composition": {
    "Ca": 0.39367018,
    "Si": 2.09756404,
    "Al": 0.70026569,
    "Fe": 0.17782153,
    "Mg": 0.06857812,
    "K": 0.09529067,
    "Na": 0.16646526,
    "S": 0.0,
    "O": 17.48236115,
    "H": 22.64744156,
    "C": 0.0266276
  },
  "execution_time": 8.106231689453125e-06,
  "mix_id": "MIX_4890",
  "input_file": "/teamspace/studios/this_studio/inputs/generated/MIX_4890.inp"
}