{
  "converged": true,
  "method": "simplified_thermodynamic_model",
  "note": "Using simplified model until Cemdata18 integration complete",
  "temperature_K": 298.15,
  "pressure_bar": 1.01325,
  "CO2_fraction": 0.2,
  "pCO2_bar": 0.20265,
  "phases": {
    "Calcite": {
      "moles": 0.00386319294375,
      "mass_kg": 0.00038666698173993753
    },
    "C-S-H_1.0": {
      "moles": 0.11188753705625,
      "mass_kg": 0.0190208812995625
    },
    "Silica_gel": {
      "moles": 1.14167095294375,
      "mass_kg": 0.06859159085286051
    },
    "Ettringite": {
      "moles": 0.000854325,
      "mass_kg": 0.0010721778749999999
    },
    "Hydrotalcite": {
      "moles": 0.011797719,
      "mass_kg": 0.005226389517
    }
  },
  "pH": 9.48675,
  "pe": 4.0,
  "Eh": 0.24,
  "system_mass_kg": 0.09429770652616296,
  "input_composition": {
    "Ca": 0.11575073,
    "Si": 1.25355849,
    "Al": 0.47716339,
    "Fe": 0.08203236,
    "Mg": 0.03932573,
    "K": 0.06685634,
    "Na": 0.0897623,
    "S": 0.00512595,
    "O": 6.44085516,
    "H": 5.66186043,
    "C": 0.00762535
  },
  "execution_time": 8.58306884765625e-06,
  "mix_id": "MIX_1054",
  "input_file": "/teamspace/studios/this_studio/inputs/generated/MIX_1054.inp"
}