{
  "converged": true,
  "method": "simplified_thermodynamic_model",
  "note": "Using simplified model until Cemdata18 integration complete",
  "temperature_K": 298.15,
  "pressure_bar": 1.01325,
  "CO2_fraction": 0.3,
  "pCO2_bar": 0.303975,
  "phases": {
    "Calcite": {
      "moles": 0.011644849085624999,
      "mass_kg": 0.0011655329449802062
    },
    "C-S-H_1.0": {
      "moles": 0.48013972091437496,
      "mass_kg": 0.08162375255544375
    },
    "Silica_gel": {
      "moles": 0.7275745490856251,
      "mass_kg": 0.043712678909064356
    },
    "Ettringite": {
      "moles": 0.017086501666666667,
      "mass_kg": 0.021443559591666665
    },
    "Hydrotalcite": {
      "moles": 0.035445261,
      "mass_kg": 0.015702250623
    }
  },
  "pH": 8.980125000000001,
  "pe": 4.0,
  "Eh": 0.24,
  "system_mass_kg": 0.16364777462415497,
  "input_composition": {
    "Ca": 0.49178457,
    "Si": 1.20771427,
    "Al": 0.53867497,
    "Fe": 0.05773752,
    "Mg": 0.11815087,
    "K": 0.05860121,
    "Na": 0.09579605,
    "S": 0.10251901,
    "O": 8.99809381,
    "H": 9.32541714,
    "C": 0.01532343
  },
  "execution_time": 0.00042366981506347656,
  "mix_id": "MIX_1305",
  "input_file": "/teamspace/studios/this_studio/inputs/generated/MIX_1305.inp"
}