{
  "converged": true,
  "method": "simplified_thermodynamic_model",
  "note": "Using simplified model until Cemdata18 integration complete",
  "temperature_K": 298.15,
  "pressure_bar": 1.01325,
  "CO2_fraction": 0.35,
  "pCO2_bar": 0.3546375,
  "phases": {
    "Calcite": {
      "moles": 0.018302158697812498,
      "mass_kg": 0.0018318630640640529
    },
    "C-S-H_1.0": {
      "moles": 0.32689929130218753,
      "mass_kg": 0.05557287952137188
    },
    "Silica_gel": {
      "moles": 1.0670448486978126,
      "mass_kg": 0.06410805450976458
    },
    "Ettringite": {
      "moles": 0.00854325,
      "mass_kg": 0.010721778749999999
    },
    "Hydrotalcite": {
      "moles": 0.024726828,
      "mass_kg": 0.010953984804
    }
  },
  "pH": 8.7268125,
  "pe": 4.0,
  "Eh": 0.24,
  "system_mass_kg": 0.14318856064920052,
  "input_composition": {
    "Ca": 0.34520145,
    "Si": 1.39394414,
    "Al": 0.54532455,
    "Fe": 0.08681919,
    "Mg": 0.08242276,
    "K": 0.06777358,
    "Na": 0.1388588,
    "S": 0.0512595,
    "O": 11.12312148,
    "H": 13.32202445,
    "C": 0.02064323
  },
  "execution_time": 3.3855438232421875e-05,
  "mix_id": "MIX_1887",
  "input_file": "/teamspace/studios/this_studio/inputs/generated/MIX_1887.inp"
}