{
  "converged": true,
  "method": "simplified_thermodynamic_model",
  "note": "Using simplified model until Cemdata18 integration complete",
  "temperature_K": 298.15,
  "pressure_bar": 1.01325,
  "CO2_fraction": 0.3,
  "pCO2_bar": 0.303975,
  "phases": {
    "Calcite": {
      "moles": 0.021687331955625,
      "mass_kg": 0.002170685055438506
    },
    "C-S-H_1.0": {
      "moles": 0.723782318044375,
      "mass_kg": 0.12304299406754375
    },
    "Silica_gel": {
      "moles": 0.939900611955625,
      "mass_kg": 0.056469228766293955
    },
    "Ettringite": {
      "moles": 0.020503801666666665,
      "mass_kg": 0.02573227109166666
    },
    "Hydrotalcite": {
      "moles": 0.046297674,
      "mass_kg": 0.020509869582
    }
  },
  "pH": 8.980125000000001,
  "pe": 4.0,
  "Eh": 0.24,
  "system_mass_kg": 0.22792504856294288,
  "input_composition": {
    "Ca": 0.74546965,
    "Si": 1.66368293,
    "Al": 0.68430669,
    "Fe": 0.10802551,
    "Mg": 0.15432558,
    "K": 0.073277,
    "Na": 0.0884567,
    "S": 0.12302281,
    "O": 19.24469574,
    "H": 26.64404884,
    "C": 0.02853831
  },
  "execution_time": 1.3828277587890625e-05,
  "mix_id": "MIX_4211",
  "input_file": "/teamspace/studios/this_studio/inputs/generated/MIX_4211.inp"
}