{
  "converged": true,
  "method": "simplified_thermodynamic_model",
  "note": "Using simplified model until Cemdata18 integration complete",
  "temperature_K": 298.15,
  "pressure_bar": 1.01325,
  "CO2_fraction": 0.15,
  "pCO2_bar": 0.1519875,
  "phases": {
    "Calcite": {
      "moles": 0.004387514354999999,
      "mass_kg": 0.0004391463117919499
    },
    "C-S-H_1.0": {
      "moles": 0.555606355645,
      "mass_kg": 0.09445308045965002
    },
    "Silica_gel": {
      "moles": 0.9537969843549999,
      "mass_kg": 0.057304122820048396
    },
    "Ettringite": {
      "moles": 0.015377851666666666,
      "mass_kg": 0.019299203841666664
    },
    "Hydrotalcite": {
      "moles": 0.036584094,
      "mass_kg": 0.016206753642
    }
  },
  "pH": 9.7400625,
  "pe": 4.0,
  "Eh": 0.24,
  "system_mass_kg": 0.18770230707515703,
  "input_composition": {
    "Ca": 0.55999387,
    "Si": 1.50940334,
    "Al": 0.61415066,
    "Fe": 0.09451418,
    "Mg": 0.12194698,
    "K": 0.06960805,
    "Na": 0.10782519,
    "S": 0.09226711,
    "O": 15.14387518,
    "H": 19.98303666,
    "C": 0.01154704
  },
  "execution_time": 9.298324584960938e-06,
  "mix_id": "MIX_2935",
  "input_file": "/teamspace/studios/this_studio/inputs/generated/MIX_2935.inp"
}