{
  "converged": true,
  "method": "simplified_thermodynamic_model",
  "note": "Using simplified model until Cemdata18 integration complete",
  "temperature_K": 298.15,
  "pressure_bar": 1.01325,
  "CO2_fraction": 0.25,
  "pCO2_bar": 0.2533125,
  "phases": {
    "Calcite": {
      "moles": 0.012339282506249999,
      "mass_kg": 0.0012350387860505622
    },
    "C-S-H_1.0": {
      "moles": 0.72355431749375,
      "mass_kg": 0.1230042339739375
    },
    "Silica_gel": {
      "moles": 0.6280519425062501,
      "mass_kg": 0.03773336070577551
    },
    "Ettringite": {
      "moles": 0.02562975166666667,
      "mass_kg": 0.03216533834166667
    },
    "Hydrotalcite": {
      "moles": 0.049446213,
      "mass_kg": 0.021904672359
    }
  },
  "pH": 9.2334375,
  "pe": 4.0,
  "Eh": 0.24,
  "system_mass_kg": 0.21604264416643024,
  "input_composition": {
    "Ca": 0.7358936,
    "Si": 1.35160626,
    "Al": 0.60617116,
    "Fe": 0.05961618,
    "Mg": 0.16482071,
    "K": 0.05860121,
    "Na": 0.18349199,
    "S": 0.15377851,
    "O": 15.21547763,
    "H": 19.98303657,
    "C": 0.01948468
  },
  "execution_time": 9.059906005859375e-06,
  "mix_id": "MIX_2527",
  "input_file": "/teamspace/studios/this_studio/inputs/generated/MIX_2527.inp"
}