{
  "converged": true,
  "method": "simplified_thermodynamic_model",
  "note": "Using simplified model until Cemdata18 integration complete",
  "temperature_K": 298.15,
  "pressure_bar": 1.01325,
  "CO2_fraction": 0.2,
  "pCO2_bar": 0.20265,
  "phases": {
    "Calcite": {
      "moles": 0.00476434203,
      "mass_kg": 0.0004768629937827
    },
    "C-S-H_1.0": {
      "moles": 0.25248723797,
      "mass_kg": 0.0429228304549
    },
    "Silica_gel": {
      "moles": 1.20221873203,
      "mass_kg": 0.0722293014203624
    },
    "Ettringite": {
      "moles": 0.0034173,
      "mass_kg": 0.0042887114999999995
    },
    "Hydrotalcite": {
      "moles": 0.01829577,
      "mass_kg": 0.00810502611
    }
  },
  "pH": 9.48675,
  "pe": 4.0,
  "Eh": 0.24,
  "system_mass_kg": 0.12802273247904508,
  "input_composition": {
    "Ca": 0.25725158,
    "Si": 1.45470597,
    "Al": 0.5493143,
    "Fe": 0.10426819,
    "Mg": 0.0609859,
    "K": 0.073277,
    "Na": 0.06586079,
    "S": 0.0205038,
    "O": 8.02146835,
    "H": 7.32711348,
    "C": 0.00940408
  },
  "execution_time": 2.2172927856445312e-05,
  "mix_id": "MIX_2164",
  "input_file": "/teamspace/studios/this_studio/inputs/generated/MIX_2164.inp"
}