{
  "converged": true,
  "method": "simplified_thermodynamic_model",
  "note": "Using simplified model until Cemdata18 integration complete",
  "temperature_K": 298.15,
  "pressure_bar": 1.01325,
  "CO2_fraction": 0.2,
  "pCO2_bar": 0.20265,
  "phases": {
    "Calcite": {
      "moles": 0.00666164758875,
      "mass_kg": 0.0006667643071579874
    },
    "C-S-H_1.0": {
      "moles": 0.72923195241125,
      "mass_kg": 0.12396943190991251
    },
    "Silica_gel": {
      "moles": 0.57523149758875,
      "mass_kg": 0.0345599083751321
    },
    "Ettringite": {
      "moles": 0.02562975166666667,
      "mass_kg": 0.03216533834166667
    },
    "Hydrotalcite": {
      "moles": 0.049446213,
      "mass_kg": 0.021904672359
    }
  },
  "pH": 9.48675,
  "pe": 4.0,
  "Eh": 0.24,
  "system_mass_kg": 0.21326611529286926,
  "input_composition": {
    "Ca": 0.7358936,
    "Si": 1.30446345,
    "Al": 0.60617116,
    "Fe": 0.05961618,
    "Mg": 0.16482071,
    "K": 0.05860121,
    "Na": 0.09208854,
    "S": 0.15377851,
    "O": 12.06536363,
    "H": 13.9881257,
    "C": 0.01314907
  },
  "execution_time": 9.298324584960938e-06,
  "mix_id": "MIX_2501",
  "input_file": "/teamspace/studios/this_studio/inputs/generated/MIX_2501.inp"
}