{
  "converged": true,
  "method": "simplified_thermodynamic_model",
  "note": "Using simplified model until Cemdata18 integration complete",
  "temperature_K": 298.15,
  "pressure_bar": 1.01325,
  "CO2_fraction": 0.35,
  "pCO2_bar": 0.3546375,
  "phases": {
    "Calcite": {
      "moles": 0.027542513604375,
      "mass_kg": 0.0027567301866618936
    },
    "C-S-H_1.0": {
      "moles": 0.835193636395625,
      "mass_kg": 0.14198291818725628
    },
    "Silica_gel": {
      "moles": 0.7375078336043749,
      "mass_kg": 0.04430947064295084
    },
    "Ettringite": {
      "moles": 0.027338403333333334,
      "mass_kg": 0.03430969618333333
    },
    "Hydrotalcite": {
      "moles": 0.054872421,
      "mass_kg": 0.024308482503
    }
  },
  "pH": 8.7268125,
  "pe": 4.0,
  "Eh": 0.24,
  "system_mass_kg": 0.24766729770320234,
  "input_composition": {
    "Ca": 0.86273615,
    "Si": 1.57270147,
    "Al": 0.67898703,
    "Fe": 0.08476018,
    "Mg": 0.18290807,
    "K": 0.06593911,
    "Na": 0.16646526,
    "S": 0.16403042,
    "O": 17.33081324,
    "H": 22.64744156,
    "C": 0.03106554
  },
  "execution_time": 2.3603439331054688e-05,
  "mix_id": "MIX_4010",
  "input_file": "/teamspace/studios/this_studio/inputs/generated/MIX_4010.inp"
}