{
  "converged": true,
  "method": "simplified_thermodynamic_model",
  "note": "Using simplified model until Cemdata18 integration complete",
  "temperature_K": 298.15,
  "pressure_bar": 1.01325,
  "CO2_fraction": 0.35,
  "pCO2_bar": 0.3546375,
  "phases": {
    "Calcite": {
      "moles": 0.018077096874374997,
      "mass_kg": 0.0018093366261561934
    },
    "C-S-H_1.0": {
      "moles": 0.41507422312562503,
      "mass_kg": 0.07056261793135626
    },
    "Silica_gel": {
      "moles": 0.850924716874375,
      "mass_kg": 0.05112355698981245
    },
    "Ettringite": {
      "moles": 0.013669201666666667,
      "mass_kg": 0.017154848091666664
    },
    "Hydrotalcite": {
      "moles": 0.031157888999999998,
      "mass_kg": 0.013802944826999999
    }
  },
  "pH": 8.7268125,
  "pe": 4.0,
  "Eh": 0.24,
  "system_mass_kg": 0.15445330446599156,
  "input_composition": {
    "Ca": 0.43315132,
    "Si": 1.26599894,
    "Al": 0.5413348,
    "Fe": 0.06937019,
    "Mg": 0.10385963,
    "K": 0.06227016,
    "Na": 0.08159744,
    "S": 0.08201521,
    "O": 11.0048367,
    "H": 13.32202445,
    "C": 0.02038938
  },
  "execution_time": 1.0728836059570312e-05,
  "mix_id": "MIX_1543",
  "input_file": "/teamspace/studios/this_studio/inputs/generated/MIX_1543.inp"
}