{
  "converged": true,
  "method": "simplified_thermodynamic_model",
  "note": "Using simplified model until Cemdata18 integration complete",
  "temperature_K": 298.15,
  "pressure_bar": 1.01325,
  "CO2_fraction": 0.2,
  "pCO2_bar": 0.20265,
  "phases": {
    "Calcite": {
      "moles": 0.00904969545375,
      "mass_kg": 0.0009057840179658374
    },
    "C-S-H_1.0": {
      "moles": 0.91231969454625,
      "mass_kg": 0.15509434807286251
    },
    "Silica_gel": {
      "moles": 0.61736793545375,
      "mass_kg": 0.037091465562061304
    },
    "Ettringite": {
      "moles": 0.030755703333333332,
      "mass_kg": 0.03859840768333333
    },
    "Hydrotalcite": {
      "moles": 0.059159792999999995,
      "mass_kg": 0.026207788298999998
    }
  },
  "pH": 9.48675,
  "pe": 4.0,
  "Eh": 0.24,
  "system_mass_kg": 0.25789779363522297,
  "input_composition": {
    "Ca": 0.92136939,
    "Si": 1.52968763,
    "Al": 0.67632719,
    "Fe": 0.07312751,
    "Mg": 0.19719931,
    "K": 0.06227016,
    "Na": 0.2102719,
    "S": 0.18453422,
    "O": 17.35144588,
    "H": 22.64744153,
    "C": 0.01786271
  },
  "execution_time": 1.1682510375976562e-05,
  "mix_id": "MIX_3854",
  "input_file": "/teamspace/studios/this_studio/inputs/generated/MIX_3854.inp"
}