{
  "converged": true,
  "method": "simplified_thermodynamic_model",
  "note": "Using simplified model until Cemdata18 integration complete",
  "temperature_K": 298.15,
  "pressure_bar": 1.01325,
  "CO2_fraction": 0.25,
  "pCO2_bar": 0.2533125,
  "phases": {
    "Calcite": {
      "moles": 0.005402180371874999,
      "mass_kg": 0.0005407042334209687
    },
    "C-S-H_1.0": {
      "moles": 0.227615039628125,
      "mass_kg": 0.03869455673678125
    },
    "Silica_gel": {
      "moles": 0.881437850371875,
      "mass_kg": 0.05295678605034226
    },
    "Ettringite": {
      "moles": 0.007688925,
      "mass_kg": 0.009649600874999999
    },
    "Hydrotalcite": {
      "moles": 0.020372466000000002,
      "mass_kg": 0.009025002438000002
    }
  },
  "pH": 9.2334375,
  "pe": 4.0,
  "Eh": 0.24,
  "system_mass_kg": 0.11086665033354448,
  "input_composition": {
    "Ca": 0.23301722,
    "Si": 1.10905289,
    "Al": 0.47184373,
    "Fe": 0.05876702,
    "Mg": 0.06790822,
    "K": 0.05951845,
    "Na": 0.0639949,
    "S": 0.04613355,
    "O": 5.363944,
    "H": 3.66355677,
    "C": 0.00853046
  },
  "execution_time": 7.867813110351562e-06,
  "mix_id": "MIX_0168",
  "input_file": "/teamspace/studios/this_studio/inputs/generated/MIX_0168.inp"
}