{
  "converged": true,
  "method": "simplified_thermodynamic_model",
  "note": "Using simplified model until Cemdata18 integration complete",
  "temperature_K": 298.15,
  "pressure_bar": 1.01325,
  "CO2_fraction": 0.3,
  "pCO2_bar": 0.303975,
  "phases": {
    "Calcite": {
      "moles": 0.017444160129374997,
      "mass_kg": 0.0017459859873491434
    },
    "C-S-H_1.0": {
      "moles": 0.674474509870625,
      "mass_kg": 0.11466066667800626
    },
    "Silica_gel": {
      "moles": 0.668395390129375,
      "mass_kg": 0.04015719503897285
    },
    "Ettringite": {
      "moles": 0.023066776666666667,
      "mass_kg": 0.028948804716666665
    },
    "Hydrotalcite": {
      "moles": 0.046230684,
      "mass_kg": 0.020480193012000002
    }
  },
  "pH": 8.980125000000001,
  "pe": 4.0,
  "Eh": 0.24,
  "system_mass_kg": 0.20599284543299493,
  "input_composition": {
    "Ca": 0.69191867,
    "Si": 1.3428699,
    "Al": 0.60816604,
    "Fe": 0.06834068,
    "Mg": 0.15410228,
    "K": 0.06135292,
    "Na": 0.07114995,
    "S": 0.13840066,
    "O": 15.06540204,
    "H": 19.98303666,
    "C": 0.02295473
  },
  "execution_time": 1.049041748046875e-05,
  "mix_id": "MIX_2643",
  "input_file": "/teamspace/studios/this_studio/inputs/generated/MIX_2643.inp"
}