{
  "converged": true,
  "method": "simplified_thermodynamic_model",
  "note": "Using simplified model until Cemdata18 integration complete",
  "temperature_K": 298.15,
  "pressure_bar": 1.01325,
  "CO2_fraction": 0.3,
  "pCO2_bar": 0.303975,
  "phases": {
    "Calcite": {
      "moles": 0.018292789934999998,
      "mass_kg": 0.0018309253445941498
    },
    "C-S-H_1.0": {
      "moles": 0.8444433600650001,
      "mass_kg": 0.14355537121105003
    },
    "Silica_gel": {
      "moles": 0.6808829399349998,
      "mass_kg": 0.04090744703129479
    },
    "Ettringite": {
      "moles": 0.027338403333333334,
      "mass_kg": 0.03430969618333333
    },
    "Hydrotalcite": {
      "moles": 0.054872421,
      "mass_kg": 0.024308482503
    }
  },
  "pH": 8.980125000000001,
  "pe": 4.0,
  "Eh": 0.24,
  "system_mass_kg": 0.2449119222732723,
  "input_composition": {
    "Ca": 0.86273615,
    "Si": 1.5253263,
    "Al": 0.67898703,
    "Fe": 0.08476018,
    "Mg": 0.18290807,
    "K": 0.06593911,
    "Na": 0.0746113,
    "S": 0.16403042,
    "O": 15.17784404,
    "H": 18.65083414,
    "C": 0.02407144
  },
  "execution_time": 7.867813110351562e-06,
  "mix_id": "MIX_3985",
  "input_file": "/teamspace/studios/this_studio/inputs/generated/MIX_3985.inp"
}