{
  "converged": true,
  "method": "simplified_thermodynamic_model",
  "note": "Using simplified model until Cemdata18 integration complete",
  "temperature_K": 298.15,
  "pressure_bar": 1.01325,
  "CO2_fraction": 0.25,
  "pCO2_bar": 0.2533125,
  "phases": {
    "Calcite": {
      "moles": 0.015060644024999998,
      "mass_kg": 0.0015074198604622497
    },
    "C-S-H_1.0": {
      "moles": 0.730409005975,
      "mass_kg": 0.12416953101575001
    },
    "Silica_gel": {
      "moles": 0.933273924025,
      "mass_kg": 0.056071097355422
    },
    "Ettringite": {
      "moles": 0.020503801666666665,
      "mass_kg": 0.02573227109166666
    },
    "Hydrotalcite": {
      "moles": 0.046297674,
      "mass_kg": 0.020509869582
    }
  },
  "pH": 9.2334375,
  "pe": 4.0,
  "Eh": 0.24,
  "system_mass_kg": 0.22799018890530093,
  "input_composition": {
    "Ca": 0.74546965,
    "Si": 1.66368293,
    "Al": 0.68430669,
    "Fe": 0.10802551,
    "Mg": 0.15432558,
    "K": 0.073277,
    "Na": 0.0884567,
    "S": 0.12302281,
    "O": 19.23518297,
    "H": 26.64404884,
    "C": 0.02378192
  },
  "execution_time": 1.0251998901367188e-05,
  "mix_id": "MIX_4195",
  "input_file": "/teamspace/studios/this_studio/inputs/generated/MIX_4195.inp"
}