{
  "converged": true,
  "method": "simplified_thermodynamic_model",
  "note": "Using simplified model until Cemdata18 integration complete",
  "temperature_K": 298.15,
  "pressure_bar": 1.01325,
  "CO2_fraction": 0.25,
  "pCO2_bar": 0.2533125,
  "phases": {
    "Calcite": {
      "moles": 0.009279824793749999,
      "mass_kg": 0.0009288176636064373
    },
    "C-S-H_1.0": {
      "moles": 0.48250474520625,
      "mass_kg": 0.0820258066850625
    },
    "Silica_gel": {
      "moles": 0.73249928479375,
      "mass_kg": 0.044008557030408506
    },
    "Ettringite": {
      "moles": 0.017086501666666667,
      "mass_kg": 0.021443559591666665
    },
    "Hydrotalcite": {
      "moles": 0.035445261,
      "mass_kg": 0.015702250623
    }
  },
  "pH": 9.2334375,
  "pe": 4.0,
  "Eh": 0.24,
  "system_mass_kg": 0.16410899159374412,
  "input_composition": {
    "Ca": 0.49178457,
    "Si": 1.21500403,
    "Al": 0.53867497,
    "Fe": 0.05773752,
    "Mg": 0.11815087,
    "K": 0.05860121,
    "Na": 0.10992989,
    "S": 0.10251901,
    "O": 11.01670416,
    "H": 13.32202447,
    "C": 0.01465356
  },
  "execution_time": 9.775161743164062e-06,
  "mix_id": "MIX_1291",
  "input_file": "/teamspace/studios/this_studio/inputs/generated/MIX_1291.inp"
}