{
  "converged": true,
  "method": "simplified_thermodynamic_model",
  "note": "Using simplified model until Cemdata18 integration complete",
  "temperature_K": 298.15,
  "pressure_bar": 1.01325,
  "CO2_fraction": 0.25,
  "pCO2_bar": 0.2533125,
  "phases": {
    "Calcite": {
      "moles": 0.0062584716140624995,
      "mass_kg": 0.0006264104238515156
    },
    "C-S-H_1.0": {
      "moles": 0.1388088783859375,
      "mass_kg": 0.023597509325609375
    },
    "Silica_gel": {
      "moles": 1.0642071616140625,
      "mass_kg": 0.06393756626977287
    },
    "Ettringite": {
      "moles": 0.002562975,
      "mass_kg": 0.0032165336249999994
    },
    "Hydrotalcite": {
      "moles": 0.013941405,
      "mass_kg": 0.006176042415
    }
  },
  "pH": 9.2334375,
  "pe": 4.0,
  "Eh": 0.24,
  "system_mass_kg": 0.09755406205923377,
  "input_composition": {
    "Ca": 0.14506735,
    "Si": 1.20301604,
    "Al": 0.47583348,
    "Fe": 0.07621603,
    "Mg": 0.04647135,
    "K": 0.06502187,
    "Na": 0.05536969,
    "S": 0.01537785,
    "O": 6.8822457,
    "H": 6.66101223,
    "C": 0.00988261
  },
  "execution_time": 9.5367431640625e-06,
  "mix_id": "MIX_0839",
  "input_file": "/teamspace/studios/this_studio/inputs/generated/MIX_0839.inp"
}