{
  "converged": true,
  "method": "simplified_thermodynamic_model",
  "note": "Using simplified model until Cemdata18 integration complete",
  "temperature_K": 298.15,
  "pressure_bar": 1.01325,
  "CO2_fraction": 0.4,
  "pCO2_bar": 0.4053,
  "phases": {
    "Calcite": {
      "moles": 0.02947458,
      "mass_kg": 0.0029501107122
    },
    "C-S-H_1.0": {
      "moles": 0.48146208999999995,
      "mass_kg": 0.0818485553
    },
    "Silica_gel": {
      "moles": 1.47030679,
      "mass_kg": 0.0883360319432
    },
    "Ettringite": {
      "moles": 0.0068346,
      "mass_kg": 0.008577422999999999
    },
    "Hydrotalcite": {
      "moles": 0.029148182999999998,
      "mass_kg": 0.012912645068999999
    }
  },
  "pH": 8.5,
  "pe": 4.0,
  "Eh": 0.24,
  "system_mass_kg": 0.1946247660244,
  "input_composition": {
    "Ca": 0.51093667,
    "Si": 1.95176888,
    "Al": 0.69494602,
    "Fe": 0.15455619,
    "Mg": 0.09716061,
    "K": 0.08795278,
    "Na": 0.13819757,
    "S": 0.0410076,
    "O": 13.40804896,
    "H": 14.65422691,
    "C": 0.02947458
  },
  "execution_time": 1.0967254638671875e-05,
  "mix_id": "MIX_4696",
  "input_file": "/teamspace/studios/this_studio/inputs/generated/MIX_4696.inp"
}