{
  "converged": true,
  "method": "simplified_thermodynamic_model",
  "note": "Using simplified model until Cemdata18 integration complete",
  "temperature_K": 298.15,
  "pressure_bar": 1.01325,
  "CO2_fraction": 0.3,
  "pCO2_bar": 0.303975,
  "phases": {
    "Calcite": {
      "moles": 0.007827774215625,
      "mass_kg": 0.0007834819212419062
    },
    "C-S-H_1.0": {
      "moles": 0.093264645784375,
      "mass_kg": 0.01585498978334375
    },
    "Silica_gel": {
      "moles": 1.172091734215625,
      "mass_kg": 0.07041927139167475
    },
    "Hydrotalcite": {
      "moles": 0.010725876,
      "mass_kg": 0.004751563068
    }
  },
  "pH": 8.980125000000001,
  "pe": 4.0,
  "Eh": 0.24,
  "system_mass_kg": 0.0918093061642604,
  "input_composition": {
    "Ca": 0.10109242,
    "Si": 1.26535638,
    "Al": 0.47782835,
    "Fe": 0.08494053,
    "Mg": 0.03575292,
    "K": 0.06777358,
    "Na": 0.08083566,
    "S": 0.0,
    "O": 5.43839549,
    "H": 3.66355671,
    "C": 0.01030055
  },
  "execution_time": 9.775161743164062e-06,
  "mix_id": "MIX_1196",
  "input_file": "/teamspace/studios/this_studio/inputs/generated/MIX_1196.inp"
}