{
  "converged": true,
  "method": "simplified_thermodynamic_model",
  "note": "Using simplified model until Cemdata18 integration complete",
  "temperature_K": 298.15,
  "pressure_bar": 1.01325,
  "CO2_fraction": 0.3,
  "pCO2_bar": 0.303975,
  "phases": {
    "Calcite": {
      "moles": 0.00820866249,
      "mass_kg": 0.0008216050286240999
    },
    "C-S-H_1.0": {
      "moles": 0.23946686751000001,
      "mass_kg": 0.0407093674767
    },
    "Silica_gel": {
      "moles": 0.8550065124899999,
      "mass_kg": 0.0513687912703992
    },
    "Ettringite": {
      "moles": 0.00854325,
      "mass_kg": 0.010721778749999999
    },
    "Hydrotalcite": {
      "moles": 0.021444308999999998,
      "mass_kg": 0.009499828887
    }
  },
  "pH": 8.980125000000001,
  "pe": 4.0,
  "Eh": 0.24,
  "system_mass_kg": 0.1131213714127233,
  "input_composition": {
    "Ca": 0.24767553,
    "Si": 1.09447338,
    "Al": 0.47117877,
    "Fe": 0.05585885,
    "Mg": 0.07148103,
    "K": 0.05860121,
    "Na": 0.06752836,
    "S": 0.0512595,
    "O": 5.86846089,
    "H": 4.6627086,
    "C": 0.01080176
  },
  "execution_time": 1.0251998901367188e-05,
  "mix_id": "MIX_0073",
  "input_file": "/teamspace/studios/this_studio/inputs/generated/MIX_0073.inp"
}