{
  "converged": true,
  "method": "simplified_thermodynamic_model",
  "note": "Using simplified model until Cemdata18 integration complete",
  "temperature_K": 298.15,
  "pressure_bar": 1.01325,
  "CO2_fraction": 0.15,
  "pCO2_bar": 0.1519875,
  "phases": {
    "Calcite": {
      "moles": 0.00505882794375,
      "mass_kg": 0.0005063380888899375
    },
    "C-S-H_1.0": {
      "moles": 0.7990440720562499,
      "mass_kg": 0.1358374922495625
    },
    "Silica_gel": {
      "moles": 0.8392652179437501,
      "mass_kg": 0.05042305429406051
    },
    "Ettringite": {
      "moles": 0.023921101666666666,
      "mass_kg": 0.030020982591666665
    },
    "Hydrotalcite": {
      "moles": 0.050585049,
      "mass_kg": 0.022409176707
    }
  },
  "pH": 9.7400625,
  "pe": 4.0,
  "Eh": 0.24,
  "system_mass_kg": 0.23919704393117963,
  "input_composition": {
    "Ca": 0.8041029,
    "Si": 1.63830929,
    "Al": 0.68164686,
    "Fe": 0.09639285,
    "Mg": 0.16861683,
    "K": 0.06960805,
    "Na": 0.16646526,
    "S": 0.14352661,
    "O": 17.31536274,
    "H": 22.64744156,
    "C": 0.0133138
  },
  "execution_time": 1.1920928955078125e-05,
  "mix_id": "MIX_4058",
  "input_file": "/teamspace/studios/this_studio/inputs/generated/MIX_4058.inp"
}