{
  "converged": true,
  "method": "simplified_thermodynamic_model",
  "note": "Using simplified model until Cemdata18 integration complete",
  "temperature_K": 298.15,
  "pressure_bar": 1.01325,
  "CO2_fraction": 0.4,
  "pCO2_bar": 0.4053,
  "phases": {
    "Calcite": {
      "moles": 0.03851792,
      "mass_kg": 0.0038552586128
    },
    "C-S-H_1.0": {
      "moles": 0.531052,
      "mass_kg": 0.09027884
    },
    "Silica_gel": {
      "moles": 1.37697833,
      "mass_kg": 0.0827288580664
    },
    "Ettringite": {
      "moles": 0.010251901666666667,
      "mass_kg": 0.012866136591666666
    },
    "Hydrotalcite": {
      "moles": 0.033435555,
      "mass_kg": 0.014811950865
    }
  },
  "pH": 8.5,
  "pe": 4.0,
  "Eh": 0.24,
  "system_mass_kg": 0.20454104413586666,
  "input_composition": {
    "Ca": 0.56956992,
    "Si": 1.90803033,
    "Al": 0.69228619,
    "Fe": 0.14292352,
    "Mg": 0.11145185,
    "K": 0.08428383,
    "Na": 0.1805991,
    "S": 0.06151141,
    "O": 19.46593296,
    "H": 26.64404888,
    "C": 0.03851792
  },
  "execution_time": 1.1682510375976562e-05,
  "mix_id": "MIX_4587",
  "input_file": "/teamspace/studios/this_studio/inputs/generated/MIX_4587.inp"
}