{
  "converged": true,
  "method": "simplified_thermodynamic_model",
  "note": "Using simplified model until Cemdata18 integration complete",
  "temperature_K": 298.15,
  "pressure_bar": 1.01325,
  "CO2_fraction": 0.35,
  "pCO2_bar": 0.3546375,
  "phases": {
    "Calcite": {
      "moles": 0.016812920578125,
      "mass_kg": 0.0016828052206645315
    },
    "C-S-H_1.0": {
      "moles": 0.387021779421875,
      "mass_kg": 0.06579370250171876
    },
    "Silica_gel": {
      "moles": 0.895681130578125,
      "mass_kg": 0.053812522325133755
    },
    "Ettringite": {
      "moles": 0.011960551666666666,
      "mass_kg": 0.015010492341666664
    },
    "Hydrotalcite": {
      "moles": 0.029014203,
      "mass_kg": 0.012853291929
    }
  },
  "pH": 8.7268125,
  "pe": 4.0,
  "Eh": 0.24,
  "system_mass_kg": 0.1491528143181837,
  "input_composition": {
    "Ca": 0.4038347,
    "Si": 1.28270291,
    "Al": 0.54266472,
    "Fe": 0.07518652,
    "Mg": 0.09671401,
    "K": 0.06410463,
    "Na": 0.05038186,
    "S": 0.07176331,
    "O": 9.9650519,
    "H": 11.32372071,
    "C": 0.0189635
  },
  "execution_time": 1.1682510375976562e-05,
  "mix_id": "MIX_1650",
  "input_file": "/teamspace/studios/this_studio/inputs/generated/MIX_1650.inp"
}