{
  "converged": true,
  "method": "simplified_thermodynamic_model",
  "note": "Using simplified model until Cemdata18 integration complete",
  "temperature_K": 298.15,
  "pressure_bar": 1.01325,
  "CO2_fraction": 0.25,
  "pCO2_bar": 0.2533125,
  "phases": {
    "Calcite": {
      "moles": 0.009279824793749999,
      "mass_kg": 0.0009288176636064373
    },
    "C-S-H_1.0": {
      "moles": 0.21865513520625,
      "mass_kg": 0.0371713729850625
    },
    "Silica_gel": {
      "moles": 1.29158409479375,
      "mass_kg": 0.0775983724152085
    },
    "Ettringite": {
      "moles": 0.00170865,
      "mass_kg": 0.0021443557499999997
    },
    "Hydrotalcite": {
      "moles": 0.016152083999999997,
      "mass_kg": 0.007155373211999999
    }
  },
  "pH": 9.2334375,
  "pe": 4.0,
  "Eh": 0.24,
  "system_mass_kg": 0.12499829202587744,
  "input_composition": {
    "Ca": 0.22793496,
    "Si": 1.51023923,
    "Al": 0.55064422,
    "Fe": 0.11008453,
    "Mg": 0.05384028,
    "K": 0.07511147,
    "Na": 0.10992989,
    "S": 0.0102519,
    "O": 11.10694253,
    "H": 13.32202447,
    "C": 0.01465356
  },
  "execution_time": 1.0251998901367188e-05,
  "mix_id": "MIX_2299",
  "input_file": "/teamspace/studios/this_studio/inputs/generated/MIX_2299.inp"
}