{
  "converged": true,
  "method": "simplified_thermodynamic_model",
  "note": "Using simplified model until Cemdata18 integration complete",
  "temperature_K": 298.15,
  "pressure_bar": 1.01325,
  "CO2_fraction": 0.15,
  "pCO2_bar": 0.1519875,
  "phases": {
    "Calcite": {
      "moles": 0.00225304750125,
      "mass_kg": 0.0002255075244001125
    },
    "C-S-H_1.0": {
      "moles": 0.23076417249875,
      "mass_kg": 0.0392299093247875
    },
    "Silica_gel": {
      "moles": 0.8738401275012501,
      "mass_kg": 0.05250031486027511
    },
    "Ettringite": {
      "moles": 0.007688925,
      "mass_kg": 0.009649600874999999
    },
    "Hydrotalcite": {
      "moles": 0.020372466000000002,
      "mass_kg": 0.009025002438000002
    }
  },
  "pH": 9.7400625,
  "pe": 4.0,
  "Eh": 0.24,
  "system_mass_kg": 0.11063033502246272,
  "input_composition": {
    "Ca": 0.23301722,
    "Si": 1.1046043,
    "Al": 0.47184373,
    "Fe": 0.05876702,
    "Mg": 0.06790822,
    "K": 0.05951845,
    "Na": 0.05536969,
    "S": 0.04613355,
    "O": 6.84426015,
    "H": 6.66101223,
    "C": 0.00592956
  },
  "execution_time": 1.049041748046875e-05,
  "mix_id": "MIX_0135",
  "input_file": "/teamspace/studios/this_studio/inputs/generated/MIX_0135.inp"
}