{
  "converged": true,
  "method": "simplified_thermodynamic_model",
  "note": "Using simplified model until Cemdata18 integration complete",
  "temperature_K": 298.15,
  "pressure_bar": 1.01325,
  "CO2_fraction": 0.3,
  "pCO2_bar": 0.303975,
  "phases": {
    "Calcite": {
      "moles": 0.01679913277875,
      "mass_kg": 0.0016814251998250875
    },
    "C-S-H_1.0": {
      "moles": 0.37687104722125,
      "mass_kg": 0.0640680780276125
    },
    "Silica_gel": {
      "moles": 1.7061134727787501,
      "mass_kg": 0.10250329744454731
    },
    "Hydrotalcite": {
      "moles": 0.020573436,
      "mass_kg": 0.009114032148
    }
  },
  "pH": 8.980125000000001,
  "pe": 4.0,
  "Eh": 0.24,
  "system_mass_kg": 0.1773668328199849,
  "input_composition": {
    "Ca": 0.39367018,
    "Si": 2.08298452,
    "Al": 0.70026569,
    "Fe": 0.17782153,
    "Mg": 0.06857812,
    "K": 0.09529067,
    "Na": 0.13819757,
    "S": 0.0,
    "O": 13.43341761,
    "H": 14.65422691,
    "C": 0.02210594
  },
  "execution_time": 1.6689300537109375e-05,
  "mix_id": "MIX_4888",
  "input_file": "/teamspace/studios/this_studio/inputs/generated/MIX_4888.inp"
}