{
  "converged": true,
  "method": "simplified_thermodynamic_model",
  "note": "Using simplified model until Cemdata18 integration complete",
  "temperature_K": 298.15,
  "pressure_bar": 1.01325,
  "CO2_fraction": 0.25,
  "pCO2_bar": 0.2533125,
  "phases": {
    "Calcite": {
      "moles": 0.010346010773437499,
      "mass_kg": 0.0010355322183133592
    },
    "C-S-H_1.0": {
      "moles": 0.6375977192265625,
      "mass_kg": 0.10839161226851564
    },
    "Silica_gel": {
      "moles": 0.7491223107734375,
      "mass_kg": 0.04500726843126813
    },
    "Ettringite": {
      "moles": 0.020503801666666665,
      "mass_kg": 0.02573227109166666
    },
    "Hydrotalcite": {
      "moles": 0.043015155,
      "mass_kg": 0.019055713665
    }
  },
  "pH": 9.2334375,
  "pe": 4.0,
  "Eh": 0.24,
  "system_mass_kg": 0.1992223976747638,
  "input_composition": {
    "Ca": 0.64794373,
    "Si": 1.38672003,
    "Al": 0.61016091,
    "Fe": 0.07706518,
    "Mg": 0.14338385,
    "K": 0.06410463,
    "Na": 0.06076591,
    "S": 0.12302281,
    "O": 12.05384759,
    "H": 13.9881256,
    "C": 0.01633715
  },
  "execution_time": 1.0251998901367188e-05,
  "mix_id": "MIX_2737",
  "input_file": "/teamspace/studios/this_studio/inputs/generated/MIX_2737.inp"
}