{
  "converged": true,
  "method": "simplified_thermodynamic_model",
  "note": "Using simplified model until Cemdata18 integration complete",
  "temperature_K": 298.15,
  "pressure_bar": 1.01325,
  "CO2_fraction": 0.4,
  "pCO2_bar": 0.4053,
  "phases": {
    "Calcite": {
      "moles": 0.01892402,
      "mass_kg": 0.0018941051618
    },
    "C-S-H_1.0": {
      "moles": 0.23832756,
      "mass_kg": 0.0405156852
    },
    "Silica_gel": {
      "moles": 1.2281731200000001,
      "mass_kg": 0.0737886410496
    },
    "Ettringite": {
      "moles": 0.0034173,
      "mass_kg": 0.0042887114999999995
    },
    "Hydrotalcite": {
      "moles": 0.01829577,
      "mass_kg": 0.00810502611
    }
  },
  "pH": 8.5,
  "pe": 4.0,
  "Eh": 0.24,
  "system_mass_kg": 0.1285921690214,
  "input_composition": {
    "Ca": 0.25725158,
    "Si": 1.46650068,
    "Al": 0.5493143,
    "Fe": 0.10426819,
    "Mg": 0.0609859,
    "K": 0.073277,
    "Na": 0.08872912,
    "S": 0.0205038,
    "O": 8.07553183,
    "H": 7.32711348,
    "C": 0.01892402
  },
  "execution_time": 1.1205673217773438e-05,
  "mix_id": "MIX_2232",
  "input_file": "/teamspace/studios/this_studio/inputs/generated/MIX_2232.inp"
}