{
  "converged": true,
  "method": "simplified_thermodynamic_model",
  "note": "Using simplified model until Cemdata18 integration complete",
  "temperature_K": 298.15,
  "pressure_bar": 1.01325,
  "CO2_fraction": 0.2,
  "pCO2_bar": 0.20265,
  "phases": {
    "Calcite": {
      "moles": 0.0067445821012499995,
      "mass_kg": 0.0006750652225141125
    },
    "C-S-H_1.0": {
      "moles": 0.59722421789875,
      "mass_kg": 0.10152811704278751
    },
    "Silica_gel": {
      "moles": 0.8881874621012499,
      "mass_kg": 0.05336230272304309
    },
    "Ettringite": {
      "moles": 0.017940826666666666,
      "mass_kg": 0.022515737466666665
    },
    "Hydrotalcite": {
      "moles": 0.039799626,
      "mass_kg": 0.017631234318
    }
  },
  "pH": 9.48675,
  "pe": 4.0,
  "Eh": 0.24,
  "system_mass_kg": 0.19571245677301138,
  "input_composition": {
    "Ca": 0.6039688,
    "Si": 1.48541168,
    "Al": 0.61215579,
    "Fe": 0.08578968,
    "Mg": 0.13266542,
    "K": 0.06685634,
    "Na": 0.15671208,
    "S": 0.10764496,
    "O": 12.20978323,
    "H": 13.98812562,
    "C": 0.01331277
  },
  "execution_time": 1.7642974853515625e-05,
  "mix_id": "MIX_2845",
  "input_file": "/teamspace/studios/this_studio/inputs/generated/MIX_2845.inp"
}