{
  "converged": true,
  "method": "simplified_thermodynamic_model",
  "note": "Using simplified model until Cemdata18 integration complete",
  "temperature_K": 298.15,
  "pressure_bar": 1.01325,
  "CO2_fraction": 0.35,
  "pCO2_bar": 0.3546375,
  "phases": {
    "Calcite": {
      "moles": 0.022144434361875,
      "mass_kg": 0.0022164364352800685
    },
    "C-S-H_1.0": {
      "moles": 0.405924625638125,
      "mass_kg": 0.06900718635848126
    },
    "Silica_gel": {
      "moles": 1.247038094361875,
      "mass_kg": 0.07492204870926146
    },
    "Ettringite": {
      "moles": 0.007688925,
      "mass_kg": 0.009649600874999999
    },
    "Hydrotalcite": {
      "moles": 0.026937506999999996,
      "mass_kg": 0.011933315600999998
    }
  },
  "pH": 8.7268125,
  "pe": 4.0,
  "Eh": 0.24,
  "system_mass_kg": 0.1677285879790228,
  "input_composition": {
    "Ca": 0.42806906,
    "Si": 1.65296272,
    "Al": 0.62013529,
    "Fe": 0.12068769,
    "Mg": 0.08979169,
    "K": 0.07786318,
    "Na": 0.09995686,
    "S": 0.04613355,
    "O": 13.70507586,
    "H": 16.9855811,
    "C": 0.02497698
  },
  "execution_time": 8.344650268554688e-06,
  "mix_id": "MIX_3334",
  "input_file": "/teamspace/studios/this_studio/inputs/generated/MIX_3334.inp"
}