{
  "converged": true,
  "method": "simplified_thermodynamic_model",
  "note": "Using simplified model until Cemdata18 integration complete",
  "temperature_K": 298.15,
  "pressure_bar": 1.01325,
  "CO2_fraction": 0.15,
  "pCO2_bar": 0.1519875,
  "phases": {
    "Calcite": {
      "moles": 0.004042802905312499,
      "mass_kg": 0.00040464414279272806
    },
    "C-S-H_1.0": {
      "moles": 0.4240262570946875,
      "mass_kg": 0.07208446370609688
    },
    "Silica_gel": {
      "moles": 1.2114009629053124,
      "mass_kg": 0.07278096985135117
    },
    "Ettringite": {
      "moles": 0.007688925,
      "mass_kg": 0.009649600874999999
    },
    "Hydrotalcite": {
      "moles": 0.026937506999999996,
      "mass_kg": 0.011933315600999998
    }
  },
  "pH": 9.7400625,
  "pe": 4.0,
  "Eh": 0.24,
  "system_mass_kg": 0.16685299417624078,
  "input_composition": {
    "Ca": 0.42806906,
    "Si": 1.63542722,
    "Al": 0.62013529,
    "Fe": 0.12068769,
    "Mg": 0.08979169,
    "K": 0.07786318,
    "Na": 0.06595793,
    "S": 0.04613355,
    "O": 13.6243311,
    "H": 16.98558113,
    "C": 0.01063983
  },
  "execution_time": 4.00543212890625e-05,
  "mix_id": "MIX_3266",
  "input_file": "/teamspace/studios/this_studio/inputs/generated/MIX_3266.inp"
}