{
  "converged": true,
  "method": "simplified_thermodynamic_model",
  "note": "Using simplified model until Cemdata18 integration complete",
  "temperature_K": 298.15,
  "pressure_bar": 1.01325,
  "CO2_fraction": 0.25,
  "pCO2_bar": 0.2533125,
  "phases": {
    "Calcite": {
      "moles": 0.012703330565624999,
      "mass_kg": 0.0012714763563134062
    },
    "C-S-H_1.0": {
      "moles": 0.732766319434375,
      "mass_kg": 0.12457027430384375
    },
    "Silica_gel": {
      "moles": 0.9237756205656251,
      "mass_kg": 0.05550043928358276
    },
    "Ettringite": {
      "moles": 0.020503801666666665,
      "mass_kg": 0.02573227109166666
    },
    "Hydrotalcite": {
      "moles": 0.046297674,
      "mass_kg": 0.020509869582
    }
  },
  "pH": 9.2334375,
  "pe": 4.0,
  "Eh": 0.24,
  "system_mass_kg": 0.22758433061740657,
  "input_composition": {
    "Ca": 0.74546965,
    "Si": 1.65654194,
    "Al": 0.68430669,
    "Fe": 0.10802551,
    "Mg": 0.15432558,
    "K": 0.073277,
    "Na": 0.0746113,
    "S": 0.12302281,
    "O": 15.20992617,
    "H": 18.65083414,
    "C": 0.02005954
  },
  "execution_time": 1.3828277587890625e-05,
  "mix_id": "MIX_4193",
  "input_file": "/teamspace/studios/this_studio/inputs/generated/MIX_4193.inp"
}