{
  "converged": true,
  "method": "simplified_thermodynamic_model",
  "note": "Using simplified model until Cemdata18 integration complete",
  "temperature_K": 298.15,
  "pressure_bar": 1.01325,
  "CO2_fraction": 0.3,
  "pCO2_bar": 0.303975,
  "phases": {
    "Calcite": {
      "moles": 0.011573559348749998,
      "mass_kg": 0.0011583975552163872
    },
    "C-S-H_1.0": {
      "moles": 0.48021101065125,
      "mass_kg": 0.08163587181071251
    },
    "Silica_gel": {
      "moles": 0.71476914934875,
      "mass_kg": 0.042943330492872904
    },
    "Ettringite": {
      "moles": 0.017086501666666667,
      "mass_kg": 0.021443559591666665
    },
    "Hydrotalcite": {
      "moles": 0.035445261,
      "mass_kg": 0.015702250623
    }
  },
  "pH": 8.980125000000001,
  "pe": 4.0,
  "Eh": 0.24,
  "system_mass_kg": 0.16288341007346846,
  "input_composition": {
    "Ca": 0.49178457,
    "Si": 1.19498016,
    "Al": 0.53867497,
    "Fe": 0.05773752,
    "Mg": 0.11815087,
    "K": 0.05860121,
    "Na": 0.07110634,
    "S": 0.10251901,
    "O": 8.96009308,
    "H": 9.3254171,
    "C": 0.01522962
  },
  "execution_time": 1.3113021850585938e-05,
  "mix_id": "MIX_1301",
  "input_file": "/teamspace/studios/this_studio/inputs/generated/MIX_1301.inp"
}