{
  "converged": true,
  "method": "simplified_thermodynamic_model",
  "note": "Using simplified model until Cemdata18 integration complete",
  "temperature_K": 298.15,
  "pressure_bar": 1.01325,
  "CO2_fraction": 0.2,
  "pCO2_bar": 0.20265,
  "phases": {
    "Calcite": {
      "moles": 0.00893841020625,
      "mass_kg": 0.0008946454775435625
    },
    "C-S-H_1.0": {
      "moles": 0.8537977397937501,
      "mass_kg": 0.1451456157649375
    },
    "Silica_gel": {
      "moles": 0.6967755902062499,
      "mass_kg": 0.04186227745959149
    },
    "Ettringite": {
      "moles": 0.027338403333333334,
      "mass_kg": 0.03430969618333333
    },
    "Hydrotalcite": {
      "moles": 0.054872421,
      "mass_kg": 0.024308482503
    }
  },
  "pH": 9.48675,
  "pe": 4.0,
  "Eh": 0.24,
  "system_mass_kg": 0.2465207173884059,
  "input_composition": {
    "Ca": 0.86273615,
    "Si": 1.55057333,
    "Al": 0.67898703,
    "Fe": 0.08476018,
    "Mg": 0.18290807,
    "K": 0.06593911,
    "Na": 0.12356184,
    "S": 0.16403042,
    "O": 17.23826028,
    "H": 22.64744153,
    "C": 0.01764305
  },
  "execution_time": 8.821487426757812e-06,
  "mix_id": "MIX_3958",
  "input_file": "/teamspace/studios/this_studio/inputs/generated/MIX_3958.inp"
}