{
  "converged": true,
  "method": "simplified_thermodynamic_model",
  "note": "Using simplified model until Cemdata18 integration complete",
  "temperature_K": 298.15,
  "pressure_bar": 1.01325,
  "CO2_fraction": 0.4,
  "pCO2_bar": 0.4053,
  "phases": {
    "Calcite": {
      "moles": 0.02662555,
      "mass_kg": 0.0026649512995
    },
    "C-S-H_1.0": {
      "moles": 0.66529312,
      "mass_kg": 0.1130998304
    },
    "Silica_gel": {
      "moles": 0.7217068300000001,
      "mass_kg": 0.04336014634640001
    },
    "Ettringite": {
      "moles": 0.023066776666666667,
      "mass_kg": 0.028948804716666665
    },
    "Hydrotalcite": {
      "moles": 0.046230684,
      "mass_kg": 0.020480193012000002
    }
  },
  "pH": 8.5,
  "pe": 4.0,
  "Eh": 0.24,
  "system_mass_kg": 0.2085539257745667,
  "input_composition": {
    "Ca": 0.69191867,
    "Si": 1.38699995,
    "Al": 0.60816604,
    "Fe": 0.06834068,
    "Mg": 0.15410228,
    "K": 0.06135292,
    "Na": 0.15671208,
    "S": 0.13840066,
    "O": 12.20632932,
    "H": 13.98812562,
    "C": 0.02662555
  },
  "execution_time": 1.4543533325195312e-05,
  "mix_id": "MIX_2685",
  "input_file": "/teamspace/studios/this_studio/inputs/generated/MIX_2685.inp"
}