{
  "converged": true,
  "method": "simplified_thermodynamic_model",
  "note": "Using simplified model until Cemdata18 integration complete",
  "temperature_K": 298.15,
  "pressure_bar": 1.01325,
  "CO2_fraction": 0.2,
  "pCO2_bar": 0.20265,
  "phases": {
    "Calcite": {
      "moles": 0.00904969545375,
      "mass_kg": 0.0009057840179658374
    },
    "C-S-H_1.0": {
      "moles": 0.73641995454625,
      "mass_kg": 0.1251913922728625
    },
    "Silica_gel": {
      "moles": 0.99009113545375,
      "mass_kg": 0.0594846754180613
    },
    "Ettringite": {
      "moles": 0.020503801666666665,
      "mass_kg": 0.02573227109166666
    },
    "Hydrotalcite": {
      "moles": 0.046297674,
      "mass_kg": 0.020509869582
    }
  },
  "pH": 9.48675,
  "pe": 4.0,
  "Eh": 0.24,
  "system_mass_kg": 0.2318239923825563,
  "input_composition": {
    "Ca": 0.74546965,
    "Si": 1.72651109,
    "Al": 0.68430669,
    "Fe": 0.10802551,
    "Mg": 0.15432558,
    "K": 0.073277,
    "Na": 0.2102719,
    "S": 0.12302281,
    "O": 17.4116048,
    "H": 22.64744153,
    "C": 0.01786271
  },
  "execution_time": 8.58306884765625e-06,
  "mix_id": "MIX_4190",
  "input_file": "/teamspace/studios/this_studio/inputs/generated/MIX_4190.inp"
}