{
  "converged": true,
  "method": "simplified_thermodynamic_model",
  "note": "Using simplified model until Cemdata18 integration complete",
  "temperature_K": 298.15,
  "pressure_bar": 1.01325,
  "CO2_fraction": 0.2,
  "pCO2_bar": 0.20265,
  "phases": {
    "Calcite": {
      "moles": 0.00969733445625,
      "mass_kg": 0.0009706062057260624
    },
    "C-S-H_1.0": {
      "moles": 0.55987258554375,
      "mass_kg": 0.0951783395424375
    },
    "Silica_gel": {
      "moles": 1.32415080445625,
      "mass_kg": 0.0795549803317315
    },
    "Ettringite": {
      "moles": 0.010251901666666667,
      "mass_kg": 0.012866136591666666
    },
    "Hydrotalcite": {
      "moles": 0.033435555,
      "mass_kg": 0.014811950865
    }
  },
  "pH": 9.48675,
  "pe": 4.0,
  "Eh": 0.24,
  "system_mass_kg": 0.20338201353656174,
  "input_composition": {
    "Ca": 0.56956992,
    "Si": 1.88402339,
    "Al": 0.69228619,
    "Fe": 0.14292352,
    "Mg": 0.11145185,
    "K": 0.08428383,
    "Na": 0.13405294,
    "S": 0.06151141,
    "O": 19.3558922,
    "H": 26.64404877,
    "C": 0.01914105
  },
  "execution_time": 3.0040740966796875e-05,
  "mix_id": "MIX_4519",
  "input_file": "/teamspace/studios/this_studio/inputs/generated/MIX_4519.inp"
}