{
  "converged": true,
  "method": "simplified_thermodynamic_model",
  "note": "Using simplified model until Cemdata18 integration complete",
  "temperature_K": 298.15,
  "pressure_bar": 1.01325,
  "CO2_fraction": 0.25,
  "pCO2_bar": 0.2533125,
  "phases": {
    "Calcite": {
      "moles": 0.015245422828124997,
      "mass_kg": 0.0015259143708670308
    },
    "C-S-H_1.0": {
      "moles": 0.964757217171875,
      "mass_kg": 0.16400872691921878
    },
    "Silica_gel": {
      "moles": 0.48401836282812494,
      "mass_kg": 0.029079823238713748
    },
    "Ettringite": {
      "moles": 0.034173003333333334,
      "mass_kg": 0.04288711918333333
    },
    "Hydrotalcite": {
      "moles": 0.063447168,
      "mass_kg": 0.028107095424
    }
  },
  "pH": 9.2334375,
  "pe": 4.0,
  "Eh": 0.24,
  "system_mass_kg": 0.2656086791361329,
  "input_composition": {
    "Ca": 0.98000264,
    "Si": 1.44877558,
    "Al": 0.67366736,
    "Fe": 0.06149484,
    "Mg": 0.21149056,
    "K": 0.05860121,
    "Na": 0.1805991,
    "S": 0.20503802,
    "O": 19.29667372,
    "H": 26.64404888,
    "C": 0.0240737
  },
  "execution_time": 1.8596649169921875e-05,
  "mix_id": "MIX_3755",
  "input_file": "/teamspace/studios/this_studio/inputs/generated/MIX_3755.inp"
}