{
  "converged": true,
  "method": "simplified_thermodynamic_model",
  "note": "Using simplified model until Cemdata18 integration complete",
  "temperature_K": 298.15,
  "pressure_bar": 1.01325,
  "CO2_fraction": 0.4,
  "pCO2_bar": 0.4053,
  "phases": {
    "Calcite": {
      "moles": 0.02018362,
      "mass_kg": 0.0020201785258
    },
    "C-S-H_1.0": {
      "moles": 0.4129677,
      "mass_kg": 0.070204509
    },
    "Silica_gel": {
      "moles": 0.8351460499999999,
      "mass_kg": 0.050175574683999996
    },
    "Ettringite": {
      "moles": 0.013669201666666667,
      "mass_kg": 0.017154848091666664
    },
    "Hydrotalcite": {
      "moles": 0.031157888999999998,
      "mass_kg": 0.013802944826999999
    }
  },
  "pH": 8.5,
  "pe": 4.0,
  "Eh": 0.24,
  "system_mass_kg": 0.15335805512846665,
  "input_composition": {
    "Ca": 0.43315132,
    "Si": 1.24811375,
    "Al": 0.5413348,
    "Fe": 0.06937019,
    "Mg": 0.10385963,
    "K": 0.06227016,
    "Na": 0.04692051,
    "S": 0.08201521,
    "O": 8.95301268,
    "H": 9.32541712,
    "C": 0.02018362
  },
  "execution_time": 8.106231689453125e-06,
  "mix_id": "MIX_1553",
  "input_file": "/teamspace/studios/this_studio/inputs/generated/MIX_1553.inp"
}