{
  "converged": true,
  "method": "simplified_thermodynamic_model",
  "note": "Using simplified model until Cemdata18 integration complete",
  "temperature_K": 298.15,
  "pressure_bar": 1.01325,
  "CO2_fraction": 0.3,
  "pCO2_bar": 0.303975,
  "phases": {
    "Calcite": {
      "moles": 0.016595522724375,
      "mass_kg": 0.0016610458694826936
    },
    "C-S-H_1.0": {
      "moles": 0.728874127275625,
      "mass_kg": 0.12390860163685626
    },
    "Silica_gel": {
      "moles": 0.924097322724375,
      "mass_kg": 0.05551976714928045
    },
    "Ettringite": {
      "moles": 0.020503801666666665,
      "mass_kg": 0.02573227109166666
    },
    "Hydrotalcite": {
      "moles": 0.046297674,
      "mass_kg": 0.020509869582
    }
  },
  "pH": 8.980125000000001,
  "pe": 4.0,
  "Eh": 0.24,
  "system_mass_kg": 0.22733155532928606,
  "input_composition": {
    "Ca": 0.74546965,
    "Si": 1.65297145,
    "Al": 0.68430669,
    "Fe": 0.10802551,
    "Mg": 0.15432558,
    "K": 0.073277,
    "Na": 0.0676886,
    "S": 0.12302281,
    "O": 13.20457713,
    "H": 14.65422685,
    "C": 0.02183801
  },
  "execution_time": 1.239776611328125e-05,
  "mix_id": "MIX_4208",
  "input_file": "/teamspace/studios/this_studio/inputs/generated/MIX_4208.inp"
}