{
  "converged": true,
  "method": "simplified_thermodynamic_model",
  "note": "Using simplified model until Cemdata18 integration complete",
  "temperature_K": 298.15,
  "pressure_bar": 1.01325,
  "CO2_fraction": 0.3,
  "pCO2_bar": 0.303975,
  "phases": {
    "Calcite": {
      "moles": 0.014898255513749998,
      "mass_kg": 0.0014911663943712372
    },
    "C-S-H_1.0": {
      "moles": 0.28124600448625,
      "mass_kg": 0.0478118207626625
    },
    "Silica_gel": {
      "moles": 1.49912094551375,
      "mass_kg": 0.0900671864064661
    },
    "Hydrotalcite": {
      "moles": 0.017290917,
      "mass_kg": 0.007659876231
    }
  },
  "pH": 8.980125000000001,
  "pe": 4.0,
  "Eh": 0.24,
  "system_mass_kg": 0.14703004979449985,
  "input_composition": {
    "Ca": 0.29614426,
    "Si": 1.78036695,
    "Al": 0.62611991,
    "Fe": 0.1468612,
    "Mg": 0.05763639,
    "K": 0.08611831,
    "Na": 0.06076591,
    "S": 0.0,
    "O": 12.18070028,
    "H": 13.9881256,
    "C": 0.01960458
  },
  "execution_time": 1.0967254638671875e-05,
  "mix_id": "MIX_3649",
  "input_file": "/teamspace/studios/this_studio/inputs/generated/MIX_3649.inp"
}