{
  "converged": true,
  "method": "simplified_thermodynamic_model",
  "note": "Using simplified model until Cemdata18 integration complete",
  "temperature_K": 298.15,
  "pressure_bar": 1.01325,
  "CO2_fraction": 0.2,
  "pCO2_bar": 0.20265,
  "phases": {
    "Calcite": {
      "moles": 0.00347900907375,
      "mass_kg": 0.0003482140181916375
    },
    "C-S-H_1.0": {
      "moles": 0.18556328092625,
      "mass_kg": 0.0315457577574625
    },
    "Silica_gel": {
      "moles": 0.9813813690737501,
      "mass_kg": 0.05896139265395091
    },
    "Ettringite": {
      "moles": 0.00512595,
      "mass_kg": 0.006433067249999999
    },
    "Hydrotalcite": {
      "moles": 0.017156936999999997,
      "mass_kg": 0.007600523090999999
    }
  },
  "pH": 9.48675,
  "pe": 4.0,
  "Eh": 0.24,
  "system_mass_kg": 0.10488895477060504,
  "input_composition": {
    "Ca": 0.18904229,
    "Si": 1.16694465,
    "Al": 0.4738386,
    "Fe": 0.06749152,
    "Mg": 0.05718979,
    "K": 0.06227016,
    "Na": 0.08083566,
    "S": 0.0307557,
    "O": 5.401449,
    "H": 3.66355671,
    "C": 0.00686703
  },
  "execution_time": 9.5367431640625e-06,
  "mix_id": "MIX_0492",
  "input_file": "/teamspace/studios/this_studio/inputs/generated/MIX_0492.inp"
}