{
  "converged": true,
  "method": "simplified_thermodynamic_model",
  "note": "Using simplified model until Cemdata18 integration complete",
  "temperature_K": 298.15,
  "pressure_bar": 1.01325,
  "CO2_fraction": 0.4,
  "pCO2_bar": 0.4053,
  "phases": {
    "Calcite": {
      "moles": 0.01449239,
      "mass_kg": 0.0014505433151
    },
    "C-S-H_1.0": {
      "moles": 0.11591665000000001,
      "mass_kg": 0.019705830500000004
    },
    "Silica_gel": {
      "moles": 1.11893786,
      "mass_kg": 0.0672257866288
    },
    "Ettringite": {
      "moles": 0.00170865,
      "mass_kg": 0.0021443557499999997
    },
    "Hydrotalcite": {
      "moles": 0.012869562,
      "mass_kg": 0.0057012159659999995
    }
  },
  "pH": 8.5,
  "pe": 4.0,
  "Eh": 0.24,
  "system_mass_kg": 0.09622773215989999,
  "input_composition": {
    "Ca": 0.13040904,
    "Si": 1.23485451,
    "Al": 0.47649844,
    "Fe": 0.07912419,
    "Mg": 0.04289854,
    "K": 0.06593911,
    "Na": 0.08529898,
    "S": 0.0102519,
    "O": 5.94316433,
    "H": 4.66270854,
    "C": 0.01449239
  },
  "execution_time": 1.1682510375976562e-05,
  "mix_id": "MIX_1005",
  "input_file": "/teamspace/studios/this_studio/inputs/generated/MIX_1005.inp"
}