{
  "converged": true,
  "method": "simplified_thermodynamic_model",
  "note": "Using simplified model until Cemdata18 integration complete",
  "temperature_K": 298.15,
  "pressure_bar": 1.01325,
  "CO2_fraction": 0.4,
  "pCO2_bar": 0.4053,
  "phases": {
    "Calcite": {
      "moles": 0.01880816,
      "mass_kg": 0.0018825087344
    },
    "C-S-H_1.0": {
      "moles": 0.35570991999999996,
      "mass_kg": 0.060470686399999994
    },
    "Silica_gel": {
      "moles": 0.96778041,
      "mass_kg": 0.0581442470328
    },
    "Ettringite": {
      "moles": 0.010251901666666667,
      "mass_kg": 0.012866136591666666
    },
    "Hydrotalcite": {
      "moles": 0.026870514,
      "mass_kg": 0.011903637702000001
    }
  },
  "pH": 8.5,
  "pe": 4.0,
  "Eh": 0.24,
  "system_mass_kg": 0.14526721646086665,
  "input_composition": {
    "Ca": 0.37451808,
    "Si": 1.32349033,
    "Al": 0.54399463,
    "Fe": 0.08100285,
    "Mg": 0.08956838,
    "K": 0.06593911,
    "Na": 0.06586079,
    "S": 0.06151141,
    "O": 8.00017057,
    "H": 7.32711348,
    "C": 0.01880816
  },
  "execution_time": 3.4809112548828125e-05,
  "mix_id": "MIX_1780",
  "input_file": "/teamspace/studios/this_studio/inputs/generated/MIX_1780.inp"
}