{
  "converged": true,
  "method": "simplified_thermodynamic_model",
  "note": "Using simplified model until Cemdata18 integration complete",
  "temperature_K": 298.15,
  "pressure_bar": 1.01325,
  "CO2_fraction": 0.3,
  "pCO2_bar": 0.303975,
  "phases": {
    "Calcite": {
      "moles": 0.016369608504375,
      "mass_kg": 0.001638434115202894
    },
    "C-S-H_1.0": {
      "moles": 0.587599191495625,
      "mass_kg": 0.09989186255425626
    },
    "Silica_gel": {
      "moles": 0.8864408985043749,
      "mass_kg": 0.05325736918214285
    },
    "Ettringite": {
      "moles": 0.017940826666666666,
      "mass_kg": 0.022515737466666665
    },
    "Hydrotalcite": {
      "moles": 0.039799626,
      "mass_kg": 0.017631234318
    }
  },
  "pH": 8.980125000000001,
  "pe": 4.0,
  "Eh": 0.24,
  "system_mass_kg": 0.19493463763626867,
  "input_composition": {
    "Ca": 0.6039688,
    "Si": 1.47404009,
    "Al": 0.61215579,
    "Fe": 0.08578968,
    "Mg": 0.13266542,
    "K": 0.06685634,
    "Na": 0.13466411,
    "S": 0.10764496,
    "O": 13.69119975,
    "H": 16.98558118,
    "C": 0.02154073
  },
  "execution_time": 8.821487426757812e-06,
  "mix_id": "MIX_2874",
  "input_file": "/teamspace/studios/this_studio/inputs/generated/MIX_2874.inp"
}