{
  "converged": true,
  "method": "simplified_thermodynamic_model",
  "note": "Using simplified model until Cemdata18 integration complete",
  "temperature_K": 298.15,
  "pressure_bar": 1.01325,
  "CO2_fraction": 0.2,
  "pCO2_bar": 0.20265,
  "phases": {
    "Calcite": {
      "moles": 0.0088844698425,
      "mass_kg": 0.0008892465865358249
    },
    "C-S-H_1.0": {
      "moles": 0.8538516801575,
      "mass_kg": 0.145154785626775
    },
    "Silica_gel": {
      "moles": 0.6750451198425,
      "mass_kg": 0.040556710800137404
    },
    "Ettringite": {
      "moles": 0.027338403333333334,
      "mass_kg": 0.03430969618333333
    },
    "Hydrotalcite": {
      "moles": 0.054872421,
      "mass_kg": 0.024308482503
    }
  },
  "pH": 9.48675,
  "pe": 4.0,
  "Eh": 0.24,
  "system_mass_kg": 0.24521892169978154,
  "input_composition": {
    "Ca": 0.86273615,
    "Si": 1.5288968,
    "Al": 0.67898703,
    "Fe": 0.08476018,
    "Mg": 0.18290807,
    "K": 0.06593911,
    "Na": 0.081534,
    "S": 0.16403042,
    "O": 17.17368036,
    "H": 22.64744155,
    "C": 0.01753658
  },
  "execution_time": 9.059906005859375e-06,
  "mix_id": "MIX_3954",
  "input_file": "/teamspace/studios/this_studio/inputs/generated/MIX_3954.inp"
}