{
  "converged": true,
  "method": "simplified_thermodynamic_model",
  "note": "Using simplified model until Cemdata18 integration complete",
  "temperature_K": 298.15,
  "pressure_bar": 1.01325,
  "CO2_fraction": 0.4,
  "pCO2_bar": 0.4053,
  "phases": {
    "Calcite": {
      "moles": 0.02316153,
      "mass_kg": 0.0023182375377
    },
    "C-S-H_1.0": {
      "moles": 0.35135655,
      "mass_kg": 0.0597306135
    },
    "Silica_gel": {
      "moles": 0.96593551,
      "mass_kg": 0.058033405440800004
    },
    "Ettringite": {
      "moles": 0.010251901666666667,
      "mass_kg": 0.012866136591666666
    },
    "Hydrotalcite": {
      "moles": 0.026870514,
      "mass_kg": 0.011903637702000001
    }
  },
  "pH": 8.5,
  "pe": 4.0,
  "Eh": 0.24,
  "system_mass_kg": 0.14485203077216668,
  "input_composition": {
    "Ca": 0.37451808,
    "Si": 1.31729206,
    "Al": 0.54399463,
    "Fe": 0.08100285,
    "Mg": 0.08956838,
    "K": 0.06593911,
    "Na": 0.05384321,
    "S": 0.06151141,
    "O": 10.98792745,
    "H": 13.32202441,
    "C": 0.02316153
  },
  "execution_time": 1.1682510375976562e-05,
  "mix_id": "MIX_1779",
  "input_file": "/teamspace/studios/this_studio/inputs/generated/MIX_1779.inp"
}