{
  "converged": true,
  "method": "simplified_thermodynamic_model",
  "note": "Using simplified model until Cemdata18 integration complete",
  "temperature_K": 298.15,
  "pressure_bar": 1.01325,
  "CO2_fraction": 0.25,
  "pCO2_bar": 0.2533125,
  "phases": {
    "Calcite": {
      "moles": 0.0086300972296875,
      "mass_kg": 0.0008637864317194218
    },
    "C-S-H_1.0": {
      "moles": 0.2193048627703125,
      "mass_kg": 0.03728182667095313
    },
    "Silica_gel": {
      "moles": 1.2736159672296876,
      "mass_kg": 0.07651884731115964
    },
    "Ettringite": {
      "moles": 0.00170865,
      "mass_kg": 0.0021443557499999997
    },
    "Hydrotalcite": {
      "moles": 0.016152083999999997,
      "mass_kg": 0.007155373211999999
    }
  },
  "pH": 9.2334375,
  "pe": 4.0,
  "Eh": 0.24,
  "system_mass_kg": 0.12396418937583219,
  "input_composition": {
    "Ca": 0.22793496,
    "Si": 1.49292083,
    "Al": 0.55064422,
    "Fe": 0.11008453,
    "Mg": 0.05384028,
    "K": 0.07511147,
    "Na": 0.07635189,
    "S": 0.0102519,
    "O": 10.05431294,
    "H": 11.32372072,
    "C": 0.01362759
  },
  "execution_time": 1.0967254638671875e-05,
  "mix_id": "MIX_2294",
  "input_file": "/teamspace/studios/this_studio/inputs/generated/MIX_2294.inp"
}