{
  "converged": true,
  "method": "simplified_thermodynamic_model",
  "note": "Using simplified model until Cemdata18 integration complete",
  "temperature_K": 298.15,
  "pressure_bar": 1.01325,
  "CO2_fraction": 0.2,
  "pCO2_bar": 0.20265,
  "phases": {
    "Calcite": {
      "moles": 0.00727537818,
      "mass_kg": 0.0007281926020362
    },
    "C-S-H_1.0": {
      "moles": 0.50874355182,
      "mass_kg": 0.0864864038094
    },
    "Silica_gel": {
      "moles": 1.06370826818,
      "mass_kg": 0.06390759275225441
    },
    "Ettringite": {
      "moles": 0.012814876666666667,
      "mass_kg": 0.016082670216666668
    },
    "Hydrotalcite": {
      "moles": 0.033368564999999996,
      "mass_kg": 0.014782274294999998
    }
  },
  "pH": 9.48675,
  "pe": 4.0,
  "Eh": 0.24,
  "system_mass_kg": 0.18198713367535727,
  "input_composition": {
    "Ca": 0.51601893,
    "Si": 1.57245182,
    "Al": 0.61614554,
    "Fe": 0.10323869,
    "Mg": 0.11122855,
    "K": 0.07235976,
    "Na": 0.13466411,
    "S": 0.07688926,
    "O": 13.70691872,
    "H": 16.98558118,
    "C": 0.01436048
  },
  "execution_time": 1.049041748046875e-05,
  "mix_id": "MIX_3066",
  "input_file": "/teamspace/studios/this_studio/inputs/generated/MIX_3066.inp"
}