{
  "converged": true,
  "method": "simplified_thermodynamic_model",
  "note": "Using simplified model until Cemdata18 integration complete",
  "temperature_K": 298.15,
  "pressure_bar": 1.01325,
  "CO2_fraction": 0.3,
  "pCO2_bar": 0.303975,
  "phases": {
    "Calcite": {
      "moles": 0.007684860369374999,
      "mass_kg": 0.0007691776743707437
    },
    "C-S-H_1.0": {
      "moles": 0.23999066963062501,
      "mass_kg": 0.040798413837206254
    },
    "Silica_gel": {
      "moles": 0.835820270369375,
      "mass_kg": 0.05021608184379205
    },
    "Ettringite": {
      "moles": 0.00854325,
      "mass_kg": 0.010721778749999999
    },
    "Hydrotalcite": {
      "moles": 0.021444308999999998,
      "mass_kg": 0.009499828887
    }
  },
  "pH": 8.980125000000001,
  "pe": 4.0,
  "Eh": 0.24,
  "system_mass_kg": 0.11200528099236905,
  "input_composition": {
    "Ca": 0.24767553,
    "Si": 1.07581094,
    "Al": 0.47117877,
    "Fe": 0.05585885,
    "Mg": 0.07148103,
    "K": 0.05860121,
    "Na": 0.03134444,
    "S": 0.0512595,
    "O": 5.31208955,
    "H": 3.6635567,
    "C": 0.01011249
  },
  "execution_time": 9.775161743164062e-06,
  "mix_id": "MIX_0064",
  "input_file": "/teamspace/studios/this_studio/inputs/generated/MIX_0064.inp"
}