{
  "converged": true,
  "method": "simplified_thermodynamic_model",
  "note": "Using simplified model until Cemdata18 integration complete",
  "temperature_K": 298.15,
  "pressure_bar": 1.01325,
  "CO2_fraction": 0.2,
  "pCO2_bar": 0.20265,
  "phases": {
    "Calcite": {
      "moles": 0.00381569178375,
      "mass_kg": 0.00038191259063553753
    },
    "C-S-H_1.0": {
      "moles": 0.14125165821625002,
      "mass_kg": 0.024012781896762505
    },
    "Silica_gel": {
      "moles": 1.06041163178375,
      "mass_kg": 0.0637095308375677
    },
    "Ettringite": {
      "moles": 0.002562975,
      "mass_kg": 0.0032165336249999994
    },
    "Hydrotalcite": {
      "moles": 0.013941405,
      "mass_kg": 0.006176042415
    }
  },
  "pH": 9.48675,
  "pe": 4.0,
  "Eh": 0.24,
  "system_mass_kg": 0.09749680136496573,
  "input_composition": {
    "Ca": 0.14506735,
    "Si": 1.20166329,
    "Al": 0.47583348,
    "Fe": 0.07621603,
    "Mg": 0.04647135,
    "K": 0.06502187,
    "Na": 0.05274692,
    "S": 0.01537785,
    "O": 6.37395087,
    "H": 5.6618604,
    "C": 0.00753159
  },
  "execution_time": 1.430511474609375e-05,
  "mix_id": "MIX_0822",
  "input_file": "/teamspace/studios/this_studio/inputs/generated/MIX_0822.inp"
}