{
  "converged": true,
  "method": "simplified_thermodynamic_model",
  "note": "Using simplified model until Cemdata18 integration complete",
  "temperature_K": 298.15,
  "pressure_bar": 1.01325,
  "CO2_fraction": 0.25,
  "pCO2_bar": 0.2533125,
  "phases": {
    "Calcite": {
      "moles": 0.011738988876562498,
      "mass_kg": 0.0011749553966551405
    },
    "C-S-H_1.0": {
      "moles": 0.8509971611234375,
      "mass_kg": 0.14466951739098438
    },
    "Silica_gel": {
      "moles": 0.7258820588765624,
      "mass_kg": 0.04361099409730387
    },
    "Ettringite": {
      "moles": 0.027338403333333334,
      "mass_kg": 0.03430969618333333
    },
    "Hydrotalcite": {
      "moles": 0.054872421,
      "mass_kg": 0.024308482503
    }
  },
  "pH": 9.2334375,
  "pe": 4.0,
  "Eh": 0.24,
  "system_mass_kg": 0.24807364557127673,
  "input_composition": {
    "Ca": 0.86273615,
    "Si": 1.57687922,
    "Al": 0.67898703,
    "Fe": 0.08476018,
    "Mg": 0.18290807,
    "K": 0.06593911,
    "Na": 0.17456535,
    "S": 0.16403042,
    "O": 13.32155395,
    "H": 14.65422691,
    "C": 0.01853677
  },
  "execution_time": 1.3828277587890625e-05,
  "mix_id": "MIX_3980",
  "input_file": "/teamspace/studios/this_studio/inputs/generated/MIX_3980.inp"
}