{
  "converged": true,
  "method": "simplified_thermodynamic_model",
  "note": "Using simplified model until Cemdata18 integration complete",
  "temperature_K": 298.15,
  "pressure_bar": 1.01325,
  "CO2_fraction": 0.15,
  "pCO2_bar": 0.1519875,
  "phases": {
    "Calcite": {
      "moles": 0.0027133074478124996,
      "mass_kg": 0.00027157494245155306
    },
    "C-S-H_1.0": {
      "moles": 0.37180477255218747,
      "mass_kg": 0.06320681133387188
    },
    "Silica_gel": {
      "moles": 0.9755232874478125,
      "mass_kg": 0.058609439109864575
    },
    "Ettringite": {
      "moles": 0.010251901666666667,
      "mass_kg": 0.012866136591666666
    },
    "Hydrotalcite": {
      "moles": 0.026870514,
      "mass_kg": 0.011903637702000001
    }
  },
  "pH": 9.7400625,
  "pe": 4.0,
  "Eh": 0.24,
  "system_mass_kg": 0.14685759967985468,
  "input_composition": {
    "Ca": 0.37451808,
    "Si": 1.34732806,
    "Al": 0.54399463,
    "Fe": 0.08100285,
    "Mg": 0.08956838,
    "K": 0.06593911,
    "Na": 0.11207889,
    "S": 0.06151141,
    "O": 8.04762046,
    "H": 7.32711338,
    "C": 0.00714087
  },
  "execution_time": 1.0251998901367188e-05,
  "mix_id": "MIX_1708",
  "input_file": "/teamspace/studios/this_studio/inputs/generated/MIX_1708.inp"
}