{
  "converged": true,
  "method": "simplified_thermodynamic_model",
  "note": "Using simplified model until Cemdata18 integration complete",
  "temperature_K": 298.15,
  "pressure_bar": 1.01325,
  "CO2_fraction": 0.35,
  "pCO2_bar": 0.3546375,
  "phases": {
    "Calcite": {
      "moles": 0.018302158697812498,
      "mass_kg": 0.0018318630640640529
    },
    "C-S-H_1.0": {
      "moles": 0.2096328013021875,
      "mass_kg": 0.035637576221371876
    },
    "Silica_gel": {
      "moles": 1.3155269786978125,
      "mass_kg": 0.07903686088016458
    },
    "Ettringite": {
      "moles": 0.00170865,
      "mass_kg": 0.0021443557499999997
    },
    "Hydrotalcite": {
      "moles": 0.016152083999999997,
      "mass_kg": 0.007155373211999999
    }
  },
  "pH": 8.7268125,
  "pe": 4.0,
  "Eh": 0.24,
  "system_mass_kg": 0.1258060291276005,
  "input_composition": {
    "Ca": 0.22793496,
    "Si": 1.52515978,
    "Al": 0.55064422,
    "Fe": 0.11008453,
    "Mg": 0.05384028,
    "K": 0.07511147,
    "Na": 0.1388588,
    "S": 0.0102519,
    "O": 11.16322742,
    "H": 13.32202445,
    "C": 0.02064323
  },
  "execution_time": 1.0251998901367188e-05,
  "mix_id": "MIX_2335",
  "input_file": "/teamspace/studios/this_studio/inputs/generated/MIX_2335.inp"
}