{
  "converged": true,
  "method": "simplified_thermodynamic_model",
  "note": "Using simplified model until Cemdata18 integration complete",
  "temperature_K": 298.15,
  "pressure_bar": 1.01325,
  "CO2_fraction": 0.3,
  "pCO2_bar": 0.303975,
  "phases": {
    "Calcite": {
      "moles": 0.013281131311875,
      "mass_kg": 0.0013293084330055686
    },
    "C-S-H_1.0": {
      "moles": 0.27328707868812496,
      "mass_kg": 0.046458803376981245
    },
    "Silica_gel": {
      "moles": 1.156731411311875,
      "mass_kg": 0.06949642319161745
    },
    "Ettringite": {
      "moles": 0.00512595,
      "mass_kg": 0.006433067249999999
    },
    "Hydrotalcite": {
      "moles": 0.020439455999999998,
      "mass_kg": 0.009054679008
    }
  },
  "pH": 8.980125000000001,
  "pe": 4.0,
  "Eh": 0.24,
  "system_mass_kg": 0.13277228125960425,
  "input_composition": {
    "Ca": 0.28656821,
    "Si": 1.43001849,
    "Al": 0.54798438,
    "Fe": 0.09845186,
    "Mg": 0.06813152,
    "K": 0.07144252,
    "Na": 0.08159744,
    "S": 0.0307557,
    "O": 11.04914359,
    "H": 13.32202445,
    "C": 0.01747661
  },
  "execution_time": 1.7404556274414062e-05,
  "mix_id": "MIX_2087",
  "input_file": "/teamspace/studios/this_studio/inputs/generated/MIX_2087.inp"
}