{
  "converged": true,
  "method": "simplified_thermodynamic_model",
  "note": "Using simplified model until Cemdata18 integration complete",
  "temperature_K": 298.15,
  "pressure_bar": 1.01325,
  "CO2_fraction": 0.15,
  "pCO2_bar": 0.1519875,
  "phases": {
    "Calcite": {
      "moles": 0.0031455143015624997,
      "mass_kg": 0.00031483452644339056
    },
    "C-S-H_1.0": {
      "moles": 0.1954728256984375,
      "mass_kg": 0.03323038036873437
    },
    "Silica_gel": {
      "moles": 1.3578868143015626,
      "mass_kg": 0.08158183980323788
    },
    "Hydrotalcite": {
      "moles": 0.014008394999999998,
      "mass_kg": 0.006205718984999999
    }
  },
  "pH": 9.7400625,
  "pe": 4.0,
  "Eh": 0.24,
  "system_mass_kg": 0.12133277368341565,
  "input_composition": {
    "Ca": 0.19861834,
    "Si": 1.55335964,
    "Al": 0.55197413,
    "Fe": 0.11590086,
    "Mg": 0.04669465,
    "K": 0.07694594,
    "Na": 0.12993217,
    "S": 0.0,
    "O": 10.13570091,
    "H": 11.32372077,
    "C": 0.00827835
  },
  "execution_time": 7.62939453125e-06,
  "mix_id": "MIX_2382",
  "input_file": "/teamspace/studios/this_studio/inputs/generated/MIX_2382.inp"
}