{
  "converged": true,
  "method": "simplified_thermodynamic_model",
  "note": "Using simplified model until Cemdata18 integration complete",
  "temperature_K": 298.15,
  "pressure_bar": 1.01325,
  "CO2_fraction": 0.0,
  "pCO2_bar": 0.0,
  "phases": {
    "C-S-H_1.0": {
      "moles": 0.13040904,
      "mass_kg": 0.022169536800000004
    },
    "Silica_gel": {
      "moles": 1.1090495200000001,
      "mass_kg": 0.06663169516160002
    },
    "Ettringite": {
      "moles": 0.00170865,
      "mass_kg": 0.0021443557499999997
    },
    "Hydrotalcite": {
      "moles": 0.012869562,
      "mass_kg": 0.0057012159659999995
    }
  },
  "pH": 10.5,
  "pe": 4.0,
  "Eh": 0.24,
  "system_mass_kg": 0.09664680367760002,
  "input_composition": {
    "Ca": 0.13040904,
    "Si": 1.23945856,
    "Al": 0.47649844,
    "Fe": 0.07912419,
    "Mg": 0.04289854,
    "K": 0.06593911,
    "Na": 0.09422562,
    "S": 0.0102519,
    "O": 6.92700282,
    "H": 6.66101221,
    "C": 0.0
  },
  "execution_time": 9.059906005859375e-06,
  "mix_id": "MIX_0911",
  "input_file": "/teamspace/studios/this_studio/inputs/generated/MIX_0911.inp"
}