{
  "converged": true,
  "method": "simplified_thermodynamic_model",
  "note": "Using simplified model until Cemdata18 integration complete",
  "temperature_K": 298.15,
  "pressure_bar": 1.01325,
  "CO2_fraction": 0.0,
  "pCO2_bar": 0.0,
  "phases": {
    "C-S-H_1.0": {
      "moles": 0.34520145,
      "mass_kg": 0.05868424650000001
    },
    "Silica_gel": {
      "moles": 1.03382213,
      "mass_kg": 0.062112033570399995
    },
    "Ettringite": {
      "moles": 0.00854325,
      "mass_kg": 0.010721778749999999
    },
    "Hydrotalcite": {
      "moles": 0.024726828,
      "mass_kg": 0.010953984804
    }
  },
  "pH": 10.5,
  "pe": 4.0,
  "Eh": 0.24,
  "system_mass_kg": 0.1424720436244,
  "input_composition": {
    "Ca": 0.34520145,
    "Si": 1.37902358,
    "Al": 0.54532455,
    "Fe": 0.08681919,
    "Mg": 0.08242276,
    "K": 0.06777358,
    "Na": 0.10992989,
    "S": 0.0512595,
    "O": 11.03752948,
    "H": 13.32202447,
    "C": 0.0
  },
  "execution_time": 8.58306884765625e-06,
  "mix_id": "MIX_1803",
  "input_file": "/teamspace/studios/this_studio/inputs/generated/MIX_1803.inp"
}