{
  "converged": true,
  "method": "simplified_thermodynamic_model",
  "note": "Using simplified model until Cemdata18 integration complete",
  "temperature_K": 298.15,
  "pressure_bar": 1.01325,
  "CO2_fraction": 0.25,
  "pCO2_bar": 0.2533125,
  "phases": {
    "Calcite": {
      "moles": 0.0063363842062499984,
      "mass_kg": 0.0006342086952035623
    },
    "C-S-H_1.0": {
      "moles": 0.10941434579374999,
      "mass_kg": 0.0186004387849375
    },
    "Silica_gel": {
      "moles": 1.14644617420625,
      "mass_kg": 0.0688784861463115
    },
    "Ettringite": {
      "moles": 0.000854325,
      "mass_kg": 0.0010721778749999999
    },
    "Hydrotalcite": {
      "moles": 0.011797719,
      "mass_kg": 0.005226389517
    }
  },
  "pH": 9.2334375,
  "pe": 4.0,
  "Eh": 0.24,
  "system_mass_kg": 0.09441170101845256,
  "input_composition": {
    "Ca": 0.11575073,
    "Si": 1.25586052,
    "Al": 0.47716339,
    "Fe": 0.08203236,
    "Mg": 0.03932573,
    "K": 0.06685634,
    "Na": 0.09422562,
    "S": 0.00512595,
    "O": 6.95202735,
    "H": 6.66101221,
    "C": 0.01000564
  },
  "execution_time": 1.0251998901367188e-05,
  "mix_id": "MIX_1071",
  "input_file": "/teamspace/studios/this_studio/inputs/generated/MIX_1071.inp"
}