{
  "converged": true,
  "method": "simplified_thermodynamic_model",
  "note": "Using simplified model until Cemdata18 integration complete",
  "temperature_K": 298.15,
  "pressure_bar": 1.01325,
  "CO2_fraction": 0.35,
  "pCO2_bar": 0.3546375,
  "phases": {
    "Calcite": {
      "moles": 0.015949023628125,
      "mass_kg": 0.001596337774939031
    },
    "C-S-H_1.0": {
      "moles": 0.475835546371875,
      "mass_kg": 0.08089204288321875
    },
    "Silica_gel": {
      "moles": 0.744880923628125,
      "mass_kg": 0.04475244589157775
    },
    "Ettringite": {
      "moles": 0.017086501666666667,
      "mass_kg": 0.021443559591666665
    },
    "Hydrotalcite": {
      "moles": 0.035445261,
      "mass_kg": 0.015702250623
    }
  },
  "pH": 8.7268125,
  "pe": 4.0,
  "Eh": 0.24,
  "system_mass_kg": 0.16438663676440218,
  "input_composition": {
    "Ca": 0.49178457,
    "Si": 1.22071647,
    "Al": 0.53867497,
    "Fe": 0.05773752,
    "Mg": 0.11815087,
    "K": 0.05860121,
    "Na": 0.12100552,
    "S": 0.10251901,
    "O": 9.04203423,
    "H": 9.32541705,
    "C": 0.0179891
  },
  "execution_time": 1.5020370483398438e-05,
  "mix_id": "MIX_1325",
  "input_file": "/teamspace/studios/this_studio/inputs/generated/MIX_1325.inp"
}