{
  "converged": true,
  "method": "simplified_thermodynamic_model",
  "note": "Using simplified model until Cemdata18 integration complete",
  "temperature_K": 298.15,
  "pressure_bar": 1.01325,
  "CO2_fraction": 0.15,
  "pCO2_bar": 0.1519875,
  "phases": {
    "Calcite": {
      "moles": 0.004997516186249999,
      "mass_kg": 0.0005002013950817625
    },
    "C-S-H_1.0": {
      "moles": 0.97500512381375,
      "mass_kg": 0.16575087104833752
    },
    "Silica_gel": {
      "moles": 0.4226760261862499,
      "mass_kg": 0.025394375653269893
    },
    "Ettringite": {
      "moles": 0.034173003333333334,
      "mass_kg": 0.04288711918333333
    },
    "Hydrotalcite": {
      "moles": 0.063447168,
      "mass_kg": 0.028107095424
    }
  },
  "pH": 9.7400625,
  "pe": 4.0,
  "Eh": 0.24,
  "system_mass_kg": 0.2626396627040225,
  "input_composition": {
    "Ca": 0.98000264,
    "Si": 1.39768115,
    "Al": 0.67366736,
    "Fe": 0.06149484,
    "Mg": 0.21149056,
    "K": 0.05860121,
    "Na": 0.081534,
    "S": 0.20503802,
    "O": 17.12480612,
    "H": 22.64744155,
    "C": 0.01315244
  },
  "execution_time": 9.298324584960938e-06,
  "mix_id": "MIX_3714",
  "input_file": "/teamspace/studios/this_studio/inputs/generated/MIX_3714.inp"
}