{
  "converged": true,
  "method": "simplified_thermodynamic_model",
  "note": "Using simplified model until Cemdata18 integration complete",
  "temperature_K": 298.15,
  "pressure_bar": 1.01325,
  "CO2_fraction": 0.15,
  "pCO2_bar": 0.1519875,
  "phases": {
    "Calcite": {
      "moles": 0.004092400226249999,
      "mass_kg": 0.0004096083386453624
    },
    "C-S-H_1.0": {
      "moles": 0.38000172977374996,
      "mass_kg": 0.0646002940615375
    },
    "Silica_gel": {
      "moles": 1.34006769022625,
      "mass_kg": 0.0805112668287931
    },
    "Ettringite": {
      "moles": 0.00512595,
      "mass_kg": 0.006433067249999999
    },
    "Hydrotalcite": {
      "moles": 0.023721975,
      "mass_kg": 0.010508834925
    }
  },
  "pH": 9.7400625,
  "pe": 4.0,
  "Eh": 0.24,
  "system_mass_kg": 0.16246307140397595,
  "input_composition": {
    "Ca": 0.38409413,
    "Si": 1.72006942,
    "Al": 0.62213016,
    "Fe": 0.12941219,
    "Mg": 0.07907325,
    "K": 0.08061489,
    "Na": 0.13466411,
    "S": 0.0307557,
    "O": 13.74485767,
    "H": 16.98558118,
    "C": 0.01077036
  },
  "execution_time": 2.7894973754882812e-05,
  "mix_id": "MIX_3386",
  "input_file": "/teamspace/studios/this_studio/inputs/generated/MIX_3386.inp"
}