{
  "converged": true,
  "method": "simplified_thermodynamic_model",
  "note": "Using simplified model until Cemdata18 integration complete",
  "temperature_K": 298.15,
  "pressure_bar": 1.01325,
  "CO2_fraction": 0.4,
  "pCO2_bar": 0.4053,
  "phases": {
    "Calcite": {
      "moles": 0.023906,
      "mass_kg": 0.00239275154
    },
    "C-S-H_1.0": {
      "moles": 0.49211293,
      "mass_kg": 0.08365919810000001
    },
    "Silica_gel": {
      "moles": 1.03954682,
      "mass_kg": 0.0624559729456
    },
    "Ettringite": {
      "moles": 0.012814876666666667,
      "mass_kg": 0.016082670216666668
    },
    "Hydrotalcite": {
      "moles": 0.033368564999999996,
      "mass_kg": 0.014782274294999998
    }
  },
  "pH": 8.5,
  "pe": 4.0,
  "Eh": 0.24,
  "system_mass_kg": 0.17937286709726669,
  "input_composition": {
    "Ca": 0.51601893,
    "Si": 1.53165975,
    "Al": 0.61614554,
    "Fe": 0.10323869,
    "Mg": 0.11122855,
    "K": 0.07235976,
    "Na": 0.05557388,
    "S": 0.07688926,
    "O": 10.60742499,
    "H": 10.99067014,
    "C": 0.023906
  },
  "execution_time": 1.1444091796875e-05,
  "mix_id": "MIX_3120",
  "input_file": "/teamspace/studios/this_studio/inputs/generated/MIX_3120.inp"
}