{
  "converged": true,
  "method": "simplified_thermodynamic_model",
  "note": "Using simplified model until Cemdata18 integration complete",
  "temperature_K": 298.15,
  "pressure_bar": 1.01325,
  "CO2_fraction": 0.2,
  "pCO2_bar": 0.20265,
  "phases": {
    "Calcite": {
      "moles": 0.00670268421375,
      "mass_kg": 0.0006708716629542375
    },
    "C-S-H_1.0": {
      "moles": 0.7291909157862501,
      "mass_kg": 0.12396245568366251
    },
    "Silica_gel": {
      "moles": 0.5917642542137499,
      "mass_kg": 0.035553196393162095
    },
    "Ettringite": {
      "moles": 0.02562975166666667,
      "mass_kg": 0.03216533834166667
    },
    "Hydrotalcite": {
      "moles": 0.049446213,
      "mass_kg": 0.021904672359
    }
  },
  "pH": 9.48675,
  "pe": 4.0,
  "Eh": 0.24,
  "system_mass_kg": 0.2142565344404455,
  "input_composition": {
    "Ca": 0.7358936,
    "Si": 1.32095517,
    "Al": 0.60617116,
    "Fe": 0.05961618,
    "Mg": 0.16482071,
    "K": 0.05860121,
    "Na": 0.12406373,
    "S": 0.15377851,
    "O": 12.11449667,
    "H": 13.98812569,
    "C": 0.01323007
  },
  "execution_time": 1.0728836059570312e-05,
  "mix_id": "MIX_2505",
  "input_file": "/teamspace/studios/this_studio/inputs/generated/MIX_2505.inp"
}