{
  "converged": true,
  "method": "simplified_thermodynamic_model",
  "note": "Using simplified model until Cemdata18 integration complete",
  "temperature_K": 298.15,
  "pressure_bar": 1.01325,
  "CO2_fraction": 0.15,
  "pCO2_bar": 0.1519875,
  "phases": {
    "Calcite": {
      "moles": 0.005488352218125,
      "mass_kg": 0.0005493291735121312
    },
    "C-S-H_1.0": {
      "moles": 0.5640815677818749,
      "mass_kg": 0.09589386652291874
    },
    "Silica_gel": {
      "moles": 1.3439487622181252,
      "mass_kg": 0.08074444163406497
    },
    "Ettringite": {
      "moles": 0.010251901666666667,
      "mass_kg": 0.012866136591666666
    },
    "Hydrotalcite": {
      "moles": 0.033435555,
      "mass_kg": 0.014811950865
    }
  },
  "pH": 9.7400625,
  "pe": 4.0,
  "Eh": 0.24,
  "system_mass_kg": 0.2048657247871625,
  "input_composition": {
    "Ca": 0.56956992,
    "Si": 1.90803033,
    "Al": 0.69228619,
    "Fe": 0.14292352,
    "Mg": 0.11145185,
    "K": 0.08428383,
    "Na": 0.1805991,
    "S": 0.06151141,
    "O": 19.41778556,
    "H": 26.64404888,
    "C": 0.01444422
  },
  "execution_time": 1.2874603271484375e-05,
  "mix_id": "MIX_4507",
  "input_file": "/teamspace/studios/this_studio/inputs/generated/MIX_4507.inp"
}