{
  "converged": true,
  "method": "simplified_thermodynamic_model",
  "note": "Using simplified model until Cemdata18 integration complete",
  "temperature_K": 298.15,
  "pressure_bar": 1.01325,
  "CO2_fraction": 0.2,
  "pCO2_bar": 0.20265,
  "phases": {
    "Calcite": {
      "moles": 0.0096388142025,
      "mass_kg": 0.000964748913528225
    },
    "C-S-H_1.0": {
      "moles": 0.9703638257975,
      "mass_kg": 0.164961850385575
    },
    "Silica_gel": {
      "moles": 0.43088782420250005,
      "mass_kg": 0.025887740478086202
    },
    "Ettringite": {
      "moles": 0.034173003333333334,
      "mass_kg": 0.04288711918333333
    },
    "Hydrotalcite": {
      "moles": 0.063447168,
      "mass_kg": 0.028107095424
    }
  },
  "pH": 9.48675,
  "pe": 4.0,
  "Eh": 0.24,
  "system_mass_kg": 0.2628085543845228,
  "input_composition": {
    "Ca": 0.98000264,
    "Si": 1.40125165,
    "Al": 0.67366736,
    "Fe": 0.06149484,
    "Mg": 0.21149056,
    "K": 0.05860121,
    "Na": 0.0884567,
    "S": 0.20503802,
    "O": 19.14545831,
    "H": 26.64404884,
    "C": 0.01902554
  },
  "execution_time": 0.00014138221740722656,
  "mix_id": "MIX_3731",
  "input_file": "/teamspace/studios/this_studio/inputs/generated/MIX_3731.inp"
}