{
  "converged": true,
  "method": "simplified_thermodynamic_model",
  "note": "Using simplified model until Cemdata18 integration complete",
  "temperature_K": 298.15,
  "pressure_bar": 1.01325,
  "CO2_fraction": 0.25,
  "pCO2_bar": 0.2533125,
  "phases": {
    "Calcite": {
      "moles": 0.0062584716140624995,
      "mass_kg": 0.0006264104238515156
    },
    "C-S-H_1.0": {
      "moles": 0.2267587483859375,
      "mass_kg": 0.03854898722560938
    },
    "Silica_gel": {
      "moles": 0.8778455516140626,
      "mass_kg": 0.052740960740972884
    },
    "Ettringite": {
      "moles": 0.007688925,
      "mass_kg": 0.009649600874999999
    },
    "Hydrotalcite": {
      "moles": 0.020372466000000002,
      "mass_kg": 0.009025002438000002
    }
  },
  "pH": 9.2334375,
  "pe": 4.0,
  "Eh": 0.24,
  "system_mass_kg": 0.11059096170343378,
  "input_composition": {
    "Ca": 0.23301722,
    "Si": 1.1046043,
    "Al": 0.47184373,
    "Fe": 0.05876702,
    "Mg": 0.06790822,
    "K": 0.05951845,
    "Na": 0.05536969,
    "S": 0.04613355,
    "O": 6.85216624,
    "H": 6.66101223,
    "C": 0.00988261
  },
  "execution_time": 1.0251998901367188e-05,
  "mix_id": "MIX_0167",
  "input_file": "/teamspace/studios/this_studio/inputs/generated/MIX_0167.inp"
}