{
  "converged": true,
  "method": "simplified_thermodynamic_model",
  "note": "Using simplified model until Cemdata18 integration complete",
  "temperature_K": 298.15,
  "pressure_bar": 1.01325,
  "CO2_fraction": 0.4,
  "pCO2_bar": 0.4053,
  "phases": {
    "Calcite": {
      "moles": 0.03117548,
      "mass_kg": 0.0031203537932
    },
    "C-S-H_1.0": {
      "moles": 0.5727933199999999,
      "mass_kg": 0.0973748644
    },
    "Silica_gel": {
      "moles": 0.92643053,
      "mass_kg": 0.0556599462424
    },
    "Ettringite": {
      "moles": 0.017940826666666666,
      "mass_kg": 0.022515737466666665
    },
    "Hydrotalcite": {
      "moles": 0.039799626,
      "mass_kg": 0.017631234318
    }
  },
  "pH": 8.5,
  "pe": 4.0,
  "Eh": 0.24,
  "system_mass_kg": 0.19630213622026665,
  "input_composition": {
    "Ca": 0.6039688,
    "Si": 1.49922385,
    "Al": 0.61215579,
    "Fe": 0.08578968,
    "Mg": 0.13266542,
    "K": 0.06685634,
    "Na": 0.18349199,
    "S": 0.10764496,
    "O": 15.28397843,
    "H": 19.98303657,
    "C": 0.03117548
  },
  "execution_time": 1.3828277587890625e-05,
  "mix_id": "MIX_2911",
  "input_file": "/teamspace/studios/this_studio/inputs/generated/MIX_2911.inp"
}