{
  "converged": true,
  "method": "simplified_thermodynamic_model",
  "note": "Using simplified model until Cemdata18 integration complete",
  "temperature_K": 298.15,
  "pressure_bar": 1.01325,
  "CO2_fraction": 0.15,
  "pCO2_bar": 0.1519875,
  "phases": {
    "Calcite": {
      "moles": 0.002239452219375,
      "mass_kg": 0.00022414677263724373
    },
    "C-S-H_1.0": {
      "moles": 0.157486207780625,
      "mass_kg": 0.02677265532270625
    },
    "Silica_gel": {
      "moles": 1.0194143322193752,
      "mass_kg": 0.06124641307974006
    },
    "Ettringite": {
      "moles": 0.0034173,
      "mass_kg": 0.0042887114999999995
    },
    "Hydrotalcite": {
      "moles": 0.015013247999999998,
      "mass_kg": 0.006650868863999999
    }
  },
  "pH": 9.7400625,
  "pe": 4.0,
  "Eh": 0.24,
  "system_mass_kg": 0.09918279553908356,
  "input_composition": {
    "Ca": 0.15972566,
    "Si": 1.17690054,
    "Al": 0.47516852,
    "Fe": 0.07330786,
    "Mg": 0.05004416,
    "K": 0.06410463,
    "Na": 0.03653646,
    "S": 0.0205038,
    "O": 6.8404111,
    "H": 6.66101223,
    "C": 0.00589378
  },
  "execution_time": 1.1444091796875e-05,
  "mix_id": "MIX_0691",
  "input_file": "/teamspace/studios/this_studio/inputs/generated/MIX_0691.inp"
}