{
  "converged": true,
  "method": "simplified_thermodynamic_model",
  "note": "Using simplified model until Cemdata18 integration complete",
  "temperature_K": 298.15,
  "pressure_bar": 1.01325,
  "CO2_fraction": 0.25,
  "pCO2_bar": 0.2533125,
  "phases": {
    "Calcite": {
      "moles": 0.0053691104249999995,
      "mass_kg": 0.0005373942624382499
    },
    "C-S-H_1.0": {
      "moles": 0.11038161957499999,
      "mass_kg": 0.01876487532775
    },
    "Silica_gel": {
      "moles": 1.121380110425,
      "mass_kg": 0.067372517034334
    },
    "Ettringite": {
      "moles": 0.000854325,
      "mass_kg": 0.0010721778749999999
    },
    "Hydrotalcite": {
      "moles": 0.011797719,
      "mass_kg": 0.005226389517
    }
  },
  "pH": 9.2334375,
  "pe": 4.0,
  "Eh": 0.24,
  "system_mass_kg": 0.09297335401652225,
  "input_composition": {
    "Ca": 0.11575073,
    "Si": 1.23176173,
    "Al": 0.47716339,
    "Fe": 0.08203236,
    "Mg": 0.03932573,
    "K": 0.06685634,
    "Na": 0.04750137,
    "S": 0.00512595,
    "O": 5.37868506,
    "H": 3.66355667,
    "C": 0.00847824
  },
  "execution_time": 1.4781951904296875e-05,
  "mix_id": "MIX_1060",
  "input_file": "/teamspace/studios/this_studio/inputs/generated/MIX_1060.inp"
}