{
  "converged": true,
  "method": "simplified_thermodynamic_model",
  "note": "Using simplified model until Cemdata18 integration complete",
  "temperature_K": 298.15,
  "pressure_bar": 1.01325,
  "CO2_fraction": 0.15,
  "pCO2_bar": 0.1519875,
  "phases": {
    "Calcite": {
      "moles": 0.0034696732415624995,
      "mass_kg": 0.0003472795947479906
    },
    "C-S-H_1.0": {
      "moles": 0.6004991267584374,
      "mass_kg": 0.10208485154893437
    },
    "Silica_gel": {
      "moles": 0.8780064632415625,
      "mass_kg": 0.052750628311553076
    },
    "Ettringite": {
      "moles": 0.017940826666666666,
      "mass_kg": 0.022515737466666665
    },
    "Hydrotalcite": {
      "moles": 0.039799626,
      "mass_kg": 0.017631234318
    }
  },
  "pH": 9.7400625,
  "pe": 4.0,
  "Eh": 0.24,
  "system_mass_kg": 0.1953297312399021,
  "input_composition": {
    "Ca": 0.6039688,
    "Si": 1.47850559,
    "Al": 0.61215579,
    "Fe": 0.08578968,
    "Mg": 0.13266542,
    "K": 0.06685634,
    "Na": 0.14332212,
    "S": 0.10764496,
    "O": 10.68218572,
    "H": 10.99067012,
    "C": 0.00913147
  },
  "execution_time": 1.1682510375976562e-05,
  "mix_id": "MIX_2828",
  "input_file": "/teamspace/studios/this_studio/inputs/generated/MIX_2828.inp"
}