{
  "converged": true,
  "method": "simplified_thermodynamic_model",
  "note": "Using simplified model until Cemdata18 integration complete",
  "temperature_K": 298.15,
  "pressure_bar": 1.01325,
  "CO2_fraction": 0.15,
  "pCO2_bar": 0.1519875,
  "phases": {
    "Calcite": {
      "moles": 0.004600961800312499,
      "mass_kg": 0.000460510266593278
    },
    "C-S-H_1.0": {
      "moles": 0.6236021981996874,
      "mass_kg": 0.10601237369394687
    },
    "Silica_gel": {
      "moles": 1.1839914618003125,
      "mass_kg": 0.07113420702496277
    },
    "Ettringite": {
      "moles": 0.013669201666666667,
      "mass_kg": 0.017154848091666664
    },
    "Hydrotalcite": {
      "moles": 0.037722929999999995,
      "mass_kg": 0.01671125799
    }
  },
  "pH": 9.7400625,
  "pe": 4.0,
  "Eh": 0.24,
  "system_mass_kg": 0.21147319706716958,
  "input_composition": {
    "Ca": 0.62820316,
    "Si": 1.80759366,
    "Al": 0.68962636,
    "Fe": 0.13129085,
    "Mg": 0.1257431,
    "K": 0.08061489,
    "Na": 0.11307074,
    "S": 0.08201521,
    "O": 15.29303251,
    "H": 18.65083418,
    "C": 0.01210879
  },
  "execution_time": 1.1682510375976562e-05,
  "mix_id": "MIX_4389",
  "input_file": "/teamspace/studios/this_studio/inputs/generated/MIX_4389.inp"
}