{
  "converged": true,
  "method": "simplified_thermodynamic_model",
  "note": "Using simplified model until Cemdata18 integration complete",
  "temperature_K": 298.15,
  "pressure_bar": 1.01325,
  "CO2_fraction": 0.4,
  "pCO2_bar": 0.4053,
  "phases": {
    "Calcite": {
      "moles": 0.02646014,
      "mass_kg": 0.0026483954126
    },
    "C-S-H_1.0": {
      "moles": 0.26968411999999997,
      "mass_kg": 0.0458463004
    },
    "Silica_gel": {
      "moles": 1.54332971,
      "mass_kg": 0.09272324897680001
    },
    "Hydrotalcite": {
      "moles": 0.017290917,
      "mass_kg": 0.007659876231
    }
  },
  "pH": 8.5,
  "pe": 4.0,
  "Eh": 0.24,
  "system_mass_kg": 0.1488778210204,
  "input_composition": {
    "Ca": 0.29614426,
    "Si": 1.81301383,
    "Al": 0.62611991,
    "Fe": 0.1468612,
    "Mg": 0.05763639,
    "K": 0.08611831,
    "Na": 0.12406373,
    "S": 0.0,
    "O": 12.29135409,
    "H": 13.98812569,
    "C": 0.02646014
  },
  "execution_time": 7.62939453125e-06,
  "mix_id": "MIX_3689",
  "input_file": "/teamspace/studios/this_studio/inputs/generated/MIX_3689.inp"
}