{
  "converged": true,
  "method": "simplified_thermodynamic_model",
  "note": "Using simplified model until Cemdata18 integration complete",
  "temperature_K": 298.15,
  "pressure_bar": 1.01325,
  "CO2_fraction": 0.35,
  "pCO2_bar": 0.3546375,
  "phases": {
    "Calcite": {
      "moles": 0.029698080122812498,
      "mass_kg": 0.002972480839492303
    },
    "C-S-H_1.0": {
      "moles": 0.8916713098771875,
      "mass_kg": 0.15158412267912189
    },
    "Silica_gel": {
      "moles": 0.5987051601228125,
      "mass_kg": 0.03597020602017858
    },
    "Ettringite": {
      "moles": 0.030755703333333332,
      "mass_kg": 0.03859840768333333
    },
    "Hydrotalcite": {
      "moles": 0.059159792999999995,
      "mass_kg": 0.026207788298999998
    }
  },
  "pH": 8.7268125,
  "pe": 4.0,
  "Eh": 0.24,
  "system_mass_kg": 0.2553330055211261,
  "input_composition": {
    "Ca": 0.92136939,
    "Si": 1.49037647,
    "Al": 0.67632719,
    "Fe": 0.07312751,
    "Mg": 0.19719931,
    "K": 0.06227016,
    "Na": 0.13405294,
    "S": 0.18453422,
    "O": 19.26428594,
    "H": 26.64404877,
    "C": 0.03349683
  },
  "execution_time": 1.1205673217773438e-05,
  "mix_id": "MIX_3895",
  "input_file": "/teamspace/studios/this_studio/inputs/generated/MIX_3895.inp"
}