{
  "converged": true,
  "method": "simplified_thermodynamic_model",
  "note": "Using simplified model until Cemdata18 integration complete",
  "temperature_K": 298.15,
  "pressure_bar": 1.01325,
  "CO2_fraction": 0.2,
  "pCO2_bar": 0.20265,
  "phases": {
    "Calcite": {
      "moles": 0.00548993542125,
      "mass_kg": 0.0005494876363129125
    },
    "C-S-H_1.0": {
      "moles": 0.39834476457875,
      "mass_kg": 0.06771860997838751
    },
    "Silica_gel": {
      "moles": 0.88435814542125,
      "mass_kg": 0.053132237376908704
    },
    "Ettringite": {
      "moles": 0.011960551666666666,
      "mass_kg": 0.015010492341666664
    },
    "Hydrotalcite": {
      "moles": 0.029014203,
      "mass_kg": 0.012853291929
    }
  },
  "pH": 9.48675,
  "pe": 4.0,
  "Eh": 0.24,
  "system_mass_kg": 0.14926411926227579,
  "input_composition": {
    "Ca": 0.4038347,
    "Si": 1.28270291,
    "Al": 0.54266472,
    "Fe": 0.07518652,
    "Mg": 0.09671401,
    "K": 0.06410463,
    "Na": 0.05038186,
    "S": 0.07176331,
    "O": 9.94879747,
    "H": 11.32372071,
    "C": 0.01083629
  },
  "execution_time": 1.0251998901367188e-05,
  "mix_id": "MIX_1602",
  "input_file": "/teamspace/studios/this_studio/inputs/generated/MIX_1602.inp"
}