{
  "converged": true,
  "method": "simplified_thermodynamic_model",
  "note": "Using simplified model until Cemdata18 integration complete",
  "temperature_K": 298.15,
  "pressure_bar": 1.01325,
  "CO2_fraction": 0.15,
  "pCO2_bar": 0.1519875,
  "phases": {
    "Calcite": {
      "moles": 0.0033202809281249993,
      "mass_kg": 0.0003323269180960312
    },
    "C-S-H_1.0": {
      "moles": 0.371197799071875,
      "mass_kg": 0.06310362584221875
    },
    "Silica_gel": {
      "moles": 0.9604089609281249,
      "mass_kg": 0.05770137037256175
    },
    "Ettringite": {
      "moles": 0.010251901666666667,
      "mass_kg": 0.012866136591666666
    },
    "Hydrotalcite": {
      "moles": 0.026870514,
      "mass_kg": 0.011903637702000001
    }
  },
  "pH": 9.7400625,
  "pe": 4.0,
  "Eh": 0.24,
  "system_mass_kg": 0.1459070974265432,
  "input_composition": {
    "Ca": 0.37451808,
    "Si": 1.33160676,
    "Al": 0.54399463,
    "Fe": 0.08100285,
    "Mg": 0.08956838,
    "K": 0.06593911,
    "Na": 0.08159744,
    "S": 0.06151141,
    "O": 11.00158753,
    "H": 13.32202445,
    "C": 0.0087383
  },
  "execution_time": 1.1205673217773438e-05,
  "mix_id": "MIX_1703",
  "input_file": "/teamspace/studios/this_studio/inputs/generated/MIX_1703.inp"
}