{
  "converged": true,
  "method": "simplified_thermodynamic_model",
  "note": "Using simplified model until Cemdata18 integration complete",
  "temperature_K": 298.15,
  "pressure_bar": 1.01325,
  "CO2_fraction": 0.25,
  "pCO2_bar": 0.2533125,
  "phases": {
    "Calcite": {
      "moles": 0.0053691104249999995,
      "mass_kg": 0.0005373942624382499
    },
    "C-S-H_1.0": {
      "moles": 0.12503992957500001,
      "mass_kg": 0.021256788027750002
    },
    "Silica_gel": {
      "moles": 1.090319840425,
      "mass_kg": 0.065506416012734
    },
    "Ettringite": {
      "moles": 0.00170865,
      "mass_kg": 0.0021443557499999997
    },
    "Hydrotalcite": {
      "moles": 0.012869562,
      "mass_kg": 0.0057012159659999995
    }
  },
  "pH": 9.2334375,
  "pe": 4.0,
  "Eh": 0.24,
  "system_mass_kg": 0.09514617001892225,
  "input_composition": {
    "Ca": 0.13040904,
    "Si": 1.21535977,
    "Al": 0.47649844,
    "Fe": 0.07912419,
    "Mg": 0.04289854,
    "K": 0.06593911,
    "Na": 0.04750137,
    "S": 0.0102519,
    "O": 5.37367182,
    "H": 3.66355667,
    "C": 0.00847824
  },
  "execution_time": 1.0013580322265625e-05,
  "mix_id": "MIX_0948",
  "input_file": "/teamspace/studios/this_studio/inputs/generated/MIX_0948.inp"
}