{
  "converged": true,
  "method": "simplified_thermodynamic_model",
  "note": "Using simplified model until Cemdata18 integration complete",
  "temperature_K": 298.15,
  "pressure_bar": 1.01325,
  "CO2_fraction": 0.3,
  "pCO2_bar": 0.303975,
  "phases": {
    "Calcite": {
      "moles": 0.020361810971249998,
      "mass_kg": 0.002038013660112412
    },
    "C-S-H_1.0": {
      "moles": 0.49057485902875,
      "mass_kg": 0.0833977260348875
    },
    "Silica_gel": {
      "moles": 1.49836752097125,
      "mass_kg": 0.0900219206599527
    },
    "Ettringite": {
      "moles": 0.0068346,
      "mass_kg": 0.008577422999999999
    },
    "Hydrotalcite": {
      "moles": 0.029148182999999998,
      "mass_kg": 0.012912645068999999
    }
  },
  "pH": 8.980125000000001,
  "pe": 4.0,
  "Eh": 0.24,
  "system_mass_kg": 0.1969477284239526,
  "input_composition": {
    "Ca": 0.51093667,
    "Si": 1.98894238,
    "Al": 0.69494602,
    "Fe": 0.15455619,
    "Mg": 0.09716061,
    "K": 0.08795278,
    "Na": 0.2102719,
    "S": 0.0410076,
    "O": 17.50967939,
    "H": 22.64744153,
    "C": 0.02679406
  },
  "execution_time": 1.8358230590820312e-05,
  "mix_id": "MIX_4670",
  "input_file": "/teamspace/studios/this_studio/inputs/generated/MIX_4670.inp"
}