{
  "converged": true,
  "method": "simplified_thermodynamic_model",
  "note": "Using simplified model until Cemdata18 integration complete",
  "temperature_K": 298.15,
  "pressure_bar": 1.01325,
  "CO2_fraction": 0.4,
  "pCO2_bar": 0.4053,
  "phases": {
    "Calcite": {
      "moles": 0.03229011,
      "mass_kg": 0.0032319171098999996
    },
    "C-S-H_1.0": {
      "moles": 0.83044604,
      "mass_kg": 0.14117582680000001
    },
    "Silica_gel": {
      "moles": 0.7147163400000001,
      "mass_kg": 0.042940157707200007
    },
    "Ettringite": {
      "moles": 0.027338403333333334,
      "mass_kg": 0.03430969618333333
    },
    "Hydrotalcite": {
      "moles": 0.054872421,
      "mass_kg": 0.024308482503
    }
  },
  "pH": 8.5,
  "pe": 4.0,
  "Eh": 0.24,
  "system_mass_kg": 0.24596608030343334,
  "input_composition": {
    "Ca": 0.86273615,
    "Si": 1.54516238,
    "Al": 0.67898703,
    "Fe": 0.08476018,
    "Mg": 0.18290807,
    "K": 0.06593911,
    "Na": 0.11307074,
    "S": 0.16403042,
    "O": 15.25318327,
    "H": 18.65083418,
    "C": 0.03229011
  },
  "execution_time": 1.239776611328125e-05,
  "mix_id": "MIX_4021",
  "input_file": "/teamspace/studios/this_studio/inputs/generated/MIX_4021.inp"
}