{
  "converged": true,
  "method": "simplified_thermodynamic_model",
  "note": "Using simplified model until Cemdata18 integration complete",
  "temperature_K": 298.15,
  "pressure_bar": 1.01325,
  "CO2_fraction": 0.15,
  "pCO2_bar": 0.1519875,
  "phases": {
    "Calcite": {
      "moles": 0.0044145453318749995,
      "mass_kg": 0.0004418518422673687
    },
    "C-S-H_1.0": {
      "moles": 0.643529184668125,
      "mass_kg": 0.10939996139358127
    },
    "Silica_gel": {
      "moles": 0.7867723553318751,
      "mass_kg": 0.047269283108339055
    },
    "Ettringite": {
      "moles": 0.020503801666666665,
      "mass_kg": 0.02573227109166666
    },
    "Hydrotalcite": {
      "moles": 0.043015155,
      "mass_kg": 0.019055713665
    }
  },
  "pH": 9.7400625,
  "pe": 4.0,
  "Eh": 0.24,
  "system_mass_kg": 0.20189908110085436,
  "input_composition": {
    "Ca": 0.64794373,
    "Si": 1.43030154,
    "Al": 0.61016091,
    "Fe": 0.07706518,
    "Mg": 0.14338385,
    "K": 0.06410463,
    "Na": 0.14526449,
    "S": 0.12302281,
    "O": 15.17127749,
    "H": 19.98303667,
    "C": 0.01161818
  },
  "execution_time": 1.8835067749023438e-05,
  "mix_id": "MIX_2715",
  "input_file": "/teamspace/studios/this_studio/inputs/generated/MIX_2715.inp"
}