{
  "converged": true,
  "method": "simplified_thermodynamic_model",
  "note": "Using simplified model until Cemdata18 integration complete",
  "temperature_K": 298.15,
  "pressure_bar": 1.01325,
  "CO2_fraction": 0.15,
  "pCO2_bar": 0.1519875,
  "phases": {
    "Calcite": {
      "moles": 0.0020521656225,
      "mass_kg": 0.00020540125715602498
    },
    "C-S-H_1.0": {
      "moles": 0.2309650543775,
      "mass_kg": 0.039264059244175004
    },
    "Silica_gel": {
      "moles": 0.8799102756225,
      "mass_kg": 0.0528650093593998
    },
    "Ettringite": {
      "moles": 0.007688925,
      "mass_kg": 0.009649600874999999
    },
    "Hydrotalcite": {
      "moles": 0.020372466000000002,
      "mass_kg": 0.009025002438000002
    }
  },
  "pH": 9.7400625,
  "pe": 4.0,
  "Eh": 0.24,
  "system_mass_kg": 0.11100907317373084,
  "input_composition": {
    "Ca": 0.23301722,
    "Si": 1.11087533,
    "Al": 0.47184373,
    "Fe": 0.05876702,
    "Mg": 0.06790822,
    "K": 0.05951845,
    "Na": 0.06752836,
    "S": 0.04613355,
    "O": 5.86267237,
    "H": 4.6627086,
    "C": 0.00540088
  },
  "execution_time": 1.9073486328125e-05,
  "mix_id": "MIX_0137",
  "input_file": "/teamspace/studios/this_studio/inputs/generated/MIX_0137.inp"
}