{
  "converged": true,
  "method": "simplified_thermodynamic_model",
  "note": "Using simplified model until Cemdata18 integration complete",
  "temperature_K": 298.15,
  "pressure_bar": 1.01325,
  "CO2_fraction": 0.0,
  "pCO2_bar": 0.0,
  "phases": {
    "C-S-H_1.0": {
      "moles": 0.29614426,
      "mass_kg": 0.050344524200000004
    },
    "Silica_gel": {
      "moles": 1.4895784300000001,
      "mass_kg": 0.08949387207440002
    },
    "Hydrotalcite": {
      "moles": 0.017290917,
      "mass_kg": 0.007659876231
    }
  },
  "pH": 10.5,
  "pe": 4.0,
  "Eh": 0.24,
  "system_mass_kg": 0.1474982725054,
  "input_composition": {
    "Ca": 0.29614426,
    "Si": 1.78572269,
    "Al": 0.62611991,
    "Fe": 0.1468612,
    "Mg": 0.05763639,
    "K": 0.08611831,
    "Na": 0.07114995,
    "S": 0.0,
    "O": 15.15485014,
    "H": 19.98303666,
    "C": 0.0
  },
  "execution_time": 8.58306884765625e-06,
  "mix_id": "MIX_3587",
  "input_file": "/teamspace/studios/this_studio/inputs/generated/MIX_3587.inp"
}