{
  "converged": true,
  "method": "simplified_thermodynamic_model",
  "note": "Using simplified model until Cemdata18 integration complete",
  "temperature_K": 298.15,
  "pressure_bar": 1.01325,
  "CO2_fraction": 0.15,
  "pCO2_bar": 0.1519875,
  "phases": {
    "Calcite": {
      "moles": 0.003361621528125,
      "mass_kg": 0.0003364646987500312
    },
    "C-S-H_1.0": {
      "moles": 0.40047307847187497,
      "mass_kg": 0.06808042334021874
    },
    "Silica_gel": {
      "moles": 0.927863241528125,
      "mass_kg": 0.05574602355100976
    },
    "Ettringite": {
      "moles": 0.011960551666666666,
      "mass_kg": 0.015010492341666664
    },
    "Hydrotalcite": {
      "moles": 0.029014203,
      "mass_kg": 0.012853291929
    }
  },
  "pH": 9.7400625,
  "pe": 4.0,
  "Eh": 0.24,
  "system_mass_kg": 0.15202669586064518,
  "input_composition": {
    "Ca": 0.4038347,
    "Si": 1.32833632,
    "Al": 0.54266472,
    "Fe": 0.07518652,
    "Mg": 0.09671401,
    "K": 0.06410463,
    "Na": 0.1388588,
    "S": 0.07176331,
    "O": 11.07947625,
    "H": 13.32202445,
    "C": 0.0088471
  },
  "execution_time": 4.124641418457031e-05,
  "mix_id": "MIX_1599",
  "input_file": "/teamspace/studios/this_studio/inputs/generated/MIX_1599.inp"
}