{
  "converged": true,
  "method": "simplified_thermodynamic_model",
  "note": "Using simplified model until Cemdata18 integration complete",
  "temperature_K": 298.15,
  "pressure_bar": 1.01325,
  "CO2_fraction": 0.15,
  "pCO2_bar": 0.1519875,
  "phases": {
    "Calcite": {
      "moles": 0.00312597250875,
      "mass_kg": 0.0003128785884007875
    },
    "C-S-H_1.0": {
      "moles": 0.43002534749125,
      "mass_kg": 0.07310430907351251
    },
    "Silica_gel": {
      "moles": 0.8469416225087499,
      "mass_kg": 0.050884252680325696
    },
    "Ettringite": {
      "moles": 0.013669201666666667,
      "mass_kg": 0.017154848091666664
    },
    "Hydrotalcite": {
      "moles": 0.031157888999999998,
      "mass_kg": 0.013802944826999999
    }
  },
  "pH": 9.7400625,
  "pe": 4.0,
  "Eh": 0.24,
  "system_mass_kg": 0.15525923326090565,
  "input_composition": {
    "Ca": 0.43315132,
    "Si": 1.27696697,
    "Al": 0.5413348,
    "Fe": 0.06937019,
    "Mg": 0.10385963,
    "K": 0.06227016,
    "Na": 0.10286297,
    "S": 0.08201521,
    "O": 10.01392882,
    "H": 11.32372081,
    "C": 0.00822692
  },
  "execution_time": 1.71661376953125e-05,
  "mix_id": "MIX_1482",
  "input_file": "/teamspace/studios/this_studio/inputs/generated/MIX_1482.inp"
}