{
  "converged": true,
  "method": "simplified_thermodynamic_model",
  "note": "Using simplified model until Cemdata18 integration complete",
  "temperature_K": 298.15,
  "pressure_bar": 1.01325,
  "CO2_fraction": 0.35,
  "pCO2_bar": 0.3546375,
  "phases": {
    "Calcite": {
      "moles": 0.0248985225890625,
      "mass_kg": 0.0024920931259392654
    },
    "C-S-H_1.0": {
      "moles": 0.8964708674109374,
      "mass_kg": 0.15240004745985936
    },
    "Silica_gel": {
      "moles": 0.5632476125890626,
      "mass_kg": 0.03383991656435088
    },
    "Ettringite": {
      "moles": 0.030755703333333332,
      "mass_kg": 0.03859840768333333
    },
    "Hydrotalcite": {
      "moles": 0.059159792999999995,
      "mass_kg": 0.026207788298999998
    }
  },
  "pH": 8.7268125,
  "pe": 4.0,
  "Eh": 0.24,
  "system_mass_kg": 0.25353825313248285,
  "input_composition": {
    "Ca": 0.92136939,
    "Si": 1.45971848,
    "Al": 0.67632719,
    "Fe": 0.07312751,
    "Mg": 0.19719931,
    "K": 0.06227016,
    "Na": 0.0746113,
    "S": 0.18453422,
    "O": 15.16581488,
    "H": 18.65083414,
    "C": 0.02808335
  },
  "execution_time": 1.0728836059570312e-05,
  "mix_id": "MIX_3889",
  "input_file": "/teamspace/studios/this_studio/inputs/generated/MIX_3889.inp"
}