{
  "converged": true,
  "method": "simplified_thermodynamic_model",
  "note": "Using simplified model until Cemdata18 integration complete",
  "temperature_K": 298.15,
  "pressure_bar": 1.01325,
  "CO2_fraction": 0.35,
  "pCO2_bar": 0.3546375,
  "phases": {
    "Calcite": {
      "moles": 0.0250496868234375,
      "mass_kg": 0.0025072231541578595
    },
    "C-S-H_1.0": {
      "moles": 0.9549529531765626,
      "mass_kg": 0.16234200204001564
    },
    "Silica_gel": {
      "moles": 0.4589937868234375,
      "mass_kg": 0.027576346712352127
    },
    "Ettringite": {
      "moles": 0.034173003333333334,
      "mass_kg": 0.04288711918333333
    },
    "Hydrotalcite": {
      "moles": 0.063447168,
      "mass_kg": 0.028107095424
    }
  },
  "pH": 8.7268125,
  "pe": 4.0,
  "Eh": 0.24,
  "system_mass_kg": 0.26341978651385894,
  "input_composition": {
    "Ca": 0.98000264,
    "Si": 1.41394674,
    "Al": 0.67366736,
    "Fe": 0.06149484,
    "Mg": 0.21149056,
    "K": 0.05860121,
    "Na": 0.11307074,
    "S": 0.20503802,
    "O": 15.2050048,
    "H": 18.65083418,
    "C": 0.02825385
  },
  "execution_time": 9.298324584960938e-06,
  "mix_id": "MIX_3781",
  "input_file": "/teamspace/studios/this_studio/inputs/generated/MIX_3781.inp"
}