{
  "converged": true,
  "method": "simplified_thermodynamic_model",
  "note": "Using simplified model until Cemdata18 integration complete",
  "temperature_K": 298.15,
  "pressure_bar": 1.01325,
  "CO2_fraction": 0.4,
  "pCO2_bar": 0.4053,
  "phases": {
    "Calcite": {
      "moles": 0.023906,
      "mass_kg": 0.00239275154
    },
    "C-S-H_1.0": {
      "moles": 0.44813800000000004,
      "mass_kg": 0.07618346000000001
    },
    "Silica_gel": {
      "moles": 1.1327276199999998,
      "mass_kg": 0.06805427540959999
    },
    "Ettringite": {
      "moles": 0.010251901666666667,
      "mass_kg": 0.012866136591666666
    },
    "Hydrotalcite": {
      "moles": 0.030153035999999998,
      "mass_kg": 0.013357794947999999
    }
  },
  "pH": 8.5,
  "pe": 4.0,
  "Eh": 0.24,
  "system_mass_kg": 0.17285441848926666,
  "input_composition": {
    "Ca": 0.472044,
    "Si": 1.58086562,
    "Al": 0.61814041,
    "Fe": 0.11196319,
    "Mg": 0.10051012,
    "K": 0.07511147,
    "Na": 0.05557388,
    "S": 0.06151141,
    "O": 10.62246472,
    "H": 10.99067014,
    "C": 0.023906
  },
  "execution_time": 1.5020370483398438e-05,
  "mix_id": "MIX_3232",
  "input_file": "/teamspace/studios/this_studio/inputs/generated/MIX_3232.inp"
}