{
  "converged": true,
  "method": "simplified_thermodynamic_model",
  "note": "Using simplified model until Cemdata18 integration complete",
  "temperature_K": 298.15,
  "pressure_bar": 1.01325,
  "CO2_fraction": 0.35,
  "pCO2_bar": 0.3546375,
  "phases": {
    "Calcite": {
      "moles": 0.0206552849015625,
      "mass_kg": 0.0020673874657973906
    },
    "C-S-H_1.0": {
      "moles": 0.2754889750984375,
      "mass_kg": 0.04683312576673438
    },
    "Silica_gel": {
      "moles": 1.5543637649015625,
      "mass_kg": 0.09338617499528587
    },
    "Hydrotalcite": {
      "moles": 0.017290917,
      "mass_kg": 0.007659876231
    }
  },
  "pH": 8.7268125,
  "pe": 4.0,
  "Eh": 0.24,
  "system_mass_kg": 0.14994656445881765,
  "input_composition": {
    "Ca": 0.29614426,
    "Si": 1.82985274,
    "Al": 0.62611991,
    "Fe": 0.1468612,
    "Mg": 0.05763639,
    "K": 0.08611831,
    "Na": 0.15671208,
    "S": 0.0,
    "O": 12.3350305,
    "H": 13.98812562,
    "C": 0.02329735
  },
  "execution_time": 6.198883056640625e-06,
  "mix_id": "MIX_3677",
  "input_file": "/teamspace/studios/this_studio/inputs/generated/MIX_3677.inp"
}