{
  "converged": true,
  "method": "simplified_thermodynamic_model",
  "note": "Using simplified model until Cemdata18 integration complete",
  "temperature_K": 298.15,
  "pressure_bar": 1.01325,
  "CO2_fraction": 0.2,
  "pCO2_bar": 0.20265,
  "phases": {
    "Calcite": {
      "moles": 0.0037926656775,
      "mass_kg": 0.000379607907660975
    },
    "C-S-H_1.0": {
      "moles": 0.1412746843225,
      "mass_kg": 0.024016696334825005
    },
    "Silica_gel": {
      "moles": 1.0511351856775,
      "mass_kg": 0.0631522019555042
    },
    "Ettringite": {
      "moles": 0.002562975,
      "mass_kg": 0.0032165336249999994
    },
    "Hydrotalcite": {
      "moles": 0.013941405,
      "mass_kg": 0.006176042415
    }
  },
  "pH": 9.48675,
  "pe": 4.0,
  "Eh": 0.24,
  "system_mass_kg": 0.09694108223799018,
  "input_composition": {
    "Ca": 0.14506735,
    "Si": 1.19240987,
    "Al": 0.47583348,
    "Fe": 0.07621603,
    "Mg": 0.04647135,
    "K": 0.06502187,
    "Na": 0.03480579,
    "S": 0.01537785,
    "O": 6.34638256,
    "H": 5.6618604,
    "C": 0.00748614
  },
  "execution_time": 1.1682510375976562e-05,
  "mix_id": "MIX_0818",
  "input_file": "/teamspace/studios/this_studio/inputs/generated/MIX_0818.inp"
}