{
  "converged": true,
  "method": "simplified_thermodynamic_model",
  "note": "Using simplified model until Cemdata18 integration complete",
  "temperature_K": 298.15,
  "pressure_bar": 1.01325,
  "CO2_fraction": 0.2,
  "pCO2_bar": 0.20265,
  "phases": {
    "Calcite": {
      "moles": 0.00746627954625,
      "mass_kg": 0.0007472999197841626
    },
    "C-S-H_1.0": {
      "moles": 0.5621036404537499,
      "mass_kg": 0.0955576188771375
    },
    "Silica_gel": {
      "moles": 1.32405741954625,
      "mass_kg": 0.0795493697663387
    },
    "Ettringite": {
      "moles": 0.010251901666666667,
      "mass_kg": 0.012866136591666666
    },
    "Hydrotalcite": {
      "moles": 0.033435555,
      "mass_kg": 0.014811950865
    }
  },
  "pH": 9.48675,
  "pe": 4.0,
  "Eh": 0.24,
  "system_mass_kg": 0.20353237601992702,
  "input_composition": {
    "Ca": 0.56956992,
    "Si": 1.88616106,
    "Al": 0.69228619,
    "Fe": 0.14292352,
    "Mg": 0.11145185,
    "K": 0.08428383,
    "Na": 0.13819757,
    "S": 0.06151141,
    "O": 13.35852141,
    "H": 14.65422691,
    "C": 0.01473729
  },
  "execution_time": 1.5974044799804688e-05,
  "mix_id": "MIX_4520",
  "input_file": "/teamspace/studios/this_studio/inputs/generated/MIX_4520.inp"
}