{
  "converged": true,
  "method": "simplified_thermodynamic_model",
  "note": "Using simplified model until Cemdata18 integration complete",
  "temperature_K": 298.15,
  "pressure_bar": 1.01325,
  "CO2_fraction": 0.35,
  "pCO2_bar": 0.3546375,
  "phases": {
    "Calcite": {
      "moles": 0.018188453049374997,
      "mass_kg": 0.0018204822657119436
    },
    "C-S-H_1.0": {
      "moles": 0.356329626950625,
      "mass_kg": 0.06057603658160625
    },
    "Silica_gel": {
      "moles": 0.989890043049375,
      "mass_kg": 0.05947259378640645
    },
    "Ettringite": {
      "moles": 0.010251901666666667,
      "mass_kg": 0.012866136591666666
    },
    "Hydrotalcite": {
      "moles": 0.026870514,
      "mass_kg": 0.011903637702000001
    }
  },
  "pH": 8.7268125,
  "pe": 4.0,
  "Eh": 0.24,
  "system_mass_kg": 0.1466388869273913,
  "input_composition": {
    "Ca": 0.37451808,
    "Si": 1.34621967,
    "Al": 0.54399463,
    "Fe": 0.08100285,
    "Mg": 0.08956838,
    "K": 0.06593911,
    "Na": 0.10992989,
    "S": 0.06151141,
    "O": 11.06853295,
    "H": 13.32202447,
    "C": 0.02051498
  },
  "execution_time": 9.298324584960938e-06,
  "mix_id": "MIX_1771",
  "input_file": "/teamspace/studios/this_studio/inputs/generated/MIX_1771.inp"
}