{
  "converged": true,
  "method": "simplified_thermodynamic_model",
  "note": "Using simplified model until Cemdata18 integration complete",
  "temperature_K": 298.15,
  "pressure_bar": 1.01325,
  "CO2_fraction": 0.35,
  "pCO2_bar": 0.3546375,
  "phases": {
    "Calcite": {
      "moles": 0.015949023628125,
      "mass_kg": 0.001596337774939031
    },
    "C-S-H_1.0": {
      "moles": 0.270619186371875,
      "mass_kg": 0.04600526168321875
    },
    "Silica_gel": {
      "moles": 1.179724653628125,
      "mass_kg": 0.07087785718997774
    },
    "Ettringite": {
      "moles": 0.00512595,
      "mass_kg": 0.006433067249999999
    },
    "Hydrotalcite": {
      "moles": 0.020439455999999998,
      "mass_kg": 0.009054679008
    }
  },
  "pH": 8.7268125,
  "pe": 4.0,
  "Eh": 0.24,
  "system_mass_kg": 0.13396720290613554,
  "input_composition": {
    "Ca": 0.28656821,
    "Si": 1.45034384,
    "Al": 0.54798438,
    "Fe": 0.09845186,
    "Mg": 0.06813152,
    "K": 0.07144252,
    "Na": 0.12100552,
    "S": 0.0307557,
    "O": 9.11221963,
    "H": 9.32541705,
    "C": 0.0179891
  },
  "execution_time": 1.0251998901367188e-05,
  "mix_id": "MIX_2109",
  "input_file": "/teamspace/studios/this_studio/inputs/generated/MIX_2109.inp"
}