{
  "converged": true,
  "method": "simplified_thermodynamic_model",
  "note": "Using simplified model until Cemdata18 integration complete",
  "temperature_K": 298.15,
  "pressure_bar": 1.01325,
  "CO2_fraction": 0.3,
  "pCO2_bar": 0.303975,
  "phases": {
    "Calcite": {
      "moles": 0.008109179071875,
      "mass_kg": 0.0008116477333039687
    },
    "C-S-H_1.0": {
      "moles": 0.239566350928125,
      "mass_kg": 0.04072627965778126
    },
    "Silica_gel": {
      "moles": 0.8371372090718749,
      "mass_kg": 0.05029520352103825
    },
    "Ettringite": {
      "moles": 0.00854325,
      "mass_kg": 0.010721778749999999
    },
    "Hydrotalcite": {
      "moles": 0.021444308999999998,
      "mass_kg": 0.009499828887
    }
  },
  "pH": 8.980125000000001,
  "pe": 4.0,
  "Eh": 0.24,
  "system_mass_kg": 0.11205473854912347,
  "input_composition": {
    "Ca": 0.24767553,
    "Si": 1.07670356,
    "Al": 0.47117877,
    "Fe": 0.05585885,
    "Mg": 0.07148103,
    "K": 0.05860121,
    "Na": 0.03307511,
    "S": 0.0512595,
    "O": 5.81543275,
    "H": 4.66270853,
    "C": 0.01067085
  },
  "execution_time": 1.0728836059570312e-05,
  "mix_id": "MIX_0065",
  "input_file": "/teamspace/studios/this_studio/inputs/generated/MIX_0065.inp"
}