{
  "converged": true,
  "method": "simplified_thermodynamic_model",
  "note": "Using simplified model until Cemdata18 integration complete",
  "temperature_K": 298.15,
  "pressure_bar": 1.01325,
  "CO2_fraction": 0.25,
  "pCO2_bar": 0.2533125,
  "phases": {
    "Calcite": {
      "moles": 0.005736096909374999,
      "mass_kg": 0.0005741259396593437
    },
    "C-S-H_1.0": {
      "moles": 0.19796450309062502,
      "mass_kg": 0.033653965525406254
    },
    "Silica_gel": {
      "moles": 0.954880226909375,
      "mass_kg": 0.057369204032715254
    },
    "Ettringite": {
      "moles": 0.005980275,
      "mass_kg": 0.007505245125
    },
    "Hydrotalcite": {
      "moles": 0.01822878,
      "mass_kg": 0.00807534954
    }
  },
  "pH": 9.2334375,
  "pe": 4.0,
  "Eh": 0.24,
  "system_mass_kg": 0.10717789016278086,
  "input_composition": {
    "Ca": 0.2037006,
    "Si": 1.15284473,
    "Al": 0.47317365,
    "Fe": 0.06458336,
    "Mg": 0.0607626,
    "K": 0.06135292,
    "Na": 0.08529898,
    "S": 0.03588165,
    "O": 5.90722882,
    "H": 4.66270854,
    "C": 0.00905774
  },
  "execution_time": 1.3589859008789062e-05,
  "mix_id": "MIX_0397",
  "input_file": "/teamspace/studios/this_studio/inputs/generated/MIX_0397.inp"
}