{
  "converged": true,
  "method": "simplified_thermodynamic_model",
  "note": "Using simplified model until Cemdata18 integration complete",
  "temperature_K": 298.15,
  "pressure_bar": 1.01325,
  "CO2_fraction": 0.2,
  "pCO2_bar": 0.20265,
  "phases": {
    "Calcite": {
      "moles": 0.007187205165,
      "mass_kg": 0.00071936736496485
    },
    "C-S-H_1.0": {
      "moles": 0.728706394835,
      "mass_kg": 0.12388008712195
    },
    "Silica_gel": {
      "moles": 0.5622797651650001,
      "mass_kg": 0.03378176829111321
    },
    "Ettringite": {
      "moles": 0.02562975166666667,
      "mass_kg": 0.03216533834166667
    },
    "Hydrotalcite": {
      "moles": 0.049446213,
      "mass_kg": 0.021904672359
    }
  },
  "pH": 9.48675,
  "pe": 4.0,
  "Eh": 0.24,
  "system_mass_kg": 0.21245123347869474,
  "input_composition": {
    "Ca": 0.7358936,
    "Si": 1.29098616,
    "Al": 0.60617116,
    "Fe": 0.05961618,
    "Mg": 0.16482071,
    "K": 0.05860121,
    "Na": 0.06595793,
    "S": 0.15377851,
    "O": 13.52614621,
    "H": 16.98558113,
    "C": 0.01418644
  },
  "execution_time": 1.1920928955078125e-05,
  "mix_id": "MIX_2498",
  "input_file": "/teamspace/studios/this_studio/inputs/generated/MIX_2498.inp"
}