{
  "converged": true,
  "method": "simplified_thermodynamic_model",
  "note": "Using simplified model until Cemdata18 integration complete",
  "temperature_K": 298.15,
  "pressure_bar": 1.01325,
  "CO2_fraction": 0.25,
  "pCO2_bar": 0.2533125,
  "phases": {
    "Calcite": {
      "moles": 0.007490140317187499,
      "mass_kg": 0.0007496881443472967
    },
    "C-S-H_1.0": {
      "moles": 0.42566117968281253,
      "mass_kg": 0.07236240054607813
    },
    "Silica_gel": {
      "moles": 0.8440160403171875,
      "mass_kg": 0.050708483702256626
    },
    "Ettringite": {
      "moles": 0.013669201666666667,
      "mass_kg": 0.017154848091666664
    },
    "Hydrotalcite": {
      "moles": 0.031157888999999998,
      "mass_kg": 0.013802944826999999
    }
  },
  "pH": 9.2334375,
  "pe": 4.0,
  "Eh": 0.24,
  "system_mass_kg": 0.15477836531134873,
  "input_composition": {
    "Ca": 0.43315132,
    "Si": 1.26967722,
    "Al": 0.5413348,
    "Fe": 0.06937019,
    "Mg": 0.10385963,
    "K": 0.06227016,
    "Na": 0.08872912,
    "S": 0.08201521,
    "O": 8.00117989,
    "H": 7.32711348,
    "C": 0.01182751
  },
  "execution_time": 1.0967254638671875e-05,
  "mix_id": "MIX_1512",
  "input_file": "/teamspace/studios/this_studio/inputs/generated/MIX_1512.inp"
}