{
  "converged": true,
  "method": "simplified_thermodynamic_model",
  "note": "Using simplified model until Cemdata18 integration complete",
  "temperature_K": 298.15,
  "pressure_bar": 1.01325,
  "CO2_fraction": 0.35,
  "pCO2_bar": 0.3546375,
  "phases": {
    "Calcite": {
      "moles": 0.022588351852499997,
      "mass_kg": 0.0022608681369167246
    },
    "C-S-H_1.0": {
      "moles": 0.8401477981475001,
      "mass_kg": 0.14282512568507502
    },
    "Silica_gel": {
      "moles": 0.6816080118524999,
      "mass_kg": 0.040951009352098194
    },
    "Ettringite": {
      "moles": 0.027338403333333334,
      "mass_kg": 0.03430969618333333
    },
    "Hydrotalcite": {
      "moles": 0.054872421,
      "mass_kg": 0.024308482503
    }
  },
  "pH": 8.7268125,
  "pe": 4.0,
  "Eh": 0.24,
  "system_mass_kg": 0.24465518186042326,
  "input_composition": {
    "Ca": 0.86273615,
    "Si": 1.52175581,
    "Al": 0.67898703,
    "Fe": 0.08476018,
    "Mg": 0.18290807,
    "K": 0.06593911,
    "Na": 0.0676886,
    "S": 0.16403042,
    "O": 13.17175052,
    "H": 14.65422685,
    "C": 0.02547768
  },
  "execution_time": 1.0013580322265625e-05,
  "mix_id": "MIX_4000",
  "input_file": "/teamspace/studios/this_studio/inputs/generated/MIX_4000.inp"
}