{
  "converged": true,
  "method": "simplified_thermodynamic_model",
  "note": "Using simplified model until Cemdata18 integration complete",
  "temperature_K": 298.15,
  "pressure_bar": 1.01325,
  "CO2_fraction": 0.3,
  "pCO2_bar": 0.303975,
  "phases": {
    "Calcite": {
      "moles": 0.010719769567499999,
      "mass_kg": 0.0010729417360110748
    },
    "C-S-H_1.0": {
      "moles": 0.4224315504325,
      "mass_kg": 0.07181336357352501
    },
    "Silica_gel": {
      "moles": 0.8354509495675,
      "mass_kg": 0.0501938930500154
    },
    "Ettringite": {
      "moles": 0.013669201666666667,
      "mass_kg": 0.017154848091666664
    },
    "Hydrotalcite": {
      "moles": 0.031157888999999998,
      "mass_kg": 0.013802944826999999
    }
  },
  "pH": 8.980125000000001,
  "pe": 4.0,
  "Eh": 0.24,
  "system_mass_kg": 0.15403799127821816,
  "input_composition": {
    "Ca": 0.43315132,
    "Si": 1.2578825,
    "Al": 0.5413348,
    "Fe": 0.06937019,
    "Mg": 0.10385963,
    "K": 0.06227016,
    "Na": 0.06586079,
    "S": 0.08201521,
    "O": 7.97071352,
    "H": 7.32711348,
    "C": 0.01410612
  },
  "execution_time": 1.4066696166992188e-05,
  "mix_id": "MIX_1524",
  "input_file": "/teamspace/studios/this_studio/inputs/generated/MIX_1524.inp"
}