{
  "converged": true,
  "method": "simplified_thermodynamic_model",
  "note": "Using simplified model until Cemdata18 integration complete",
  "temperature_K": 298.15,
  "pressure_bar": 1.01325,
  "CO2_fraction": 0.15,
  "pCO2_bar": 0.1519875,
  "phases": {
    "Calcite": {
      "moles": 0.0029294108746875,
      "mass_kg": 0.00029320473444747184
    },
    "C-S-H_1.0": {
      "moles": 0.3129554191253125,
      "mass_kg": 0.05320242125130313
    },
    "Silica_gel": {
      "moles": 1.1045845108746875,
      "mass_kg": 0.06636343741335123
    },
    "Ettringite": {
      "moles": 0.0068346,
      "mass_kg": 0.008577422999999999
    },
    "Hydrotalcite": {
      "moles": 0.022583142,
      "mass_kg": 0.010004331906
    }
  },
  "pH": 9.7400625,
  "pe": 4.0,
  "Eh": 0.24,
  "system_mass_kg": 0.13844081830510183,
  "input_composition": {
    "Ca": 0.31588483,
    "Si": 1.41753993,
    "Al": 0.54665447,
    "Fe": 0.09263552,
    "Mg": 0.07527714,
    "K": 0.06960805,
    "Na": 0.12100552,
    "S": 0.0410076,
    "O": 9.08163418,
    "H": 9.32541705,
    "C": 0.00770961
  },
  "execution_time": 1.7881393432617188e-05,
  "mix_id": "MIX_1933",
  "input_file": "/teamspace/studios/this_studio/inputs/generated/MIX_1933.inp"
}