{
  "converged": true,
  "method": "simplified_thermodynamic_model",
  "note": "Using simplified model until Cemdata18 integration complete",
  "temperature_K": 298.15,
  "pressure_bar": 1.01325,
  "CO2_fraction": 0.2,
  "pCO2_bar": 0.20265,
  "phases": {
    "Calcite": {
      "moles": 0.00403009548375,
      "mass_kg": 0.0004033722569685375
    },
    "C-S-H_1.0": {
      "moles": 0.18501219451625,
      "mass_kg": 0.0314520730677625
    },
    "Silica_gel": {
      "moles": 0.97871388548375,
      "mass_kg": 0.058801130239863705
    },
    "Ettringite": {
      "moles": 0.00512595,
      "mass_kg": 0.006433067249999999
    },
    "Hydrotalcite": {
      "moles": 0.017156936999999997,
      "mass_kg": 0.007600523090999999
    }
  },
  "pH": 9.48675,
  "pe": 4.0,
  "Eh": 0.24,
  "system_mass_kg": 0.10469016590559474,
  "input_composition": {
    "Ca": 0.18904229,
    "Si": 1.16372608,
    "Al": 0.4738386,
    "Fe": 0.06749152,
    "Mg": 0.05718979,
    "K": 0.06227016,
    "Na": 0.07459528,
    "S": 0.0307557,
    "O": 6.89279496,
    "H": 6.66101226,
    "C": 0.00795479
  },
  "execution_time": 1.0251998901367188e-05,
  "mix_id": "MIX_0491",
  "input_file": "/teamspace/studios/this_studio/inputs/generated/MIX_0491.inp"
}