{
  "converged": true,
  "method": "simplified_thermodynamic_model",
  "note": "Using simplified model until Cemdata18 integration complete",
  "temperature_K": 298.15,
  "pressure_bar": 1.01325,
  "CO2_fraction": 0.35,
  "pCO2_bar": 0.3546375,
  "phases": {
    "Calcite": {
      "moles": 0.027208693325624998,
      "mass_kg": 0.002723318114961806
    },
    "C-S-H_1.0": {
      "moles": 0.835527456674375,
      "mass_kg": 0.14203966763464376
    },
    "Silica_gel": {
      "moles": 0.693369343325625,
      "mass_kg": 0.041657630147003556
    },
    "Ettringite": {
      "moles": 0.027338403333333334,
      "mass_kg": 0.03430969618333333
    },
    "Hydrotalcite": {
      "moles": 0.054872421,
      "mass_kg": 0.024308482503
    }
  },
  "pH": 8.7268125,
  "pe": 4.0,
  "Eh": 0.24,
  "system_mass_kg": 0.24503879458294245,
  "input_composition": {
    "Ca": 0.86273615,
    "Si": 1.5288968,
    "Al": 0.67898703,
    "Fe": 0.08476018,
    "Mg": 0.18290807,
    "K": 0.06593911,
    "Na": 0.081534,
    "S": 0.16403042,
    "O": 17.19998524,
    "H": 22.64744155,
    "C": 0.03068902
  },
  "execution_time": 1.2159347534179688e-05,
  "mix_id": "MIX_4002",
  "input_file": "/teamspace/studios/this_studio/inputs/generated/MIX_4002.inp"
}