{
  "converged": true,
  "method": "simplified_thermodynamic_model",
  "note": "Using simplified model until Cemdata18 integration complete",
  "temperature_K": 298.15,
  "pressure_bar": 1.01325,
  "CO2_fraction": 0.25,
  "pCO2_bar": 0.2533125,
  "phases": {
    "Calcite": {
      "moles": 0.011524667503124999,
      "mass_kg": 0.0011535039703877811
    },
    "C-S-H_1.0": {
      "moles": 0.792578232496875,
      "mass_kg": 0.13473829952446875
    },
    "Silica_gel": {
      "moles": 0.794785397503125,
      "mass_kg": 0.047750706681987755
    },
    "Ettringite": {
      "moles": 0.023921101666666666,
      "mass_kg": 0.030020982591666665
    },
    "Hydrotalcite": {
      "moles": 0.050585049,
      "mass_kg": 0.022409176707
    }
  },
  "pH": 9.2334375,
  "pe": 4.0,
  "Eh": 0.24,
  "system_mass_kg": 0.23607266947551095,
  "input_composition": {
    "Ca": 0.8041029,
    "Si": 1.58736363,
    "Al": 0.68164686,
    "Fe": 0.09639285,
    "Mg": 0.16861683,
    "K": 0.06960805,
    "Na": 0.0676886,
    "S": 0.14352661,
    "O": 13.17724482,
    "H": 14.65422685,
    "C": 0.01819834
  },
  "execution_time": 1.52587890625e-05,
  "mix_id": "MIX_4080",
  "input_file": "/teamspace/studios/this_studio/inputs/generated/MIX_4080.inp"
}