{
  "converged": true,
  "method": "simplified_thermodynamic_model",
  "note": "Using simplified model until Cemdata18 integration complete",
  "temperature_K": 298.15,
  "pressure_bar": 1.01325,
  "CO2_fraction": 0.15,
  "pCO2_bar": 0.1519875,
  "phases": {
    "Calcite": {
      "moles": 0.0041179835221875,
      "mass_kg": 0.0004121689707357469
    },
    "C-S-H_1.0": {
      "moles": 0.3360012064778125,
      "mass_kg": 0.05712020510122813
    },
    "Silica_gel": {
      "moles": 1.4515517535221876,
      "mass_kg": 0.08720922935161303
    },
    "Ettringite": {
      "moles": 0.002562975,
      "mass_kg": 0.0032165336249999994
    },
    "Hydrotalcite": {
      "moles": 0.020506445999999998,
      "mass_kg": 0.009084355577999999
    }
  },
  "pH": 9.7400625,
  "pe": 4.0,
  "Eh": 0.24,
  "system_mass_kg": 0.1570424926265769,
  "input_composition": {
    "Ca": 0.34011919,
    "Si": 1.78755296,
    "Al": 0.62412504,
    "Fe": 0.13813669,
    "Mg": 0.06835482,
    "K": 0.0833666,
    "Na": 0.17010204,
    "S": 0.01537785,
    "O": 13.81430635,
    "H": 16.98558112,
    "C": 0.01083769
  },
  "execution_time": 1.71661376953125e-05,
  "mix_id": "MIX_3502",
  "input_file": "/teamspace/studios/this_studio/inputs/generated/MIX_3502.inp"
}