{
  "converged": true,
  "method": "simplified_thermodynamic_model",
  "note": "Using simplified model until Cemdata18 integration complete",
  "temperature_K": 298.15,
  "pressure_bar": 1.01325,
  "CO2_fraction": 0.25,
  "pCO2_bar": 0.2533125,
  "phases": {
    "Calcite": {
      "moles": 0.013881987295312497,
      "mass_kg": 0.0013894481083878277
    },
    "C-S-H_1.0": {
      "moles": 0.7902209127046874,
      "mass_kg": 0.13433755515979687
    },
    "Silica_gel": {
      "moles": 0.8042837072953125,
      "mass_kg": 0.04832136513430238
    },
    "Ettringite": {
      "moles": 0.023921101666666666,
      "mass_kg": 0.030020982591666665
    },
    "Hydrotalcite": {
      "moles": 0.050585049,
      "mass_kg": 0.022409176707
    }
  },
  "pH": 9.2334375,
  "pe": 4.0,
  "Eh": 0.24,
  "system_mass_kg": 0.23647852770115374,
  "input_composition": {
    "Ca": 0.8041029,
    "Si": 1.59450462,
    "Al": 0.68164686,
    "Fe": 0.09639285,
    "Mg": 0.16861683,
    "K": 0.06960805,
    "Na": 0.081534,
    "S": 0.14352661,
    "O": 17.20250162,
    "H": 22.64744155,
    "C": 0.02192073
  },
  "execution_time": 1.33514404296875e-05,
  "mix_id": "MIX_4082",
  "input_file": "/teamspace/studios/this_studio/inputs/generated/MIX_4082.inp"
}