{
  "converged": true,
  "method": "simplified_thermodynamic_model",
  "note": "Using simplified model until Cemdata18 integration complete",
  "temperature_K": 298.15,
  "pressure_bar": 1.01325,
  "CO2_fraction": 0.35,
  "pCO2_bar": 0.3546375,
  "phases": {
    "Calcite": {
      "moles": 0.01889044024875,
      "mass_kg": 0.0018907441644973877
    },
    "C-S-H_1.0": {
      "moles": 0.7170031597512501,
      "mass_kg": 0.12189053715771252
    },
    "Silica_gel": {
      "moles": 0.61388484024875,
      "mass_kg": 0.0368822012021449
    },
    "Ettringite": {
      "moles": 0.02562975166666667,
      "mass_kg": 0.03216533834166667
    },
    "Hydrotalcite": {
      "moles": 0.049446213,
      "mass_kg": 0.021904672359
    }
  },
  "pH": 8.7268125,
  "pe": 4.0,
  "Eh": 0.24,
  "system_mass_kg": 0.21473349322502147,
  "input_composition": {
    "Ca": 0.7358936,
    "Si": 1.330888,
    "Al": 0.60617116,
    "Fe": 0.05961618,
    "Mg": 0.16482071,
    "K": 0.05860121,
    "Na": 0.14332212,
    "S": 0.15377851,
    "O": 10.66141711,
    "H": 10.99067012,
    "C": 0.02130676
  },
  "execution_time": 1.1205673217773438e-05,
  "mix_id": "MIX_2556",
  "input_file": "/teamspace/studios/this_studio/inputs/generated/MIX_2556.inp"
}