{
  "converged": true,
  "method": "simplified_thermodynamic_model",
  "note": "Using simplified model until Cemdata18 integration complete",
  "temperature_K": 298.15,
  "pressure_bar": 1.01325,
  "CO2_fraction": 0.15,
  "pCO2_bar": 0.1519875,
  "phases": {
    "Calcite": {
      "moles": 0.0033002451759374996,
      "mass_kg": 0.00033032153965958434
    },
    "C-S-H_1.0": {
      "moles": 0.3419012048240625,
      "mass_kg": 0.05812320482009063
    },
    "Silica_gel": {
      "moles": 1.0081947651759373,
      "mass_kg": 0.060572341491770314
    },
    "Ettringite": {
      "moles": 0.00854325,
      "mass_kg": 0.010721778749999999
    },
    "Hydrotalcite": {
      "moles": 0.024726828,
      "mass_kg": 0.010953984804
    }
  },
  "pH": 9.7400625,
  "pe": 4.0,
  "Eh": 0.24,
  "system_mass_kg": 0.14070163140552053,
  "input_composition": {
    "Ca": 0.34520145,
    "Si": 1.35009597,
    "Al": 0.54532455,
    "Fe": 0.08681919,
    "Mg": 0.08242276,
    "K": 0.06777358,
    "Na": 0.05384321,
    "S": 0.0512595,
    "O": 10.96900203,
    "H": 13.32202441,
    "C": 0.00868557
  },
  "execution_time": 1.3113021850585938e-05,
  "mix_id": "MIX_1811",
  "input_file": "/teamspace/studios/this_studio/inputs/generated/MIX_1811.inp"
}