{
  "converged": true,
  "method": "simplified_thermodynamic_model",
  "note": "Using simplified model until Cemdata18 integration complete",
  "temperature_K": 298.15,
  "pressure_bar": 1.01325,
  "CO2_fraction": 0.25,
  "pCO2_bar": 0.2533125,
  "phases": {
    "Calcite": {
      "moles": 0.0086300972296875,
      "mass_kg": 0.0008637864317194218
    },
    "C-S-H_1.0": {
      "moles": 0.4831544727703125,
      "mass_kg": 0.08213626037095313
    },
    "Silica_gel": {
      "moles": 0.7145311672296875,
      "mass_kg": 0.04292903252715962
    },
    "Ettringite": {
      "moles": 0.017086501666666667,
      "mass_kg": 0.021443559591666665
    },
    "Hydrotalcite": {
      "moles": 0.035445261,
      "mass_kg": 0.015702250623
    }
  },
  "pH": 9.2334375,
  "pe": 4.0,
  "Eh": 0.24,
  "system_mass_kg": 0.16307488954449884,
  "input_composition": {
    "Ca": 0.49178457,
    "Si": 1.19768564,
    "Al": 0.53867497,
    "Fe": 0.05773752,
    "Mg": 0.11815087,
    "K": 0.05860121,
    "Na": 0.07635189,
    "S": 0.10251901,
    "O": 9.96407457,
    "H": 11.32372072,
    "C": 0.01362759
  },
  "execution_time": 1.8358230590820312e-05,
  "mix_id": "MIX_1286",
  "input_file": "/teamspace/studios/this_studio/inputs/generated/MIX_1286.inp"
}