{
  "converged": true,
  "method": "simplified_thermodynamic_model",
  "note": "Using simplified model until Cemdata18 integration complete",
  "temperature_K": 298.15,
  "pressure_bar": 1.01325,
  "CO2_fraction": 0.3,
  "pCO2_bar": 0.303975,
  "phases": {
    "Calcite": {
      "moles": 0.009124394776875,
      "mass_kg": 0.0009132606732174187
    },
    "C-S-H_1.0": {
      "moles": 0.106626335223125,
      "mass_kg": 0.01812647698793125
    },
    "Silica_gel": {
      "moles": 1.149234184776875,
      "mass_kg": 0.06904598982139465
    },
    "Ettringite": {
      "moles": 0.000854325,
      "mass_kg": 0.0010721778749999999
    },
    "Hydrotalcite": {
      "moles": 0.011797719,
      "mass_kg": 0.005226389517
    }
  },
  "pH": 8.980125000000001,
  "pe": 4.0,
  "Eh": 0.24,
  "system_mass_kg": 0.09438429487454332,
  "input_composition": {
    "Ca": 0.11575073,
    "Si": 1.25586052,
    "Al": 0.47716339,
    "Fe": 0.08203236,
    "Mg": 0.03932573,
    "K": 0.06685634,
    "Na": 0.09422562,
    "S": 0.00512595,
    "O": 6.95602961,
    "H": 6.66101221,
    "C": 0.01200677
  },
  "execution_time": 1.1682510375976562e-05,
  "mix_id": "MIX_1087",
  "input_file": "/teamspace/studios/this_studio/inputs/generated/MIX_1087.inp"
}