{
  "converged": true,
  "method": "simplified_thermodynamic_model",
  "note": "Using simplified model until Cemdata18 integration complete",
  "temperature_K": 298.15,
  "pressure_bar": 1.01325,
  "CO2_fraction": 0.15,
  "pCO2_bar": 0.1519875,
  "phases": {
    "Calcite": {
      "moles": 0.0021463256784374995,
      "mass_kg": 0.0002148257371548093
    },
    "C-S-H_1.0": {
      "moles": 0.1722376543215625,
      "mass_kg": 0.029280401234665625
    },
    "Silica_gel": {
      "moles": 0.9966217256784375,
      "mass_kg": 0.05987703327876053
    },
    "Ettringite": {
      "moles": 0.004271625,
      "mass_kg": 0.0053608893749999996
    },
    "Hydrotalcite": {
      "moles": 0.016085091,
      "mass_kg": 0.007125695313
    }
  },
  "pH": 9.7400625,
  "pe": 4.0,
  "Eh": 0.24,
  "system_mass_kg": 0.10185884493858097,
  "input_composition": {
    "Ca": 0.17438398,
    "Si": 1.16885938,
    "Al": 0.47450356,
    "Fe": 0.07039969,
    "Mg": 0.05361697,
    "K": 0.0631874,
    "Na": 0.05274692,
    "S": 0.02562975,
    "O": 6.36015859,
    "H": 5.6618604,
    "C": 0.00564869
  },
  "execution_time": 1.4066696166992188e-05,
  "mix_id": "MIX_0582",
  "input_file": "/teamspace/studios/this_studio/inputs/generated/MIX_0582.inp"
}