{
  "converged": true,
  "method": "simplified_thermodynamic_model",
  "note": "Using simplified model until Cemdata18 integration complete",
  "temperature_K": 298.15,
  "pressure_bar": 1.01325,
  "CO2_fraction": 0.2,
  "pCO2_bar": 0.20265,
  "phases": {
    "Calcite": {
      "moles": 0.00746627954625,
      "mass_kg": 0.0007472999197841626
    },
    "C-S-H_1.0": {
      "moles": 0.97253636045375,
      "mass_kg": 0.16533118127713753
    },
    "Silica_gel": {
      "moles": 0.4543699495462499,
      "mass_kg": 0.02729854656873869
    },
    "Ettringite": {
      "moles": 0.034173003333333334,
      "mass_kg": 0.04288711918333333
    },
    "Hydrotalcite": {
      "moles": 0.063447168,
      "mass_kg": 0.028107095424
    }
  },
  "pH": 9.48675,
  "pe": 4.0,
  "Eh": 0.24,
  "system_mass_kg": 0.2643712423729937,
  "input_composition": {
    "Ca": 0.98000264,
    "Si": 1.42690631,
    "Al": 0.67366736,
    "Fe": 0.06149484,
    "Mg": 0.21149056,
    "K": 0.05860121,
    "Na": 0.13819757,
    "S": 0.20503802,
    "O": 13.2181506,
    "H": 14.65422691,
    "C": 0.01473729
  },
  "execution_time": 1.2874603271484375e-05,
  "mix_id": "MIX_3736",
  "input_file": "/teamspace/studios/this_studio/inputs/generated/MIX_3736.inp"
}