{
  "converged": true,
  "method": "simplified_thermodynamic_model",
  "note": "Using simplified model until Cemdata18 integration complete",
  "temperature_K": 298.15,
  "pressure_bar": 1.01325,
  "CO2_fraction": 0.2,
  "pCO2_bar": 0.20265,
  "phases": {
    "Calcite": {
      "moles": 0.007512954907499999,
      "mass_kg": 0.0007519716566916749
    },
    "C-S-H_1.0": {
      "moles": 0.7379566950925,
      "mass_kg": 0.125452638165725
    },
    "Silica_gel": {
      "moles": 0.9701381649075002,
      "mass_kg": 0.05828590094764261
    },
    "Ettringite": {
      "moles": 0.020503801666666665,
      "mass_kg": 0.02573227109166666
    },
    "Hydrotalcite": {
      "moles": 0.046297674,
      "mass_kg": 0.020509869582
    }
  },
  "pH": 9.48675,
  "pe": 4.0,
  "Eh": 0.24,
  "system_mass_kg": 0.23073265144372596,
  "input_composition": {
    "Ca": 0.74546965,
    "Si": 1.70809486,
    "Al": 0.68430669,
    "Fe": 0.10802551,
    "Mg": 0.15432558,
    "K": 0.073277,
    "Na": 0.17456535,
    "S": 0.12302281,
    "O": 13.35424518,
    "H": 14.65422691,
    "C": 0.01482942
  },
  "execution_time": 8.344650268554688e-06,
  "mix_id": "MIX_4188",
  "input_file": "/teamspace/studios/this_studio/inputs/generated/MIX_4188.inp"
}