{
  "converged": true,
  "method": "simplified_thermodynamic_model",
  "note": "Using simplified model until Cemdata18 integration complete",
  "temperature_K": 298.15,
  "pressure_bar": 1.01325,
  "CO2_fraction": 0.4,
  "pCO2_bar": 0.4053,
  "phases": {
    "Calcite": {
      "moles": 0.01581217,
      "mass_kg": 0.0015826400953
    },
    "C-S-H_1.0": {
      "moles": 0.15857180999999998,
      "mass_kg": 0.0269572077
    },
    "Silica_gel": {
      "moles": 1.01164032,
      "mass_kg": 0.060779350425599996
    },
    "Ettringite": {
      "moles": 0.004271625,
      "mass_kg": 0.0053608893749999996
    },
    "Hydrotalcite": {
      "moles": 0.016085091,
      "mass_kg": 0.007125695313
    }
  },
  "pH": 8.5,
  "pe": 4.0,
  "Eh": 0.24,
  "system_mass_kg": 0.1018057829089,
  "input_composition": {
    "Ca": 0.17438398,
    "Si": 1.17021213,
    "Al": 0.47450356,
    "Fe": 0.07039969,
    "Mg": 0.05361697,
    "K": 0.0631874,
    "Na": 0.05536969,
    "S": 0.02562975,
    "O": 6.88407834,
    "H": 6.66101223,
    "C": 0.01581217
  },
  "execution_time": 8.58306884765625e-06,
  "mix_id": "MIX_0663",
  "input_file": "/teamspace/studios/this_studio/inputs/generated/MIX_0663.inp"
}