{
  "converged": true,
  "method": "simplified_thermodynamic_model",
  "note": "Using simplified model until Cemdata18 integration complete",
  "temperature_K": 298.15,
  "pressure_bar": 1.01325,
  "CO2_fraction": 0.25,
  "pCO2_bar": 0.2533125,
  "phases": {
    "Calcite": {
      "moles": 0.015152083504687497,
      "mass_kg": 0.0015165720379841715
    },
    "C-S-H_1.0": {
      "moles": 0.6716843264953125,
      "mass_kg": 0.11418633550420314
    },
    "Silica_gel": {
      "moles": 1.0811234235046876,
      "mass_kg": 0.06495389528416164
    },
    "Ettringite": {
      "moles": 0.017086501666666667,
      "mass_kg": 0.021443559591666665
    },
    "Hydrotalcite": {
      "moles": 0.042010302,
      "mass_kg": 0.018610563786
    }
  },
  "pH": 9.2334375,
  "pe": 4.0,
  "Eh": 0.24,
  "system_mass_kg": 0.2207109262040156,
  "input_composition": {
    "Ca": 0.68683641,
    "Si": 1.75280775,
    "Al": 0.68696653,
    "Fe": 0.11965818,
    "Mg": 0.14003434,
    "K": 0.07694594,
    "Na": 0.13405294,
    "S": 0.10251901,
    "O": 19.32535678,
    "H": 26.64404877,
    "C": 0.02392631
  },
  "execution_time": 9.775161743164062e-06,
  "mix_id": "MIX_4311",
  "input_file": "/teamspace/studios/this_studio/inputs/generated/MIX_4311.inp"
}