{
  "converged": true,
  "method": "simplified_thermodynamic_model",
  "note": "Using simplified model until Cemdata18 integration complete",
  "temperature_K": 298.15,
  "pressure_bar": 1.01325,
  "CO2_fraction": 0.15,
  "pCO2_bar": 0.1519875,
  "phases": {
    "Calcite": {
      "moles": 0.0030880858246874992,
      "mass_kg": 0.0003090865101929718
    },
    "C-S-H_1.0": {
      "moles": 0.3421133641753125,
      "mass_kg": 0.058159271909803134
    },
    "Silica_gel": {
      "moles": 1.0061973658246874,
      "mass_kg": 0.060452337738747225
    },
    "Ettringite": {
      "moles": 0.00854325,
      "mass_kg": 0.010721778749999999
    },
    "Hydrotalcite": {
      "moles": 0.024726828,
      "mass_kg": 0.010953984804
    }
  },
  "pH": 9.7400625,
  "pe": 4.0,
  "Eh": 0.24,
  "system_mass_kg": 0.14059645971274334,
  "input_composition": {
    "Ca": 0.34520145,
    "Si": 1.34831073,
    "Al": 0.54532455,
    "Fe": 0.08681919,
    "Mg": 0.08242276,
    "K": 0.06777358,
    "Na": 0.05038186,
    "S": 0.0512595,
    "O": 9.9634323,
    "H": 11.32372071,
    "C": 0.00812721
  },
  "execution_time": 1.621246337890625e-05,
  "mix_id": "MIX_1810",
  "input_file": "/teamspace/studios/this_studio/inputs/generated/MIX_1810.inp"
}