{
  "converged": true,
  "method": "simplified_thermodynamic_model",
  "note": "Using simplified model until Cemdata18 integration complete",
  "temperature_K": 298.15,
  "pressure_bar": 1.01325,
  "CO2_fraction": 0.2,
  "pCO2_bar": 0.20265,
  "phases": {
    "Calcite": {
      "moles": 0.004055289944999999,
      "mass_kg": 0.0004058939705950499
    },
    "C-S-H_1.0": {
      "moles": 0.126353750055,
      "mass_kg": 0.02148013750935
    },
    "Silica_gel": {
      "moles": 1.113104809945,
      "mass_kg": 0.0668753369814956
    },
    "Ettringite": {
      "moles": 0.00170865,
      "mass_kg": 0.0021443557499999997
    },
    "Hydrotalcite": {
      "moles": 0.012869562,
      "mass_kg": 0.0057012159659999995
    }
  },
  "pH": 9.48675,
  "pe": 4.0,
  "Eh": 0.24,
  "system_mass_kg": 0.09660694017744065,
  "input_composition": {
    "Ca": 0.13040904,
    "Si": 1.23945856,
    "Al": 0.47649844,
    "Fe": 0.07912419,
    "Mg": 0.04289854,
    "K": 0.06593911,
    "Na": 0.09422562,
    "S": 0.0102519,
    "O": 6.94301185,
    "H": 6.66101221,
    "C": 0.00800452
  },
  "execution_time": 1.3113021850585938e-05,
  "mix_id": "MIX_0943",
  "input_file": "/teamspace/studios/this_studio/inputs/generated/MIX_0943.inp"
}