{
  "converged": true,
  "method": "simplified_thermodynamic_model",
  "note": "Using simplified model until Cemdata18 integration complete",
  "temperature_K": 298.15,
  "pressure_bar": 1.01325,
  "CO2_fraction": 0.2,
  "pCO2_bar": 0.20265,
  "phases": {
    "Calcite": {
      "moles": 0.007187205165,
      "mass_kg": 0.00071936736496485
    },
    "C-S-H_1.0": {
      "moles": 0.376906924835,
      "mass_kg": 0.06407417722195
    },
    "Silica_gel": {
      "moles": 1.307726165165,
      "mass_kg": 0.0785681880031132
    },
    "Ettringite": {
      "moles": 0.00512595,
      "mass_kg": 0.006433067249999999
    },
    "Hydrotalcite": {
      "moles": 0.023721975,
      "mass_kg": 0.010508834925
    }
  },
  "pH": 9.48675,
  "pe": 4.0,
  "Eh": 0.24,
  "system_mass_kg": 0.16030363476502804,
  "input_composition": {
    "Ca": 0.38409413,
    "Si": 1.68463309,
    "Al": 0.62213016,
    "Fe": 0.12941219,
    "Mg": 0.07907325,
    "K": 0.08061489,
    "Na": 0.06595793,
    "S": 0.0307557,
    "O": 13.64646404,
    "H": 16.98558113,
    "C": 0.01418644
  },
  "execution_time": 1.7404556274414062e-05,
  "mix_id": "MIX_3394",
  "input_file": "/teamspace/studios/this_studio/inputs/generated/MIX_3394.inp"
}