{
  "converged": true,
  "method": "simplified_thermodynamic_model",
  "note": "Using simplified model until Cemdata18 integration complete",
  "temperature_K": 298.15,
  "pressure_bar": 1.01325,
  "CO2_fraction": 0.3,
  "pCO2_bar": 0.303975,
  "phases": {
    "Calcite": {
      "moles": 0.022090645985624997,
      "mass_kg": 0.002211052756701206
    },
    "C-S-H_1.0": {
      "moles": 0.371579534014375,
      "mass_kg": 0.06316852078244375
    },
    "Silica_gel": {
      "moles": 1.7577865959856251,
      "mass_kg": 0.10560781868681636
    },
    "Hydrotalcite": {
      "moles": 0.020573436,
      "mass_kg": 0.009114032148
    }
  },
  "pH": 8.980125000000001,
  "pe": 4.0,
  "Eh": 0.24,
  "system_mass_kg": 0.18010142437396132,
  "input_composition": {
    "Ca": 0.39367018,
    "Si": 2.12936613,
    "Al": 0.70026569,
    "Fe": 0.17782153,
    "Mg": 0.06857812,
    "K": 0.09529067,
    "Na": 0.22812517,
    "S": 0.0,
    "O": 19.57998178,
    "H": 26.64404881,
    "C": 0.02906903
  },
  "execution_time": 1.430511474609375e-05,
  "mix_id": "MIX_4895",
  "input_file": "/teamspace/studios/this_studio/inputs/generated/MIX_4895.inp"
}