{
  "converged": true,
  "method": "simplified_thermodynamic_model",
  "note": "Using simplified model until Cemdata18 integration complete",
  "temperature_K": 298.15,
  "pressure_bar": 1.01325,
  "CO2_fraction": 0.25,
  "pCO2_bar": 0.2533125,
  "phases": {
    "Calcite": {
      "moles": 0.008037193992187499,
      "mass_kg": 0.0008044427466780467
    },
    "C-S-H_1.0": {
      "moles": 0.4251141260078125,
      "mass_kg": 0.07226940142132814
    },
    "Silica_gel": {
      "moles": 0.8354738539921874,
      "mass_kg": 0.05019526914785062
    },
    "Ettringite": {
      "moles": 0.013669201666666667,
      "mass_kg": 0.017154848091666664
    },
    "Hydrotalcite": {
      "moles": 0.031157888999999998,
      "mass_kg": 0.013802944826999999
    }
  },
  "pH": 9.2334375,
  "pe": 4.0,
  "Eh": 0.24,
  "system_mass_kg": 0.15422690623452348,
  "input_composition": {
    "Ca": 0.43315132,
    "Si": 1.26058798,
    "Al": 0.5413348,
    "Fe": 0.06937019,
    "Mg": 0.10385963,
    "K": 0.06227016,
    "Na": 0.07110634,
    "S": 0.08201521,
    "O": 8.97506951,
    "H": 9.3254171,
    "C": 0.01269135
  },
  "execution_time": 9.775161743164062e-06,
  "mix_id": "MIX_1509",
  "input_file": "/teamspace/studios/this_studio/inputs/generated/MIX_1509.inp"
}