{
  "converged": true,
  "method": "simplified_thermodynamic_model",
  "note": "Using simplified model until Cemdata18 integration complete",
  "temperature_K": 298.15,
  "pressure_bar": 1.01325,
  "CO2_fraction": 0.35,
  "pCO2_bar": 0.3546375,
  "phases": {
    "Calcite": {
      "moles": 0.025361555040937497,
      "mass_kg": 0.002538438044047434
    },
    "C-S-H_1.0": {
      "moles": 0.6614748549590624,
      "mass_kg": 0.11245072534304063
    },
    "Silica_gel": {
      "moles": 1.1214359450409375,
      "mass_kg": 0.06737587157805952
    },
    "Ettringite": {
      "moles": 0.017086501666666667,
      "mass_kg": 0.021443559591666665
    },
    "Hydrotalcite": {
      "moles": 0.042010302,
      "mass_kg": 0.018610563786
    }
  },
  "pH": 8.7268125,
  "pe": 4.0,
  "Eh": 0.24,
  "system_mass_kg": 0.22241915834281425,
  "input_composition": {
    "Ca": 0.68683641,
    "Si": 1.7829108,
    "Al": 0.68696653,
    "Fe": 0.11965818,
    "Mg": 0.14003434,
    "K": 0.07694594,
    "Na": 0.19241863,
    "S": 0.10251901,
    "O": 15.42749705,
    "H": 18.65083419,
    "C": 0.02860561
  },
  "execution_time": 1.0251998901367188e-05,
  "mix_id": "MIX_4349",
  "input_file": "/teamspace/studios/this_studio/inputs/generated/MIX_4349.inp"
}