{
  "converged": true,
  "method": "simplified_thermodynamic_model",
  "note": "Using simplified model until Cemdata18 integration complete",
  "temperature_K": 298.15,
  "pressure_bar": 1.01325,
  "CO2_fraction": 0.2,
  "pCO2_bar": 0.20265,
  "phases": {
    "Calcite": {
      "moles": 0.004005417779999999,
      "mass_kg": 0.00040090226560019995
    },
    "C-S-H_1.0": {
      "moles": 0.24367011222,
      "mass_kg": 0.04142391907740001
    },
    "Silica_gel": {
      "moles": 0.84453223778,
      "mass_kg": 0.0507394968458224
    },
    "Ettringite": {
      "moles": 0.00854325,
      "mass_kg": 0.010721778749999999
    },
    "Hydrotalcite": {
      "moles": 0.021444308999999998,
      "mass_kg": 0.009499828887
    }
  },
  "pH": 9.48675,
  "pe": 4.0,
  "Eh": 0.24,
  "system_mass_kg": 0.1127859258258226,
  "input_composition": {
    "Ca": 0.24767553,
    "Si": 1.08820235,
    "Al": 0.47117877,
    "Fe": 0.05585885,
    "Mg": 0.07148103,
    "K": 0.05860121,
    "Na": 0.05536969,
    "S": 0.0512595,
    "O": 6.84319995,
    "H": 6.66101223,
    "C": 0.00790608
  },
  "execution_time": 1.1682510375976562e-05,
  "mix_id": "MIX_0039",
  "input_file": "/teamspace/studios/this_studio/inputs/generated/MIX_0039.inp"
}