{
  "converged": true,
  "method": "simplified_thermodynamic_model",
  "note": "Using simplified model until Cemdata18 integration complete",
  "temperature_K": 298.15,
  "pressure_bar": 1.01325,
  "CO2_fraction": 0.4,
  "pCO2_bar": 0.4053,
  "phases": {
    "Calcite": {
      "moles": 0.02167257,
      "mass_kg": 0.0021692075313
    },
    "C-S-H_1.0": {
      "moles": 0.17694577,
      "mass_kg": 0.030080780900000003
    },
    "Silica_gel": {
      "moles": 1.33538451,
      "mass_kg": 0.0802299013608
    },
    "Hydrotalcite": {
      "moles": 0.014008394999999998,
      "mass_kg": 0.006205718984999999
    }
  },
  "pH": 8.5,
  "pe": 4.0,
  "Eh": 0.24,
  "system_mass_kg": 0.1186856087771,
  "input_composition": {
    "Ca": 0.19861834,
    "Si": 1.51233028,
    "Al": 0.55197413,
    "Fe": 0.11590086,
    "Mg": 0.04669465,
    "K": 0.07694594,
    "Na": 0.05038186,
    "S": 0.0,
    "O": 10.04065544,
    "H": 11.32372071,
    "C": 0.02167257
  },
  "execution_time": 9.059906005859375e-06,
  "mix_id": "MIX_2450",
  "input_file": "/teamspace/studios/this_studio/inputs/generated/MIX_2450.inp"
}