{
  "converged": true,
  "method": "simplified_thermodynamic_model",
  "note": "Using simplified model until Cemdata18 integration complete",
  "temperature_K": 298.15,
  "pressure_bar": 1.01325,
  "CO2_fraction": 0.4,
  "pCO2_bar": 0.4053,
  "phases": {
    "Calcite": {
      "moles": 0.02929412,
      "mass_kg": 0.0029320484708
    },
    "C-S-H_1.0": {
      "moles": 0.5402758,
      "mass_kg": 0.091846886
    },
    "Silica_gel": {
      "moles": 1.3275147299999999,
      "mass_kg": 0.07975708497839999
    },
    "Ettringite": {
      "moles": 0.010251901666666667,
      "mass_kg": 0.012866136591666666
    },
    "Hydrotalcite": {
      "moles": 0.033435555,
      "mass_kg": 0.014811950865
    }
  },
  "pH": 8.5,
  "pe": 4.0,
  "Eh": 0.24,
  "system_mass_kg": 0.20221410690586666,
  "input_composition": {
    "Ca": 0.56956992,
    "Si": 1.86779053,
    "Al": 0.69228619,
    "Fe": 0.14292352,
    "Mg": 0.11145185,
    "K": 0.08428383,
    "Na": 0.10257964,
    "S": 0.06151141,
    "O": 13.33308502,
    "H": 14.65422683,
    "C": 0.02929412
  },
  "execution_time": 1.1205673217773438e-05,
  "mix_id": "MIX_4580",
  "input_file": "/teamspace/studios/this_studio/inputs/generated/MIX_4580.inp"
}