{
  "converged": true,
  "method": "simplified_thermodynamic_model",
  "note": "Using simplified model until Cemdata18 integration complete",
  "temperature_K": 298.15,
  "pressure_bar": 1.01325,
  "CO2_fraction": 0.35,
  "pCO2_bar": 0.3546375,
  "phases": {
    "Calcite": {
      "moles": 0.0187730818340625,
      "mass_kg": 0.0018789977607713156
    },
    "C-S-H_1.0": {
      "moles": 0.7171205181659376,
      "mass_kg": 0.1219104880882094
    },
    "Silica_gel": {
      "moles": 0.5983673318340624,
      "mass_kg": 0.03594990929659047
    },
    "Ettringite": {
      "moles": 0.02562975166666667,
      "mass_kg": 0.03216533834166667
    },
    "Hydrotalcite": {
      "moles": 0.049446213,
      "mass_kg": 0.021904672359
    }
  },
  "pH": 8.7268125,
  "pe": 4.0,
  "Eh": 0.24,
  "system_mass_kg": 0.21380940584623784,
  "input_composition": {
    "Ca": 0.7358936,
    "Si": 1.31548785,
    "Al": 0.60617116,
    "Fe": 0.05961618,
    "Mg": 0.16482071,
    "K": 0.05860121,
    "Na": 0.11346335,
    "S": 0.15377851,
    "O": 10.61542274,
    "H": 10.99067019,
    "C": 0.02117439
  },
  "execution_time": 2.6941299438476562e-05,
  "mix_id": "MIX_2552",
  "input_file": "/teamspace/studios/this_studio/inputs/generated/MIX_2552.inp"
}