{
  "converged": true,
  "method": "simplified_thermodynamic_model",
  "note": "Using simplified model until Cemdata18 integration complete",
  "temperature_K": 298.15,
  "pressure_bar": 1.01325,
  "CO2_fraction": 0.35,
  "pCO2_bar": 0.3546375,
  "phases": {
    "Calcite": {
      "moles": 0.017968010379375,
      "mass_kg": 0.0017984181588716437
    },
    "C-S-H_1.0": {
      "moles": 0.23928356962062497,
      "mass_kg": 0.04067820683550625
    },
    "Silica_gel": {
      "moles": 1.2092241403793749,
      "mass_kg": 0.07265018635399284
    },
    "Ettringite": {
      "moles": 0.0034173,
      "mass_kg": 0.0042887114999999995
    },
    "Hydrotalcite": {
      "moles": 0.01829577,
      "mass_kg": 0.00810502611
    }
  },
  "pH": 8.7268125,
  "pe": 4.0,
  "Eh": 0.24,
  "system_mass_kg": 0.12752054895837073,
  "input_composition": {
    "Ca": 0.25725158,
    "Si": 1.44850771,
    "Al": 0.5493143,
    "Fe": 0.10426819,
    "Mg": 0.0609859,
    "K": 0.073277,
    "Na": 0.05384321,
    "S": 0.0205038,
    "O": 11.02224302,
    "H": 13.32202441,
    "C": 0.02026634
  },
  "execution_time": 1.1682510375976562e-05,
  "mix_id": "MIX_2211",
  "input_file": "/teamspace/studios/this_studio/inputs/generated/MIX_2211.inp"
}