{
  "converged": true,
  "method": "simplified_thermodynamic_model",
  "note": "Using simplified model until Cemdata18 integration complete",
  "temperature_K": 298.15,
  "pressure_bar": 1.01325,
  "CO2_fraction": 0.4,
  "pCO2_bar": 0.4053,
  "phases": {
    "Calcite": {
      "moles": 0.02055897,
      "mass_kg": 0.0020577473073
    },
    "C-S-H_1.0": {
      "moles": 0.47122559999999997,
      "mass_kg": 0.080108352
    },
    "Silica_gel": {
      "moles": 0.74949087,
      "mass_kg": 0.0450294114696
    },
    "Ettringite": {
      "moles": 0.017086501666666667,
      "mass_kg": 0.021443559591666665
    },
    "Hydrotalcite": {
      "moles": 0.035445261,
      "mass_kg": 0.015702250623
    }
  },
  "pH": 8.5,
  "pe": 4.0,
  "Eh": 0.24,
  "system_mass_kg": 0.16434132099156668,
  "input_composition": {
    "Ca": 0.49178457,
    "Si": 1.22071647,
    "Al": 0.53867497,
    "Fe": 0.05773752,
    "Mg": 0.11815087,
    "K": 0.05860121,
    "Na": 0.12100552,
    "S": 0.10251901,
    "O": 9.04717397,
    "H": 9.32541705,
    "C": 0.02055897
  },
  "execution_time": 8.821487426757812e-06,
  "mix_id": "MIX_1341",
  "input_file": "/teamspace/studios/this_studio/inputs/generated/MIX_1341.inp"
}