{
  "converged": true,
  "method": "simplified_thermodynamic_model",
  "note": "Using simplified model until Cemdata18 integration complete",
  "temperature_K": 298.15,
  "pressure_bar": 1.01325,
  "CO2_fraction": 0.3,
  "pCO2_bar": 0.303975,
  "phases": {
    "Calcite": {
      "moles": 0.016471941688125,
      "mass_kg": 0.001648676643564431
    },
    "C-S-H_1.0": {
      "moles": 0.45557205831187503,
      "mass_kg": 0.07744724991301875
    },
    "Silica_gel": {
      "moles": 1.184363311688125,
      "mass_kg": 0.07115654776622254
    },
    "Ettringite": {
      "moles": 0.010251901666666667,
      "mass_kg": 0.012866136591666666
    },
    "Hydrotalcite": {
      "moles": 0.030153035999999998,
      "mass_kg": 0.013357794947999999
    }
  },
  "pH": 8.980125000000001,
  "pe": 4.0,
  "Eh": 0.24,
  "system_mass_kg": 0.1764764058624724,
  "input_composition": {
    "Ca": 0.472044,
    "Si": 1.63993537,
    "Al": 0.61814041,
    "Fe": 0.11196319,
    "Mg": 0.10051012,
    "K": 0.07511147,
    "Na": 0.17010204,
    "S": 0.06151141,
    "O": 13.79086255,
    "H": 16.98558112,
    "C": 0.02167539
  },
  "execution_time": 1.1682510375976562e-05,
  "mix_id": "MIX_3214",
  "input_file": "/teamspace/studios/this_studio/inputs/generated/MIX_3214.inp"
}