{
  "converged": true,
  "method": "simplified_thermodynamic_model",
  "note": "Using simplified model until Cemdata18 integration complete",
  "temperature_K": 298.15,
  "pressure_bar": 1.01325,
  "CO2_fraction": 0.3,
  "pCO2_bar": 0.303975,
  "phases": {
    "Calcite": {
      "moles": 0.016471941688125,
      "mass_kg": 0.001648676643564431
    },
    "C-S-H_1.0": {
      "moles": 0.499546988311875,
      "mass_kg": 0.08492298801301876
    },
    "Silica_gel": {
      "moles": 1.0911825116881249,
      "mass_kg": 0.06555824530222254
    },
    "Ettringite": {
      "moles": 0.012814876666666667,
      "mass_kg": 0.016082670216666668
    },
    "Hydrotalcite": {
      "moles": 0.033368564999999996,
      "mass_kg": 0.014782274294999998
    }
  },
  "pH": 8.980125000000001,
  "pe": 4.0,
  "Eh": 0.24,
  "system_mass_kg": 0.1829948544704724,
  "input_composition": {
    "Ca": 0.51601893,
    "Si": 1.5907295,
    "Al": 0.61614554,
    "Fe": 0.10323869,
    "Mg": 0.11122855,
    "K": 0.07235976,
    "Na": 0.17010204,
    "S": 0.07688926,
    "O": 13.77582282,
    "H": 16.98558112,
    "C": 0.02167539
  },
  "execution_time": 1.5974044799804688e-05,
  "mix_id": "MIX_3102",
  "input_file": "/teamspace/studios/this_studio/inputs/generated/MIX_3102.inp"
}