{
  "converged": true,
  "method": "simplified_thermodynamic_model",
  "note": "Using simplified model until Cemdata18 integration complete",
  "temperature_K": 298.15,
  "pressure_bar": 1.01325,
  "CO2_fraction": 0.15,
  "pCO2_bar": 0.1519875,
  "phases": {
    "Calcite": {
      "moles": 0.0041488825809375,
      "mass_kg": 0.0004152616575260344
    },
    "C-S-H_1.0": {
      "moles": 0.7999540174190625,
      "mass_kg": 0.13599218296124063
    },
    "Silica_gel": {
      "moles": 0.7874096125809376,
      "mass_kg": 0.04730756952386273
    },
    "Ettringite": {
      "moles": 0.023921101666666666,
      "mass_kg": 0.030020982591666665
    },
    "Hydrotalcite": {
      "moles": 0.050585049,
      "mass_kg": 0.022409176707
    }
  },
  "pH": 9.7400625,
  "pe": 4.0,
  "Eh": 0.24,
  "system_mass_kg": 0.23614517344129607,
  "input_composition": {
    "Ca": 0.8041029,
    "Si": 1.58736363,
    "Al": 0.68164686,
    "Fe": 0.09639285,
    "Mg": 0.16861683,
    "K": 0.06960805,
    "Na": 0.0676886,
    "S": 0.14352661,
    "O": 13.16268615,
    "H": 14.65422685,
    "C": 0.01091901
  },
  "execution_time": 1.1205673217773438e-05,
  "mix_id": "MIX_4048",
  "input_file": "/teamspace/studios/this_studio/inputs/generated/MIX_4048.inp"
}