{
  "converged": true,
  "method": "simplified_thermodynamic_model",
  "note": "Using simplified model until Cemdata18 integration complete",
  "temperature_K": 298.15,
  "pressure_bar": 1.01325,
  "CO2_fraction": 0.25,
  "pCO2_bar": 0.2533125,
  "phases": {
    "Calcite": {
      "moles": 0.012859181081249999,
      "mass_kg": 0.0012870754344223123
    },
    "C-S-H_1.0": {
      "moles": 0.90851020891875,
      "mass_kg": 0.1544467355161875
    },
    "Silica_gel": {
      "moles": 0.5912936810812499,
      "mass_kg": 0.0355249243593615
    },
    "Ettringite": {
      "moles": 0.030755703333333332,
      "mass_kg": 0.03859840768333333
    },
    "Hydrotalcite": {
      "moles": 0.059159792999999995,
      "mass_kg": 0.026207788298999998
    }
  },
  "pH": 9.2334375,
  "pe": 4.0,
  "Eh": 0.24,
  "system_mass_kg": 0.2560649312923046,
  "input_composition": {
    "Ca": 0.92136939,
    "Si": 1.49980389,
    "Al": 0.67632719,
    "Fe": 0.07312751,
    "Mg": 0.19719931,
    "K": 0.06227016,
    "Na": 0.15233141,
    "S": 0.18453422,
    "O": 15.26929038,
    "H": 18.65083423,
    "C": 0.02030564
  },
  "execution_time": 1.0967254638671875e-05,
  "mix_id": "MIX_3865",
  "input_file": "/teamspace/studios/this_studio/inputs/generated/MIX_3865.inp"
}