{
  "converged": true,
  "method": "simplified_thermodynamic_model",
  "note": "Using simplified model until Cemdata18 integration complete",
  "temperature_K": 298.15,
  "pressure_bar": 1.01325,
  "CO2_fraction": 0.0,
  "pCO2_bar": 0.0,
  "phases": {
    "C-S-H_1.0": {
      "moles": 0.34011919,
      "mass_kg": 0.05782026230000001
    },
    "Silica_gel": {
      "moles": 1.40313883,
      "mass_kg": 0.08430058090640001
    },
    "Ettringite": {
      "moles": 0.002562975,
      "mass_kg": 0.0032165336249999994
    },
    "Hydrotalcite": {
      "moles": 0.020506445999999998,
      "mass_kg": 0.009084355577999999
    }
  },
  "pH": 10.5,
  "pe": 4.0,
  "Eh": 0.24,
  "system_mass_kg": 0.15442173240940002,
  "input_composition": {
    "Ca": 0.34011919,
    "Si": 1.74325802,
    "Al": 0.62412504,
    "Fe": 0.13813669,
    "Mg": 0.06835482,
    "K": 0.0833666,
    "Na": 0.08422021,
    "S": 0.01537785,
    "O": 10.66364468,
    "H": 10.99067013,
    "C": 0.0
  },
  "execution_time": 7.3909759521484375e-06,
  "mix_id": "MIX_3476",
  "input_file": "/teamspace/studios/this_studio/inputs/generated/MIX_3476.inp"
}