{
  "converged": true,
  "method": "simplified_thermodynamic_model",
  "note": "Using simplified model until Cemdata18 integration complete",
  "temperature_K": 298.15,
  "pressure_bar": 1.01325,
  "CO2_fraction": 0.4,
  "pCO2_bar": 0.4053,
  "phases": {
    "Calcite": {
      "moles": 0.03269213,
      "mass_kg": 0.0032721552916999998
    },
    "C-S-H_1.0": {
      "moles": 0.5955110299999999,
      "mass_kg": 0.1012368751
    },
    "Silica_gel": {
      "moles": 1.25300759,
      "mass_kg": 0.0752806960072
    },
    "Ettringite": {
      "moles": 0.013669201666666667,
      "mass_kg": 0.017154848091666664
    },
    "Hydrotalcite": {
      "moles": 0.037722929999999995,
      "mass_kg": 0.01671125799
    }
  },
  "pH": 8.5,
  "pe": 4.0,
  "Eh": 0.24,
  "system_mass_kg": 0.21365583248056666,
  "input_composition": {
    "Ca": 0.62820316,
    "Si": 1.84851862,
    "Al": 0.68962636,
    "Fe": 0.13129085,
    "Mg": 0.1257431,
    "K": 0.08061489,
    "Na": 0.19241863,
    "S": 0.08201521,
    "O": 15.45572305,
    "H": 18.65083419,
    "C": 0.03269213
  },
  "execution_time": 1.3589859008789062e-05,
  "mix_id": "MIX_4477",
  "input_file": "/teamspace/studios/this_studio/inputs/generated/MIX_4477.inp"
}