{
  "converged": true,
  "method": "simplified_thermodynamic_model",
  "note": "Using simplified model until Cemdata18 integration complete",
  "temperature_K": 298.15,
  "pressure_bar": 1.01325,
  "CO2_fraction": 0.0,
  "pCO2_bar": 0.0,
  "phases": {
    "C-S-H_1.0": {
      "moles": 0.51093667,
      "mass_kg": 0.0868592339
    },
    "Silica_gel": {
      "moles": 1.45958948,
      "mass_kg": 0.0876921359584
    },
    "Ettringite": {
      "moles": 0.0068346,
      "mass_kg": 0.008577422999999999
    },
    "Hydrotalcite": {
      "moles": 0.029148182999999998,
      "mass_kg": 0.012912645068999999
    }
  },
  "pH": 10.5,
  "pe": 4.0,
  "Eh": 0.24,
  "system_mass_kg": 0.1960414379274,
  "input_composition": {
    "Ca": 0.51093667,
    "Si": 1.97052615,
    "Al": 0.69494602,
    "Fe": 0.15455619,
    "Mg": 0.09716061,
    "K": 0.08795278,
    "Na": 0.17456535,
    "S": 0.0410076,
    "O": 13.40479823,
    "H": 14.65422691,
    "C": 0.0
  },
  "execution_time": 1.1205673217773438e-05,
  "mix_id": "MIX_4604",
  "input_file": "/teamspace/studios/this_studio/inputs/generated/MIX_4604.inp"
}