{
  "converged": true,
  "method": "simplified_thermodynamic_model",
  "note": "Using simplified model until Cemdata18 integration complete",
  "temperature_K": 298.15,
  "pressure_bar": 1.01325,
  "CO2_fraction": 0.15,
  "pCO2_bar": 0.1519875,
  "phases": {
    "Calcite": {
      "moles": 0.0041488825809375,
      "mass_kg": 0.0004152616575260344
    },
    "C-S-H_1.0": {
      "moles": 0.5654210374190625,
      "mass_kg": 0.09612157636124062
    },
    "Silica_gel": {
      "moles": 1.2843738725809375,
      "mass_kg": 0.07716518226466272
    },
    "Ettringite": {
      "moles": 0.010251901666666667,
      "mass_kg": 0.012866136591666666
    },
    "Hydrotalcite": {
      "moles": 0.033435555,
      "mass_kg": 0.014811950865
    }
  },
  "pH": 9.7400625,
  "pe": 4.0,
  "Eh": 0.24,
  "system_mass_kg": 0.20138010774009604,
  "input_composition": {
    "Ca": 0.56956992,
    "Si": 1.84979491,
    "Al": 0.69228619,
    "Fe": 0.14292352,
    "Mg": 0.11145185,
    "K": 0.08428383,
    "Na": 0.0676886,
    "S": 0.06151141,
    "O": 13.24289804,
    "H": 14.65422685,
    "C": 0.01091901
  },
  "execution_time": 8.821487426757812e-06,
  "mix_id": "MIX_4496",
  "input_file": "/teamspace/studios/this_studio/inputs/generated/MIX_4496.inp"
}