{
  "converged": true,
  "method": "simplified_thermodynamic_model",
  "note": "Using simplified model until Cemdata18 integration complete",
  "temperature_K": 298.15,
  "pressure_bar": 1.01325,
  "CO2_fraction": 0.15,
  "pCO2_bar": 0.1519875,
  "phases": {
    "Calcite": {
      "moles": 0.0041997831946875,
      "mass_kg": 0.0004203562999562719
    },
    "C-S-H_1.0": {
      "moles": 0.5653701368053125,
      "mass_kg": 0.09611292325690313
    },
    "Silica_gel": {
      "moles": 1.3207909231946875,
      "mass_kg": 0.07935311866553682
    },
    "Ettringite": {
      "moles": 0.010251901666666667,
      "mass_kg": 0.012866136591666666
    },
    "Hydrotalcite": {
      "moles": 0.033435555,
      "mass_kg": 0.014811950865
    }
  },
  "pH": 9.7400625,
  "pe": 4.0,
  "Eh": 0.24,
  "system_mass_kg": 0.20356448567906288,
  "input_composition": {
    "Ca": 0.56956992,
    "Si": 1.88616106,
    "Al": 0.69228619,
    "Fe": 0.14292352,
    "Mg": 0.11145185,
    "K": 0.08428383,
    "Na": 0.13819757,
    "S": 0.06151141,
    "O": 13.35115276,
    "H": 14.65422691,
    "C": 0.01105297
  },
  "execution_time": 1.3113021850585938e-05,
  "mix_id": "MIX_4504",
  "input_file": "/teamspace/studios/this_studio/inputs/generated/MIX_4504.inp"
}