{
  "converged": true,
  "method": "simplified_thermodynamic_model",
  "note": "Using simplified model until Cemdata18 integration complete",
  "temperature_K": 298.15,
  "pressure_bar": 1.01325,
  "CO2_fraction": 0.3,
  "pCO2_bar": 0.303975,
  "phases": {
    "Calcite": {
      "moles": 0.016471941688125,
      "mass_kg": 0.001648676643564431
    },
    "C-S-H_1.0": {
      "moles": 0.5874968583118749,
      "mass_kg": 0.09987446591301874
    },
    "Silica_gel": {
      "moles": 0.9048209116881252,
      "mass_kg": 0.05436164037422256
    },
    "Ettringite": {
      "moles": 0.017940826666666666,
      "mass_kg": 0.022515737466666665
    },
    "Hydrotalcite": {
      "moles": 0.039799626,
      "mass_kg": 0.017631234318
    }
  },
  "pH": 8.980125000000001,
  "pe": 4.0,
  "Eh": 0.24,
  "system_mass_kg": 0.1960317547154724,
  "input_composition": {
    "Ca": 0.6039688,
    "Si": 1.49231777,
    "Al": 0.61215579,
    "Fe": 0.08578968,
    "Mg": 0.13266542,
    "K": 0.06685634,
    "Na": 0.17010204,
    "S": 0.10764496,
    "O": 13.74574337,
    "H": 16.98558112,
    "C": 0.02167539
  },
  "execution_time": 1.3113021850585938e-05,
  "mix_id": "MIX_2878",
  "input_file": "/teamspace/studios/this_studio/inputs/generated/MIX_2878.inp"
}