{
  "converged": true,
  "method": "simplified_thermodynamic_model",
  "note": "Using simplified model until Cemdata18 integration complete",
  "temperature_K": 298.15,
  "pressure_bar": 1.01325,
  "CO2_fraction": 0.35,
  "pCO2_bar": 0.3546375,
  "phases": {
    "Calcite": {
      "moles": 0.015657830776875,
      "mass_kg": 0.0015671922824574186
    },
    "C-S-H_1.0": {
      "moles": 0.476126739223125,
      "mass_kg": 0.08094154566793126
    },
    "Silica_gel": {
      "moles": 0.706379190776875,
      "mass_kg": 0.042439261781874654
    },
    "Ettringite": {
      "moles": 0.017086501666666667,
      "mass_kg": 0.021443559591666665
    },
    "Hydrotalcite": {
      "moles": 0.035445261,
      "mass_kg": 0.015702250623
    }
  },
  "pH": 8.7268125,
  "pe": 4.0,
  "Eh": 0.24,
  "system_mass_kg": 0.16209380994692998,
  "input_composition": {
    "Ca": 0.49178457,
    "Si": 1.18250593,
    "Al": 0.53867497,
    "Fe": 0.05773752,
    "Mg": 0.11815087,
    "K": 0.05860121,
    "Na": 0.04692051,
    "S": 0.10251901,
    "O": 8.9279138,
    "H": 9.32541712,
    "C": 0.01766066
  },
  "execution_time": 1.8596649169921875e-05,
  "mix_id": "MIX_1313",
  "input_file": "/teamspace/studios/this_studio/inputs/generated/MIX_1313.inp"
}