{
  "converged": true,
  "method": "simplified_thermodynamic_model",
  "note": "Using simplified model until Cemdata18 integration complete",
  "temperature_K": 298.15,
  "pressure_bar": 1.01325,
  "CO2_fraction": 0.15,
  "pCO2_bar": 0.1519875,
  "phases": {
    "Calcite": {
      "moles": 0.004226035235624999,
      "mass_kg": 0.00042298386673370617
    },
    "C-S-H_1.0": {
      "moles": 0.6826103747643749,
      "mass_kg": 0.11604376370994375
    },
    "Silica_gel": {
      "moles": 1.0910923152356249,
      "mass_kg": 0.06555282629935634
    },
    "Ettringite": {
      "moles": 0.017086501666666667,
      "mass_kg": 0.021443559591666665
    },
    "Hydrotalcite": {
      "moles": 0.042010302,
      "mass_kg": 0.018610563786
    }
  },
  "pH": 9.7400625,
  "pe": 4.0,
  "Eh": 0.24,
  "system_mass_kg": 0.22207369725370046,
  "input_composition": {
    "Ca": 0.68683641,
    "Si": 1.77370269,
    "Al": 0.68696653,
    "Fe": 0.11965818,
    "Mg": 0.14003434,
    "K": 0.07694594,
    "Na": 0.17456535,
    "S": 0.10251901,
    "O": 13.36688344,
    "H": 14.65422691,
    "C": 0.01112206
  },
  "execution_time": 1.9073486328125e-05,
  "mix_id": "MIX_4284",
  "input_file": "/teamspace/studios/this_studio/inputs/generated/MIX_4284.inp"
}