{
  "converged": true,
  "method": "simplified_thermodynamic_model",
  "note": "Using simplified model until Cemdata18 integration complete",
  "temperature_K": 298.15,
  "pressure_bar": 1.01325,
  "CO2_fraction": 0.35,
  "pCO2_bar": 0.3546375,
  "phases": {
    "Calcite": {
      "moles": 0.011104498059375,
      "mass_kg": 0.0011114492107628438
    },
    "C-S-H_1.0": {
      "moles": 0.19259610194062501,
      "mass_kg": 0.03274133732990626
    },
    "Silica_gel": {
      "moles": 0.942106638059375,
      "mass_kg": 0.056601766814607254
    },
    "Ettringite": {
      "moles": 0.005980275,
      "mass_kg": 0.007505245125
    },
    "Hydrotalcite": {
      "moles": 0.01822878,
      "mass_kg": 0.00807534954
    }
  },
  "pH": 8.7268125,
  "pe": 4.0,
  "Eh": 0.24,
  "system_mass_kg": 0.10603514802027636,
  "input_composition": {
    "Ca": 0.2037006,
    "Si": 1.13470274,
    "Al": 0.47317365,
    "Fe": 0.06458336,
    "Mg": 0.0607626,
    "K": 0.06135292,
    "Na": 0.05012415,
    "S": 0.03588165,
    "O": 5.86029178,
    "H": 4.66270861,
    "C": 0.0125249
  },
  "execution_time": 1.0728836059570312e-05,
  "mix_id": "MIX_0421",
  "input_file": "/teamspace/studios/this_studio/inputs/generated/MIX_0421.inp"
}