{
  "converged": true,
  "method": "simplified_thermodynamic_model",
  "note": "Using simplified model until Cemdata18 integration complete",
  "temperature_K": 298.15,
  "pressure_bar": 1.01325,
  "CO2_fraction": 0.25,
  "pCO2_bar": 0.2533125,
  "phases": {
    "Calcite": {
      "moles": 0.008578022512499998,
      "mass_kg": 0.0008585742732761248
    },
    "C-S-H_1.0": {
      "moles": 0.4538899274875,
      "mass_kg": 0.077161287672875
    },
    "Silica_gel": {
      "moles": 0.7632051525125,
      "mass_kg": 0.045853365562951
    },
    "Ettringite": {
      "moles": 0.015377851666666666,
      "mass_kg": 0.019299203841666664
    },
    "Hydrotalcite": {
      "moles": 0.033301575,
      "mass_kg": 0.014752597725
    }
  },
  "pH": 9.2334375,
  "pe": 4.0,
  "Eh": 0.24,
  "system_mass_kg": 0.15792502907576877,
  "input_composition": {
    "Ca": 0.46246795,
    "Si": 1.21709508,
    "Al": 0.54000488,
    "Fe": 0.06355385,
    "Mg": 0.11100525,
    "K": 0.06043569,
    "Na": 0.05038186,
    "S": 0.09226711,
    "O": 9.93416264,
    "H": 11.32372071,
    "C": 0.01354536
  },
  "execution_time": 1.0728836059570312e-05,
  "mix_id": "MIX_1394",
  "input_file": "/teamspace/studios/this_studio/inputs/generated/MIX_1394.inp"
}