{
  "converged": true,
  "method": "simplified_thermodynamic_model",
  "note": "Using simplified model until Cemdata18 integration complete",
  "temperature_K": 298.15,
  "pressure_bar": 1.01325,
  "CO2_fraction": 0.4,
  "pCO2_bar": 0.4053,
  "phases": {
    "Calcite": {
      "moles": 0.01431417,
      "mass_kg": 0.0014327052752999999
    },
    "C-S-H_1.0": {
      "moles": 0.20404474,
      "mass_kg": 0.0346876058
    },
    "Silica_gel": {
      "moles": 0.9142560399999999,
      "mass_kg": 0.054928502883199996
    },
    "Ettringite": {
      "moles": 0.0068346,
      "mass_kg": 0.008577422999999999
    },
    "Hydrotalcite": {
      "moles": 0.019300623,
      "mass_kg": 0.008550175989
    }
  },
  "pH": 8.5,
  "pe": 4.0,
  "Eh": 0.24,
  "system_mass_kg": 0.1081764129475,
  "input_composition": {
    "Ca": 0.21835891,
    "Si": 1.11830078,
    "Al": 0.47250869,
    "Fe": 0.06167519,
    "Mg": 0.06433541,
    "K": 0.06043569,
    "Na": 0.05012415,
    "S": 0.0410076,
    "O": 5.85885708,
    "H": 4.66270861,
    "C": 0.01431417
  },
  "execution_time": 1.1205673217773438e-05,
  "mix_id": "MIX_0325",
  "input_file": "/teamspace/studios/this_studio/inputs/generated/MIX_0325.inp"
}