{
  "converged": true,
  "method": "simplified_thermodynamic_model",
  "note": "Using simplified model until Cemdata18 integration complete",
  "temperature_K": 298.15,
  "pressure_bar": 1.01325,
  "CO2_fraction": 0.2,
  "pCO2_bar": 0.20265,
  "phases": {
    "Calcite": {
      "moles": 0.005143804155,
      "mass_kg": 0.00051484335787395
    },
    "C-S-H_1.0": {
      "moles": 0.428007515845,
      "mass_kg": 0.07276127769365001
    },
    "Silica_gel": {
      "moles": 0.8325804641549999,
      "mass_kg": 0.050021434286432395
    },
    "Ettringite": {
      "moles": 0.013669201666666667,
      "mass_kg": 0.017154848091666664
    },
    "Hydrotalcite": {
      "moles": 0.031157888999999998,
      "mass_kg": 0.013802944826999999
    }
  },
  "pH": 9.48675,
  "pe": 4.0,
  "Eh": 0.24,
  "system_mass_kg": 0.15425534825662301,
  "input_composition": {
    "Ca": 0.43315132,
    "Si": 1.26058798,
    "Al": 0.5413348,
    "Fe": 0.06937019,
    "Mg": 0.10385963,
    "K": 0.06227016,
    "Na": 0.07110634,
    "S": 0.08201521,
    "O": 8.96999297,
    "H": 9.3254171,
    "C": 0.01015308
  },
  "execution_time": 1.1205673217773438e-05,
  "mix_id": "MIX_1493",
  "input_file": "/teamspace/studios/this_studio/inputs/generated/MIX_1493.inp"
}