{
  "converged": true,
  "method": "simplified_thermodynamic_model",
  "note": "Using simplified model until Cemdata18 integration complete",
  "temperature_K": 298.15,
  "pressure_bar": 1.01325,
  "CO2_fraction": 0.25,
  "pCO2_bar": 0.2533125,
  "phases": {
    "Calcite": {
      "moles": 0.0053691104249999995,
      "mass_kg": 0.0005373942624382499
    },
    "C-S-H_1.0": {
      "moles": 0.183673179575,
      "mass_kg": 0.031224440527750003
    },
    "Silica_gel": {
      "moles": 0.966078770425,
      "mass_kg": 0.058042012527134
    },
    "Ettringite": {
      "moles": 0.00512595,
      "mass_kg": 0.006433067249999999
    },
    "Hydrotalcite": {
      "moles": 0.017156936999999997,
      "mass_kg": 0.007600523090999999
    }
  },
  "pH": 9.2334375,
  "pe": 4.0,
  "Eh": 0.24,
  "system_mass_kg": 0.10383743765832225,
  "input_composition": {
    "Ca": 0.18904229,
    "Si": 1.14975195,
    "Al": 0.4738386,
    "Fe": 0.06749152,
    "Mg": 0.05718979,
    "K": 0.06227016,
    "Na": 0.04750137,
    "S": 0.0307557,
    "O": 5.35361885,
    "H": 3.66355667,
    "C": 0.00847824
  },
  "execution_time": 1.049041748046875e-05,
  "mix_id": "MIX_0500",
  "input_file": "/teamspace/studios/this_studio/inputs/generated/MIX_0500.inp"
}