{
  "converged": true,
  "method": "simplified_thermodynamic_model",
  "note": "Using simplified model until Cemdata18 integration complete",
  "temperature_K": 298.15,
  "pressure_bar": 1.01325,
  "CO2_fraction": 0.2,
  "pCO2_bar": 0.20265,
  "phases": {
    "Calcite": {
      "moles": 0.004823657685000001,
      "mass_kg": 0.00048279989769165003
    },
    "C-S-H_1.0": {
      "moles": 0.45764429231500003,
      "mass_kg": 0.07779952969355002
    },
    "Silica_gel": {
      "moles": 0.7912720376849999,
      "mass_kg": 0.047539624024114796
    },
    "Ettringite": {
      "moles": 0.015377851666666666,
      "mass_kg": 0.019299203841666664
    },
    "Hydrotalcite": {
      "moles": 0.033301575,
      "mass_kg": 0.014752597725
    }
  },
  "pH": 9.48675,
  "pe": 4.0,
  "Eh": 0.24,
  "system_mass_kg": 0.15987375518202313,
  "input_composition": {
    "Ca": 0.46246795,
    "Si": 1.24891633,
    "Al": 0.54000488,
    "Fe": 0.06355385,
    "Mg": 0.11100525,
    "K": 0.06043569,
    "Na": 0.11207889,
    "S": 0.09226711,
    "O": 8.02230158,
    "H": 7.32711338,
    "C": 0.00952116
  },
  "execution_time": 2.8133392333984375e-05,
  "mix_id": "MIX_1388",
  "input_file": "/teamspace/studios/this_studio/inputs/generated/MIX_1388.inp"
}