{
  "converged": true,
  "method": "simplified_thermodynamic_model",
  "note": "Using simplified model until Cemdata18 integration complete",
  "temperature_K": 298.15,
  "pressure_bar": 1.01325,
  "CO2_fraction": 0.3,
  "pCO2_bar": 0.303975,
  "phases": {
    "Calcite": {
      "moles": 0.007731512932499999,
      "mass_kg": 0.0007738471294139249
    },
    "C-S-H_1.0": {
      "moles": 0.1666524670675,
      "mass_kg": 0.028330919401475002
    },
    "Silica_gel": {
      "moles": 0.9995014429325,
      "mass_kg": 0.0600500466913846
    },
    "Ettringite": {
      "moles": 0.004271625,
      "mass_kg": 0.0053608893749999996
    },
    "Hydrotalcite": {
      "moles": 0.016085091,
      "mass_kg": 0.007125695313
    }
  },
  "pH": 8.980125000000001,
  "pe": 4.0,
  "Eh": 0.24,
  "system_mass_kg": 0.10164139791027352,
  "input_composition": {
    "Ca": 0.17438398,
    "Si": 1.16615391,
    "Al": 0.47450356,
    "Fe": 0.07039969,
    "Mg": 0.05361697,
    "K": 0.0631874,
    "Na": 0.04750137,
    "S": 0.02562975,
    "O": 5.36202338,
    "H": 3.66355667,
    "C": 0.01017388
  },
  "execution_time": 8.821487426757812e-06,
  "mix_id": "MIX_0628",
  "input_file": "/teamspace/studios/this_studio/inputs/generated/MIX_0628.inp"
}