{
  "converged": true,
  "method": "simplified_thermodynamic_model",
  "note": "Using simplified model until Cemdata18 integration complete",
  "temperature_K": 298.15,
  "pressure_bar": 1.01325,
  "CO2_fraction": 0.35,
  "pCO2_bar": 0.3546375,
  "phases": {
    "Calcite": {
      "moles": 0.020278181115937502,
      "mass_kg": 0.0020296431478941846
    },
    "C-S-H_1.0": {
      "moles": 0.6276655488840626,
      "mass_kg": 0.10670314331029064
    },
    "Silica_gel": {
      "moles": 0.7590544811159374,
      "mass_kg": 0.04560399322544552
    },
    "Ettringite": {
      "moles": 0.020503801666666665,
      "mass_kg": 0.02573227109166666
    },
    "Hydrotalcite": {
      "moles": 0.043015155,
      "mass_kg": 0.019055713665
    }
  },
  "pH": 8.7268125,
  "pe": 4.0,
  "Eh": 0.24,
  "system_mass_kg": 0.199124764440297,
  "input_composition": {
    "Ca": 0.64794373,
    "Si": 1.38672003,
    "Al": 0.61016091,
    "Fe": 0.07706518,
    "Mg": 0.14338385,
    "K": 0.06410463,
    "Na": 0.06076591,
    "S": 0.12302281,
    "O": 12.0669173,
    "H": 13.9881256,
    "C": 0.02287201
  },
  "execution_time": 9.059906005859375e-06,
  "mix_id": "MIX_2769",
  "input_file": "/teamspace/studios/this_studio/inputs/generated/MIX_2769.inp"
}