{
  "converged": true,
  "method": "simplified_thermodynamic_model",
  "note": "Using simplified model until Cemdata18 integration complete",
  "temperature_K": 298.15,
  "pressure_bar": 1.01325,
  "CO2_fraction": 0.15,
  "pCO2_bar": 0.1519875,
  "phases": {
    "Calcite": {
      "moles": 0.002239452219375,
      "mass_kg": 0.00022414677263724373
    },
    "C-S-H_1.0": {
      "moles": 0.245436077780625,
      "mass_kg": 0.04172413322270625
    },
    "Silica_gel": {
      "moles": 0.8330527222193749,
      "mass_kg": 0.050049807550940045
    },
    "Ettringite": {
      "moles": 0.00854325,
      "mass_kg": 0.010721778749999999
    },
    "Hydrotalcite": {
      "moles": 0.021444308999999998,
      "mass_kg": 0.009499828887
    }
  },
  "pH": 9.7400625,
  "pe": 4.0,
  "Eh": 0.24,
  "system_mass_kg": 0.11221969518328354,
  "input_composition": {
    "Ca": 0.24767553,
    "Si": 1.0784888,
    "Al": 0.47117877,
    "Fe": 0.05585885,
    "Mg": 0.07148103,
    "K": 0.05860121,
    "Na": 0.03653646,
    "S": 0.0512595,
    "O": 6.81033164,
    "H": 6.66101223,
    "C": 0.00589378
  },
  "execution_time": 0.0001552104949951172,
  "mix_id": "MIX_0019",
  "input_file": "/teamspace/studios/this_studio/inputs/generated/MIX_0019.inp"
}