{
  "converged": true,
  "method": "simplified_thermodynamic_model",
  "note": "Using simplified model until Cemdata18 integration complete",
  "temperature_K": 298.15,
  "pressure_bar": 1.01325,
  "CO2_fraction": 0.25,
  "pCO2_bar": 0.2533125,
  "phases": {
    "Calcite": {
      "moles": 0.0056313711890625,
      "mass_kg": 0.0005636439423132656
    },
    "C-S-H_1.0": {
      "moles": 0.1247776688109375,
      "mass_kg": 0.021212203697859377
    },
    "Silica_gel": {
      "moles": 1.0831415311890626,
      "mass_kg": 0.06507514319383889
    },
    "Ettringite": {
      "moles": 0.00170865,
      "mass_kg": 0.0021443557499999997
    },
    "Hydrotalcite": {
      "moles": 0.012869562,
      "mass_kg": 0.0057012159659999995
    }
  },
  "pH": 9.2334375,
  "pe": 4.0,
  "Eh": 0.24,
  "system_mass_kg": 0.09469656255001153,
  "input_composition": {
    "Ca": 0.13040904,
    "Si": 1.2079192,
    "Al": 0.47649844,
    "Fe": 0.07912419,
    "Mg": 0.04289854,
    "K": 0.06593911,
    "Na": 0.03307511,
    "S": 0.0102519,
    "O": 5.85198175,
    "H": 4.66270853,
    "C": 0.00889237
  },
  "execution_time": 9.298324584960938e-06,
  "mix_id": "MIX_0945",
  "input_file": "/teamspace/studios/this_studio/inputs/generated/MIX_0945.inp"
}