{
  "converged": true,
  "method": "simplified_thermodynamic_model",
  "note": "Using simplified model until Cemdata18 integration complete",
  "temperature_K": 298.15,
  "pressure_bar": 1.01325,
  "CO2_fraction": 0.2,
  "pCO2_bar": 0.20265,
  "phases": {
    "Calcite": {
      "moles": 0.00386319294375,
      "mass_kg": 0.00038666698173993753
    },
    "C-S-H_1.0": {
      "moles": 0.19983740705625,
      "mass_kg": 0.0339723591995625
    },
    "Silica_gel": {
      "moles": 0.9553093529437501,
      "mass_kg": 0.0573949859248605
    },
    "Ettringite": {
      "moles": 0.005980275,
      "mass_kg": 0.007505245125
    },
    "Hydrotalcite": {
      "moles": 0.01822878,
      "mass_kg": 0.00807534954
    }
  },
  "pH": 9.48675,
  "pe": 4.0,
  "Eh": 0.24,
  "system_mass_kg": 0.10733460677116294,
  "input_composition": {
    "Ca": 0.2037006,
    "Si": 1.15514676,
    "Al": 0.47317365,
    "Fe": 0.06458336,
    "Mg": 0.0607626,
    "K": 0.06135292,
    "Na": 0.0897623,
    "S": 0.03588165,
    "O": 6.41077571,
    "H": 5.66186043,
    "C": 0.00762535
  },
  "execution_time": 1.049041748046875e-05,
  "mix_id": "MIX_0382",
  "input_file": "/teamspace/studios/this_studio/inputs/generated/MIX_0382.inp"
}