{
  "converged": true,
  "method": "simplified_thermodynamic_model",
  "note": "Using simplified model until Cemdata18 integration complete",
  "temperature_K": 298.15,
  "pressure_bar": 1.01325,
  "CO2_fraction": 0.3,
  "pCO2_bar": 0.303975,
  "phases": {
    "Calcite": {
      "moles": 0.008533490174999998,
      "mass_kg": 0.0008541170316157498
    },
    "C-S-H_1.0": {
      "moles": 0.239142039825,
      "mass_kg": 0.040654146770250005
    },
    "Silica_gel": {
      "moles": 0.838454140175,
      "mass_kg": 0.050374324741714
    },
    "Ettringite": {
      "moles": 0.00854325,
      "mass_kg": 0.010721778749999999
    },
    "Hydrotalcite": {
      "moles": 0.021444308999999998,
      "mass_kg": 0.009499828887
    }
  },
  "pH": 8.980125000000001,
  "pe": 4.0,
  "Eh": 0.24,
  "system_mass_kg": 0.11210419618057975,
  "input_composition": {
    "Ca": 0.24767553,
    "Si": 1.07759618,
    "Al": 0.47117877,
    "Fe": 0.05585885,
    "Mg": 0.07148103,
    "K": 0.05860121,
    "Na": 0.03480579,
    "S": 0.0512595,
    "O": 6.318776,
    "H": 5.6618604,
    "C": 0.0112292
  },
  "execution_time": 1.0967254638671875e-05,
  "mix_id": "MIX_0066",
  "input_file": "/teamspace/studios/this_studio/inputs/generated/MIX_0066.inp"
}