{
  "converged": true,
  "method": "simplified_thermodynamic_model",
  "note": "Using simplified model until Cemdata18 integration complete",
  "temperature_K": 298.15,
  "pressure_bar": 1.01325,
  "CO2_fraction": 0.3,
  "pCO2_bar": 0.303975,
  "phases": {
    "Calcite": {
      "moles": 0.017768562249374998,
      "mass_kg": 0.0017784553955399434
    },
    "C-S-H_1.0": {
      "moles": 0.410300497750625,
      "mass_kg": 0.06975108461760625
    },
    "Silica_gel": {
      "moles": 1.2857468222493749,
      "mass_kg": 0.07724766908074245
    },
    "Ettringite": {
      "moles": 0.007688925,
      "mass_kg": 0.009649600874999999
    },
    "Hydrotalcite": {
      "moles": 0.026937506999999996,
      "mass_kg": 0.011933315600999998
    }
  },
  "pH": 8.980125000000001,
  "pe": 4.0,
  "Eh": 0.24,
  "system_mass_kg": 0.17036012556988864,
  "input_composition": {
    "Ca": 0.42806906,
    "Si": 1.69604732,
    "Al": 0.62013529,
    "Fe": 0.12068769,
    "Mg": 0.08979169,
    "K": 0.07786318,
    "Na": 0.18349199,
    "S": 0.04613355,
    "O": 15.3285496,
    "H": 19.98303657,
    "C": 0.02338161
  },
  "execution_time": 1.0967254638671875e-05,
  "mix_id": "MIX_3327",
  "input_file": "/teamspace/studios/this_studio/inputs/generated/MIX_3327.inp"
}