{
  "converged": true,
  "method": "simplified_thermodynamic_model",
  "note": "Using simplified model until Cemdata18 integration complete",
  "temperature_K": 298.15,
  "pressure_bar": 1.01325,
  "CO2_fraction": 0.3,
  "pCO2_bar": 0.303975,
  "phases": {
    "Calcite": {
      "moles": 0.013878692966249998,
      "mass_kg": 0.0013891183789919623
    },
    "C-S-H_1.0": {
      "moles": 0.72201490703375,
      "mass_kg": 0.12274253419573751
    },
    "Silica_gel": {
      "moles": 0.60887309296625,
      "mass_kg": 0.036581095425412304
    },
    "Ettringite": {
      "moles": 0.02562975166666667,
      "mass_kg": 0.03216533834166667
    },
    "Hydrotalcite": {
      "moles": 0.049446213,
      "mass_kg": 0.021904672359
    }
  },
  "pH": 8.980125000000001,
  "pe": 4.0,
  "Eh": 0.24,
  "system_mass_kg": 0.21478275870080846,
  "input_composition": {
    "Ca": 0.7358936,
    "Si": 1.330888,
    "Al": 0.60617116,
    "Fe": 0.05961618,
    "Mg": 0.16482071,
    "K": 0.05860121,
    "Na": 0.14332212,
    "S": 0.15377851,
    "O": 10.65532946,
    "H": 10.99067012,
    "C": 0.01826294
  },
  "execution_time": 1.0251998901367188e-05,
  "mix_id": "MIX_2540",
  "input_file": "/teamspace/studios/this_studio/inputs/generated/MIX_2540.inp"
}