{
  "converged": true,
  "method": "simplified_thermodynamic_model",
  "note": "Using simplified model until Cemdata18 integration complete",
  "temperature_K": 298.15,
  "pressure_bar": 1.01325,
  "CO2_fraction": 0.2,
  "pCO2_bar": 0.20265,
  "phases": {
    "Calcite": {
      "moles": 0.0073208629725,
      "mass_kg": 0.0007327451749175249
    },
    "C-S-H_1.0": {
      "moles": 0.5526730070275,
      "mass_kg": 0.093954411194675
    },
    "Silica_gel": {
      "moles": 0.9888506329725001,
      "mass_kg": 0.05941014602898781
    },
    "Ettringite": {
      "moles": 0.015377851666666666,
      "mass_kg": 0.019299203841666664
    },
    "Hydrotalcite": {
      "moles": 0.036584094,
      "mass_kg": 0.016206753642
    }
  },
  "pH": 9.48675,
  "pe": 4.0,
  "Eh": 0.24,
  "system_mass_kg": 0.189603259882247,
  "input_composition": {
    "Ca": 0.55999387,
    "Si": 1.54152364,
    "Al": 0.61415066,
    "Fe": 0.09451418,
    "Mg": 0.12194698,
    "K": 0.06960805,
    "Na": 0.17010204,
    "S": 0.09226711,
    "O": 13.74633284,
    "H": 16.98558112,
    "C": 0.01445026
  },
  "execution_time": 8.344650268554688e-06,
  "mix_id": "MIX_2958",
  "input_file": "/teamspace/studios/this_studio/inputs/generated/MIX_2958.inp"
}