{
  "converged": true,
  "method": "simplified_thermodynamic_model",
  "note": "Using simplified model until Cemdata18 integration complete",
  "temperature_K": 298.15,
  "pressure_bar": 1.01325,
  "CO2_fraction": 0.4,
  "pCO2_bar": 0.4053,
  "phases": {
    "Calcite": {
      "moles": 0.03248903,
      "mass_kg": 0.0032518270127
    },
    "C-S-H_1.0": {
      "moles": 0.41981439,
      "mass_kg": 0.0713684463
    },
    "Silica_gel": {
      "moles": 1.6048520700000002,
      "mass_kg": 0.09641951236560001
    },
    "Ettringite": {
      "moles": 0.0034173,
      "mass_kg": 0.0042887114999999995
    },
    "Hydrotalcite": {
      "moles": 0.024860808,
      "mass_kg": 0.011013337944000001
    }
  },
  "pH": 8.5,
  "pe": 4.0,
  "Eh": 0.24,
  "system_mass_kg": 0.18634183512230001,
  "input_composition": {
    "Ca": 0.45230342,
    "Si": 2.02466646,
    "Al": 0.69760586,
    "Fe": 0.16618886,
    "Mg": 0.08286936,
    "K": 0.09162172,
    "Na": 0.15233141,
    "S": 0.0205038,
    "O": 15.45408092,
    "H": 18.65083423,
    "C": 0.03248903
  },
  "execution_time": 9.775161743164062e-06,
  "mix_id": "MIX_4809",
  "input_file": "/teamspace/studios/this_studio/inputs/generated/MIX_4809.inp"
}