{
  "converged": true,
  "method": "simplified_thermodynamic_model",
  "note": "Using simplified model until Cemdata18 integration complete",
  "temperature_K": 298.15,
  "pressure_bar": 1.01325,
  "CO2_fraction": 0.35,
  "pCO2_bar": 0.3546375,
  "phases": {
    "Calcite": {
      "moles": 0.015949023628125,
      "mass_kg": 0.001596337774939031
    },
    "C-S-H_1.0": {
      "moles": 0.358569056371875,
      "mass_kg": 0.06095673958321875
    },
    "Silica_gel": {
      "moles": 0.9933630536281249,
      "mass_kg": 0.05968125226197775
    },
    "Ettringite": {
      "moles": 0.010251901666666667,
      "mass_kg": 0.012866136591666666
    },
    "Hydrotalcite": {
      "moles": 0.026870514,
      "mass_kg": 0.011903637702000001
    }
  },
  "pH": 8.7268125,
  "pe": 4.0,
  "Eh": 0.24,
  "system_mass_kg": 0.1470041039138022,
  "input_composition": {
    "Ca": 0.37451808,
    "Si": 1.35193211,
    "Al": 0.54399463,
    "Fe": 0.08100285,
    "Mg": 0.08956838,
    "K": 0.06593911,
    "Na": 0.12100552,
    "S": 0.06151141,
    "O": 9.08214017,
    "H": 9.32541705,
    "C": 0.0179891
  },
  "execution_time": 6.67572021484375e-06,
  "mix_id": "MIX_1773",
  "input_file": "/teamspace/studios/this_studio/inputs/generated/MIX_1773.inp"
}