{
  "converged": true,
  "method": "simplified_thermodynamic_model",
  "note": "Using simplified model until Cemdata18 integration complete",
  "temperature_K": 298.15,
  "pressure_bar": 1.01325,
  "CO2_fraction": 0.0,
  "pCO2_bar": 0.0,
  "phases": {
    "C-S-H_1.0": {
      "moles": 0.46246795,
      "mass_kg": 0.07861955150000001
    },
    "Silica_gel": {
      "moles": 0.75105664,
      "mass_kg": 0.045123482931200005
    },
    "Ettringite": {
      "moles": 0.015377851666666666,
      "mass_kg": 0.019299203841666664
    },
    "Hydrotalcite": {
      "moles": 0.033301575,
      "mass_kg": 0.014752597725
    }
  },
  "pH": 10.5,
  "pe": 4.0,
  "Eh": 0.24,
  "system_mass_kg": 0.15779483599786667,
  "input_composition": {
    "Ca": 0.46246795,
    "Si": 1.21352459,
    "Al": 0.54000488,
    "Fe": 0.06355385,
    "Mg": 0.11100525,
    "K": 0.06043569,
    "Na": 0.04345916,
    "S": 0.09226711,
    "O": 7.89816594,
    "H": 7.32711342,
    "C": 0.0
  },
  "execution_time": 8.821487426757812e-06,
  "mix_id": "MIX_1344",
  "input_file": "/teamspace/studios/this_studio/inputs/generated/MIX_1344.inp"
}