{
  "converged": true,
  "method": "simplified_thermodynamic_model",
  "note": "Using simplified model until Cemdata18 integration complete",
  "temperature_K": 298.15,
  "pressure_bar": 1.01325,
  "CO2_fraction": 0.3,
  "pCO2_bar": 0.303975,
  "phases": {
    "Calcite": {
      "moles": 0.016904148541875,
      "mass_kg": 0.0016919362275562688
    },
    "C-S-H_1.0": {
      "moles": 0.435399271458125,
      "mass_kg": 0.07401787614788126
    },
    "Silica_gel": {
      "moles": 1.600734698541875,
      "mass_kg": 0.09617214068839584
    },
    "Ettringite": {
      "moles": 0.0034173,
      "mass_kg": 0.0042887114999999995
    },
    "Hydrotalcite": {
      "moles": 0.024860808,
      "mass_kg": 0.011013337944000001
    }
  },
  "pH": 8.980125000000001,
  "pe": 4.0,
  "Eh": 0.24,
  "system_mass_kg": 0.18718400250783337,
  "input_composition": {
    "Ca": 0.45230342,
    "Si": 2.03613397,
    "Al": 0.69760586,
    "Fe": 0.16618886,
    "Mg": 0.08286936,
    "K": 0.09162172,
    "Na": 0.17456535,
    "S": 0.0205038,
    "O": 13.46933946,
    "H": 14.65422691,
    "C": 0.02224413
  },
  "execution_time": 8.821487426757812e-06,
  "mix_id": "MIX_4780",
  "input_file": "/teamspace/studios/this_studio/inputs/generated/MIX_4780.inp"
}