{
  "converged": true,
  "method": "simplified_thermodynamic_model",
  "note": "Using simplified model until Cemdata18 integration complete",
  "temperature_K": 298.15,
  "pressure_bar": 1.01325,
  "CO2_fraction": 0.25,
  "pCO2_bar": 0.2533125,
  "phases": {
    "Calcite": {
      "moles": 0.013966264364062498,
      "mass_kg": 0.0013978834001990154
    },
    "C-S-H_1.0": {
      "moles": 0.3797039156359375,
      "mass_kg": 0.06454966565810938
    },
    "Silica_gel": {
      "moles": 1.6957319843640626,
      "mass_kg": 0.10187957762059288
    },
    "Hydrotalcite": {
      "moles": 0.020573436,
      "mass_kg": 0.009114032148
    }
  },
  "pH": 9.2334375,
  "pe": 4.0,
  "Eh": 0.24,
  "system_mass_kg": 0.17694115882690128,
  "input_composition": {
    "Ca": 0.39367018,
    "Si": 2.0754359,
    "Al": 0.70026569,
    "Fe": 0.17782153,
    "Mg": 0.06857812,
    "K": 0.09529067,
    "Na": 0.12356184,
    "S": 0.0,
    "O": 17.40750558,
    "H": 22.64744153,
    "C": 0.02205381
  },
  "execution_time": 1.430511474609375e-05,
  "mix_id": "MIX_4870",
  "input_file": "/teamspace/studios/this_studio/inputs/generated/MIX_4870.inp"
}