{
  "converged": true,
  "method": "simplified_thermodynamic_model",
  "note": "Using simplified model until Cemdata18 integration complete",
  "temperature_K": 298.15,
  "pressure_bar": 1.01325,
  "CO2_fraction": 0.35,
  "pCO2_bar": 0.3546375,
  "phases": {
    "Calcite": {
      "moles": 0.0147724516603125,
      "mass_kg": 0.0014785746866806781
    },
    "C-S-H_1.0": {
      "moles": 0.2717957583396875,
      "mass_kg": 0.04620527891774688
    },
    "Silica_gel": {
      "moles": 1.1739440316603125,
      "mass_kg": 0.07053055742215157
    },
    "Ettringite": {
      "moles": 0.00512595,
      "mass_kg": 0.006433067249999999
    },
    "Hydrotalcite": {
      "moles": 0.020439455999999998,
      "mass_kg": 0.009054679008
    }
  },
  "pH": 8.7268125,
  "pe": 4.0,
  "Eh": 0.24,
  "system_mass_kg": 0.13370215728457913,
  "input_composition": {
    "Ca": 0.28656821,
    "Si": 1.44573979,
    "Al": 0.54798438,
    "Fe": 0.09845186,
    "Mg": 0.06813152,
    "K": 0.07144252,
    "Na": 0.11207889,
    "S": 0.0307557,
    "O": 8.09674224,
    "H": 7.32711338,
    "C": 0.01666203
  },
  "execution_time": 1.1920928955078125e-05,
  "mix_id": "MIX_2108",
  "input_file": "/teamspace/studios/this_studio/inputs/generated/MIX_2108.inp"
}