{
  "converged": true,
  "method": "simplified_thermodynamic_model",
  "note": "Using simplified model until Cemdata18 integration complete",
  "temperature_K": 298.15,
  "pressure_bar": 1.01325,
  "CO2_fraction": 0.35,
  "pCO2_bar": 0.3546375,
  "phases": {
    "Calcite": {
      "moles": 0.027373883473125,
      "mass_kg": 0.002739851996825081
    },
    "C-S-H_1.0": {
      "moles": 0.893995506526875,
      "mass_kg": 0.15197923610956876
    },
    "Silica_gel": {
      "moles": 0.5909700034731251,
      "mass_kg": 0.03550547780866536
    },
    "Ettringite": {
      "moles": 0.030755703333333332,
      "mass_kg": 0.03859840768333333
    },
    "Hydrotalcite": {
      "moles": 0.059159792999999995,
      "mass_kg": 0.026207788298999998
    }
  },
  "pH": 8.7268125,
  "pe": 4.0,
  "Eh": 0.24,
  "system_mass_kg": 0.25503076189739254,
  "input_composition": {
    "Ca": 0.92136939,
    "Si": 1.48496551,
    "Al": 0.67632719,
    "Fe": 0.07312751,
    "Mg": 0.19719931,
    "K": 0.06227016,
    "Na": 0.12356184,
    "S": 0.18453422,
    "O": 17.24467188,
    "H": 22.64744153,
    "C": 0.03087534
  },
  "execution_time": 9.298324584960938e-06,
  "mix_id": "MIX_3894",
  "input_file": "/teamspace/studios/this_studio/inputs/generated/MIX_3894.inp"
}