{
  "converged": true,
  "method": "simplified_thermodynamic_model",
  "note": "Using simplified model until Cemdata18 integration complete",
  "temperature_K": 298.15,
  "pressure_bar": 1.01325,
  "CO2_fraction": 0.35,
  "pCO2_bar": 0.3546375,
  "phases": {
    "Calcite": {
      "moles": 0.0105882788484375,
      "mass_kg": 0.0010597808299401094
    },
    "C-S-H_1.0": {
      "moles": 0.19311232115156252,
      "mass_kg": 0.03282909459576563
    },
    "Silica_gel": {
      "moles": 0.9487444788484375,
      "mass_kg": 0.057000568289214126
    },
    "Ettringite": {
      "moles": 0.005980275,
      "mass_kg": 0.007505245125
    },
    "Hydrotalcite": {
      "moles": 0.01822878,
      "mass_kg": 0.00807534954
    }
  },
  "pH": 8.7268125,
  "pe": 4.0,
  "Eh": 0.24,
  "system_mass_kg": 0.10647003837991986,
  "input_composition": {
    "Ca": 0.2037006,
    "Si": 1.1418568,
    "Al": 0.47317365,
    "Fe": 0.06458336,
    "Mg": 0.0607626,
    "K": 0.06135292,
    "Na": 0.0639949,
    "S": 0.03588165,
    "O": 5.38079486,
    "H": 3.66355677,
    "C": 0.01194265
  },
  "execution_time": 9.5367431640625e-06,
  "mix_id": "MIX_0424",
  "input_file": "/teamspace/studios/this_studio/inputs/generated/MIX_0424.inp"
}