{
  "converged": true,
  "method": "simplified_thermodynamic_model",
  "note": "Using simplified model until Cemdata18 integration complete",
  "temperature_K": 298.15,
  "pressure_bar": 1.01325,
  "CO2_fraction": 0.2,
  "pCO2_bar": 0.20265,
  "phases": {
    "Calcite": {
      "moles": 0.00367110100875,
      "mass_kg": 0.0003674404999657875
    },
    "C-S-H_1.0": {
      "moles": 0.17071287899124998,
      "mass_kg": 0.0290211894285125
    },
    "Silica_gel": {
      "moles": 1.01493576100875,
      "mass_kg": 0.060977340521405694
    },
    "Ettringite": {
      "moles": 0.004271625,
      "mass_kg": 0.0053608893749999996
    },
    "Hydrotalcite": {
      "moles": 0.016085091,
      "mass_kg": 0.007125695313
    }
  },
  "pH": 9.48675,
  "pe": 4.0,
  "Eh": 0.24,
  "system_mass_kg": 0.10285255513788398,
  "input_composition": {
    "Ca": 0.17438398,
    "Si": 1.18564864,
    "Al": 0.47450356,
    "Fe": 0.07039969,
    "Mg": 0.05361697,
    "K": 0.0631874,
    "Na": 0.08529898,
    "S": 0.02562975,
    "O": 5.91363221,
    "H": 4.66270854,
    "C": 0.00724619
  },
  "execution_time": 8.106231689453125e-06,
  "mix_id": "MIX_0605",
  "input_file": "/teamspace/studios/this_studio/inputs/generated/MIX_0605.inp"
}