{
  "converged": true,
  "method": "simplified_thermodynamic_model",
  "note": "Using simplified model until Cemdata18 integration complete",
  "temperature_K": 298.15,
  "pressure_bar": 1.01325,
  "CO2_fraction": 0.25,
  "pCO2_bar": 0.2533125,
  "phases": {
    "Calcite": {
      "moles": 0.010538414282812499,
      "mass_kg": 0.0010547898855667029
    },
    "C-S-H_1.0": {
      "moles": 0.5934303857171874,
      "mass_kg": 0.10088316557192187
    },
    "Silica_gel": {
      "moles": 0.8919812942828125,
      "mass_kg": 0.053590236160511374
    },
    "Ettringite": {
      "moles": 0.017940826666666666,
      "mass_kg": 0.022515737466666665
    },
    "Hydrotalcite": {
      "moles": 0.039799626,
      "mass_kg": 0.017631234318
    }
  },
  "pH": 9.2334375,
  "pe": 4.0,
  "Eh": 0.24,
  "system_mass_kg": 0.1956751634026666,
  "input_composition": {
    "Ca": 0.6039688,
    "Si": 1.48541168,
    "Al": 0.61215579,
    "Fe": 0.08578968,
    "Mg": 0.13266542,
    "K": 0.06685634,
    "Na": 0.15671208,
    "S": 0.10764496,
    "O": 12.21643962,
    "H": 13.98812562,
    "C": 0.01664097
  },
  "execution_time": 0.00019431114196777344,
  "mix_id": "MIX_2861",
  "input_file": "/teamspace/studios/this_studio/inputs/generated/MIX_2861.inp"
}