{
  "converged": true,
  "method": "simplified_thermodynamic_model",
  "note": "Using simplified model until Cemdata18 integration complete",
  "temperature_K": 298.15,
  "pressure_bar": 1.01325,
  "CO2_fraction": 0.25,
  "pCO2_bar": 0.2533125,
  "phases": {
    "Calcite": {
      "moles": 0.011738988876562498,
      "mass_kg": 0.0011749553966551405
    },
    "C-S-H_1.0": {
      "moles": 0.5578309311234374,
      "mass_kg": 0.09483125829098436
    },
    "Silica_gel": {
      "moles": 1.3470873988765626,
      "mass_kg": 0.08093301092450388
    },
    "Ettringite": {
      "moles": 0.010251901666666667,
      "mass_kg": 0.012866136591666666
    },
    "Hydrotalcite": {
      "moles": 0.033435555,
      "mass_kg": 0.014811950865
    }
  },
  "pH": 9.2334375,
  "pe": 4.0,
  "Eh": 0.24,
  "system_mass_kg": 0.20461731206881004,
  "input_composition": {
    "Ca": 0.56956992,
    "Si": 1.90491833,
    "Al": 0.69228619,
    "Fe": 0.14292352,
    "Mg": 0.11145185,
    "K": 0.08428383,
    "Na": 0.17456535,
    "S": 0.06151141,
    "O": 13.4218188,
    "H": 14.65422691,
    "C": 0.01853677
  },
  "execution_time": 1.0013580322265625e-05,
  "mix_id": "MIX_4540",
  "input_file": "/teamspace/studios/this_studio/inputs/generated/MIX_4540.inp"
}