{
  "converged": true,
  "method": "simplified_thermodynamic_model",
  "note": "Using simplified model until Cemdata18 integration complete",
  "temperature_K": 298.15,
  "pressure_bar": 1.01325,
  "CO2_fraction": 0.35,
  "pCO2_bar": 0.3546375,
  "phases": {
    "Calcite": {
      "moles": 0.02403474089625,
      "mass_kg": 0.0024056372163056626
    },
    "C-S-H_1.0": {
      "moles": 0.57993405910375,
      "mass_kg": 0.0985887900476375
    },
    "Silica_gel": {
      "moles": 0.89957334089625,
      "mass_kg": 0.0540463663210467
    },
    "Ettringite": {
      "moles": 0.017940826666666666,
      "mass_kg": 0.022515737466666665
    },
    "Hydrotalcite": {
      "moles": 0.039799626,
      "mass_kg": 0.017631234318
    }
  },
  "pH": 8.7268125,
  "pe": 4.0,
  "Eh": 0.24,
  "system_mass_kg": 0.19518776536965654,
  "input_composition": {
    "Ca": 0.6039688,
    "Si": 1.4795074,
    "Al": 0.61215579,
    "Fe": 0.08578968,
    "Mg": 0.13266542,
    "K": 0.06685634,
    "Na": 0.14526449,
    "S": 0.10764496,
    "O": 15.21729903,
    "H": 19.98303667,
    "C": 0.02710908
  },
  "execution_time": 9.775161743164062e-06,
  "mix_id": "MIX_2891",
  "input_file": "/teamspace/studios/this_studio/inputs/generated/MIX_2891.inp"
}