{
  "converged": true,
  "method": "simplified_thermodynamic_model",
  "note": "Using simplified model until Cemdata18 integration complete",
  "temperature_K": 298.15,
  "pressure_bar": 1.01325,
  "CO2_fraction": 0.35,
  "pCO2_bar": 0.3546375,
  "phases": {
    "Calcite": {
      "moles": 0.01103748930375,
      "mass_kg": 0.0011047423044123375
    },
    "C-S-H_1.0": {
      "moles": 0.22197973069625,
      "mass_kg": 0.0377365542183625
    },
    "Silica_gel": {
      "moles": 0.87112577930375,
      "mass_kg": 0.0523372368205693
    },
    "Ettringite": {
      "moles": 0.007688925,
      "mass_kg": 0.009649600874999999
    },
    "Hydrotalcite": {
      "moles": 0.020372466000000002,
      "mass_kg": 0.009025002438000002
    }
  },
  "pH": 8.7268125,
  "pe": 4.0,
  "Eh": 0.24,
  "system_mass_kg": 0.10985313665634414,
  "input_composition": {
    "Ca": 0.23301722,
    "Si": 1.09310551,
    "Al": 0.47184373,
    "Fe": 0.05876702,
    "Mg": 0.06790822,
    "K": 0.05951845,
    "Na": 0.03307511,
    "S": 0.04613355,
    "O": 5.82400295,
    "H": 4.66270853,
    "C": 0.01244932
  },
  "execution_time": 1.0251998901367188e-05,
  "mix_id": "MIX_0193",
  "input_file": "/teamspace/studios/this_studio/inputs/generated/MIX_0193.inp"
}