{
  "converged": true,
  "method": "simplified_thermodynamic_model",
  "note": "Using simplified model until Cemdata18 integration complete",
  "temperature_K": 298.15,
  "pressure_bar": 1.01325,
  "CO2_fraction": 0.35,
  "pCO2_bar": 0.3546375,
  "phases": {
    "Calcite": {
      "moles": 0.027373883473125,
      "mass_kg": 0.002739851996825081
    },
    "C-S-H_1.0": {
      "moles": 0.8353622665268751,
      "mass_kg": 0.14201158530956878
    },
    "Silica_gel": {
      "moles": 0.7152110634731249,
      "mass_kg": 0.04296988069346534
    },
    "Ettringite": {
      "moles": 0.027338403333333334,
      "mass_kg": 0.03430969618333333
    },
    "Hydrotalcite": {
      "moles": 0.054872421,
      "mass_kg": 0.024308482503
    }
  },
  "pH": 8.7268125,
  "pe": 4.0,
  "Eh": 0.24,
  "system_mass_kg": 0.24633949668619254,
  "input_composition": {
    "Ca": 0.86273615,
    "Si": 1.55057333,
    "Al": 0.67898703,
    "Fe": 0.08476018,
    "Mg": 0.18290807,
    "K": 0.06593911,
    "Na": 0.12356184,
    "S": 0.16403042,
    "O": 17.26472485,
    "H": 22.64744153,
    "C": 0.03087534
  },
  "execution_time": 1.0967254638671875e-05,
  "mix_id": "MIX_4006",
  "input_file": "/teamspace/studios/this_studio/inputs/generated/MIX_4006.inp"
}