{
  "converged": true,
  "method": "simplified_thermodynamic_model",
  "note": "Using simplified model until Cemdata18 integration complete",
  "temperature_K": 298.15,
  "pressure_bar": 1.01325,
  "CO2_fraction": 0.3,
  "pCO2_bar": 0.303975,
  "phases": {
    "Calcite": {
      "moles": 0.007684860369374999,
      "mass_kg": 0.0007691776743707437
    },
    "C-S-H_1.0": {
      "moles": 0.122724179630625,
      "mass_kg": 0.020863110537206252
    },
    "Silica_gel": {
      "moles": 1.0843024003693749,
      "mass_kg": 0.06514488821419204
    },
    "Ettringite": {
      "moles": 0.00170865,
      "mass_kg": 0.0021443557499999997
    },
    "Hydrotalcite": {
      "moles": 0.012869562,
      "mass_kg": 0.0057012159659999995
    }
  },
  "pH": 8.980125000000001,
  "pe": 4.0,
  "Eh": 0.24,
  "system_mass_kg": 0.09462274814176903,
  "input_composition": {
    "Ca": 0.13040904,
    "Si": 1.20702658,
    "Al": 0.47649844,
    "Fe": 0.07912419,
    "Mg": 0.04289854,
    "K": 0.06593911,
    "Na": 0.03134444,
    "S": 0.0102519,
    "O": 5.35219549,
    "H": 3.6635567,
    "C": 0.01011249
  },
  "execution_time": 1.0013580322265625e-05,
  "mix_id": "MIX_0960",
  "input_file": "/teamspace/studios/this_studio/inputs/generated/MIX_0960.inp"
}