{
  "converged": true,
  "method": "simplified_thermodynamic_model",
  "note": "Using simplified model until Cemdata18 integration complete",
  "temperature_K": 298.15,
  "pressure_bar": 1.01325,
  "CO2_fraction": 0.4,
  "pCO2_bar": 0.4053,
  "phases": {
    "Calcite": {
      "moles": 0.01373406,
      "mass_kg": 0.0013746420654
    },
    "C-S-H_1.0": {
      "moles": 0.1459916,
      "mass_kg": 0.024818572
    },
    "Silica_gel": {
      "moles": 1.0537569599999999,
      "mass_kg": 0.06330971815679999
    },
    "Ettringite": {
      "moles": 0.0034173,
      "mass_kg": 0.0042887114999999995
    },
    "Hydrotalcite": {
      "moles": 0.015013247999999998,
      "mass_kg": 0.006650868863999999
    }
  },
  "pH": 8.5,
  "pe": 4.0,
  "Eh": 0.24,
  "system_mass_kg": 0.10044251258619999,
  "input_composition": {
    "Ca": 0.15972566,
    "Si": 1.19974856,
    "Al": 0.47516852,
    "Fe": 0.07330786,
    "Mg": 0.05004416,
    "K": 0.06410463,
    "Na": 0.08083566,
    "S": 0.0205038,
    "O": 5.42520955,
    "H": 3.66355671,
    "C": 0.01373406
  },
  "execution_time": 8.344650268554688e-06,
  "mix_id": "MIX_0780",
  "input_file": "/teamspace/studios/this_studio/inputs/generated/MIX_0780.inp"
}