{
  "converged": true,
  "method": "simplified_thermodynamic_model",
  "note": "Using simplified model until Cemdata18 integration complete",
  "temperature_K": 298.15,
  "pressure_bar": 1.01325,
  "CO2_fraction": 0.3,
  "pCO2_bar": 0.303975,
  "phases": {
    "Calcite": {
      "moles": 0.013362946183124998,
      "mass_kg": 0.0013374972834689811
    },
    "C-S-H_1.0": {
      "moles": 0.185255393816875,
      "mass_kg": 0.03149341694886875
    },
    "Silica_gel": {
      "moles": 1.357787746183125,
      "mass_kg": 0.08157588779068214
    },
    "Hydrotalcite": {
      "moles": 0.014008394999999998,
      "mass_kg": 0.006205718984999999
    }
  },
  "pH": 8.980125000000001,
  "pe": 4.0,
  "Eh": 0.24,
  "system_mass_kg": 0.12061252100801988,
  "input_composition": {
    "Ca": 0.19861834,
    "Si": 1.54304314,
    "Al": 0.55197413,
    "Fe": 0.11590086,
    "Mg": 0.04669465,
    "K": 0.07694594,
    "Na": 0.10992989,
    "S": 0.0,
    "O": 11.12283044,
    "H": 13.32202447,
    "C": 0.01758427
  },
  "execution_time": 1.049041748046875e-05,
  "mix_id": "MIX_2427",
  "input_file": "/teamspace/studios/this_studio/inputs/generated/MIX_2427.inp"
}