{
  "converged": true,
  "method": "simplified_thermodynamic_model",
  "note": "Using simplified model until Cemdata18 integration complete",
  "temperature_K": 298.15,
  "pressure_bar": 1.01325,
  "CO2_fraction": 0.15,
  "pCO2_bar": 0.1519875,
  "phases": {
    "Calcite": {
      "moles": 0.004387514354999999,
      "mass_kg": 0.0004391463117919499
    },
    "C-S-H_1.0": {
      "moles": 0.335731675645,
      "mass_kg": 0.05707438485965
    },
    "Silica_gel": {
      "moles": 1.419700994355,
      "mass_kg": 0.0852956357408484
    },
    "Ettringite": {
      "moles": 0.002562975,
      "mass_kg": 0.0032165336249999994
    },
    "Hydrotalcite": {
      "moles": 0.020506445999999998,
      "mass_kg": 0.009084355577999999
    }
  },
  "pH": 9.7400625,
  "pe": 4.0,
  "Eh": 0.24,
  "system_mass_kg": 0.15511005611529036,
  "input_composition": {
    "Ca": 0.34011919,
    "Si": 1.75543267,
    "Al": 0.62412504,
    "Fe": 0.13813669,
    "Mg": 0.06835482,
    "K": 0.0833666,
    "Na": 0.10782519,
    "S": 0.01537785,
    "O": 15.21907382,
    "H": 19.98303666,
    "C": 0.01154704
  },
  "execution_time": 1.7404556274414062e-05,
  "mix_id": "MIX_3495",
  "input_file": "/teamspace/studios/this_studio/inputs/generated/MIX_3495.inp"
}