{
  "converged": true,
  "method": "simplified_thermodynamic_model",
  "note": "Using simplified model until Cemdata18 integration complete",
  "temperature_K": 298.15,
  "pressure_bar": 1.01325,
  "CO2_fraction": 0.3,
  "pCO2_bar": 0.303975,
  "phases": {
    "Calcite": {
      "moles": 0.016171204021875,
      "mass_kg": 0.0016185758105494686
    },
    "C-S-H_1.0": {
      "moles": 0.411897855978125,
      "mass_kg": 0.07002263551628125
    },
    "Silica_gel": {
      "moles": 1.223529364021875,
      "mass_kg": 0.07350964419043425
    },
    "Ettringite": {
      "moles": 0.007688925,
      "mass_kg": 0.009649600874999999
    },
    "Hydrotalcite": {
      "moles": 0.026937506999999996,
      "mass_kg": 0.011933315600999998
    }
  },
  "pH": 8.980125000000001,
  "pe": 4.0,
  "Eh": 0.24,
  "system_mass_kg": 0.16673377199326497,
  "input_composition": {
    "Ca": 0.42806906,
    "Si": 1.63542722,
    "Al": 0.62013529,
    "Fe": 0.12068769,
    "Mg": 0.08979169,
    "K": 0.07786318,
    "Na": 0.06595793,
    "S": 0.04613355,
    "O": 13.64561075,
    "H": 16.98558113,
    "C": 0.02127965
  },
  "execution_time": 1.3589859008789062e-05,
  "mix_id": "MIX_3314",
  "input_file": "/teamspace/studios/this_studio/inputs/generated/MIX_3314.inp"
}