{
  "converged": true,
  "method": "simplified_thermodynamic_model",
  "note": "Using simplified model until Cemdata18 integration complete",
  "temperature_K": 298.15,
  "pressure_bar": 1.01325,
  "CO2_fraction": 0.3,
  "pCO2_bar": 0.303975,
  "phases": {
    "Calcite": {
      "moles": 0.018517222276875,
      "mass_kg": 0.0018533887776924186
    },
    "C-S-H_1.0": {
      "moles": 0.609685937723125,
      "mass_kg": 0.10364660941293125
    },
    "Silica_gel": {
      "moles": 1.218157052276875,
      "mass_kg": 0.07318687570079466
    },
    "Ettringite": {
      "moles": 0.013669201666666667,
      "mass_kg": 0.017154848091666664
    },
    "Hydrotalcite": {
      "moles": 0.037722929999999995,
      "mass_kg": 0.01671125799
    }
  },
  "pH": 8.980125000000001,
  "pe": 4.0,
  "Eh": 0.24,
  "system_mass_kg": 0.21255297997308498,
  "input_composition": {
    "Ca": 0.62820316,
    "Si": 1.82784299,
    "Al": 0.68962636,
    "Fe": 0.13129085,
    "Mg": 0.1257431,
    "K": 0.08061489,
    "Na": 0.15233141,
    "S": 0.08201521,
    "O": 15.37767749,
    "H": 18.65083423,
    "C": 0.02436677
  },
  "execution_time": 8.821487426757812e-06,
  "mix_id": "MIX_4441",
  "input_file": "/teamspace/studios/this_studio/inputs/generated/MIX_4441.inp"
}