{
  "converged": true,
  "method": "simplified_thermodynamic_model",
  "note": "Using simplified model until Cemdata18 integration complete",
  "temperature_K": 298.15,
  "pressure_bar": 1.01325,
  "CO2_fraction": 0.35,
  "pCO2_bar": 0.3546375,
  "phases": {
    "Calcite": {
      "moles": 0.01124275348875,
      "mass_kg": 0.0011252871966889876
    },
    "C-S-H_1.0": {
      "moles": 0.11916628651125,
      "mass_kg": 0.0202582687069125
    },
    "Silica_gel": {
      "moles": 1.11568822348875,
      "mass_kg": 0.0670305484672041
    },
    "Ettringite": {
      "moles": 0.00170865,
      "mass_kg": 0.0021443557499999997
    },
    "Hydrotalcite": {
      "moles": 0.012869562,
      "mass_kg": 0.0057012159659999995
    }
  },
  "pH": 8.7268125,
  "pe": 4.0,
  "Eh": 0.24,
  "system_mass_kg": 0.09625967608680559,
  "input_composition": {
    "Ca": 0.13040904,
    "Si": 1.23485451,
    "Al": 0.47649844,
    "Fe": 0.07912419,
    "Mg": 0.04289854,
    "K": 0.06593911,
    "Na": 0.08529898,
    "S": 0.0102519,
    "O": 5.93954123,
    "H": 4.66270854,
    "C": 0.01268084
  },
  "execution_time": 8.58306884765625e-06,
  "mix_id": "MIX_0989",
  "input_file": "/teamspace/studios/this_studio/inputs/generated/MIX_0989.inp"
}