{
  "converged": true,
  "method": "simplified_thermodynamic_model",
  "note": "Using simplified model until Cemdata18 integration complete",
  "temperature_K": 298.15,
  "pressure_bar": 1.01325,
  "CO2_fraction": 0.15,
  "pCO2_bar": 0.1519875,
  "phases": {
    "Calcite": {
      "moles": 0.0019212131924999998,
      "mass_kg": 0.000192294228437325
    },
    "C-S-H_1.0": {
      "moles": 0.1578044468075,
      "mass_kg": 0.026826755957275003
    },
    "Silica_gel": {
      "moles": 1.0164182231925,
      "mass_kg": 0.061066406849405404
    },
    "Ettringite": {
      "moles": 0.0034173,
      "mass_kg": 0.0042887114999999995
    },
    "Hydrotalcite": {
      "moles": 0.015013247999999998,
      "mass_kg": 0.006650868863999999
    }
  },
  "pH": 9.7400625,
  "pe": 4.0,
  "Eh": 0.24,
  "system_mass_kg": 0.09902503739911774,
  "input_composition": {
    "Ca": 0.15972566,
    "Si": 1.17422267,
    "Al": 0.47516852,
    "Fe": 0.07330786,
    "Mg": 0.05004416,
    "K": 0.06410463,
    "Na": 0.03134444,
    "S": 0.0205038,
    "O": 5.33205652,
    "H": 3.6635567,
    "C": 0.00505624
  },
  "execution_time": 1.0251998901367188e-05,
  "mix_id": "MIX_0688",
  "input_file": "/teamspace/studios/this_studio/inputs/generated/MIX_0688.inp"
}