{
  "converged": true,
  "method": "simplified_thermodynamic_model",
  "note": "Using simplified model until Cemdata18 integration complete",
  "temperature_K": 298.15,
  "pressure_bar": 1.01325,
  "CO2_fraction": 0.0,
  "pCO2_bar": 0.0,
  "phases": {
    "C-S-H_1.0": {
      "moles": 0.13040904,
      "mass_kg": 0.022169536800000004
    },
    "Silica_gel": {
      "moles": 1.10214343,
      "mass_kg": 0.0662167772744
    },
    "Ettringite": {
      "moles": 0.00170865,
      "mass_kg": 0.0021443557499999997
    },
    "Hydrotalcite": {
      "moles": 0.012869562,
      "mass_kg": 0.0057012159659999995
    }
  },
  "pH": 10.5,
  "pe": 4.0,
  "Eh": 0.24,
  "system_mass_kg": 0.0962318857904,
  "input_composition": {
    "Ca": 0.13040904,
    "Si": 1.23255247,
    "Al": 0.47649844,
    "Fe": 0.07912419,
    "Mg": 0.04289854,
    "K": 0.06593911,
    "Na": 0.08083566,
    "S": 0.0102519,
    "O": 5.40776791,
    "H": 3.66355671,
    "C": 0.0
  },
  "execution_time": 1.0728836059570312e-05,
  "mix_id": "MIX_0908",
  "input_file": "/teamspace/studios/this_studio/inputs/generated/MIX_0908.inp"
}