{
  "converged": true,
  "method": "simplified_thermodynamic_model",
  "note": "Using simplified model until Cemdata18 integration complete",
  "temperature_K": 298.15,
  "pressure_bar": 1.01325,
  "CO2_fraction": 0.4,
  "pCO2_bar": 0.4053,
  "phases": {
    "Calcite": {
      "moles": 0.02947458,
      "mass_kg": 0.0029501107122
    },
    "C-S-H_1.0": {
      "moles": 0.59872858,
      "mass_kg": 0.1017838586
    },
    "Silica_gel": {
      "moles": 1.22182466,
      "mass_kg": 0.07340722557280001
    },
    "Ettringite": {
      "moles": 0.013669201666666667,
      "mass_kg": 0.017154848091666664
    },
    "Hydrotalcite": {
      "moles": 0.037722929999999995,
      "mass_kg": 0.01671125799
    }
  },
  "pH": 8.5,
  "pe": 4.0,
  "Eh": 0.24,
  "system_mass_kg": 0.21200730096666667,
  "input_composition": {
    "Ca": 0.62820316,
    "Si": 1.82055324,
    "Al": 0.68962636,
    "Fe": 0.13129085,
    "Mg": 0.1257431,
    "K": 0.08061489,
    "Na": 0.13819757,
    "S": 0.08201521,
    "O": 13.36794302,
    "H": 14.65422691,
    "C": 0.02947458
  },
  "execution_time": 9.298324584960938e-06,
  "mix_id": "MIX_4472",
  "input_file": "/teamspace/studios/this_studio/inputs/generated/MIX_4472.inp"
}