{
  "converged": true,
  "method": "simplified_thermodynamic_model",
  "note": "Using simplified model until Cemdata18 integration complete",
  "temperature_K": 298.15,
  "pressure_bar": 1.01325,
  "CO2_fraction": 0.2,
  "pCO2_bar": 0.20265,
  "phases": {
    "Calcite": {
      "moles": 0.0067445821012499995,
      "mass_kg": 0.0006750652225141125
    },
    "C-S-H_1.0": {
      "moles": 0.37734954789874997,
      "mass_kg": 0.0641494231427875
    },
    "Silica_gel": {
      "moles": 1.35409146210125,
      "mass_kg": 0.0813538150430431
    },
    "Ettringite": {
      "moles": 0.00512595,
      "mass_kg": 0.006433067249999999
    },
    "Hydrotalcite": {
      "moles": 0.023721975,
      "mass_kg": 0.010508834925
    }
  },
  "pH": 9.48675,
  "pe": 4.0,
  "Eh": 0.24,
  "system_mass_kg": 0.16312020558334472,
  "input_composition": {
    "Ca": 0.38409413,
    "Si": 1.73144101,
    "Al": 0.62213016,
    "Fe": 0.12941219,
    "Mg": 0.07907325,
    "K": 0.08061489,
    "Na": 0.15671208,
    "S": 0.0307557,
    "O": 12.28498188,
    "H": 13.98812562,
    "C": 0.01331277
  },
  "execution_time": 1.0013580322265625e-05,
  "mix_id": "MIX_3405",
  "input_file": "/teamspace/studios/this_studio/inputs/generated/MIX_3405.inp"
}