{
  "converged": true,
  "method": "simplified_thermodynamic_model",
  "note": "Using simplified model until Cemdata18 integration complete",
  "temperature_K": 298.15,
  "pressure_bar": 1.01325,
  "CO2_fraction": 0.35,
  "pCO2_bar": 0.3546375,
  "phases": {
    "Calcite": {
      "moles": 0.029881028743125,
      "mass_kg": 0.002990792166899381
    },
    "C-S-H_1.0": {
      "moles": 0.5396888912568749,
      "mass_kg": 0.09174711151366874
    },
    "Silica_gel": {
      "moles": 1.3683414387431252,
      "mass_kg": 0.08220995363968696
    },
    "Ettringite": {
      "moles": 0.010251901666666667,
      "mass_kg": 0.012866136591666666
    },
    "Hydrotalcite": {
      "moles": 0.033435555,
      "mass_kg": 0.014811950865
    }
  },
  "pH": 8.7268125,
  "pe": 4.0,
  "Eh": 0.24,
  "system_mass_kg": 0.20462594477692175,
  "input_composition": {
    "Ca": 0.56956992,
    "Si": 1.90803033,
    "Al": 0.69228619,
    "Fe": 0.14292352,
    "Mg": 0.11145185,
    "K": 0.08428383,
    "Na": 0.1805991,
    "S": 0.06151141,
    "O": 19.45630348,
    "H": 26.64404888,
    "C": 0.03370318
  },
  "execution_time": 9.775161743164062e-06,
  "mix_id": "MIX_4571",
  "input_file": "/teamspace/studios/this_studio/inputs/generated/MIX_4571.inp"
}