{
  "converged": true,
  "method": "simplified_thermodynamic_model",
  "note": "Using simplified model until Cemdata18 integration complete",
  "temperature_K": 298.15,
  "pressure_bar": 1.01325,
  "CO2_fraction": 0.3,
  "pCO2_bar": 0.303975,
  "phases": {
    "Calcite": {
      "moles": 0.022090645985624997,
      "mass_kg": 0.002211052756701206
    },
    "C-S-H_1.0": {
      "moles": 0.7820122540143749,
      "mass_kg": 0.13294208318244374
    },
    "Silica_gel": {
      "moles": 0.8880991359856251,
      "mass_kg": 0.05335699609001635
    },
    "Ettringite": {
      "moles": 0.023921101666666666,
      "mass_kg": 0.030020982591666665
    },
    "Hydrotalcite": {
      "moles": 0.050585049,
      "mass_kg": 0.022409176707
    }
  },
  "pH": 8.980125000000001,
  "pe": 4.0,
  "Eh": 0.24,
  "system_mass_kg": 0.24094029132782796,
  "input_composition": {
    "Ca": 0.8041029,
    "Si": 1.67011139,
    "Al": 0.68164686,
    "Fe": 0.09639285,
    "Mg": 0.16861683,
    "K": 0.06960805,
    "Na": 0.22812517,
    "S": 0.14352661,
    "O": 19.43961098,
    "H": 26.64404881,
    "C": 0.02906903
  },
  "execution_time": 1.0013580322265625e-05,
  "mix_id": "MIX_4111",
  "input_file": "/teamspace/studios/this_studio/inputs/generated/MIX_4111.inp"
}