{
  "converged": true,
  "method": "simplified_thermodynamic_model",
  "note": "Using simplified model until Cemdata18 integration complete",
  "temperature_K": 298.15,
  "pressure_bar": 1.01325,
  "CO2_fraction": 0.15,
  "pCO2_bar": 0.1519875,
  "phases": {
    "Calcite": {
      "moles": 0.0026964520340625,
      "mass_kg": 0.0002698878840893156
    },
    "C-S-H_1.0": {
      "moles": 0.34250499796593753,
      "mass_kg": 0.058225849654209384
    },
    "Silica_gel": {
      "moles": 1.0255839520340624,
      "mass_kg": 0.06161708383820647
    },
    "Ettringite": {
      "moles": 0.00854325,
      "mass_kg": 0.010721778749999999
    },
    "Hydrotalcite": {
      "moles": 0.024726828,
      "mass_kg": 0.010953984804
    }
  },
  "pH": 9.7400625,
  "pe": 4.0,
  "Eh": 0.24,
  "system_mass_kg": 0.14178858493050517,
  "input_composition": {
    "Ca": 0.34520145,
    "Si": 1.36808895,
    "Al": 0.54532455,
    "Fe": 0.08681919,
    "Mg": 0.08242276,
    "K": 0.06777358,
    "Na": 0.08872912,
    "S": 0.0512595,
    "O": 8.02179734,
    "H": 7.32711348,
    "C": 0.00709651
  },
  "execution_time": 1.0251998901367188e-05,
  "mix_id": "MIX_1816",
  "input_file": "/teamspace/studios/this_studio/inputs/generated/MIX_1816.inp"
}