{
  "converged": true,
  "method": "simplified_thermodynamic_model",
  "note": "Using simplified model until Cemdata18 integration complete",
  "temperature_K": 298.15,
  "pressure_bar": 1.01325,
  "CO2_fraction": 0.3,
  "pCO2_bar": 0.303975,
  "phases": {
    "Calcite": {
      "moles": 0.021818998726874997,
      "mass_kg": 0.0021838635825729186
    },
    "C-S-H_1.0": {
      "moles": 0.665017411273125,
      "mass_kg": 0.11305295991643126
    },
    "Silica_gel": {
      "moles": 1.087790338726875,
      "mass_kg": 0.06535444355071066
    },
    "Ettringite": {
      "moles": 0.017086501666666667,
      "mass_kg": 0.021443559591666665
    },
    "Hydrotalcite": {
      "moles": 0.042010302,
      "mass_kg": 0.018610563786
    }
  },
  "pH": 8.980125000000001,
  "pe": 4.0,
  "Eh": 0.24,
  "system_mass_kg": 0.2206453904273815,
  "input_composition": {
    "Ca": 0.68683641,
    "Si": 1.75280775,
    "Al": 0.68696653,
    "Fe": 0.11965818,
    "Mg": 0.14003434,
    "K": 0.07694594,
    "Na": 0.13405294,
    "S": 0.10251901,
    "O": 19.33492731,
    "H": 26.64404877,
    "C": 0.02871157
  },
  "execution_time": 4.5299530029296875e-05,
  "mix_id": "MIX_4327",
  "input_file": "/teamspace/studios/this_studio/inputs/generated/MIX_4327.inp"
}