{
  "converged": true,
  "method": "simplified_thermodynamic_model",
  "note": "Using simplified model until Cemdata18 integration complete",
  "temperature_K": 298.15,
  "pressure_bar": 1.01325,
  "CO2_fraction": 0.4,
  "pCO2_bar": 0.4053,
  "phases": {
    "Calcite": {
      "moles": 0.02330214,
      "mass_kg": 0.0023323111926
    },
    "C-S-H_1.0": {
      "moles": 0.20463282,
      "mass_kg": 0.034787579400000004
    },
    "Silica_gel": {
      "moles": 1.29099349,
      "mass_kg": 0.0775628888792
    },
    "Ettringite": {
      "moles": 0.00170865,
      "mass_kg": 0.0021443557499999997
    },
    "Hydrotalcite": {
      "moles": 0.016152083999999997,
      "mass_kg": 0.007155373211999999
    }
  },
  "pH": 8.5,
  "pe": 4.0,
  "Eh": 0.24,
  "system_mass_kg": 0.1239825084338,
  "input_composition": {
    "Ca": 0.22793496,
    "Si": 1.49562631,
    "Al": 0.55064422,
    "Fe": 0.11008453,
    "Mg": 0.05384028,
    "K": 0.07511147,
    "Na": 0.08159744,
    "S": 0.0102519,
    "O": 11.08084764,
    "H": 13.32202445,
    "C": 0.02330214
  },
  "execution_time": 9.5367431640625e-06,
  "mix_id": "MIX_2343",
  "input_file": "/teamspace/studios/this_studio/inputs/generated/MIX_2343.inp"
}