{
  "converged": true,
  "method": "simplified_thermodynamic_model",
  "note": "Using simplified model until Cemdata18 integration complete",
  "temperature_K": 298.15,
  "pressure_bar": 1.01325,
  "CO2_fraction": 0.3,
  "pCO2_bar": 0.303975,
  "phases": {
    "Calcite": {
      "moles": 0.018632983556249996,
      "mass_kg": 0.0018649753241450622
    },
    "C-S-H_1.0": {
      "moles": 0.49230368644375,
      "mass_kg": 0.0836916266954375
    },
    "Silica_gel": {
      "moles": 1.48743057355625,
      "mass_kg": 0.0893648288592595
    },
    "Ettringite": {
      "moles": 0.0068346,
      "mass_kg": 0.008577422999999999
    },
    "Hydrotalcite": {
      "moles": 0.029148182999999998,
      "mass_kg": 0.012912645068999999
    }
  },
  "pH": 8.980125000000001,
  "pe": 4.0,
  "Eh": 0.24,
  "system_mass_kg": 0.19641149894784207,
  "input_composition": {
    "Ca": 0.51093667,
    "Si": 1.97973426,
    "Al": 0.69494602,
    "Fe": 0.15455619,
    "Mg": 0.09716061,
    "K": 0.08795278,
    "Na": 0.19241863,
    "S": 0.0410076,
    "O": 15.47948293,
    "H": 18.65083419,
    "C": 0.0245191
  },
  "execution_time": 1.5974044799804688e-05,
  "mix_id": "MIX_4669",
  "input_file": "/teamspace/studios/this_studio/inputs/generated/MIX_4669.inp"
}