{
  "converged": true,
  "method": "simplified_thermodynamic_model",
  "note": "Using simplified model until Cemdata18 integration complete",
  "temperature_K": 298.15,
  "pressure_bar": 1.01325,
  "CO2_fraction": 0.15,
  "pCO2_bar": 0.1519875,
  "phases": {
    "Calcite": {
      "moles": 0.0033202809281249993,
      "mass_kg": 0.0003323269180960312
    },
    "C-S-H_1.0": {
      "moles": 0.400514419071875,
      "mass_kg": 0.06808745124221875
    },
    "Silica_gel": {
      "moles": 0.8982884309281249,
      "mass_kg": 0.053969168930161744
    },
    "Ettringite": {
      "moles": 0.011960551666666666,
      "mass_kg": 0.015010492341666664
    },
    "Hydrotalcite": {
      "moles": 0.029014203,
      "mass_kg": 0.012853291929
    }
  },
  "pH": 9.7400625,
  "pe": 4.0,
  "Eh": 0.24,
  "system_mass_kg": 0.1502527313611432,
  "input_composition": {
    "Ca": 0.4038347,
    "Si": 1.29880285,
    "Al": 0.54266472,
    "Fe": 0.07518652,
    "Mg": 0.09671401,
    "K": 0.06410463,
    "Na": 0.08159744,
    "S": 0.07176331,
    "O": 10.99156104,
    "H": 13.32202445,
    "C": 0.0087383
  },
  "execution_time": 1.049041748046875e-05,
  "mix_id": "MIX_1591",
  "input_file": "/teamspace/studios/this_studio/inputs/generated/MIX_1591.inp"
}