{
  "converged": true,
  "method": "simplified_thermodynamic_model",
  "note": "Using simplified model until Cemdata18 integration complete",
  "temperature_K": 298.15,
  "pressure_bar": 1.01325,
  "CO2_fraction": 0.3,
  "pCO2_bar": 0.303975,
  "phases": {
    "Calcite": {
      "moles": 0.010655083687499999,
      "mass_kg": 0.0010664673262818748
    },
    "C-S-H_1.0": {
      "moles": 0.3345463663125,
      "mass_kg": 0.05687288227312501
    },
    "Silica_gel": {
      "moles": 1.0101938636874999,
      "mass_kg": 0.06069244733034499
    },
    "Ettringite": {
      "moles": 0.00854325,
      "mass_kg": 0.010721778749999999
    },
    "Hydrotalcite": {
      "moles": 0.024726828,
      "mass_kg": 0.010953984804
    }
  },
  "pH": 8.980125000000001,
  "pe": 4.0,
  "Eh": 0.24,
  "system_mass_kg": 0.14030756048375187,
  "input_composition": {
    "Ca": 0.34520145,
    "Si": 1.34474023,
    "Al": 0.54532455,
    "Fe": 0.08681919,
    "Mg": 0.08242276,
    "K": 0.06777358,
    "Na": 0.04345916,
    "S": 0.0512595,
    "O": 7.96631387,
    "H": 7.32711342,
    "C": 0.014021
  },
  "execution_time": 9.775161743164062e-06,
  "mix_id": "MIX_1856",
  "input_file": "/teamspace/studios/this_studio/inputs/generated/MIX_1856.inp"
}