{
  "converged": true,
  "method": "simplified_thermodynamic_model",
  "note": "Using simplified model until Cemdata18 integration complete",
  "temperature_K": 298.15,
  "pressure_bar": 1.01325,
  "CO2_fraction": 0.3,
  "pCO2_bar": 0.303975,
  "phases": {
    "Calcite": {
      "moles": 0.012427341530624999,
      "mass_kg": 0.001243852613800256
    },
    "C-S-H_1.0": {
      "moles": 0.450040608469375,
      "mass_kg": 0.07650690343979376
    },
    "Silica_gel": {
      "moles": 0.7804489415306249,
      "mass_kg": 0.04688937240715995
    },
    "Ettringite": {
      "moles": 0.015377851666666666,
      "mass_kg": 0.019299203841666664
    },
    "Hydrotalcite": {
      "moles": 0.033301575,
      "mass_kg": 0.014752597725
    }
  },
  "pH": 8.980125000000001,
  "pe": 4.0,
  "Eh": 0.24,
  "system_mass_kg": 0.15869193002742063,
  "input_composition": {
    "Ca": 0.46246795,
    "Si": 1.23048955,
    "Al": 0.54000488,
    "Fe": 0.06355385,
    "Mg": 0.11100525,
    "K": 0.06043569,
    "Na": 0.07635189,
    "S": 0.09226711,
    "O": 9.97955209,
    "H": 11.32372072,
    "C": 0.01635311
  },
  "execution_time": 2.5033950805664062e-05,
  "mix_id": "MIX_1414",
  "input_file": "/teamspace/studios/this_studio/inputs/generated/MIX_1414.inp"
}