{
  "converged": true,
  "method": "simplified_thermodynamic_model",
  "note": "Using simplified model until Cemdata18 integration complete",
  "temperature_K": 298.15,
  "pressure_bar": 1.01325,
  "CO2_fraction": 0.2,
  "pCO2_bar": 0.20265,
  "phases": {
    "Calcite": {
      "moles": 0.0034573964512499998,
      "mass_kg": 0.00034605081080561246
    },
    "C-S-H_1.0": {
      "moles": 0.11229333354875,
      "mass_kg": 0.0190898667032875
    },
    "Silica_gel": {
      "moles": 1.12797520645125,
      "mass_kg": 0.06776875040359111
    },
    "Ettringite": {
      "moles": 0.000854325,
      "mass_kg": 0.0010721778749999999
    },
    "Hydrotalcite": {
      "moles": 0.011797719,
      "mass_kg": 0.005226389517
    }
  },
  "pH": 9.48675,
  "pe": 4.0,
  "Eh": 0.24,
  "system_mass_kg": 0.09350323530968423,
  "input_composition": {
    "Ca": 0.11575073,
    "Si": 1.24026854,
    "Al": 0.47716339,
    "Fe": 0.08203236,
    "Mg": 0.03932573,
    "K": 0.06685634,
    "Na": 0.0639949,
    "S": 0.00512595,
    "O": 5.40063776,
    "H": 3.66355677,
    "C": 0.00682437
  },
  "execution_time": 1.3828277587890625e-05,
  "mix_id": "MIX_1048",
  "input_file": "/teamspace/studios/this_studio/inputs/generated/MIX_1048.inp"
}