{
  "converged": true,
  "method": "simplified_thermodynamic_model",
  "note": "Using simplified model until Cemdata18 integration complete",
  "temperature_K": 298.15,
  "pressure_bar": 1.01325,
  "CO2_fraction": 0.15,
  "pCO2_bar": 0.1519875,
  "phases": {
    "Calcite": {
      "moles": 0.0037245638784374996,
      "mass_kg": 0.0003727915985928093
    },
    "C-S-H_1.0": {
      "moles": 0.2924196961215625,
      "mass_kg": 0.04971134834066563
    },
    "Silica_gel": {
      "moles": 1.4879472538784375,
      "mass_kg": 0.08939587101301653
    },
    "Hydrotalcite": {
      "moles": 0.017290917,
      "mass_kg": 0.007659876231
    }
  },
  "pH": 9.7400625,
  "pe": 4.0,
  "Eh": 0.24,
  "system_mass_kg": 0.14713988718327498,
  "input_composition": {
    "Ca": 0.29614426,
    "Si": 1.78036695,
    "Al": 0.62611991,
    "Fe": 0.1468612,
    "Mg": 0.05763639,
    "K": 0.08611831,
    "Na": 0.06076591,
    "S": 0.0,
    "O": 12.1610957,
    "H": 13.9881256,
    "C": 0.00980229
  },
  "execution_time": 1.0251998901367188e-05,
  "mix_id": "MIX_3601",
  "input_file": "/teamspace/studios/this_studio/inputs/generated/MIX_3601.inp"
}