{
  "converged": true,
  "method": "simplified_thermodynamic_model",
  "note": "Using simplified model until Cemdata18 integration complete",
  "temperature_K": 298.15,
  "pressure_bar": 1.01325,
  "CO2_fraction": 0.15,
  "pCO2_bar": 0.1519875,
  "phases": {
    "Calcite": {
      "moles": 0.0050904527428124995,
      "mass_kg": 0.000509503415028103
    },
    "C-S-H_1.0": {
      "moles": 0.7990124472571875,
      "mass_kg": 0.1358321160337219
    },
    "Silica_gel": {
      "moles": 0.8618908227428125,
      "mass_kg": 0.05178240063038818
    },
    "Ettringite": {
      "moles": 0.023921101666666666,
      "mass_kg": 0.030020982591666665
    },
    "Hydrotalcite": {
      "moles": 0.050585049,
      "mass_kg": 0.022409176707
    }
  },
  "pH": 9.7400625,
  "pe": 4.0,
  "Eh": 0.24,
  "system_mass_kg": 0.24055417937780482,
  "input_composition": {
    "Ca": 0.8041029,
    "Si": 1.66090327,
    "Al": 0.68164686,
    "Fe": 0.09639285,
    "Mg": 0.16861683,
    "K": 0.06960805,
    "Na": 0.2102719,
    "S": 0.14352661,
    "O": 17.38262047,
    "H": 22.64744153,
    "C": 0.01339703
  },
  "execution_time": 9.5367431640625e-06,
  "mix_id": "MIX_4062",
  "input_file": "/teamspace/studios/this_studio/inputs/generated/MIX_4062.inp"
}