{
  "converged": true,
  "method": "simplified_thermodynamic_model",
  "note": "Using simplified model until Cemdata18 integration complete",
  "temperature_K": 298.15,
  "pressure_bar": 1.01325,
  "CO2_fraction": 0.4,
  "pCO2_bar": 0.4053,
  "phases": {
    "Calcite": {
      "moles": 0.02837287,
      "mass_kg": 0.0028398405583
    },
    "C-S-H_1.0": {
      "moles": 0.531621,
      "mass_kg": 0.09037557
    },
    "Silica_gel": {
      "moles": 0.9561886300000001,
      "mass_kg": 0.057447812890400005
    },
    "Ettringite": {
      "moles": 0.015377851666666666,
      "mass_kg": 0.019299203841666664
    },
    "Hydrotalcite": {
      "moles": 0.036584094,
      "mass_kg": 0.016206753642
    }
  },
  "pH": 8.5,
  "pe": 4.0,
  "Eh": 0.24,
  "system_mass_kg": 0.18616918093236667,
  "input_composition": {
    "Ca": 0.55999387,
    "Si": 1.48780963,
    "Al": 0.61415066,
    "Fe": 0.09451418,
    "Mg": 0.12194698,
    "K": 0.06960805,
    "Na": 0.06595793,
    "S": 0.09226711,
    "O": 13.614678,
    "H": 16.98558113,
    "C": 0.02837287
  },
  "execution_time": 9.298324584960938e-06,
  "mix_id": "MIX_3010",
  "input_file": "/teamspace/studios/this_studio/inputs/generated/MIX_3010.inp"
}