{
  "converged": true,
  "method": "simplified_thermodynamic_model",
  "note": "Using simplified model until Cemdata18 integration complete",
  "temperature_K": 298.15,
  "pressure_bar": 1.01325,
  "CO2_fraction": 0.35,
  "pCO2_bar": 0.3546375,
  "phases": {
    "Calcite": {
      "moles": 0.027542513604375,
      "mass_kg": 0.0027567301866618936
    },
    "C-S-H_1.0": {
      "moles": 0.483394156395625,
      "mass_kg": 0.08217700658725625
    },
    "Silica_gel": {
      "moles": 1.482954233604375,
      "mass_kg": 0.08909589035495086
    },
    "Ettringite": {
      "moles": 0.0068346,
      "mass_kg": 0.008577422999999999
    },
    "Hydrotalcite": {
      "moles": 0.029148182999999998,
      "mass_kg": 0.012912645068999999
    }
  },
  "pH": 8.7268125,
  "pe": 4.0,
  "Eh": 0.24,
  "system_mass_kg": 0.195519695197869,
  "input_composition": {
    "Ca": 0.51093667,
    "Si": 1.96634839,
    "Al": 0.69494602,
    "Fe": 0.15455619,
    "Mg": 0.09716061,
    "K": 0.08795278,
    "Na": 0.16646526,
    "S": 0.0410076,
    "O": 17.45113107,
    "H": 22.64744156,
    "C": 0.03106554
  },
  "execution_time": 1.0967254638671875e-05,
  "mix_id": "MIX_4682",
  "input_file": "/teamspace/studios/this_studio/inputs/generated/MIX_4682.inp"
}