{
  "converged": true,
  "method": "simplified_thermodynamic_model",
  "note": "Using simplified model until Cemdata18 integration complete",
  "temperature_K": 298.15,
  "pressure_bar": 1.01325,
  "CO2_fraction": 0.3,
  "pCO2_bar": 0.303975,
  "phases": {
    "Calcite": {
      "moles": 0.013878692966249998,
      "mass_kg": 0.0013891183789919623
    },
    "C-S-H_1.0": {
      "moles": 0.59009010703375,
      "mass_kg": 0.10031531819573751
    },
    "Silica_gel": {
      "moles": 0.88841548296625,
      "mass_kg": 0.053376002216612296
    },
    "Ettringite": {
      "moles": 0.017940826666666666,
      "mass_kg": 0.022515737466666665
    },
    "Hydrotalcite": {
      "moles": 0.039799626,
      "mass_kg": 0.017631234318
    }
  },
  "pH": 8.980125000000001,
  "pe": 4.0,
  "Eh": 0.24,
  "system_mass_kg": 0.19522741057600843,
  "input_composition": {
    "Ca": 0.6039688,
    "Si": 1.47850559,
    "Al": 0.61215579,
    "Fe": 0.08578968,
    "Mg": 0.13266542,
    "K": 0.06685634,
    "Na": 0.14332212,
    "S": 0.10764496,
    "O": 10.70044865,
    "H": 10.99067012,
    "C": 0.01826294
  },
  "execution_time": 1.33514404296875e-05,
  "mix_id": "MIX_2876",
  "input_file": "/teamspace/studios/this_studio/inputs/generated/MIX_2876.inp"
}