{
  "converged": true,
  "method": "simplified_thermodynamic_model",
  "note": "Using simplified model until Cemdata18 integration complete",
  "temperature_K": 298.15,
  "pressure_bar": 1.01325,
  "CO2_fraction": 0.2,
  "pCO2_bar": 0.20265,
  "phases": {
    "Calcite": {
      "moles": 0.00555728614875,
      "mass_kg": 0.0005562287706283875
    },
    "C-S-H_1.0": {
      "moles": 0.25169429385125,
      "mass_kg": 0.0427880299547125
    },
    "Silica_gel": {
      "moles": 1.22209614614875,
      "mass_kg": 0.0734235364606169
    },
    "Ettringite": {
      "moles": 0.0034173,
      "mass_kg": 0.0042887114999999995
    },
    "Hydrotalcite": {
      "moles": 0.01829577,
      "mass_kg": 0.00810502611
    }
  },
  "pH": 9.48675,
  "pe": 4.0,
  "Eh": 0.24,
  "system_mass_kg": 0.1291615327959578,
  "input_composition": {
    "Ca": 0.25725158,
    "Si": 1.47379044,
    "Al": 0.5493143,
    "Fe": 0.10426819,
    "Mg": 0.0609859,
    "K": 0.073277,
    "Na": 0.10286297,
    "S": 0.0205038,
    "O": 10.07957235,
    "H": 11.32372081,
    "C": 0.01096923
  },
  "execution_time": 8.177757263183594e-05,
  "mix_id": "MIX_2170",
  "input_file": "/teamspace/studios/this_studio/inputs/generated/MIX_2170.inp"
}