{
  "converged": true,
  "method": "simplified_thermodynamic_model",
  "note": "Using simplified model until Cemdata18 integration complete",
  "temperature_K": 298.15,
  "pressure_bar": 1.01325,
  "CO2_fraction": 0.35,
  "pCO2_bar": 0.3546375,
  "phases": {
    "Calcite": {
      "moles": 0.0169149941165625,
      "mass_kg": 0.0016930217611267405
    },
    "C-S-H_1.0": {
      "moles": 0.2696532158834375,
      "mass_kg": 0.04584104670018438
    },
    "Silica_gel": {
      "moles": 1.1576597941165625,
      "mass_kg": 0.06955220043052307
    },
    "Ettringite": {
      "moles": 0.00512595,
      "mass_kg": 0.006433067249999999
    },
    "Hydrotalcite": {
      "moles": 0.020439455999999998,
      "mass_kg": 0.009054679008
    }
  },
  "pH": 8.7268125,
  "pe": 4.0,
  "Eh": 0.24,
  "system_mass_kg": 0.1325740151498342,
  "input_composition": {
    "Ca": 0.28656821,
    "Si": 1.42731301,
    "Al": 0.54798438,
    "Fe": 0.09845186,
    "Mg": 0.06813152,
    "K": 0.07144252,
    "Na": 0.07635189,
    "S": 0.0307557,
    "O": 10.04516205,
    "H": 11.32372072,
    "C": 0.01907863
  },
  "execution_time": 1.1682510375976562e-05,
  "mix_id": "MIX_2102",
  "input_file": "/teamspace/studios/this_studio/inputs/generated/MIX_2102.inp"
}