{
  "converged": true,
  "method": "simplified_thermodynamic_model",
  "note": "Using simplified model until Cemdata18 integration complete",
  "temperature_K": 298.15,
  "pressure_bar": 1.01325,
  "CO2_fraction": 0.2,
  "pCO2_bar": 0.20265,
  "phases": {
    "Calcite": {
      "moles": 0.0034362296587499997,
      "mass_kg": 0.0003439322265442875
    },
    "C-S-H_1.0": {
      "moles": 0.18560606034125,
      "mass_kg": 0.0315530302580125
    },
    "Silica_gel": {
      "moles": 0.96414588965875,
      "mass_kg": 0.057925885050697706
    },
    "Ettringite": {
      "moles": 0.00512595,
      "mass_kg": 0.006433067249999999
    },
    "Hydrotalcite": {
      "moles": 0.017156936999999997,
      "mass_kg": 0.007600523090999999
    }
  },
  "pH": 9.48675,
  "pe": 4.0,
  "Eh": 0.24,
  "system_mass_kg": 0.1038564378762545,
  "input_composition": {
    "Ca": 0.18904229,
    "Si": 1.14975195,
    "Al": 0.4738386,
    "Fe": 0.06749152,
    "Mg": 0.05718979,
    "K": 0.06227016,
    "Na": 0.04750137,
    "S": 0.0307557,
    "O": 5.35022755,
    "H": 3.66355667,
    "C": 0.00678259
  },
  "execution_time": 1.0251998901367188e-05,
  "mix_id": "MIX_0484",
  "input_file": "/teamspace/studios/this_studio/inputs/generated/MIX_0484.inp"
}