{
  "converged": true,
  "method": "simplified_thermodynamic_model",
  "note": "Using simplified model until Cemdata18 integration complete",
  "temperature_K": 298.15,
  "pressure_bar": 1.01325,
  "CO2_fraction": 0.4,
  "pCO2_bar": 0.4053,
  "phases": {
    "Calcite": {
      "moles": 0.03851792,
      "mass_kg": 0.0038552586128
    },
    "C-S-H_1.0": {
      "moles": 0.82421823,
      "mass_kg": 0.14011709910000003
    },
    "Silica_gel": {
      "moles": 0.755773,
      "mass_kg": 0.04540684184
    },
    "Ettringite": {
      "moles": 0.027338403333333334,
      "mass_kg": 0.03430969618333333
    },
    "Hydrotalcite": {
      "moles": 0.054872421,
      "mass_kg": 0.024308482503
    }
  },
  "pH": 8.5,
  "pe": 4.0,
  "Eh": 0.24,
  "system_mass_kg": 0.24799737823913337,
  "input_composition": {
    "Ca": 0.86273615,
    "Si": 1.57999123,
    "Al": 0.67898703,
    "Fe": 0.08476018,
    "Mg": 0.18290807,
    "K": 0.06593911,
    "Na": 0.1805991,
    "S": 0.16403042,
    "O": 19.3656681,
    "H": 26.64404888,
    "C": 0.03851792
  },
  "execution_time": 3.600120544433594e-05,
  "mix_id": "MIX_4027",
  "input_file": "/teamspace/studios/this_studio/inputs/generated/MIX_4027.inp"
}