{
  "converged": true,
  "method": "simplified_thermodynamic_model",
  "note": "Using simplified model until Cemdata18 integration complete",
  "temperature_K": 298.15,
  "pressure_bar": 1.01325,
  "CO2_fraction": 0.35,
  "pCO2_bar": 0.3546375,
  "phases": {
    "Calcite": {
      "moles": 0.01889044024875,
      "mass_kg": 0.0018907441644973877
    },
    "C-S-H_1.0": {
      "moles": 0.27725381975124996,
      "mass_kg": 0.0471331493577125
    },
    "Silica_gel": {
      "moles": 1.54569283024875,
      "mass_kg": 0.0928652252413449
    },
    "Hydrotalcite": {
      "moles": 0.017290917,
      "mass_kg": 0.007659876231
    }
  },
  "pH": 8.7268125,
  "pe": 4.0,
  "Eh": 0.24,
  "system_mass_kg": 0.1495489949945548,
  "input_composition": {
    "Ca": 0.29614426,
    "Si": 1.82294665,
    "Al": 0.62611991,
    "Fe": 0.1468612,
    "Mg": 0.05763639,
    "K": 0.08611831,
    "Na": 0.14332212,
    "S": 0.0,
    "O": 10.8118144,
    "H": 10.99067012,
    "C": 0.02130676
  },
  "execution_time": 6.9141387939453125e-06,
  "mix_id": "MIX_3676",
  "input_file": "/teamspace/studios/this_studio/inputs/generated/MIX_3676.inp"
}