{
  "converged": true,
  "method": "simplified_thermodynamic_model",
  "note": "Using simplified model until Cemdata18 integration complete",
  "temperature_K": 298.15,
  "pressure_bar": 1.01325,
  "CO2_fraction": 0.2,
  "pCO2_bar": 0.20265,
  "phases": {
    "Calcite": {
      "moles": 0.007512954907499999,
      "mass_kg": 0.0007519716566916749
    },
    "C-S-H_1.0": {
      "moles": 0.5620569650924999,
      "mass_kg": 0.09554968406572499
    },
    "Silica_gel": {
      "moles": 1.3428613649075003,
      "mass_kg": 0.08067911080364262
    },
    "Ettringite": {
      "moles": 0.010251901666666667,
      "mass_kg": 0.012866136591666666
    },
    "Hydrotalcite": {
      "moles": 0.033435555,
      "mass_kg": 0.014811950865
    }
  },
  "pH": 9.48675,
  "pe": 4.0,
  "Eh": 0.24,
  "system_mass_kg": 0.20465885398272596,
  "input_composition": {
    "Ca": 0.56956992,
    "Si": 1.90491833,
    "Al": 0.69228619,
    "Fe": 0.14292352,
    "Mg": 0.11145185,
    "K": 0.08428383,
    "Na": 0.17456535,
    "S": 0.06151141,
    "O": 13.41440409,
    "H": 14.65422691,
    "C": 0.01482942
  },
  "execution_time": 9.775161743164062e-06,
  "mix_id": "MIX_4524",
  "input_file": "/teamspace/studios/this_studio/inputs/generated/MIX_4524.inp"
}