{
  "converged": true,
  "method": "simplified_thermodynamic_model",
  "note": "Using simplified model until Cemdata18 integration complete",
  "temperature_K": 298.15,
  "pressure_bar": 1.01325,
  "CO2_fraction": 0.15,
  "pCO2_bar": 0.1519875,
  "phases": {
    "Calcite": {
      "moles": 0.0020649971671875,
      "mass_kg": 0.00020668556646379684
    },
    "C-S-H_1.0": {
      "moles": 0.1136857328328125,
      "mass_kg": 0.019326574581578125
    },
    "Silica_gel": {
      "moles": 1.1375707271671875,
      "mass_kg": 0.06834524928820462
    },
    "Ettringite": {
      "moles": 0.000854325,
      "mass_kg": 0.0010721778749999999
    },
    "Hydrotalcite": {
      "moles": 0.011797719,
      "mass_kg": 0.005226389517
    }
  },
  "pH": 9.7400625,
  "pe": 4.0,
  "Eh": 0.24,
  "system_mass_kg": 0.09417707682824654,
  "input_composition": {
    "Ca": 0.11575073,
    "Si": 1.25125646,
    "Al": 0.47716339,
    "Fe": 0.08203236,
    "Mg": 0.03932573,
    "K": 0.06685634,
    "Na": 0.08529898,
    "S": 0.00512595,
    "O": 5.93006209,
    "H": 4.66270854,
    "C": 0.00543465
  },
  "execution_time": 1.6450881958007812e-05,
  "mix_id": "MIX_1037",
  "input_file": "/teamspace/studios/this_studio/inputs/generated/MIX_1037.inp"
}