{
  "converged": true,
  "method": "simplified_thermodynamic_model",
  "note": "Using simplified model until Cemdata18 integration complete",
  "temperature_K": 298.15,
  "pressure_bar": 1.01325,
  "CO2_fraction": 0.25,
  "pCO2_bar": 0.2533125,
  "phases": {
    "Calcite": {
      "moles": 0.015340725323437497,
      "mass_kg": 0.001535453197622859
    },
    "C-S-H_1.0": {
      "moles": 0.6128624346765625,
      "mass_kg": 0.10418661389501564
    },
    "Silica_gel": {
      "moles": 1.2540724153234375,
      "mass_kg": 0.07534467071263212
    },
    "Ettringite": {
      "moles": 0.013669201666666667,
      "mass_kg": 0.017154848091666664
    },
    "Hydrotalcite": {
      "moles": 0.037722929999999995,
      "mass_kg": 0.01671125799
    }
  },
  "pH": 9.2334375,
  "pe": 4.0,
  "Eh": 0.24,
  "system_mass_kg": 0.21493284388693729,
  "input_composition": {
    "Ca": 0.62820316,
    "Si": 1.86693485,
    "Al": 0.68962636,
    "Fe": 0.13129085,
    "Mg": 0.1257431,
    "K": 0.08061489,
    "Na": 0.22812517,
    "S": 0.08201521,
    "O": 19.49008022,
    "H": 26.64404881,
    "C": 0.02422419
  },
  "execution_time": 0.00016689300537109375,
  "mix_id": "MIX_4431",
  "input_file": "/teamspace/studios/this_studio/inputs/generated/MIX_4431.inp"
}