{
  "converged": true,
  "method": "simplified_thermodynamic_model",
  "note": "Using simplified model until Cemdata18 integration complete",
  "temperature_K": 298.15,
  "pressure_bar": 1.01325,
  "CO2_fraction": 0.15,
  "pCO2_bar": 0.1519875,
  "phases": {
    "Calcite": {
      "moles": 0.0028759302731249997,
      "mass_kg": 0.0002878518610370812
    },
    "C-S-H_1.0": {
      "moles": 0.254375649726875,
      "mass_kg": 0.043243860453568754
    },
    "Silica_gel": {
      "moles": 1.190561560273125,
      "mass_kg": 0.07152893854120936
    },
    "Ettringite": {
      "moles": 0.0034173,
      "mass_kg": 0.0042887114999999995
    },
    "Hydrotalcite": {
      "moles": 0.01829577,
      "mass_kg": 0.00810502611
    }
  },
  "pH": 9.7400625,
  "pe": 4.0,
  "Eh": 0.24,
  "system_mass_kg": 0.1274543884658152,
  "input_composition": {
    "Ca": 0.25725158,
    "Si": 1.44493721,
    "Al": 0.5493143,
    "Fe": 0.10426819,
    "Mg": 0.0609859,
    "K": 0.073277,
    "Na": 0.04692051,
    "S": 0.0205038,
    "O": 8.98794207,
    "H": 9.32541712,
    "C": 0.00756886
  },
  "execution_time": 1.0728836059570312e-05,
  "mix_id": "MIX_2145",
  "input_file": "/teamspace/studios/this_studio/inputs/generated/MIX_2145.inp"
}