{
  "converged": true,
  "method": "simplified_thermodynamic_model",
  "note": "Using simplified model until Cemdata18 integration complete",
  "temperature_K": 298.15,
  "pressure_bar": 1.01325,
  "CO2_fraction": 0.25,
  "pCO2_bar": 0.2533125,
  "phases": {
    "Calcite": {
      "moles": 0.0086300972296875,
      "mass_kg": 0.0008637864317194218
    },
    "C-S-H_1.0": {
      "moles": 0.3072547327703125,
      "mass_kg": 0.05223330457095313
    },
    "Silica_gel": {
      "moles": 1.0872543672296875,
      "mass_kg": 0.06532224238315963
    },
    "Ettringite": {
      "moles": 0.0068346,
      "mass_kg": 0.008577422999999999
    },
    "Hydrotalcite": {
      "moles": 0.022583142,
      "mass_kg": 0.010004331906
    }
  },
  "pH": 9.2334375,
  "pe": 4.0,
  "Eh": 0.24,
  "system_mass_kg": 0.1370010882918322,
  "input_composition": {
    "Ca": 0.31588483,
    "Si": 1.3945091,
    "Al": 0.54665447,
    "Fe": 0.09263552,
    "Mg": 0.07527714,
    "K": 0.06960805,
    "Na": 0.07635189,
    "S": 0.0410076,
    "O": 10.02423349,
    "H": 11.32372072,
    "C": 0.01362759
  },
  "execution_time": 2.288818359375e-05,
  "mix_id": "MIX_1958",
  "input_file": "/teamspace/studios/this_studio/inputs/generated/MIX_1958.inp"
}