{
  "converged": true,
  "method": "simplified_thermodynamic_model",
  "note": "Using simplified model until Cemdata18 integration complete",
  "temperature_K": 298.15,
  "pressure_bar": 1.01325,
  "CO2_fraction": 0.15,
  "pCO2_bar": 0.1519875,
  "phases": {
    "Calcite": {
      "moles": 0.00225304750125,
      "mass_kg": 0.0002255075244001125
    },
    "C-S-H_1.0": {
      "moles": 0.14281430249875002,
      "mass_kg": 0.024278431424787503
    },
    "Silica_gel": {
      "moles": 1.06020173750125,
      "mass_kg": 0.06369692038907511
    },
    "Ettringite": {
      "moles": 0.002562975,
      "mass_kg": 0.0032165336249999994
    },
    "Hydrotalcite": {
      "moles": 0.013941405,
      "mass_kg": 0.006176042415
    }
  },
  "pH": 9.7400625,
  "pe": 4.0,
  "Eh": 0.24,
  "system_mass_kg": 0.09759343537826272,
  "input_composition": {
    "Ca": 0.14506735,
    "Si": 1.20301604,
    "Al": 0.47583348,
    "Fe": 0.07621603,
    "Mg": 0.04647135,
    "K": 0.06502187,
    "Na": 0.05536969,
    "S": 0.01537785,
    "O": 6.87433961,
    "H": 6.66101223,
    "C": 0.00592956
  },
  "execution_time": 1.1205673217773438e-05,
  "mix_id": "MIX_0807",
  "input_file": "/teamspace/studios/this_studio/inputs/generated/MIX_0807.inp"
}