{
  "converged": true,
  "method": "simplified_thermodynamic_model",
  "note": "Using simplified model until Cemdata18 integration complete",
  "temperature_K": 298.15,
  "pressure_bar": 1.01325,
  "CO2_fraction": 0.4,
  "pCO2_bar": 0.4053,
  "phases": {
    "Calcite": {
      "moles": 0.02965884,
      "mass_kg": 0.0029685532956
    },
    "C-S-H_1.0": {
      "moles": 0.77444406,
      "mass_kg": 0.1316554902
    },
    "Silica_gel": {
      "moles": 0.86804298,
      "mass_kg": 0.0521520222384
    },
    "Ettringite": {
      "moles": 0.023921101666666666,
      "mass_kg": 0.030020982591666665
    },
    "Hydrotalcite": {
      "moles": 0.050585049,
      "mass_kg": 0.022409176707
    }
  },
  "pH": 8.5,
  "pe": 4.0,
  "Eh": 0.24,
  "system_mass_kg": 0.23920622503266667,
  "input_composition": {
    "Ca": 0.8041029,
    "Si": 1.64248704,
    "Al": 0.68164686,
    "Fe": 0.09639285,
    "Mg": 0.16861683,
    "K": 0.06960805,
    "Na": 0.17456535,
    "S": 0.14352661,
    "O": 13.36385105,
    "H": 14.65422691,
    "C": 0.02965884
  },
  "execution_time": 1.1920928955078125e-05,
  "mix_id": "MIX_4140",
  "input_file": "/teamspace/studios/this_studio/inputs/generated/MIX_4140.inp"
}