{
  "converged": true,
  "method": "simplified_thermodynamic_model",
  "note": "Using simplified model until Cemdata18 integration complete",
  "temperature_K": 298.15,
  "pressure_bar": 1.01325,
  "CO2_fraction": 0.35,
  "pCO2_bar": 0.3546375,
  "phases": {
    "Calcite": {
      "moles": 0.014590797466874998,
      "mass_kg": 0.0014603929184595185
    },
    "C-S-H_1.0": {
      "moles": 0.184027542533125,
      "mass_kg": 0.03128468223063125
    },
    "Silica_gel": {
      "moles": 1.336286247466875,
      "mass_kg": 0.08028407774780985
    },
    "Hydrotalcite": {
      "moles": 0.014008394999999998,
      "mass_kg": 0.006205718984999999
    }
  },
  "pH": 8.7268125,
  "pe": 4.0,
  "Eh": 0.24,
  "system_mass_kg": 0.11923487188190061,
  "input_composition": {
    "Ca": 0.19861834,
    "Si": 1.52031379,
    "Al": 0.55197413,
    "Fe": 0.11590086,
    "Mg": 0.04669465,
    "K": 0.07694594,
    "Na": 0.06586079,
    "S": 0.0,
    "O": 8.05562744,
    "H": 7.32711348,
    "C": 0.01645714
  },
  "execution_time": 1.1682510375976562e-05,
  "mix_id": "MIX_2436",
  "input_file": "/teamspace/studios/this_studio/inputs/generated/MIX_2436.inp"
}