{
  "converged": true,
  "method": "simplified_thermodynamic_model",
  "note": "Using simplified model until Cemdata18 integration complete",
  "temperature_K": 298.15,
  "pressure_bar": 1.01325,
  "CO2_fraction": 0.2,
  "pCO2_bar": 0.20265,
  "phases": {
    "Calcite": {
      "moles": 0.007800028897499999,
      "mass_kg": 0.0007807048923507749
    },
    "C-S-H_1.0": {
      "moles": 0.2883442311025,
      "mass_kg": 0.049018519287425004
    },
    "Silica_gel": {
      "moles": 1.5162943088975,
      "mass_kg": 0.0910989620785618
    },
    "Hydrotalcite": {
      "moles": 0.017290917,
      "mass_kg": 0.007659876231
    }
  },
  "pH": 9.48675,
  "pe": 4.0,
  "Eh": 0.24,
  "system_mass_kg": 0.1485580624893376,
  "input_composition": {
    "Ca": 0.29614426,
    "Si": 1.80463854,
    "Al": 0.62611991,
    "Fe": 0.1468612,
    "Mg": 0.05763639,
    "K": 0.08611831,
    "Na": 0.10782519,
    "S": 0.0,
    "O": 15.24181158,
    "H": 19.98303666,
    "C": 0.01539606
  },
  "execution_time": 1.049041748046875e-05,
  "mix_id": "MIX_3623",
  "input_file": "/teamspace/studios/this_studio/inputs/generated/MIX_3623.inp"
}