{
  "converged": true,
  "method": "simplified_thermodynamic_model",
  "note": "Using simplified model until Cemdata18 integration complete",
  "temperature_K": 298.15,
  "pressure_bar": 1.01325,
  "CO2_fraction": 0.15,
  "pCO2_bar": 0.1519875,
  "phases": {
    "Calcite": {
      "moles": 0.0030880858246874992,
      "mass_kg": 0.0003090865101929718
    },
    "C-S-H_1.0": {
      "moles": 0.2248468741753125,
      "mass_kg": 0.03822396860980313
    },
    "Silica_gel": {
      "moles": 1.2546794958246876,
      "mass_kg": 0.07538114410914723
    },
    "Ettringite": {
      "moles": 0.00170865,
      "mass_kg": 0.0021443557499999997
    },
    "Hydrotalcite": {
      "moles": 0.016152083999999997,
      "mass_kg": 0.007155373211999999
    }
  },
  "pH": 9.7400625,
  "pe": 4.0,
  "Eh": 0.24,
  "system_mass_kg": 0.12321392819114332,
  "input_composition": {
    "Ca": 0.22793496,
    "Si": 1.47952637,
    "Al": 0.55064422,
    "Fe": 0.11008453,
    "Mg": 0.05384028,
    "K": 0.07511147,
    "Na": 0.05038186,
    "S": 0.0102519,
    "O": 10.00353824,
    "H": 11.32372071,
    "C": 0.00812721
  },
  "execution_time": 9.298324584960938e-06,
  "mix_id": "MIX_2258",
  "input_file": "/teamspace/studios/this_studio/inputs/generated/MIX_2258.inp"
}