{
  "converged": true,
  "method": "simplified_thermodynamic_model",
  "note": "Using simplified model until Cemdata18 integration complete",
  "temperature_K": 298.15,
  "pressure_bar": 1.01325,
  "CO2_fraction": 0.25,
  "pCO2_bar": 0.2533125,
  "phases": {
    "Calcite": {
      "moles": 0.007490140317187499,
      "mass_kg": 0.0007496881443472967
    },
    "C-S-H_1.0": {
      "moles": 0.2204448196828125,
      "mass_kg": 0.037475619346078126
    },
    "Silica_gel": {
      "moles": 1.2788597703171876,
      "mass_kg": 0.07683389500065663
    },
    "Ettringite": {
      "moles": 0.00170865,
      "mass_kg": 0.0021443557499999997
    },
    "Hydrotalcite": {
      "moles": 0.016152083999999997,
      "mass_kg": 0.007155373211999999
    }
  },
  "pH": 9.2334375,
  "pe": 4.0,
  "Eh": 0.24,
  "system_mass_kg": 0.12435893145308205,
  "input_composition": {
    "Ca": 0.22793496,
    "Si": 1.49930459,
    "Al": 0.55064422,
    "Fe": 0.11008453,
    "Mg": 0.05384028,
    "K": 0.07511147,
    "Na": 0.08872912,
    "S": 0.0102519,
    "O": 8.0713653,
    "H": 7.32711348,
    "C": 0.01182751
  },
  "execution_time": 1.33514404296875e-05,
  "mix_id": "MIX_2296",
  "input_file": "/teamspace/studios/this_studio/inputs/generated/MIX_2296.inp"
}