{
  "converged": true,
  "method": "simplified_thermodynamic_model",
  "note": "Using simplified model until Cemdata18 integration complete",
  "temperature_K": 298.15,
  "pressure_bar": 1.01325,
  "CO2_fraction": 0.0,
  "pCO2_bar": 0.0,
  "phases": {
    "C-S-H_1.0": {
      "moles": 0.15972566,
      "mass_kg": 0.0271533622
    },
    "Silica_gel": {
      "moles": 1.0368043299999998,
      "mass_kg": 0.06229120414639999
    },
    "Ettringite": {
      "moles": 0.0034173,
      "mass_kg": 0.0042887114999999995
    },
    "Hydrotalcite": {
      "moles": 0.015013247999999998,
      "mass_kg": 0.006650868863999999
    }
  },
  "pH": 10.5,
  "pe": 4.0,
  "Eh": 0.24,
  "system_mass_kg": 0.1003841467104,
  "input_composition": {
    "Ca": 0.15972566,
    "Si": 1.19652999,
    "Al": 0.47516852,
    "Fe": 0.07330786,
    "Mg": 0.05004416,
    "K": 0.06410463,
    "Na": 0.07459528,
    "S": 0.0205038,
    "O": 6.88691187,
    "H": 6.66101226,
    "C": 0.0
  },
  "execution_time": 9.059906005859375e-06,
  "mix_id": "MIX_0683",
  "input_file": "/teamspace/studios/this_studio/inputs/generated/MIX_0683.inp"
}