{
  "converged": true,
  "method": "simplified_thermodynamic_model",
  "note": "Using simplified model until Cemdata18 integration complete",
  "temperature_K": 298.15,
  "pressure_bar": 1.01325,
  "CO2_fraction": 0.15,
  "pCO2_bar": 0.1519875,
  "phases": {
    "Calcite": {
      "moles": 0.0028759302731249997,
      "mass_kg": 0.0002878518610370812
    },
    "C-S-H_1.0": {
      "moles": 0.313008899726875,
      "mass_kg": 0.053211512953568754
    },
    "Silica_gel": {
      "moles": 1.0663204902731251,
      "mass_kg": 0.06406453505560936
    },
    "Ettringite": {
      "moles": 0.0068346,
      "mass_kg": 0.008577422999999999
    },
    "Hydrotalcite": {
      "moles": 0.022583142,
      "mass_kg": 0.010004331906
    }
  },
  "pH": 9.7400625,
  "pe": 4.0,
  "Eh": 0.24,
  "system_mass_kg": 0.13614565477621518,
  "input_composition": {
    "Ca": 0.31588483,
    "Si": 1.37932939,
    "Al": 0.54665447,
    "Fe": 0.09263552,
    "Mg": 0.07527714,
    "K": 0.06960805,
    "Na": 0.04692051,
    "S": 0.0410076,
    "O": 8.9678891,
    "H": 9.32541712,
    "C": 0.00756886
  },
  "execution_time": 1.0728836059570312e-05,
  "mix_id": "MIX_1921",
  "input_file": "/teamspace/studios/this_studio/inputs/generated/MIX_1921.inp"
}