{
  "converged": true,
  "method": "simplified_thermodynamic_model",
  "note": "Using simplified model until Cemdata18 integration complete",
  "temperature_K": 298.15,
  "pressure_bar": 1.01325,
  "CO2_fraction": 0.2,
  "pCO2_bar": 0.20265,
  "phases": {
    "Calcite": {
      "moles": 0.00893841020625,
      "mass_kg": 0.0008946454775435625
    },
    "C-S-H_1.0": {
      "moles": 0.73653123979375,
      "mass_kg": 0.12521031076493752
    },
    "Silica_gel": {
      "moles": 0.9452577402062501,
      "mass_kg": 0.056791085031591505
    },
    "Ettringite": {
      "moles": 0.020503801666666665,
      "mass_kg": 0.02573227109166666
    },
    "Hydrotalcite": {
      "moles": 0.046297674,
      "mass_kg": 0.020509869582
    }
  },
  "pH": 9.48675,
  "pe": 4.0,
  "Eh": 0.24,
  "system_mass_kg": 0.22913818194773924,
  "input_composition": {
    "Ca": 0.74546965,
    "Si": 1.68178898,
    "Al": 0.68430669,
    "Fe": 0.10802551,
    "Mg": 0.15432558,
    "K": 0.073277,
    "Na": 0.12356184,
    "S": 0.12302281,
    "O": 17.27836622,
    "H": 22.64744153,
    "C": 0.01764305
  },
  "execution_time": 1.2874603271484375e-05,
  "mix_id": "MIX_4182",
  "input_file": "/teamspace/studios/this_studio/inputs/generated/MIX_4182.inp"
}