{
  "converged": true,
  "method": "simplified_thermodynamic_model",
  "note": "Using simplified model until Cemdata18 integration complete",
  "temperature_K": 298.15,
  "pressure_bar": 1.01325,
  "CO2_fraction": 0.4,
  "pCO2_bar": 0.4053,
  "phases": {
    "Calcite": {
      "moles": 0.02316153,
      "mass_kg": 0.0023182375377
    },
    "C-S-H_1.0": {
      "moles": 0.2927233,
      "mass_kg": 0.04976296100000001
    },
    "Silica_gel": {
      "moles": 1.09017658,
      "mass_kg": 0.0654978089264
    },
    "Ettringite": {
      "moles": 0.0068346,
      "mass_kg": 0.008577422999999999
    },
    "Hydrotalcite": {
      "moles": 0.022583142,
      "mass_kg": 0.010004331906
    }
  },
  "pH": 8.5,
  "pe": 4.0,
  "Eh": 0.24,
  "system_mass_kg": 0.1361607623701,
  "input_composition": {
    "Ca": 0.31588483,
    "Si": 1.38289988,
    "Al": 0.54665447,
    "Fe": 0.09263552,
    "Mg": 0.07527714,
    "K": 0.06960805,
    "Na": 0.05384321,
    "S": 0.0410076,
    "O": 11.00798043,
    "H": 13.32202441,
    "C": 0.02316153
  },
  "execution_time": 7.62939453125e-06,
  "mix_id": "MIX_2003",
  "input_file": "/teamspace/studios/this_studio/inputs/generated/MIX_2003.inp"
}