{
  "converged": true,
  "method": "simplified_thermodynamic_model",
  "note": "Using simplified model until Cemdata18 integration complete",
  "temperature_K": 298.15,
  "pressure_bar": 1.01325,
  "CO2_fraction": 0.35,
  "pCO2_bar": 0.3546375,
  "phases": {
    "Calcite": {
      "moles": 0.012419316590625,
      "mass_kg": 0.0012430493975556561
    },
    "C-S-H_1.0": {
      "moles": 0.191281283409375,
      "mass_kg": 0.032517818179593753
    },
    "Silica_gel": {
      "moles": 0.966167496590625,
      "mass_kg": 0.05804734319516475
    },
    "Ettringite": {
      "moles": 0.005980275,
      "mass_kg": 0.007505245125
    },
    "Hydrotalcite": {
      "moles": 0.01822878,
      "mass_kg": 0.00807534954
    }
  },
  "pH": 8.7268125,
  "pe": 4.0,
  "Eh": 0.24,
  "system_mass_kg": 0.10738880543731416,
  "input_composition": {
    "Ca": 0.2037006,
    "Si": 1.15744878,
    "Al": 0.47317365,
    "Fe": 0.06458336,
    "Mg": 0.0607626,
    "K": 0.06135292,
    "Na": 0.09422562,
    "S": 0.03588165,
    "O": 6.92995241,
    "H": 6.66101221,
    "C": 0.0140079
  },
  "execution_time": 1.430511474609375e-05,
  "mix_id": "MIX_0431",
  "input_file": "/teamspace/studios/this_studio/inputs/generated/MIX_0431.inp"
}