{
  "converged": true,
  "method": "simplified_thermodynamic_model",
  "note": "Using simplified model until Cemdata18 integration complete",
  "temperature_K": 298.15,
  "pressure_bar": 1.01325,
  "CO2_fraction": 0.0,
  "pCO2_bar": 0.0,
  "phases": {
    "C-S-H_1.0": {
      "moles": 0.8041029,
      "mass_kg": 0.136697493
    },
    "Silica_gel": {
      "moles": 0.78683122,
      "mass_kg": 0.047272819697600006
    },
    "Ettringite": {
      "moles": 0.023921101666666666,
      "mass_kg": 0.030020982591666665
    },
    "Hydrotalcite": {
      "moles": 0.050585049,
      "mass_kg": 0.022409176707
    }
  },
  "pH": 10.5,
  "pe": 4.0,
  "Eh": 0.24,
  "system_mass_kg": 0.23640047199626668,
  "input_composition": {
    "Ca": 0.8041029,
    "Si": 1.59093412,
    "Al": 0.68164686,
    "Fe": 0.09639285,
    "Mg": 0.16861683,
    "K": 0.06960805,
    "Na": 0.0746113,
    "S": 0.14352661,
    "O": 15.14975412,
    "H": 18.65083414,
    "C": 0.0
  },
  "execution_time": 1.0013580322265625e-05,
  "mix_id": "MIX_4033",
  "input_file": "/teamspace/studios/this_studio/inputs/generated/MIX_4033.inp"
}