{
  "converged": true,
  "method": "simplified_thermodynamic_model",
  "note": "Using simplified model until Cemdata18 integration complete",
  "temperature_K": 298.15,
  "pressure_bar": 1.01325,
  "CO2_fraction": 0.4,
  "pCO2_bar": 0.4053,
  "phases": {
    "Calcite": {
      "moles": 0.01869466,
      "mass_kg": 0.0018711485193999998
    },
    "C-S-H_1.0": {
      "moles": 0.47308991,
      "mass_kg": 0.0804252847
    },
    "Silica_gel": {
      "moles": 0.7076307700000001,
      "mass_kg": 0.0425144566616
    },
    "Ettringite": {
      "moles": 0.017086501666666667,
      "mass_kg": 0.021443559591666665
    },
    "Hydrotalcite": {
      "moles": 0.035445261,
      "mass_kg": 0.015702250623
    }
  },
  "pH": 8.5,
  "pe": 4.0,
  "Eh": 0.24,
  "system_mass_kg": 0.16195670009566668,
  "input_composition": {
    "Ca": 0.49178457,
    "Si": 1.18072068,
    "Al": 0.53867497,
    "Fe": 0.05773752,
    "Mg": 0.11815087,
    "K": 0.05860121,
    "Na": 0.04345916,
    "S": 0.10251901,
    "O": 7.92552878,
    "H": 7.32711342,
    "C": 0.01869466
  },
  "execution_time": 1.3589859008789062e-05,
  "mix_id": "MIX_1328",
  "input_file": "/teamspace/studios/this_studio/inputs/generated/MIX_1328.inp"
}