{
  "converged": true,
  "method": "simplified_thermodynamic_model",
  "note": "Using simplified model until Cemdata18 integration complete",
  "temperature_K": 298.15,
  "pressure_bar": 1.01325,
  "CO2_fraction": 0.15,
  "pCO2_bar": 0.1519875,
  "phases": {
    "Calcite": {
      "moles": 0.0037245638784374996,
      "mass_kg": 0.0003727915985928093
    },
    "C-S-H_1.0": {
      "moles": 0.6442191661215626,
      "mass_kg": 0.10951725824066565
    },
    "Silica_gel": {
      "moles": 0.7425008638784374,
      "mass_kg": 0.04460945190181652
    },
    "Ettringite": {
      "moles": 0.020503801666666665,
      "mass_kg": 0.02573227109166666
    },
    "Hydrotalcite": {
      "moles": 0.043015155,
      "mass_kg": 0.019055713665
    }
  },
  "pH": 9.7400625,
  "pe": 4.0,
  "Eh": 0.24,
  "system_mass_kg": 0.19928748649774164,
  "input_composition": {
    "Ca": 0.64794373,
    "Si": 1.38672003,
    "Al": 0.61016091,
    "Fe": 0.07706518,
    "Mg": 0.14338385,
    "K": 0.06410463,
    "Na": 0.06076591,
    "S": 0.12302281,
    "O": 12.04077787,
    "H": 13.9881256,
    "C": 0.00980229
  },
  "execution_time": 1.8835067749023438e-05,
  "mix_id": "MIX_2705",
  "input_file": "/teamspace/studios/this_studio/inputs/generated/MIX_2705.inp"
}