{
  "converged": true,
  "method": "simplified_thermodynamic_model",
  "note": "Using simplified model until Cemdata18 integration complete",
  "temperature_K": 298.15,
  "pressure_bar": 1.01325,
  "CO2_fraction": 0.25,
  "pCO2_bar": 0.2533125,
  "phases": {
    "Calcite": {
      "moles": 0.0092230068,
      "mass_kg": 0.0009231307506119999
    },
    "C-S-H_1.0": {
      "moles": 0.33597844320000003,
      "mass_kg": 0.057116335344000006
    },
    "Silica_gel": {
      "moles": 1.0284322268000001,
      "mass_kg": 0.06178820818614401
    },
    "Ettringite": {
      "moles": 0.00854325,
      "mass_kg": 0.010721778749999999
    },
    "Hydrotalcite": {
      "moles": 0.024726828,
      "mass_kg": 0.010953984804
    }
  },
  "pH": 9.2334375,
  "pe": 4.0,
  "Eh": 0.24,
  "system_mass_kg": 0.14150343783475602,
  "input_composition": {
    "Ca": 0.34520145,
    "Si": 1.36441067,
    "Al": 0.54532455,
    "Fe": 0.08681919,
    "Mg": 0.08242276,
    "K": 0.06777358,
    "Na": 0.08159744,
    "S": 0.0512595,
    "O": 11.02326509,
    "H": 13.32202445,
    "C": 0.01456384
  },
  "execution_time": 1.2874603271484375e-05,
  "mix_id": "MIX_1847",
  "input_file": "/teamspace/studios/this_studio/inputs/generated/MIX_1847.inp"
}