{
  "converged": true,
  "method": "simplified_thermodynamic_model",
  "note": "Using simplified model until Cemdata18 integration complete",
  "temperature_K": 298.15,
  "pressure_bar": 1.01325,
  "CO2_fraction": 0.35,
  "pCO2_bar": 0.3546375,
  "phases": {
    "Calcite": {
      "moles": 0.0224201384203125,
      "mass_kg": 0.002244031654489078
    },
    "C-S-H_1.0": {
      "moles": 0.3616739915796875,
      "mass_kg": 0.06148457856854688
    },
    "Silica_gel": {
      "moles": 1.3766731084203125,
      "mass_kg": 0.08271052035389238
    },
    "Ettringite": {
      "moles": 0.00512595,
      "mass_kg": 0.006433067249999999
    },
    "Hydrotalcite": {
      "moles": 0.023721975,
      "mass_kg": 0.010508834925
    }
  },
  "pH": 8.7268125,
  "pe": 4.0,
  "Eh": 0.24,
  "system_mass_kg": 0.16338103275192833,
  "input_composition": {
    "Ca": 0.38409413,
    "Si": 1.7383471,
    "Al": 0.62213016,
    "Fe": 0.12941219,
    "Mg": 0.07907325,
    "K": 0.08061489,
    "Na": 0.17010204,
    "S": 0.0307557,
    "O": 13.82816714,
    "H": 16.98558112,
    "C": 0.02528795
  },
  "execution_time": 1.4781951904296875e-05,
  "mix_id": "MIX_3454",
  "input_file": "/teamspace/studios/this_studio/inputs/generated/MIX_3454.inp"
}