{
  "converged": true,
  "method": "simplified_thermodynamic_model",
  "note": "Using simplified model until Cemdata18 integration complete",
  "temperature_K": 298.15,
  "pressure_bar": 1.01325,
  "CO2_fraction": 0.3,
  "pCO2_bar": 0.303975,
  "phases": {
    "Calcite": {
      "moles": 0.013878692966249998,
      "mass_kg": 0.0013891183789919623
    },
    "C-S-H_1.0": {
      "moles": 0.67803997703375,
      "mass_kg": 0.1152667960957375
    },
    "Silica_gel": {
      "moles": 0.7020538829662499,
      "mass_kg": 0.042179397288612294
    },
    "Ettringite": {
      "moles": 0.023066776666666667,
      "mass_kg": 0.028948804716666665
    },
    "Hydrotalcite": {
      "moles": 0.046230684,
      "mass_kg": 0.020480193012000002
    }
  },
  "pH": 8.980125000000001,
  "pe": 4.0,
  "Eh": 0.24,
  "system_mass_kg": 0.20826430949200844,
  "input_composition": {
    "Ca": 0.69191867,
    "Si": 1.38009386,
    "Al": 0.60816604,
    "Fe": 0.06834068,
    "Mg": 0.15410228,
    "K": 0.06135292,
    "Na": 0.14332212,
    "S": 0.13840066,
    "O": 10.67036919,
    "H": 10.99067012,
    "C": 0.01826294
  },
  "execution_time": 6.365776062011719e-05,
  "mix_id": "MIX_2652",
  "input_file": "/teamspace/studios/this_studio/inputs/generated/MIX_2652.inp"
}