{
  "converged": true,
  "method": "simplified_thermodynamic_model",
  "note": "Using simplified model until Cemdata18 integration complete",
  "temperature_K": 298.15,
  "pressure_bar": 1.01325,
  "CO2_fraction": 0.25,
  "pCO2_bar": 0.2533125,
  "phases": {
    "Calcite": {
      "moles": 0.010538414282812499,
      "mass_kg": 0.0010547898855667029
    },
    "C-S-H_1.0": {
      "moles": 0.2856058457171875,
      "mass_kg": 0.048552993771921876
    },
    "Silica_gel": {
      "moles": 1.5442468942828125,
      "mass_kg": 0.09277835340851137
    },
    "Hydrotalcite": {
      "moles": 0.017290917,
      "mass_kg": 0.007659876231
    }
  },
  "pH": 9.2334375,
  "pe": 4.0,
  "Eh": 0.24,
  "system_mass_kg": 0.15004601329699996,
  "input_composition": {
    "Ca": 0.29614426,
    "Si": 1.82985274,
    "Al": 0.62611991,
    "Fe": 0.1468612,
    "Mg": 0.05763639,
    "K": 0.08611831,
    "Na": 0.15671208,
    "S": 0.0,
    "O": 12.32171772,
    "H": 13.98812562,
    "C": 0.01664097
  },
  "execution_time": 7.867813110351562e-06,
  "mix_id": "MIX_3645",
  "input_file": "/teamspace/studios/this_studio/inputs/generated/MIX_3645.inp"
}