{
  "converged": true,
  "method": "simplified_thermodynamic_model",
  "note": "Using simplified model until Cemdata18 integration complete",
  "temperature_K": 298.15,
  "pressure_bar": 1.01325,
  "CO2_fraction": 0.2,
  "pCO2_bar": 0.20265,
  "phases": {
    "Calcite": {
      "moles": 0.00548993542125,
      "mass_kg": 0.0005494876363129125
    },
    "C-S-H_1.0": {
      "moles": 0.28107827457875,
      "mass_kg": 0.047783306678387504
    },
    "Silica_gel": {
      "moles": 1.13284027542125,
      "mass_kg": 0.0680610437473087
    },
    "Ettringite": {
      "moles": 0.00512595,
      "mass_kg": 0.006433067249999999
    },
    "Hydrotalcite": {
      "moles": 0.020439455999999998,
      "mass_kg": 0.009054679008
    }
  },
  "pH": 9.48675,
  "pe": 4.0,
  "Eh": 0.24,
  "system_mass_kg": 0.13188158432000913,
  "input_composition": {
    "Ca": 0.28656821,
    "Si": 1.41391855,
    "Al": 0.54798438,
    "Fe": 0.09845186,
    "Mg": 0.06813152,
    "K": 0.07144252,
    "Na": 0.05038186,
    "S": 0.0307557,
    "O": 9.98890341,
    "H": 11.32372071,
    "C": 0.01083629
  },
  "execution_time": 8.344650268554688e-06,
  "mix_id": "MIX_2050",
  "input_file": "/teamspace/studios/this_studio/inputs/generated/MIX_2050.inp"
}