{
  "converged": true,
  "method": "simplified_thermodynamic_model",
  "note": "Using simplified model until Cemdata18 integration complete",
  "temperature_K": 298.15,
  "pressure_bar": 1.01325,
  "CO2_fraction": 0.0,
  "pCO2_bar": 0.0,
  "phases": {
    "C-S-H_1.0": {
      "moles": 0.38409413,
      "mass_kg": 0.0652960021
    },
    "Silica_gel": {
      "moles": 1.3140162499999999,
      "mass_kg": 0.07894609629999999
    },
    "Ettringite": {
      "moles": 0.00512595,
      "mass_kg": 0.006433067249999999
    },
    "Hydrotalcite": {
      "moles": 0.023721975,
      "mass_kg": 0.010508834925
    }
  },
  "pH": 10.5,
  "pe": 4.0,
  "Eh": 0.24,
  "system_mass_kg": 0.16118400057499999,
  "input_composition": {
    "Ca": 0.38409413,
    "Si": 1.69811038,
    "Al": 0.62213016,
    "Fe": 0.12941219,
    "Mg": 0.07907325,
    "K": 0.08061489,
    "Na": 0.09208854,
    "S": 0.0307557,
    "O": 12.15938333,
    "H": 13.9881257,
    "C": 0.0
  },
  "execution_time": 1.3828277587890625e-05,
  "mix_id": "MIX_3365",
  "input_file": "/teamspace/studios/this_studio/inputs/generated/MIX_3365.inp"
}