{
  "converged": true,
  "method": "simplified_thermodynamic_model",
  "note": "Using simplified model until Cemdata18 integration complete",
  "temperature_K": 298.15,
  "pressure_bar": 1.01325,
  "CO2_fraction": 0.3,
  "pCO2_bar": 0.303975,
  "phases": {
    "Calcite": {
      "moles": 0.01679913277875,
      "mass_kg": 0.0016814251998250875
    },
    "C-S-H_1.0": {
      "moles": 0.96320350722125,
      "mass_kg": 0.1637445962276125
    },
    "Silica_gel": {
      "moles": 0.46370280277874987,
      "mass_kg": 0.027859264390947294
    },
    "Ettringite": {
      "moles": 0.034173003333333334,
      "mass_kg": 0.04288711918333333
    },
    "Hydrotalcite": {
      "moles": 0.063447168,
      "mass_kg": 0.028107095424
    }
  },
  "pH": 8.980125000000001,
  "pe": 4.0,
  "Eh": 0.24,
  "system_mass_kg": 0.26427950042571824,
  "input_composition": {
    "Ca": 0.98000264,
    "Si": 1.42690631,
    "Al": 0.67366736,
    "Fe": 0.06149484,
    "Mg": 0.21149056,
    "K": 0.05860121,
    "Na": 0.13819757,
    "S": 0.20503802,
    "O": 13.23288789,
    "H": 14.65422691,
    "C": 0.02210594
  },
  "execution_time": 1.3113021850585938e-05,
  "mix_id": "MIX_3768",
  "input_file": "/teamspace/studios/this_studio/inputs/generated/MIX_3768.inp"
}