{
  "converged": true,
  "method": "simplified_thermodynamic_model",
  "note": "Using simplified model until Cemdata18 integration complete",
  "temperature_K": 298.15,
  "pressure_bar": 1.01325,
  "CO2_fraction": 0.4,
  "pCO2_bar": 0.4053,
  "phases": {
    "Calcite": {
      "moles": 0.02018362,
      "mass_kg": 0.0020201785258
    },
    "C-S-H_1.0": {
      "moles": 0.17843472,
      "mass_kg": 0.0303339024
    },
    "Silica_gel": {
      "moles": 1.33211031,
      "mass_kg": 0.0800331874248
    },
    "Hydrotalcite": {
      "moles": 0.014008394999999998,
      "mass_kg": 0.006205718984999999
    }
  },
  "pH": 8.5,
  "pe": 4.0,
  "Eh": 0.24,
  "system_mass_kg": 0.1185929873356,
  "input_composition": {
    "Ca": 0.19861834,
    "Si": 1.51054503,
    "Al": 0.55197413,
    "Fe": 0.11590086,
    "Mg": 0.04669465,
    "K": 0.07694594,
    "Na": 0.04692051,
    "S": 0.0,
    "O": 9.03322457,
    "H": 9.32541712,
    "C": 0.02018362
  },
  "execution_time": 3.62396240234375e-05,
  "mix_id": "MIX_2449",
  "input_file": "/teamspace/studios/this_studio/inputs/generated/MIX_2449.inp"
}