{
  "converged": true,
  "method": "simplified_thermodynamic_model",
  "note": "Using simplified model until Cemdata18 integration complete",
  "temperature_K": 298.15,
  "pressure_bar": 1.01325,
  "CO2_fraction": 0.15,
  "pCO2_bar": 0.1519875,
  "phases": {
    "Calcite": {
      "moles": 0.004997516186249999,
      "mass_kg": 0.0005002013950817625
    },
    "C-S-H_1.0": {
      "moles": 0.44730590381375,
      "mass_kg": 0.0760420036483375
    },
    "Silica_gel": {
      "moles": 1.54084563618625,
      "mass_kg": 0.0925740058220699
    },
    "Ettringite": {
      "moles": 0.0034173,
      "mass_kg": 0.0042887114999999995
    },
    "Hydrotalcite": {
      "moles": 0.024860808,
      "mass_kg": 0.011013337944000001
    }
  },
  "pH": 9.7400625,
  "pe": 4.0,
  "Eh": 0.24,
  "system_mass_kg": 0.18441826030948916,
  "input_composition": {
    "Ca": 0.45230342,
    "Si": 1.98815154,
    "Al": 0.69760586,
    "Fe": 0.16618886,
    "Mg": 0.08286936,
    "K": 0.09162172,
    "Na": 0.081534,
    "S": 0.0205038,
    "O": 17.30528287,
    "H": 22.64744155,
    "C": 0.01315244
  },
  "execution_time": 1.0728836059570312e-05,
  "mix_id": "MIX_4722",
  "input_file": "/teamspace/studios/this_studio/inputs/generated/MIX_4722.inp"
}