{
  "converged": true,
  "method": "simplified_thermodynamic_model",
  "note": "Using simplified model until Cemdata18 integration complete",
  "temperature_K": 298.15,
  "pressure_bar": 1.01325,
  "CO2_fraction": 0.3,
  "pCO2_bar": 0.303975,
  "phases": {
    "Calcite": {
      "moles": 0.011503713493125,
      "mass_kg": 0.0011514066835268811
    },
    "C-S-H_1.0": {
      "moles": 0.421647606506875,
      "mass_kg": 0.07168009310616875
    },
    "Silica_gel": {
      "moles": 0.8264661434931249,
      "mass_kg": 0.049654085901066944
    },
    "Ettringite": {
      "moles": 0.013669201666666667,
      "mass_kg": 0.017154848091666664
    },
    "Hydrotalcite": {
      "moles": 0.031157888999999998,
      "mass_kg": 0.013802944826999999
    }
  },
  "pH": 8.980125000000001,
  "pe": 4.0,
  "Eh": 0.24,
  "system_mass_kg": 0.15344337860942925,
  "input_composition": {
    "Ca": 0.43315132,
    "Si": 1.24811375,
    "Al": 0.5413348,
    "Fe": 0.06937019,
    "Mg": 0.10385963,
    "K": 0.06227016,
    "Na": 0.04692051,
    "S": 0.08201521,
    "O": 8.94292087,
    "H": 9.32541712,
    "C": 0.01513771
  },
  "execution_time": 2.5272369384765625e-05,
  "mix_id": "MIX_1521",
  "input_file": "/teamspace/studios/this_studio/inputs/generated/MIX_1521.inp"
}