{
  "converged": true,
  "method": "simplified_thermodynamic_model",
  "note": "Using simplified model until Cemdata18 integration complete",
  "temperature_K": 298.15,
  "pressure_bar": 1.01325,
  "CO2_fraction": 0.4,
  "pCO2_bar": 0.4053,
  "phases": {
    "Calcite": {
      "moles": 0.02180415,
      "mass_kg": 0.0021823773735
    },
    "C-S-H_1.0": {
      "moles": 0.35271392999999995,
      "mass_kg": 0.059961368099999995
    },
    "Silica_gel": {
      "moles": 0.97618735,
      "mass_kg": 0.058649335988000005
    },
    "Ettringite": {
      "moles": 0.010251901666666667,
      "mass_kg": 0.012866136591666666
    },
    "Hydrotalcite": {
      "moles": 0.026870514,
      "mass_kg": 0.011903637702000001
    }
  },
  "pH": 8.5,
  "pe": 4.0,
  "Eh": 0.24,
  "system_mass_kg": 0.14556285575516667,
  "input_composition": {
    "Ca": 0.37451808,
    "Si": 1.32890128,
    "Al": 0.54399463,
    "Fe": 0.08100285,
    "Mg": 0.08956838,
    "K": 0.06593911,
    "Na": 0.07635189,
    "S": 0.06151141,
    "O": 10.02053362,
    "H": 11.32372072,
    "C": 0.02180415
  },
  "execution_time": 1.6689300537109375e-05,
  "mix_id": "MIX_1782",
  "input_file": "/teamspace/studios/this_studio/inputs/generated/MIX_1782.inp"
}