{
  "converged": true,
  "method": "simplified_thermodynamic_model",
  "note": "Using simplified model until Cemdata18 integration complete",
  "temperature_K": 298.15,
  "pressure_bar": 1.01325,
  "CO2_fraction": 0.2,
  "pCO2_bar": 0.20265,
  "phases": {
    "Calcite": {
      "moles": 0.00552326121375,
      "mass_kg": 0.0005528232148842375
    },
    "C-S-H_1.0": {
      "moles": 0.31036156878625,
      "mass_kg": 0.0527614666936625
    },
    "Silica_gel": {
      "moles": 1.08414753121375,
      "mass_kg": 0.0651355836753221
    },
    "Ettringite": {
      "moles": 0.0068346,
      "mass_kg": 0.008577422999999999
    },
    "Hydrotalcite": {
      "moles": 0.022583142,
      "mass_kg": 0.010004331906
    }
  },
  "pH": 9.48675,
  "pe": 4.0,
  "Eh": 0.24,
  "system_mass_kg": 0.13703162848986883,
  "input_composition": {
    "Ca": 0.31588483,
    "Si": 1.3945091,
    "Al": 0.54665447,
    "Fe": 0.09263552,
    "Mg": 0.07527714,
    "K": 0.06960805,
    "Na": 0.07635189,
    "S": 0.0410076,
    "O": 10.01878245,
    "H": 11.32372072,
    "C": 0.01090207
  },
  "execution_time": 1.430511474609375e-05,
  "mix_id": "MIX_1942",
  "input_file": "/teamspace/studios/this_studio/inputs/generated/MIX_1942.inp"
}