{
  "converged": true,
  "method": "simplified_thermodynamic_model",
  "note": "Using simplified model until Cemdata18 integration complete",
  "temperature_K": 298.15,
  "pressure_bar": 1.01325,
  "CO2_fraction": 0.4,
  "pCO2_bar": 0.4053,
  "phases": {
    "Calcite": {
      "moles": 0.02330214,
      "mass_kg": 0.0023323111926
    },
    "C-S-H_1.0": {
      "moles": 0.32189931000000005,
      "mass_kg": 0.05472288270000001
    },
    "Silica_gel": {
      "moles": 1.04251136,
      "mass_kg": 0.0626340825088
    },
    "Ettringite": {
      "moles": 0.00854325,
      "mass_kg": 0.010721778749999999
    },
    "Hydrotalcite": {
      "moles": 0.024726828,
      "mass_kg": 0.010953984804
    }
  },
  "pH": 8.5,
  "pe": 4.0,
  "Eh": 0.24,
  "system_mass_kg": 0.1413650399554,
  "input_composition": {
    "Ca": 0.34520145,
    "Si": 1.36441067,
    "Al": 0.54532455,
    "Fe": 0.08681919,
    "Mg": 0.08242276,
    "K": 0.06777358,
    "Na": 0.08159744,
    "S": 0.0512595,
    "O": 11.04074169,
    "H": 13.32202445,
    "C": 0.02330214
  },
  "execution_time": 1.3589859008789062e-05,
  "mix_id": "MIX_1895",
  "input_file": "/teamspace/studios/this_studio/inputs/generated/MIX_1895.inp"
}