{
  "converged": true,
  "method": "simplified_thermodynamic_model",
  "note": "Using simplified model until Cemdata18 integration complete",
  "temperature_K": 298.15,
  "pressure_bar": 1.01325,
  "CO2_fraction": 0.35,
  "pCO2_bar": 0.3546375,
  "phases": {
    "Calcite": {
      "moles": 0.018302158697812498,
      "mass_kg": 0.0018318630640640529
    },
    "C-S-H_1.0": {
      "moles": 0.18031618130218752,
      "mass_kg": 0.03065375082137188
    },
    "Silica_gel": {
      "moles": 1.3776475086978124,
      "mass_kg": 0.08276906232256458
    },
    "Hydrotalcite": {
      "moles": 0.014008394999999998,
      "mass_kg": 0.006205718984999999
    }
  },
  "pH": 8.7268125,
  "pe": 4.0,
  "Eh": 0.24,
  "system_mass_kg": 0.1214603951930005,
  "input_composition": {
    "Ca": 0.19861834,
    "Si": 1.55796369,
    "Al": 0.55197413,
    "Fe": 0.11590086,
    "Mg": 0.04669465,
    "K": 0.07694594,
    "Na": 0.1388588,
    "S": 0.0,
    "O": 11.17325391,
    "H": 13.32202445,
    "C": 0.02064323
  },
  "execution_time": 1.049041748046875e-05,
  "mix_id": "MIX_2447",
  "input_file": "/teamspace/studios/this_studio/inputs/generated/MIX_2447.inp"
}