{
  "converged": true,
  "method": "simplified_thermodynamic_model",
  "note": "Using simplified model until Cemdata18 integration complete",
  "temperature_K": 298.15,
  "pressure_bar": 1.01325,
  "CO2_fraction": 0.2,
  "pCO2_bar": 0.20265,
  "phases": {
    "Calcite": {
      "moles": 0.0078480772125,
      "mass_kg": 0.000785514048199125
    },
    "C-S-H_1.0": {
      "moles": 0.37624605278749995,
      "mass_kg": 0.06396182897387499
    },
    "Silica_gel": {
      "moles": 1.3492906772125,
      "mass_kg": 0.081065383886927
    },
    "Ettringite": {
      "moles": 0.00512595,
      "mass_kg": 0.006433067249999999
    },
    "Hydrotalcite": {
      "moles": 0.023721975,
      "mass_kg": 0.010508834925
    }
  },
  "pH": 9.48675,
  "pe": 4.0,
  "Eh": 0.24,
  "system_mass_kg": 0.16275462908400112,
  "input_composition": {
    "Ca": 0.38409413,
    "Si": 1.72553673,
    "Al": 0.62213016,
    "Fe": 0.12941219,
    "Mg": 0.07907325,
    "K": 0.08061489,
    "Na": 0.14526449,
    "S": 0.0307557,
    "O": 15.26926132,
    "H": 19.98303667,
    "C": 0.0154909
  },
  "execution_time": 1.2874603271484375e-05,
  "mix_id": "MIX_3403",
  "input_file": "/teamspace/studios/this_studio/inputs/generated/MIX_3403.inp"
}