{
  "converged": true,
  "method": "simplified_thermodynamic_model",
  "note": "Using simplified model until Cemdata18 integration complete",
  "temperature_K": 298.15,
  "pressure_bar": 1.01325,
  "CO2_fraction": 0.15,
  "pCO2_bar": 0.1519875,
  "phases": {
    "Calcite": {
      "moles": 0.0055226633962499995,
      "mass_kg": 0.0005527633793306624
    },
    "C-S-H_1.0": {
      "moles": 0.79858023660375,
      "mass_kg": 0.1357586402226375
    },
    "Silica_gel": {
      "moles": 0.87153115339625,
      "mass_kg": 0.0523615916960467
    },
    "Ettringite": {
      "moles": 0.023921101666666666,
      "mass_kg": 0.030020982591666665
    },
    "Hydrotalcite": {
      "moles": 0.050585049,
      "mass_kg": 0.022409176707
    }
  },
  "pH": 9.7400625,
  "pe": 4.0,
  "Eh": 0.24,
  "system_mass_kg": 0.24110315459668152,
  "input_composition": {
    "Ca": 0.8041029,
    "Si": 1.67011139,
    "Al": 0.68164686,
    "Fe": 0.09639285,
    "Mg": 0.16861683,
    "K": 0.06960805,
    "Na": 0.22812517,
    "S": 0.14352661,
    "O": 19.41054195,
    "H": 26.64404881,
    "C": 0.01453452
  },
  "execution_time": 1.2159347534179688e-05,
  "mix_id": "MIX_4063",
  "input_file": "/teamspace/studios/this_studio/inputs/generated/MIX_4063.inp"
}