{
  "converged": true,
  "method": "simplified_thermodynamic_model",
  "note": "Using simplified model until Cemdata18 integration complete",
  "temperature_K": 298.15,
  "pressure_bar": 1.01325,
  "CO2_fraction": 0.2,
  "pCO2_bar": 0.20265,
  "phases": {
    "Calcite": {
      "moles": 0.00893841020625,
      "mass_kg": 0.0008946454775435625
    },
    "C-S-H_1.0": {
      "moles": 0.9710642297937501,
      "mass_kg": 0.16508091906493752
    },
    "Silica_gel": {
      "moles": 0.44829346020624994,
      "mass_kg": 0.0269334710891915
    },
    "Ettringite": {
      "moles": 0.034173003333333334,
      "mass_kg": 0.04288711918333333
    },
    "Hydrotalcite": {
      "moles": 0.063447168,
      "mass_kg": 0.028107095424
    }
  },
  "pH": 9.48675,
  "pe": 4.0,
  "Eh": 0.24,
  "system_mass_kg": 0.2639032502390059,
  "input_composition": {
    "Ca": 0.98000264,
    "Si": 1.41935769,
    "Al": 0.67366736,
    "Fe": 0.06149484,
    "Mg": 0.21149056,
    "K": 0.05860121,
    "Na": 0.12356184,
    "S": 0.20503802,
    "O": 17.19815433,
    "H": 22.64744153,
    "C": 0.01764305
  },
  "execution_time": 1.9788742065429688e-05,
  "mix_id": "MIX_3734",
  "input_file": "/teamspace/studios/this_studio/inputs/generated/MIX_3734.inp"
}