{
  "converged": true,
  "method": "simplified_thermodynamic_model",
  "note": "Using simplified model until Cemdata18 integration complete",
  "temperature_K": 298.15,
  "pressure_bar": 1.01325,
  "CO2_fraction": 0.4,
  "pCO2_bar": 0.4053,
  "phases": {
    "Calcite": {
      "moles": 0.02662555,
      "mass_kg": 0.0026649512995
    },
    "C-S-H_1.0": {
      "moles": 0.26951871,
      "mass_kg": 0.0458181807
    },
    "Silica_gel": {
      "moles": 1.56033403,
      "mass_kg": 0.0937448685224
    },
    "Hydrotalcite": {
      "moles": 0.017290917,
      "mass_kg": 0.007659876231
    }
  },
  "pH": 8.5,
  "pe": 4.0,
  "Eh": 0.24,
  "system_mass_kg": 0.1498878767529,
  "input_composition": {
    "Ca": 0.29614426,
    "Si": 1.82985274,
    "Al": 0.62611991,
    "Fe": 0.1468612,
    "Mg": 0.05763639,
    "K": 0.08611831,
    "Na": 0.15671208,
    "S": 0.0,
    "O": 12.34168688,
    "H": 13.98812562,
    "C": 0.02662555
  },
  "execution_time": 9.059906005859375e-06,
  "mix_id": "MIX_3693",
  "input_file": "/teamspace/studios/this_studio/inputs/generated/MIX_3693.inp"
}