{
  "converged": true,
  "method": "simplified_thermodynamic_model",
  "note": "Using simplified model until Cemdata18 integration complete",
  "temperature_K": 298.15,
  "pressure_bar": 1.01325,
  "CO2_fraction": 0.2,
  "pCO2_bar": 0.20265,
  "phases": {
    "Calcite": {
      "moles": 0.0096388142025,
      "mass_kg": 0.000964748913528225
    },
    "C-S-H_1.0": {
      "moles": 0.6185643457975,
      "mass_kg": 0.105155938785575
    },
    "Silica_gel": {
      "moles": 1.1763342342024998,
      "mass_kg": 0.07067416079088619
    },
    "Ettringite": {
      "moles": 0.013669201666666667,
      "mass_kg": 0.017154848091666664
    },
    "Hydrotalcite": {
      "moles": 0.037722929999999995,
      "mass_kg": 0.01671125799
    }
  },
  "pH": 9.48675,
  "pe": 4.0,
  "Eh": 0.24,
  "system_mass_kg": 0.21066095457165607,
  "input_composition": {
    "Ca": 0.62820316,
    "Si": 1.79489858,
    "Al": 0.68962636,
    "Fe": 0.13129085,
    "Mg": 0.1257431,
    "K": 0.08061489,
    "Na": 0.0884567,
    "S": 0.08201521,
    "O": 19.26577614,
    "H": 26.64404884,
    "C": 0.01902554
  },
  "execution_time": 9.5367431640625e-06,
  "mix_id": "MIX_4403",
  "input_file": "/teamspace/studios/this_studio/inputs/generated/MIX_4403.inp"
}