{
  "converged": true,
  "method": "simplified_thermodynamic_model",
  "note": "Using simplified model until Cemdata18 integration complete",
  "temperature_K": 298.15,
  "pressure_bar": 1.01325,
  "CO2_fraction": 0.0,
  "pCO2_bar": 0.0,
  "phases": {
    "C-S-H_1.0": {
      "moles": 0.31588483,
      "mass_kg": 0.053700421100000006
    },
    "Silica_gel": {
      "moles": 1.0970510500000001,
      "mass_kg": 0.065910827084
    },
    "Ettringite": {
      "moles": 0.0068346,
      "mass_kg": 0.008577422999999999
    },
    "Hydrotalcite": {
      "moles": 0.022583142,
      "mass_kg": 0.010004331906
    }
  },
  "pH": 10.5,
  "pe": 4.0,
  "Eh": 0.24,
  "system_mass_kg": 0.13819300309000002,
  "input_composition": {
    "Ca": 0.31588483,
    "Si": 1.41293588,
    "Al": 0.54665447,
    "Fe": 0.09263552,
    "Mg": 0.07527714,
    "K": 0.06960805,
    "Na": 0.11207889,
    "S": 0.0410076,
    "O": 8.05339169,
    "H": 7.32711338,
    "C": 0.0
  },
  "execution_time": 1.1444091796875e-05,
  "mix_id": "MIX_1916",
  "input_file": "/teamspace/studios/this_studio/inputs/generated/MIX_1916.inp"
}