{
  "converged": true,
  "method": "simplified_thermodynamic_model",
  "note": "Using simplified model until Cemdata18 integration complete",
  "temperature_K": 298.15,
  "pressure_bar": 1.01325,
  "CO2_fraction": 0.4,
  "pCO2_bar": 0.4053,
  "phases": {
    "Calcite": {
      "moles": 0.01373406,
      "mass_kg": 0.0013746420654
    },
    "C-S-H_1.0": {
      "moles": 0.18996654000000002,
      "mass_kg": 0.0322943118
    },
    "Silica_gel": {
      "moles": 0.9605761599999999,
      "mass_kg": 0.05771141569279999
    },
    "Ettringite": {
      "moles": 0.005980275,
      "mass_kg": 0.007505245125
    },
    "Hydrotalcite": {
      "moles": 0.01822878,
      "mass_kg": 0.00807534954
    }
  },
  "pH": 8.5,
  "pe": 4.0,
  "Eh": 0.24,
  "system_mass_kg": 0.10696096422319999,
  "input_composition": {
    "Ca": 0.2037006,
    "Si": 1.1505427,
    "Al": 0.47317365,
    "Fe": 0.06458336,
    "Mg": 0.0607626,
    "K": 0.06135292,
    "Na": 0.08083566,
    "S": 0.03588165,
    "O": 5.41016982,
    "H": 3.66355671,
    "C": 0.01373406
  },
  "execution_time": 1.1682510375976562e-05,
  "mix_id": "MIX_0444",
  "input_file": "/teamspace/studios/this_studio/inputs/generated/MIX_0444.inp"
}