{
  "converged": true,
  "method": "simplified_thermodynamic_model",
  "note": "Using simplified model until Cemdata18 integration complete",
  "temperature_K": 298.15,
  "pressure_bar": 1.01325,
  "CO2_fraction": 0.4,
  "pCO2_bar": 0.4053,
  "phases": {
    "Calcite": {
      "moles": 0.01449239,
      "mass_kg": 0.0014505433151
    },
    "C-S-H_1.0": {
      "moles": 0.1745499,
      "mass_kg": 0.029673483000000004
    },
    "Silica_gel": {
      "moles": 0.9946967800000001,
      "mass_kg": 0.0597613825424
    },
    "Ettringite": {
      "moles": 0.00512595,
      "mass_kg": 0.006433067249999999
    },
    "Hydrotalcite": {
      "moles": 0.017156936999999997,
      "mass_kg": 0.007600523090999999
    }
  },
  "pH": 8.5,
  "pe": 4.0,
  "Eh": 0.24,
  "system_mass_kg": 0.10491899919850001,
  "input_composition": {
    "Ca": 0.18904229,
    "Si": 1.16924668,
    "Al": 0.4738386,
    "Fe": 0.06749152,
    "Mg": 0.05718979,
    "K": 0.06227016,
    "Na": 0.08529898,
    "S": 0.0307557,
    "O": 5.92311135,
    "H": 4.66270854,
    "C": 0.01449239
  },
  "execution_time": 1.0013580322265625e-05,
  "mix_id": "MIX_0557",
  "input_file": "/teamspace/studios/this_studio/inputs/generated/MIX_0557.inp"
}