{
  "converged": true,
  "method": "simplified_thermodynamic_model",
  "note": "Using simplified model until Cemdata18 integration complete",
  "temperature_K": 298.15,
  "pressure_bar": 1.01325,
  "CO2_fraction": 0.35,
  "pCO2_bar": 0.3546375,
  "phases": {
    "Calcite": {
      "moles": 0.02403474089625,
      "mass_kg": 0.0024056372163056626
    },
    "C-S-H_1.0": {
      "moles": 0.71185885910375,
      "mass_kg": 0.12101600604763751
    },
    "Silica_gel": {
      "moles": 0.62003095089625,
      "mass_kg": 0.0372514595298467
    },
    "Ettringite": {
      "moles": 0.02562975166666667,
      "mass_kg": 0.03216533834166667
    },
    "Hydrotalcite": {
      "moles": 0.049446213,
      "mass_kg": 0.021904672359
    }
  },
  "pH": 8.7268125,
  "pe": 4.0,
  "Eh": 0.24,
  "system_mass_kg": 0.21474311349445654,
  "input_composition": {
    "Ca": 0.7358936,
    "Si": 1.33188981,
    "Al": 0.60617116,
    "Fe": 0.05961618,
    "Mg": 0.16482071,
    "K": 0.05860121,
    "Na": 0.14526449,
    "S": 0.15377851,
    "O": 15.17217984,
    "H": 19.98303667,
    "C": 0.02710908
  },
  "execution_time": 1.1444091796875e-05,
  "mix_id": "MIX_2555",
  "input_file": "/teamspace/studios/this_studio/inputs/generated/MIX_2555.inp"
}