{
  "converged": true,
  "method": "simplified_thermodynamic_model",
  "note": "Using simplified model until Cemdata18 integration complete",
  "temperature_K": 298.15,
  "pressure_bar": 1.01325,
  "CO2_fraction": 0.3,
  "pCO2_bar": 0.303975,
  "phases": {
    "Calcite": {
      "moles": 0.013878692966249998,
      "mass_kg": 0.0013891183789919623
    },
    "C-S-H_1.0": {
      "moles": 0.54611517703375,
      "mass_kg": 0.0928395800957375
    },
    "Silica_gel": {
      "moles": 0.9815962829662499,
      "mass_kg": 0.058974304680612294
    },
    "Ettringite": {
      "moles": 0.015377851666666666,
      "mass_kg": 0.019299203841666664
    },
    "Hydrotalcite": {
      "moles": 0.036584094,
      "mass_kg": 0.016206753642
    }
  },
  "pH": 8.980125000000001,
  "pe": 4.0,
  "Eh": 0.24,
  "system_mass_kg": 0.18870896063900844,
  "input_composition": {
    "Ca": 0.55999387,
    "Si": 1.52771146,
    "Al": 0.61415066,
    "Fe": 0.09451418,
    "Mg": 0.12194698,
    "K": 0.06960805,
    "Na": 0.14332212,
    "S": 0.09226711,
    "O": 10.71548838,
    "H": 10.99067012,
    "C": 0.01826294
  },
  "execution_time": 1.1205673217773438e-05,
  "mix_id": "MIX_2988",
  "input_file": "/teamspace/studios/this_studio/inputs/generated/MIX_2988.inp"
}