{
  "converged": true,
  "method": "simplified_thermodynamic_model",
  "note": "Using simplified model until Cemdata18 integration complete",
  "temperature_K": 298.15,
  "pressure_bar": 1.01325,
  "CO2_fraction": 0.15,
  "pCO2_bar": 0.1519875,
  "phases": {
    "Calcite": {
      "moles": 0.00312597250875,
      "mass_kg": 0.0003128785884007875
    },
    "C-S-H_1.0": {
      "moles": 0.40070872749124997,
      "mass_kg": 0.0681204836735125
    },
    "Silica_gel": {
      "moles": 0.9090621525087501,
      "mass_kg": 0.054616454122725706
    },
    "Ettringite": {
      "moles": 0.011960551666666666,
      "mass_kg": 0.015010492341666664
    },
    "Hydrotalcite": {
      "moles": 0.029014203,
      "mass_kg": 0.012853291929
    }
  },
  "pH": 9.7400625,
  "pe": 4.0,
  "Eh": 0.24,
  "system_mass_kg": 0.15091360065530565,
  "input_composition": {
    "Ca": 0.4038347,
    "Si": 1.30977088,
    "Al": 0.54266472,
    "Fe": 0.07518652,
    "Mg": 0.09671401,
    "K": 0.06410463,
    "Na": 0.10286297,
    "S": 0.07176331,
    "O": 10.0239553,
    "H": 11.32372081,
    "C": 0.00822692
  },
  "execution_time": 1.0251998901367188e-05,
  "mix_id": "MIX_1594",
  "input_file": "/teamspace/studios/this_studio/inputs/generated/MIX_1594.inp"
}