{
  "converged": true,
  "method": "simplified_thermodynamic_model",
  "note": "Using simplified model until Cemdata18 integration complete",
  "temperature_K": 298.15,
  "pressure_bar": 1.01325,
  "CO2_fraction": 0.15,
  "pCO2_bar": 0.1519875,
  "phases": {
    "Calcite": {
      "moles": 0.0050904527428124995,
      "mass_kg": 0.000509503415028103
    },
    "C-S-H_1.0": {
      "moles": 0.3885797272571875,
      "mass_kg": 0.06605855363372187
    },
    "Silica_gel": {
      "moles": 1.7315782927428125,
      "mass_kg": 0.10403322382798817
    },
    "Hydrotalcite": {
      "moles": 0.020573436,
      "mass_kg": 0.009114032148
    }
  },
  "pH": 9.7400625,
  "pe": 4.0,
  "Eh": 0.24,
  "system_mass_kg": 0.17971531302473814,
  "input_composition": {
    "Ca": 0.39367018,
    "Si": 2.12015802,
    "Al": 0.70026569,
    "Fe": 0.17782153,
    "Mg": 0.06857812,
    "K": 0.09529067,
    "Na": 0.2102719,
    "S": 0.0,
    "O": 17.52299127,
    "H": 22.64744153,
    "C": 0.01339703
  },
  "execution_time": 1.4543533325195312e-05,
  "mix_id": "MIX_4846",
  "input_file": "/teamspace/studios/this_studio/inputs/generated/MIX_4846.inp"
}