{
  "converged": true,
  "method": "simplified_thermodynamic_model",
  "note": "Using simplified model until Cemdata18 integration complete",
  "temperature_K": 298.15,
  "pressure_bar": 1.01325,
  "CO2_fraction": 0.15,
  "pCO2_bar": 0.1519875,
  "phases": {
    "Calcite": {
      "moles": 0.004042802905312499,
      "mass_kg": 0.00040464414279272806
    },
    "C-S-H_1.0": {
      "moles": 0.2921014570946875,
      "mass_kg": 0.04965724770609688
    },
    "Silica_gel": {
      "moles": 1.4909433629053126,
      "mass_kg": 0.08957587724335118
    },
    "Hydrotalcite": {
      "moles": 0.017290917,
      "mass_kg": 0.007659876231
    }
  },
  "pH": 9.7400625,
  "pe": 4.0,
  "Eh": 0.24,
  "system_mass_kg": 0.1472976453232408,
  "input_composition": {
    "Ca": 0.29614426,
    "Si": 1.78304482,
    "Al": 0.62611991,
    "Fe": 0.1468612,
    "Mg": 0.05763639,
    "K": 0.08611831,
    "Na": 0.06595793,
    "S": 0.0,
    "O": 13.66945028,
    "H": 16.98558113,
    "C": 0.01063983
  },
  "execution_time": 8.821487426757812e-06,
  "mix_id": "MIX_3602",
  "input_file": "/teamspace/studios/this_studio/inputs/generated/MIX_3602.inp"
}