{
  "converged": true,
  "method": "simplified_thermodynamic_model",
  "note": "Using simplified model until Cemdata18 integration complete",
  "temperature_K": 298.15,
  "pressure_bar": 1.01325,
  "CO2_fraction": 0.25,
  "pCO2_bar": 0.2533125,
  "phases": {
    "Calcite": {
      "moles": 0.009462013476562498,
      "mass_kg": 0.0009470529288691404
    },
    "C-S-H_1.0": {
      "moles": 0.6384817165234375,
      "mass_kg": 0.1085418918089844
    },
    "Silica_gel": {
      "moles": 0.7455604334765624,
      "mass_kg": 0.04479327084327187
    },
    "Ettringite": {
      "moles": 0.020503801666666665,
      "mass_kg": 0.02573227109166666
    },
    "Hydrotalcite": {
      "moles": 0.043015155,
      "mass_kg": 0.019055713665
    }
  },
  "pH": 9.2334375,
  "pe": 4.0,
  "Eh": 0.24,
  "system_mass_kg": 0.19907020033779207,
  "input_composition": {
    "Ca": 0.64794373,
    "Si": 1.38404215,
    "Al": 0.61016091,
    "Fe": 0.07706518,
    "Mg": 0.14338385,
    "K": 0.06410463,
    "Na": 0.05557388,
    "S": 0.12302281,
    "O": 10.5443763,
    "H": 10.99067014,
    "C": 0.01494125
  },
  "execution_time": 0.0006079673767089844,
  "mix_id": "MIX_2736",
  "input_file": "/teamspace/studios/this_studio/inputs/generated/MIX_2736.inp"
}