{
  "converged": true,
  "method": "simplified_thermodynamic_model",
  "note": "Using simplified model until Cemdata18 integration complete",
  "temperature_K": 298.15,
  "pressure_bar": 1.01325,
  "CO2_fraction": 0.15,
  "pCO2_bar": 0.1519875,
  "phases": {
    "Calcite": {
      "moles": 0.004042802905312499,
      "mass_kg": 0.00040464414279272806
    },
    "C-S-H_1.0": {
      "moles": 0.7318507970946876,
      "mass_kg": 0.1244146355060969
    },
    "Silica_gel": {
      "moles": 0.5591353629053125,
      "mass_kg": 0.033592852603351174
    },
    "Ettringite": {
      "moles": 0.02562975166666667,
      "mass_kg": 0.03216533834166667
    },
    "Hydrotalcite": {
      "moles": 0.049446213,
      "mass_kg": 0.021904672359
    }
  },
  "pH": 9.7400625,
  "pe": 4.0,
  "Eh": 0.24,
  "system_mass_kg": 0.21248214295290746,
  "input_composition": {
    "Ca": 0.7358936,
    "Si": 1.29098616,
    "Al": 0.60617116,
    "Fe": 0.05961618,
    "Mg": 0.16482071,
    "K": 0.05860121,
    "Na": 0.06595793,
    "S": 0.15377851,
    "O": 13.51905299,
    "H": 16.98558113,
    "C": 0.01063983
  },
  "execution_time": 1.430511474609375e-05,
  "mix_id": "MIX_2482",
  "input_file": "/teamspace/studios/this_studio/inputs/generated/MIX_2482.inp"
}