{
  "converged": true,
  "method": "simplified_thermodynamic_model",
  "note": "Using simplified model until Cemdata18 integration complete",
  "temperature_K": 298.15,
  "pressure_bar": 1.01325,
  "CO2_fraction": 0.2,
  "pCO2_bar": 0.20265,
  "phases": {
    "Calcite": {
      "moles": 0.00479369081625,
      "mass_kg": 0.00047980051379846244
    },
    "C-S-H_1.0": {
      "moles": 0.28177451918375,
      "mass_kg": 0.047901668261237505
    },
    "Silica_gel": {
      "moles": 1.15192225081625,
      "mass_kg": 0.0692074888290403
    },
    "Ettringite": {
      "moles": 0.00512595,
      "mass_kg": 0.006433067249999999
    },
    "Hydrotalcite": {
      "moles": 0.020439455999999998,
      "mass_kg": 0.009054679008
    }
  },
  "pH": 9.48675,
  "pe": 4.0,
  "Eh": 0.24,
  "system_mass_kg": 0.13307670386207626,
  "input_composition": {
    "Ca": 0.28656821,
    "Si": 1.43369677,
    "Al": 0.54798438,
    "Fe": 0.09845186,
    "Mg": 0.06813152,
    "K": 0.07144252,
    "Na": 0.08872912,
    "S": 0.0307557,
    "O": 8.04658132,
    "H": 7.32711348,
    "C": 0.00946201
  },
  "execution_time": 9.298324584960938e-06,
  "mix_id": "MIX_2056",
  "input_file": "/teamspace/studios/this_studio/inputs/generated/MIX_2056.inp"
}