{
  "converged": true,
  "method": "simplified_thermodynamic_model",
  "note": "Using simplified model until Cemdata18 integration complete",
  "temperature_K": 298.15,
  "pressure_bar": 1.01325,
  "CO2_fraction": 0.15,
  "pCO2_bar": 0.1519875,
  "phases": {
    "Calcite": {
      "moles": 0.00225304750125,
      "mass_kg": 0.0002255075244001125
    },
    "C-S-H_1.0": {
      "moles": 0.11349768249875,
      "mass_kg": 0.0192946060247875
    },
    "Silica_gel": {
      "moles": 1.12232226750125,
      "mass_kg": 0.0674291218314751
    },
    "Ettringite": {
      "moles": 0.000854325,
      "mass_kg": 0.0010721778749999999
    },
    "Hydrotalcite": {
      "moles": 0.011797719,
      "mass_kg": 0.005226389517
    }
  },
  "pH": 9.7400625,
  "pe": 4.0,
  "Eh": 0.24,
  "system_mass_kg": 0.09324780277266272,
  "input_composition": {
    "Ca": 0.11575073,
    "Si": 1.23581995,
    "Al": 0.47716339,
    "Fe": 0.08203236,
    "Mg": 0.03932573,
    "K": 0.06685634,
    "Na": 0.05536969,
    "S": 0.00512595,
    "O": 6.8843661,
    "H": 6.66101223,
    "C": 0.00592956
  },
  "execution_time": 1.1444091796875e-05,
  "mix_id": "MIX_1031",
  "input_file": "/teamspace/studios/this_studio/inputs/generated/MIX_1031.inp"
}