{
  "converged": true,
  "method": "simplified_thermodynamic_model",
  "note": "Using simplified model until Cemdata18 integration complete",
  "temperature_K": 298.15,
  "pressure_bar": 1.01325,
  "CO2_fraction": 0.2,
  "pCO2_bar": 0.20265,
  "phases": {
    "Calcite": {
      "moles": 0.00473559106125,
      "mass_kg": 0.00047398530932051246
    },
    "C-S-H_1.0": {
      "moles": 0.45773235893875003,
      "mass_kg": 0.0778145010195875
    },
    "Silica_gel": {
      "moles": 0.7557922310612499,
      "mass_kg": 0.045407997242159895
    },
    "Ettringite": {
      "moles": 0.015377851666666666,
      "mass_kg": 0.019299203841666664
    },
    "Hydrotalcite": {
      "moles": 0.033301575,
      "mass_kg": 0.014752597725
    }
  },
  "pH": 9.48675,
  "pe": 4.0,
  "Eh": 0.24,
  "system_mass_kg": 0.1577482851377346,
  "input_composition": {
    "Ca": 0.46246795,
    "Si": 1.21352459,
    "Al": 0.54000488,
    "Fe": 0.06355385,
    "Mg": 0.11100525,
    "K": 0.06043569,
    "Na": 0.04345916,
    "S": 0.09226711,
    "O": 7.9168606,
    "H": 7.32711342,
    "C": 0.00934733
  },
  "execution_time": 0.00025200843811035156,
  "mix_id": "MIX_1376",
  "input_file": "/teamspace/studios/this_studio/inputs/generated/MIX_1376.inp"
}