{
  "converged": true,
  "method": "simplified_thermodynamic_model",
  "note": "Using simplified model until Cemdata18 integration complete",
  "temperature_K": 298.15,
  "pressure_bar": 1.01325,
  "CO2_fraction": 0.3,
  "pCO2_bar": 0.303975,
  "phases": {
    "Calcite": {
      "moles": 0.020235311775,
      "mass_kg": 0.00202535235555975
    },
    "C-S-H_1.0": {
      "moles": 0.842500838225,
      "mass_kg": 0.14322514249825
    },
    "Silica_gel": {
      "moles": 0.7302006317749999,
      "mass_kg": 0.043870453957042
    },
    "Ettringite": {
      "moles": 0.027338403333333334,
      "mass_kg": 0.03430969618333333
    },
    "Hydrotalcite": {
      "moles": 0.054872421,
      "mass_kg": 0.024308482503
    }
  },
  "pH": 8.980125000000001,
  "pe": 4.0,
  "Eh": 0.24,
  "system_mass_kg": 0.24773912749718507,
  "input_composition": {
    "Ca": 0.86273615,
    "Si": 1.57270147,
    "Al": 0.67898703,
    "Fe": 0.08476018,
    "Mg": 0.18290807,
    "K": 0.06593911,
    "Na": 0.16646526,
    "S": 0.16403042,
    "O": 17.32193737,
    "H": 22.64744156,
    "C": 0.0266276
  },
  "execution_time": 7.62939453125e-06,
  "mix_id": "MIX_3994",
  "input_file": "/teamspace/studios/this_studio/inputs/generated/MIX_3994.inp"
}