{
  "converged": true,
  "method": "simplified_thermodynamic_model",
  "note": "Using simplified model until Cemdata18 integration complete",
  "temperature_K": 298.15,
  "pressure_bar": 1.01325,
  "CO2_fraction": 0.25,
  "pCO2_bar": 0.2533125,
  "phases": {
    "Calcite": {
      "moles": 0.015245422828124997,
      "mass_kg": 0.0015259143708670308
    },
    "C-S-H_1.0": {
      "moles": 0.37842475717187496,
      "mass_kg": 0.06433220871921874
    },
    "Silica_gel": {
      "moles": 1.726429032828125,
      "mass_kg": 0.10372385629231376
    },
    "Hydrotalcite": {
      "moles": 0.020573436,
      "mass_kg": 0.009114032148
    }
  },
  "pH": 9.2334375,
  "pe": 4.0,
  "Eh": 0.24,
  "system_mass_kg": 0.17869601153039955,
  "input_composition": {
    "Ca": 0.39367018,
    "Si": 2.10485379,
    "Al": 0.70026569,
    "Fe": 0.17782153,
    "Mg": 0.06857812,
    "K": 0.09529067,
    "Na": 0.1805991,
    "S": 0.0,
    "O": 19.49720344,
    "H": 26.64404888,
    "C": 0.0240737
  },
  "execution_time": 1.8358230590820312e-05,
  "mix_id": "MIX_4875",
  "input_file": "/teamspace/studios/this_studio/inputs/generated/MIX_4875.inp"
}