{
  "converged": true,
  "method": "simplified_thermodynamic_model",
  "note": "Using simplified model until Cemdata18 integration complete",
  "temperature_K": 298.15,
  "pressure_bar": 1.01325,
  "CO2_fraction": 0.4,
  "pCO2_bar": 0.4053,
  "phases": {
    "Calcite": {
      "moles": 0.02167257,
      "mass_kg": 0.0021692075313
    },
    "C-S-H_1.0": {
      "moles": 0.41147875,
      "mass_kg": 0.0699513875
    },
    "Silica_gel": {
      "moles": 0.8384202500000001,
      "mass_kg": 0.050372288620000004
    },
    "Ettringite": {
      "moles": 0.013669201666666667,
      "mass_kg": 0.017154848091666664
    },
    "Hydrotalcite": {
      "moles": 0.031157888999999998,
      "mass_kg": 0.013802944826999999
    }
  },
  "pH": 8.5,
  "pe": 4.0,
  "Eh": 0.24,
  "system_mass_kg": 0.15345067656996667,
  "input_composition": {
    "Ca": 0.43315132,
    "Si": 1.249899,
    "Al": 0.5413348,
    "Fe": 0.06937019,
    "Mg": 0.10385963,
    "K": 0.06227016,
    "Na": 0.05038186,
    "S": 0.08201521,
    "O": 9.96044355,
    "H": 11.32372071,
    "C": 0.02167257
  },
  "execution_time": 8.344650268554688e-06,
  "mix_id": "MIX_1554",
  "input_file": "/teamspace/studios/this_studio/inputs/generated/MIX_1554.inp"
}