{
  "converged": true,
  "method": "simplified_thermodynamic_model",
  "note": "Using simplified model until Cemdata18 integration complete",
  "temperature_K": 298.15,
  "pressure_bar": 1.01325,
  "CO2_fraction": 0.15,
  "pCO2_bar": 0.1519875,
  "phases": {
    "Calcite": {
      "moles": 0.00291121417125,
      "mass_kg": 0.00029138342640041247
    },
    "C-S-H_1.0": {
      "moles": 0.43024010582875,
      "mass_kg": 0.07314081799088751
    },
    "Silica_gel": {
      "moles": 0.84308199417125,
      "mass_kg": 0.050652366209808695
    },
    "Ettringite": {
      "moles": 0.013669201666666667,
      "mass_kg": 0.017154848091666664
    },
    "Hydrotalcite": {
      "moles": 0.031157888999999998,
      "mass_kg": 0.013802944826999999
    }
  },
  "pH": 9.7400625,
  "pe": 4.0,
  "Eh": 0.24,
  "system_mass_kg": 0.15504236054576329,
  "input_composition": {
    "Ca": 0.43315132,
    "Si": 1.2733221,
    "Al": 0.5413348,
    "Fe": 0.06937019,
    "Mg": 0.10385963,
    "K": 0.06227016,
    "Na": 0.09579605,
    "S": 0.08201521,
    "O": 9.00282335,
    "H": 9.32541714,
    "C": 0.00766172
  },
  "execution_time": 9.775161743164062e-06,
  "mix_id": "MIX_1481",
  "input_file": "/teamspace/studios/this_studio/inputs/generated/MIX_1481.inp"
}