{
  "converged": true,
  "method": "simplified_thermodynamic_model",
  "note": "Using simplified model until Cemdata18 integration complete",
  "temperature_K": 298.15,
  "pressure_bar": 1.01325,
  "CO2_fraction": 0.15,
  "pCO2_bar": 0.1519875,
  "phases": {
    "Calcite": {
      "moles": 0.00225304750125,
      "mass_kg": 0.0002255075244001125
    },
    "C-S-H_1.0": {
      "moles": 0.15747261249875,
      "mass_kg": 0.0267703441247875
    },
    "Silica_gel": {
      "moles": 1.02914146750125,
      "mass_kg": 0.0618308193674751
    },
    "Ettringite": {
      "moles": 0.0034173,
      "mass_kg": 0.0042887114999999995
    },
    "Hydrotalcite": {
      "moles": 0.015013247999999998,
      "mass_kg": 0.006650868863999999
    }
  },
  "pH": 9.7400625,
  "pe": 4.0,
  "Eh": 0.24,
  "system_mass_kg": 0.09976625138066271,
  "input_composition": {
    "Ca": 0.15972566,
    "Si": 1.18661408,
    "Al": 0.47516852,
    "Fe": 0.07330786,
    "Mg": 0.05004416,
    "K": 0.06410463,
    "Na": 0.05536969,
    "S": 0.0205038,
    "O": 6.86932637,
    "H": 6.66101223,
    "C": 0.00592956
  },
  "execution_time": 1.1444091796875e-05,
  "mix_id": "MIX_0695",
  "input_file": "/teamspace/studios/this_studio/inputs/generated/MIX_0695.inp"
}