{
  "converged": true,
  "method": "simplified_thermodynamic_model",
  "note": "Using simplified model until Cemdata18 integration complete",
  "temperature_K": 298.15,
  "pressure_bar": 1.01325,
  "CO2_fraction": 0.3,
  "pCO2_bar": 0.303975,
  "phases": {
    "Calcite": {
      "moles": 0.00820866249,
      "mass_kg": 0.0008216050286240999
    },
    "C-S-H_1.0": {
      "moles": 0.19549193751000002,
      "mass_kg": 0.033233629376700005
    },
    "Silica_gel": {
      "moles": 0.9481873024899999,
      "mass_kg": 0.0569670931335992
    },
    "Ettringite": {
      "moles": 0.005980275,
      "mass_kg": 0.007505245125
    },
    "Hydrotalcite": {
      "moles": 0.01822878,
      "mass_kg": 0.00807534954
    }
  },
  "pH": 8.980125000000001,
  "pe": 4.0,
  "Eh": 0.24,
  "system_mass_kg": 0.1066029222039233,
  "input_composition": {
    "Ca": 0.2037006,
    "Si": 1.14367924,
    "Al": 0.47317365,
    "Fe": 0.06458336,
    "Mg": 0.0607626,
    "K": 0.06135292,
    "Na": 0.06752836,
    "S": 0.03588165,
    "O": 5.88350062,
    "H": 4.6627086,
    "C": 0.01080176
  },
  "execution_time": 1.0728836059570312e-05,
  "mix_id": "MIX_0409",
  "input_file": "/teamspace/studios/this_studio/inputs/generated/MIX_0409.inp"
}