{
  "converged": true,
  "method": "simplified_thermodynamic_model",
  "note": "Using simplified model until Cemdata18 integration complete",
  "temperature_K": 298.15,
  "pressure_bar": 1.01325,
  "CO2_fraction": 0.3,
  "pCO2_bar": 0.303975,
  "phases": {
    "Calcite": {
      "moles": 0.017550065019374998,
      "mass_kg": 0.0017565860077892435
    },
    "C-S-H_1.0": {
      "moles": 0.586418734980625,
      "mass_kg": 0.09969118494670626
    },
    "Silica_gel": {
      "moles": 0.8737787450193749,
      "mass_kg": 0.052496627000764046
    },
    "Ettringite": {
      "moles": 0.017940826666666666,
      "mass_kg": 0.022515737466666665
    },
    "Hydrotalcite": {
      "moles": 0.039799626,
      "mass_kg": 0.017631234318
    }
  },
  "pH": 8.980125000000001,
  "pe": 4.0,
  "Eh": 0.24,
  "system_mass_kg": 0.19409136973992622,
  "input_composition": {
    "Ca": 0.6039688,
    "Si": 1.46019748,
    "Al": 0.61215579,
    "Fe": 0.08578968,
    "Mg": 0.13266542,
    "K": 0.06685634,
    "Na": 0.10782519,
    "S": 0.10764496,
    "O": 15.15192953,
    "H": 19.98303666,
    "C": 0.02309409
  },
  "execution_time": 1.0251998901367188e-05,
  "mix_id": "MIX_2871",
  "input_file": "/teamspace/studios/this_studio/inputs/generated/MIX_2871.inp"
}