{
  "converged": true,
  "method": "simplified_thermodynamic_model",
  "note": "Using simplified model until Cemdata18 integration complete",
  "temperature_K": 298.15,
  "pressure_bar": 1.01325,
  "CO2_fraction": 0.15,
  "pCO2_bar": 0.1519875,
  "phases": {
    "Calcite": {
      "moles": 0.0041488825809375,
      "mass_kg": 0.0004152616575260344
    },
    "C-S-H_1.0": {
      "moles": 0.9172205074190625,
      "mass_kg": 0.15592748626124064
    },
    "Silica_gel": {
      "moles": 0.5389274825809376,
      "mass_kg": 0.032378763153462733
    },
    "Ettringite": {
      "moles": 0.030755703333333332,
      "mass_kg": 0.03859840768333333
    },
    "Hydrotalcite": {
      "moles": 0.059159792999999995,
      "mass_kg": 0.026207788298999998
    }
  },
  "pH": 9.7400625,
  "pe": 4.0,
  "Eh": 0.24,
  "system_mass_kg": 0.25352770705456273,
  "input_composition": {
    "Ca": 0.92136939,
    "Si": 1.45614799,
    "Al": 0.67632719,
    "Fe": 0.07312751,
    "Mg": 0.19719931,
    "K": 0.06227016,
    "Na": 0.0676886,
    "S": 0.18453422,
    "O": 13.12258021,
    "H": 14.65422685,
    "C": 0.01091901
  },
  "execution_time": 2.8133392333984375e-05,
  "mix_id": "MIX_3824",
  "input_file": "/teamspace/studios/this_studio/inputs/generated/MIX_3824.inp"
}