{
  "converged": true,
  "method": "simplified_thermodynamic_model",
  "note": "Using simplified model until Cemdata18 integration complete",
  "temperature_K": 298.15,
  "pressure_bar": 1.01325,
  "CO2_fraction": 0.2,
  "pCO2_bar": 0.20265,
  "phases": {
    "Calcite": {
      "moles": 0.008179491022499999,
      "mass_kg": 0.0008186852564420248
    },
    "C-S-H_1.0": {
      "moles": 0.4441239289775,
      "mass_kg": 0.07550106792617502
    },
    "Silica_gel": {
      "moles": 1.5602932010225001,
      "mass_kg": 0.09374241551743182
    },
    "Ettringite": {
      "moles": 0.0034173,
      "mass_kg": 0.0042887114999999995
    },
    "Hydrotalcite": {
      "moles": 0.024860808,
      "mass_kg": 0.011013337944000001
    }
  },
  "pH": 9.48675,
  "pe": 4.0,
  "Eh": 0.24,
  "system_mass_kg": 0.18536421814404885,
  "input_composition": {
    "Ca": 0.45230342,
    "Si": 2.00441713,
    "Al": 0.69760586,
    "Fe": 0.16618886,
    "Mg": 0.08286936,
    "K": 0.09162172,
    "Na": 0.11307074,
    "S": 0.0205038,
    "O": 15.36126396,
    "H": 18.65083418,
    "C": 0.01614506
  },
  "execution_time": 1.0967254638671875e-05,
  "mix_id": "MIX_4741",
  "input_file": "/teamspace/studios/this_studio/inputs/generated/MIX_4741.inp"
}