{
  "converged": true,
  "method": "simplified_thermodynamic_model",
  "note": "Using simplified model until Cemdata18 integration complete",
  "temperature_K": 298.15,
  "pressure_bar": 1.01325,
  "CO2_fraction": 0.4,
  "pCO2_bar": 0.4053,
  "phases": {
    "Calcite": {
      "moles": 0.02662555,
      "mass_kg": 0.0026649512995
    },
    "C-S-H_1.0": {
      "moles": 0.31349364,
      "mass_kg": 0.053293918800000006
    },
    "Silica_gel": {
      "moles": 1.46715324,
      "mass_kg": 0.08814656665920001
    },
    "Ettringite": {
      "moles": 0.002562975,
      "mass_kg": 0.0032165336249999994
    },
    "Hydrotalcite": {
      "moles": 0.020506445999999998,
      "mass_kg": 0.009084355577999999
    }
  },
  "pH": 8.5,
  "pe": 4.0,
  "Eh": 0.24,
  "system_mass_kg": 0.1564063259617,
  "input_composition": {
    "Ca": 0.34011919,
    "Si": 1.78064688,
    "Al": 0.62412504,
    "Fe": 0.13813669,
    "Mg": 0.06835482,
    "K": 0.0833666,
    "Na": 0.15671208,
    "S": 0.01537785,
    "O": 12.32664716,
    "H": 13.98812562,
    "C": 0.02662555
  },
  "execution_time": 1.0251998901367188e-05,
  "mix_id": "MIX_3581",
  "input_file": "/teamspace/studios/this_studio/inputs/generated/MIX_3581.inp"
}