{
  "converged": true,
  "method": "simplified_thermodynamic_model",
  "note": "Using simplified model until Cemdata18 integration complete",
  "temperature_K": 298.15,
  "pressure_bar": 1.01325,
  "CO2_fraction": 0.35,
  "pCO2_bar": 0.3546375,
  "phases": {
    "Calcite": {
      "moles": 0.015949023628125,
      "mass_kg": 0.001596337774939031
    },
    "C-S-H_1.0": {
      "moles": 0.329252426371875,
      "mass_kg": 0.055972912483218756
    },
    "Silica_gel": {
      "moles": 1.055483593628125,
      "mass_kg": 0.06341345430517775
    },
    "Ettringite": {
      "moles": 0.00854325,
      "mass_kg": 0.010721778749999999
    },
    "Hydrotalcite": {
      "moles": 0.024726828,
      "mass_kg": 0.010953984804
    }
  },
  "pH": 8.7268125,
  "pe": 4.0,
  "Eh": 0.24,
  "system_mass_kg": 0.14265846811733554,
  "input_composition": {
    "Ca": 0.34520145,
    "Si": 1.38473602,
    "Al": 0.54532455,
    "Fe": 0.08681919,
    "Mg": 0.08242276,
    "K": 0.06777358,
    "Na": 0.12100552,
    "S": 0.0512595,
    "O": 9.09216666,
    "H": 9.32541705,
    "C": 0.0179891
  },
  "execution_time": 8.106231689453125e-06,
  "mix_id": "MIX_1885",
  "input_file": "/teamspace/studios/this_studio/inputs/generated/MIX_1885.inp"
}