{
  "converged": true,
  "method": "simplified_thermodynamic_model",
  "note": "Using simplified model until Cemdata18 integration complete",
  "temperature_K": 298.15,
  "pressure_bar": 1.01325,
  "CO2_fraction": 0.2,
  "pCO2_bar": 0.20265,
  "phases": {
    "Calcite": {
      "moles": 0.00904969545375,
      "mass_kg": 0.0009057840179658374
    },
    "C-S-H_1.0": {
      "moles": 0.50188697454625,
      "mass_kg": 0.0853207856728625
    },
    "Silica_gel": {
      "moles": 1.48705540545375,
      "mass_kg": 0.0893422887596613
    },
    "Ettringite": {
      "moles": 0.0068346,
      "mass_kg": 0.008577422999999999
    },
    "Hydrotalcite": {
      "moles": 0.029148182999999998,
      "mass_kg": 0.012912645068999999
    }
  },
  "pH": 9.48675,
  "pe": 4.0,
  "Eh": 0.24,
  "system_mass_kg": 0.19705892651948964,
  "input_composition": {
    "Ca": 0.51093667,
    "Si": 1.98894238,
    "Al": 0.69494602,
    "Fe": 0.15455619,
    "Mg": 0.09716061,
    "K": 0.08795278,
    "Na": 0.2102719,
    "S": 0.0410076,
    "O": 17.49181668,
    "H": 22.64744153,
    "C": 0.01786271
  },
  "execution_time": 1.0013580322265625e-05,
  "mix_id": "MIX_4638",
  "input_file": "/teamspace/studios/this_studio/inputs/generated/MIX_4638.inp"
}