{
  "converged": true,
  "method": "simplified_thermodynamic_model",
  "note": "Using simplified model until Cemdata18 integration complete",
  "temperature_K": 298.15,
  "pressure_bar": 1.01325,
  "CO2_fraction": 0.25,
  "pCO2_bar": 0.2533125,
  "phases": {
    "Calcite": {
      "moles": 0.007490140317187499,
      "mass_kg": 0.0007496881443472967
    },
    "C-S-H_1.0": {
      "moles": 0.4842944296828125,
      "mass_kg": 0.08233005304607813
    },
    "Silica_gel": {
      "moles": 0.7197749703171876,
      "mass_kg": 0.043244080216656634
    },
    "Ettringite": {
      "moles": 0.017086501666666667,
      "mass_kg": 0.021443559591666665
    },
    "Hydrotalcite": {
      "moles": 0.035445261,
      "mass_kg": 0.015702250623
    }
  },
  "pH": 9.2334375,
  "pe": 4.0,
  "Eh": 0.24,
  "system_mass_kg": 0.1634696316217487,
  "input_composition": {
    "Ca": 0.49178457,
    "Si": 1.2040694,
    "Al": 0.53867497,
    "Fe": 0.05773752,
    "Mg": 0.11815087,
    "K": 0.05860121,
    "Na": 0.08872912,
    "S": 0.10251901,
    "O": 7.98112692,
    "H": 7.32711348,
    "C": 0.01182751
  },
  "execution_time": 1.1682510375976562e-05,
  "mix_id": "MIX_1288",
  "input_file": "/teamspace/studios/this_studio/inputs/generated/MIX_1288.inp"
}