{
  "converged": true,
  "method": "simplified_thermodynamic_model",
  "note": "Using simplified model until Cemdata18 integration complete",
  "temperature_K": 298.15,
  "pressure_bar": 1.01325,
  "CO2_fraction": 0.35,
  "pCO2_bar": 0.3546375,
  "phases": {
    "Calcite": {
      "moles": 0.011172907633125,
      "mass_kg": 0.0011182963249994813
    },
    "C-S-H_1.0": {
      "moles": 0.119236132366875,
      "mass_kg": 0.020270142502368752
    },
    "Silica_gel": {
      "moles": 1.106452887633125,
      "mass_kg": 0.06647568948899815
    },
    "Ettringite": {
      "moles": 0.00170865,
      "mass_kg": 0.0021443557499999997
    },
    "Hydrotalcite": {
      "moles": 0.012869562,
      "mass_kg": 0.0057012159659999995
    }
  },
  "pH": 8.7268125,
  "pe": 4.0,
  "Eh": 0.24,
  "system_mass_kg": 0.09570970003236638,
  "input_composition": {
    "Ca": 0.13040904,
    "Si": 1.22568902,
    "Al": 0.47649844,
    "Fe": 0.07912419,
    "Mg": 0.04289854,
    "K": 0.06593911,
    "Na": 0.06752836,
    "S": 0.0102519,
    "O": 5.91216742,
    "H": 4.6627086,
    "C": 0.01260206
  },
  "execution_time": 7.700920104980469e-05,
  "mix_id": "MIX_0985",
  "input_file": "/teamspace/studios/this_studio/inputs/generated/MIX_0985.inp"
}