{
  "converged": true,
  "method": "simplified_thermodynamic_model",
  "note": "Using simplified model until Cemdata18 integration complete",
  "temperature_K": 298.15,
  "pressure_bar": 1.01325,
  "CO2_fraction": 0.35,
  "pCO2_bar": 0.3546375,
  "phases": {
    "Calcite": {
      "moles": 0.0222808545421875,
      "mass_kg": 0.0022300907311275466
    },
    "C-S-H_1.0": {
      "moles": 0.31783833545781254,
      "mass_kg": 0.05403251702782814
    },
    "Silica_gel": {
      "moles": 1.4514369445421875,
      "mass_kg": 0.08720233162809463
    },
    "Ettringite": {
      "moles": 0.002562975,
      "mass_kg": 0.0032165336249999994
    },
    "Hydrotalcite": {
      "moles": 0.020506445999999998,
      "mass_kg": 0.009084355577999999
    }
  },
  "pH": 8.7268125,
  "pe": 4.0,
  "Eh": 0.24,
  "system_mass_kg": 0.1557658285900503,
  "input_composition": {
    "Ca": 0.34011919,
    "Si": 1.76927528,
    "Al": 0.62412504,
    "Fe": 0.13813669,
    "Mg": 0.06835482,
    "K": 0.0833666,
    "Na": 0.13466411,
    "S": 0.01537785,
    "O": 13.78861836,
    "H": 16.98558118,
    "C": 0.02513085
  },
  "execution_time": 9.5367431640625e-06,
  "mix_id": "MIX_3562",
  "input_file": "/teamspace/studios/this_studio/inputs/generated/MIX_3562.inp"
}