{
  "converged": true,
  "method": "simplified_thermodynamic_model",
  "note": "Using simplified model until Cemdata18 integration complete",
  "temperature_K": 298.15,
  "pressure_bar": 1.01325,
  "CO2_fraction": 0.35,
  "pCO2_bar": 0.3546375,
  "phases": {
    "Calcite": {
      "moles": 0.022588351852499997,
      "mass_kg": 0.0022608681369167246
    },
    "C-S-H_1.0": {
      "moles": 0.7815145481475,
      "mass_kg": 0.13285747318507501
    },
    "Silica_gel": {
      "moles": 0.8058490818525,
      "mass_kg": 0.0484154128376982
    },
    "Ettringite": {
      "moles": 0.023921101666666666,
      "mass_kg": 0.030020982591666665
    },
    "Hydrotalcite": {
      "moles": 0.050585049,
      "mass_kg": 0.022409176707
    }
  },
  "pH": 8.7268125,
  "pe": 4.0,
  "Eh": 0.24,
  "system_mass_kg": 0.2359639134583566,
  "input_composition": {
    "Ca": 0.8041029,
    "Si": 1.58736363,
    "Al": 0.68164686,
    "Fe": 0.09639285,
    "Mg": 0.16861683,
    "K": 0.06960805,
    "Na": 0.0676886,
    "S": 0.14352661,
    "O": 13.1918035,
    "H": 14.65422685,
    "C": 0.02547768
  },
  "execution_time": 9.298324584960938e-06,
  "mix_id": "MIX_4112",
  "input_file": "/teamspace/studios/this_studio/inputs/generated/MIX_4112.inp"
}