{
  "converged": true,
  "method": "simplified_thermodynamic_model",
  "note": "Using simplified model until Cemdata18 integration complete",
  "temperature_K": 298.15,
  "pressure_bar": 1.01325,
  "CO2_fraction": 0.3,
  "pCO2_bar": 0.303975,
  "phases": {
    "Calcite": {
      "moles": 0.007779145814999999,
      "mass_kg": 0.00077861470462335
    },
    "C-S-H_1.0": {
      "moles": 0.107971584185,
      "mass_kg": 0.018355169311450002
    },
    "Silica_gel": {
      "moles": 1.132296955815,
      "mass_kg": 0.0680284011053652
    },
    "Ettringite": {
      "moles": 0.000854325,
      "mass_kg": 0.0010721778749999999
    },
    "Hydrotalcite": {
      "moles": 0.011797719,
      "mass_kg": 0.005226389517
    }
  },
  "pH": 8.980125000000001,
  "pe": 4.0,
  "Eh": 0.24,
  "system_mass_kg": 0.09346075251343856,
  "input_composition": {
    "Ca": 0.11575073,
    "Si": 1.24026854,
    "Al": 0.47716339,
    "Fe": 0.08203236,
    "Mg": 0.03932573,
    "K": 0.06685634,
    "Na": 0.0639949,
    "S": 0.00512595,
    "O": 5.40746213,
    "H": 3.66355677,
    "C": 0.01023656
  },
  "execution_time": 1.1205673217773438e-05,
  "mix_id": "MIX_1080",
  "input_file": "/teamspace/studios/this_studio/inputs/generated/MIX_1080.inp"
}