{
  "converged": true,
  "method": "simplified_thermodynamic_model",
  "note": "Using simplified model until Cemdata18 integration complete",
  "temperature_K": 298.15,
  "pressure_bar": 1.01325,
  "CO2_fraction": 0.35,
  "pCO2_bar": 0.3546375,
  "phases": {
    "Calcite": {
      "moles": 0.022865483326874998,
      "mass_kg": 0.0022886062261869185
    },
    "C-S-H_1.0": {
      "moles": 0.605337676673125,
      "mass_kg": 0.10290740503443126
    },
    "Silica_gel": {
      "moles": 1.215215563326875,
      "mass_kg": 0.07301015104467866
    },
    "Ettringite": {
      "moles": 0.013669201666666667,
      "mass_kg": 0.017154848091666664
    },
    "Hydrotalcite": {
      "moles": 0.037722929999999995,
      "mass_kg": 0.01671125799
    }
  },
  "pH": 8.7268125,
  "pe": 4.0,
  "Eh": 0.24,
  "system_mass_kg": 0.2120722683869635,
  "input_composition": {
    "Ca": 0.62820316,
    "Si": 1.82055324,
    "Al": 0.68962636,
    "Fe": 0.13129085,
    "Mg": 0.1257431,
    "K": 0.08061489,
    "Na": 0.13819757,
    "S": 0.08201521,
    "O": 13.36057437,
    "H": 14.65422691,
    "C": 0.02579026
  },
  "execution_time": 1.4543533325195312e-05,
  "mix_id": "MIX_4456",
  "input_file": "/teamspace/studios/this_studio/inputs/generated/MIX_4456.inp"
}