{
  "converged": true,
  "method": "simplified_thermodynamic_model",
  "note": "Using simplified model until Cemdata18 integration complete",
  "temperature_K": 298.15,
  "pressure_bar": 1.01325,
  "CO2_fraction": 0.25,
  "pCO2_bar": 0.2533125,
  "phases": {
    "Calcite": {
      "moles": 0.008683261190624998,
      "mass_kg": 0.0008691076125696561
    },
    "C-S-H_1.0": {
      "moles": 0.36583481880937496,
      "mass_kg": 0.062191919197593745
    },
    "Silica_gel": {
      "moles": 0.976739981190625,
      "mass_kg": 0.05868253806993275
    },
    "Ettringite": {
      "moles": 0.010251901666666667,
      "mass_kg": 0.012866136591666666
    },
    "Hydrotalcite": {
      "moles": 0.026870514,
      "mass_kg": 0.011903637702000001
    }
  },
  "pH": 9.2334375,
  "pe": 4.0,
  "Eh": 0.24,
  "system_mass_kg": 0.14651333917376283,
  "input_composition": {
    "Ca": 0.37451808,
    "Si": 1.3425748,
    "Al": 0.54399463,
    "Fe": 0.08100285,
    "Mg": 0.08956838,
    "K": 0.06593911,
    "Na": 0.10286297,
    "S": 0.06151141,
    "O": 10.04495102,
    "H": 11.32372081,
    "C": 0.01371154
  },
  "execution_time": 1.0967254638671875e-05,
  "mix_id": "MIX_1738",
  "input_file": "/teamspace/studios/this_studio/inputs/generated/MIX_1738.inp"
}