{
  "converged": true,
  "method": "simplified_thermodynamic_model",
  "note": "Using simplified model until Cemdata18 integration complete",
  "temperature_K": 298.15,
  "pressure_bar": 1.01325,
  "CO2_fraction": 0.4,
  "pCO2_bar": 0.4053,
  "phases": {
    "Calcite": {
      "moles": 0.023906,
      "mass_kg": 0.00239275154
    },
    "C-S-H_1.0": {
      "moles": 0.40416306,
      "mass_kg": 0.0687077202
    },
    "Silica_gel": {
      "moles": 1.22590842,
      "mass_kg": 0.07365257787360001
    },
    "Ettringite": {
      "moles": 0.007688925,
      "mass_kg": 0.009649600874999999
    },
    "Hydrotalcite": {
      "moles": 0.026937506999999996,
      "mass_kg": 0.011933315600999998
    }
  },
  "pH": 8.5,
  "pe": 4.0,
  "Eh": 0.24,
  "system_mass_kg": 0.1663359660896,
  "input_composition": {
    "Ca": 0.42806906,
    "Si": 1.63007148,
    "Al": 0.62013529,
    "Fe": 0.12068769,
    "Mg": 0.08979169,
    "K": 0.07786318,
    "Na": 0.05557388,
    "S": 0.04613355,
    "O": 10.63750445,
    "H": 10.99067014,
    "C": 0.023906
  },
  "execution_time": 5.602836608886719e-05,
  "mix_id": "MIX_3344",
  "input_file": "/teamspace/studios/this_studio/inputs/generated/MIX_3344.inp"
}