{
  "converged": true,
  "method": "simplified_thermodynamic_model",
  "note": "Using simplified model until Cemdata18 integration complete",
  "temperature_K": 298.15,
  "pressure_bar": 1.01325,
  "CO2_fraction": 0.2,
  "pCO2_bar": 0.20265,
  "phases": {
    "Calcite": {
      "moles": 0.00813013054875,
      "mass_kg": 0.0008137447666243875
    },
    "C-S-H_1.0": {
      "moles": 0.38554004945125,
      "mass_kg": 0.0655418084067125
    },
    "Silica_gel": {
      "moles": 1.66464882054875,
      "mass_kg": 0.1000121011385689
    },
    "Hydrotalcite": {
      "moles": 0.020573436,
      "mass_kg": 0.009114032148
    }
  },
  "pH": 9.48675,
  "pe": 4.0,
  "Eh": 0.24,
  "system_mass_kg": 0.17548168645990578,
  "input_composition": {
    "Ca": 0.39367018,
    "Si": 2.05018887,
    "Al": 0.70026569,
    "Fe": 0.17782153,
    "Mg": 0.06857812,
    "K": 0.09529067,
    "Na": 0.0746113,
    "S": 0.0,
    "O": 15.32222018,
    "H": 18.65083414,
    "C": 0.01604763
  },
  "execution_time": 0.0002002716064453125,
  "mix_id": "MIX_4849",
  "input_file": "/teamspace/studios/this_studio/inputs/generated/MIX_4849.inp"
}