{
  "converged": true,
  "method": "simplified_thermodynamic_model",
  "note": "Using simplified model until Cemdata18 integration complete",
  "temperature_K": 298.15,
  "pressure_bar": 1.01325,
  "CO2_fraction": 0.3,
  "pCO2_bar": 0.303975,
  "phases": {
    "Calcite": {
      "moles": 0.011717651098125,
      "mass_kg": 0.0011728196984113312
    },
    "C-S-H_1.0": {
      "moles": 0.24553392890187498,
      "mass_kg": 0.04174076791331875
    },
    "Silica_gel": {
      "moles": 1.237613831098125,
      "mass_kg": 0.07435583897237535
    },
    "Ettringite": {
      "moles": 0.0034173,
      "mass_kg": 0.0042887114999999995
    },
    "Hydrotalcite": {
      "moles": 0.01829577,
      "mass_kg": 0.00810502611
    }
  },
  "pH": 8.980125000000001,
  "pe": 4.0,
  "Eh": 0.24,
  "system_mass_kg": 0.12966316419410542,
  "input_composition": {
    "Ca": 0.25725158,
    "Si": 1.48314776,
    "Al": 0.5493143,
    "Fe": 0.10426819,
    "Mg": 0.0609859,
    "K": 0.073277,
    "Na": 0.12100552,
    "S": 0.0205038,
    "O": 9.11710637,
    "H": 9.32541705,
    "C": 0.01541923
  },
  "execution_time": 1.3828277587890625e-05,
  "mix_id": "MIX_2205",
  "input_file": "/teamspace/studios/this_studio/inputs/generated/MIX_2205.inp"
}