{
  "converged": true,
  "method": "simplified_thermodynamic_model",
  "note": "Using simplified model until Cemdata18 integration complete",
  "temperature_K": 298.15,
  "pressure_bar": 1.01325,
  "CO2_fraction": 0.15,
  "pCO2_bar": 0.1519875,
  "phases": {
    "Calcite": {
      "moles": 0.002027292868125,
      "mass_kg": 0.00020291174317063122
    },
    "C-S-H_1.0": {
      "moles": 0.187014997131875,
      "mass_kg": 0.03179254951241875
    },
    "Silica_gel": {
      "moles": 0.955296382868125,
      "mass_kg": 0.057394206682716956
    },
    "Ettringite": {
      "moles": 0.00512595,
      "mass_kg": 0.006433067249999999
    },
    "Hydrotalcite": {
      "moles": 0.017156936999999997,
      "mass_kg": 0.007600523090999999
    }
  },
  "pH": 9.7400625,
  "pe": 4.0,
  "Eh": 0.24,
  "system_mass_kg": 0.10342325827930633,
  "input_composition": {
    "Ca": 0.18904229,
    "Si": 1.14231138,
    "Al": 0.4738386,
    "Fe": 0.06749152,
    "Mg": 0.05718979,
    "K": 0.06227016,
    "Na": 0.03307511,
    "S": 0.0307557,
    "O": 5.82481488,
    "H": 4.66270853,
    "C": 0.00533542
  },
  "execution_time": 8.58306884765625e-06,
  "mix_id": "MIX_0465",
  "input_file": "/teamspace/studios/this_studio/inputs/generated/MIX_0465.inp"
}