{
  "converged": true,
  "method": "simplified_thermodynamic_model",
  "note": "Using simplified model until Cemdata18 integration complete",
  "temperature_K": 298.15,
  "pressure_bar": 1.01325,
  "CO2_fraction": 0.15,
  "pCO2_bar": 0.1519875,
  "phases": {
    "Calcite": {
      "moles": 0.0033202809281249993,
      "mass_kg": 0.0003323269180960312
    },
    "C-S-H_1.0": {
      "moles": 0.42983103907187503,
      "mass_kg": 0.07307127664221875
    },
    "Silica_gel": {
      "moles": 0.836167900928125,
      "mass_kg": 0.05023696748776175
    },
    "Ettringite": {
      "moles": 0.013669201666666667,
      "mass_kg": 0.017154848091666664
    },
    "Hydrotalcite": {
      "moles": 0.031157888999999998,
      "mass_kg": 0.013802944826999999
    }
  },
  "pH": 9.7400625,
  "pe": 4.0,
  "Eh": 0.24,
  "system_mass_kg": 0.1545983639667432,
  "input_composition": {
    "Ca": 0.43315132,
    "Si": 1.26599894,
    "Al": 0.5413348,
    "Fe": 0.06937019,
    "Mg": 0.10385963,
    "K": 0.06227016,
    "Na": 0.08159744,
    "S": 0.08201521,
    "O": 10.98153456,
    "H": 13.32202445,
    "C": 0.0087383
  },
  "execution_time": 0.00022482872009277344,
  "mix_id": "MIX_1479",
  "input_file": "/teamspace/studios/this_studio/inputs/generated/MIX_1479.inp"
}