{
  "converged": true,
  "method": "simplified_thermodynamic_model",
  "note": "Using simplified model until Cemdata18 integration complete",
  "temperature_K": 298.15,
  "pressure_bar": 1.01325,
  "CO2_fraction": 0.3,
  "pCO2_bar": 0.303975,
  "phases": {
    "Calcite": {
      "moles": 0.012427341530624999,
      "mass_kg": 0.001243852613800256
    },
    "C-S-H_1.0": {
      "moles": 0.36209073846937495,
      "mass_kg": 0.06155542553979375
    },
    "Silica_gel": {
      "moles": 0.966810541530625,
      "mass_kg": 0.058085977335159945
    },
    "Ettringite": {
      "moles": 0.010251901666666667,
      "mass_kg": 0.012866136591666666
    },
    "Hydrotalcite": {
      "moles": 0.026870514,
      "mass_kg": 0.011903637702000001
    }
  },
  "pH": 8.980125000000001,
  "pe": 4.0,
  "Eh": 0.24,
  "system_mass_kg": 0.14565502978242062,
  "input_composition": {
    "Ca": 0.37451808,
    "Si": 1.32890128,
    "Al": 0.54399463,
    "Fe": 0.08100285,
    "Mg": 0.08956838,
    "K": 0.06593911,
    "Na": 0.07635189,
    "S": 0.06151141,
    "O": 10.00963155,
    "H": 11.32372072,
    "C": 0.01635311
  },
  "execution_time": 1.2874603271484375e-05,
  "mix_id": "MIX_1750",
  "input_file": "/teamspace/studios/this_studio/inputs/generated/MIX_1750.inp"
}