{
  "converged": true,
  "method": "simplified_thermodynamic_model",
  "note": "Using simplified model until Cemdata18 integration complete",
  "temperature_K": 298.15,
  "pressure_bar": 1.01325,
  "CO2_fraction": 0.25,
  "pCO2_bar": 0.2533125,
  "phases": {
    "Calcite": {
      "moles": 0.012187541985937498,
      "mass_kg": 0.0012198510773724842
    },
    "C-S-H_1.0": {
      "moles": 0.5038313880140625,
      "mass_kg": 0.08565133596239062
    },
    "Silica_gel": {
      "moles": 1.0547778219859376,
      "mass_kg": 0.06337105154491514
    },
    "Ettringite": {
      "moles": 0.012814876666666667,
      "mass_kg": 0.016082670216666668
    },
    "Hydrotalcite": {
      "moles": 0.033368564999999996,
      "mass_kg": 0.014782274294999998
    }
  },
  "pH": 9.2334375,
  "pe": 4.0,
  "Eh": 0.24,
  "system_mass_kg": 0.1811071830963449,
  "input_composition": {
    "Ca": 0.51601893,
    "Si": 1.55860921,
    "Al": 0.61614554,
    "Fe": 0.10323869,
    "Mg": 0.11122855,
    "K": 0.07235976,
    "Na": 0.10782519,
    "S": 0.07688926,
    "O": 15.17431096,
    "H": 19.98303666,
    "C": 0.01924507
  },
  "execution_time": 8.58306884765625e-06,
  "mix_id": "MIX_3079",
  "input_file": "/teamspace/studios/this_studio/inputs/generated/MIX_3079.inp"
}