{
  "converged": true,
  "method": "simplified_thermodynamic_model",
  "note": "Using simplified model until Cemdata18 integration complete",
  "temperature_K": 298.15,
  "pressure_bar": 1.01325,
  "CO2_fraction": 0.15,
  "pCO2_bar": 0.1519875,
  "phases": {
    "Calcite": {
      "moles": 0.0022669277596874997,
      "mass_kg": 0.00022689679946712185
    },
    "C-S-H_1.0": {
      "moles": 0.1281421122403125,
      "mass_kg": 0.021784159080853127
    },
    "Silica_gel": {
      "moles": 1.1011917877596875,
      "mass_kg": 0.06615960260860203
    },
    "Ettringite": {
      "moles": 0.00170865,
      "mass_kg": 0.0021443557499999997
    },
    "Hydrotalcite": {
      "moles": 0.012869562,
      "mass_kg": 0.0057012159659999995
    }
  },
  "pH": 9.7400625,
  "pe": 4.0,
  "Eh": 0.24,
  "system_mass_kg": 0.09601623020492228,
  "input_composition": {
    "Ca": 0.13040904,
    "Si": 1.2293339,
    "Al": 0.47649844,
    "Fe": 0.07912419,
    "Mg": 0.04289854,
    "K": 0.06593911,
    "Na": 0.07459528,
    "S": 0.0102519,
    "O": 6.90887053,
    "H": 6.66101226,
    "C": 0.00596609
  },
  "execution_time": 1.1682510375976562e-05,
  "mix_id": "MIX_0923",
  "input_file": "/teamspace/studios/this_studio/inputs/generated/MIX_0923.inp"
}