{
  "converged": true,
  "method": "simplified_thermodynamic_model",
  "note": "Using simplified model until Cemdata18 integration complete",
  "temperature_K": 298.15,
  "pressure_bar": 1.01325,
  "CO2_fraction": 0.4,
  "pCO2_bar": 0.4053,
  "phases": {
    "Calcite": {
      "moles": 0.02890052,
      "mass_kg": 0.0028926530468
    },
    "C-S-H_1.0": {
      "moles": 0.26724374,
      "mass_kg": 0.0454314358
    },
    "Silica_gel": {
      "moles": 1.56951509,
      "mass_kg": 0.0942964666072
    },
    "Hydrotalcite": {
      "moles": 0.017290917,
      "mass_kg": 0.007659876231
    }
  },
  "pH": 8.5,
  "pe": 4.0,
  "Eh": 0.24,
  "system_mass_kg": 0.150280431685,
  "input_composition": {
    "Ca": 0.29614426,
    "Si": 1.83675883,
    "Al": 0.62611991,
    "Fe": 0.1468612,
    "Mg": 0.05763639,
    "K": 0.08611831,
    "Na": 0.17010204,
    "S": 0.0,
    "O": 13.86547172,
    "H": 16.98558112,
    "C": 0.02890052
  },
  "execution_time": 8.344650268554688e-06,
  "mix_id": "MIX_3694",
  "input_file": "/teamspace/studios/this_studio/inputs/generated/MIX_3694.inp"
}