{
  "converged": true,
  "method": "simplified_thermodynamic_model",
  "note": "Using simplified model until Cemdata18 integration complete",
  "temperature_K": 298.15,
  "pressure_bar": 1.01325,
  "CO2_fraction": 0.15,
  "pCO2_bar": 0.1519875,
  "phases": {
    "Calcite": {
      "moles": 0.002173048880625,
      "mass_kg": 0.00021750046246175623
    },
    "C-S-H_1.0": {
      "moles": 0.172210931119375,
      "mass_kg": 0.029275858290293753
    },
    "Silica_gel": {
      "moles": 1.015739738880625,
      "mass_kg": 0.061025643511947954
    },
    "Ettringite": {
      "moles": 0.004271625,
      "mass_kg": 0.0053608893749999996
    },
    "Hydrotalcite": {
      "moles": 0.016085091,
      "mass_kg": 0.007125695313
    }
  },
  "pH": 9.7400625,
  "pe": 4.0,
  "Eh": 0.24,
  "system_mass_kg": 0.10300558695270347,
  "input_composition": {
    "Ca": 0.17438398,
    "Si": 1.18795067,
    "Al": 0.47450356,
    "Fe": 0.07039969,
    "Mg": 0.05361697,
    "K": 0.0631874,
    "Na": 0.0897623,
    "S": 0.02562975,
    "O": 6.41698952,
    "H": 5.66186043,
    "C": 0.00571902
  },
  "execution_time": 4.410743713378906e-05,
  "mix_id": "MIX_0590",
  "input_file": "/teamspace/studios/this_studio/inputs/generated/MIX_0590.inp"
}