{
  "converged": true,
  "method": "simplified_thermodynamic_model",
  "note": "Using simplified model until Cemdata18 integration complete",
  "temperature_K": 298.15,
  "pressure_bar": 1.01325,
  "CO2_fraction": 0.3,
  "pCO2_bar": 0.303975,
  "phases": {
    "Calcite": {
      "moles": 0.008585302713749998,
      "mass_kg": 0.0008593029486192372
    },
    "C-S-H_1.0": {
      "moles": 0.09250711728625001,
      "mass_kg": 0.015726209938662503
    },
    "Silica_gel": {
      "moles": 1.15836204271375,
      "mass_kg": 0.0695943915262421
    },
    "Hydrotalcite": {
      "moles": 0.010725876,
      "mass_kg": 0.004751563068
    }
  },
  "pH": 8.980125000000001,
  "pe": 4.0,
  "Eh": 0.24,
  "system_mass_kg": 0.09093146748152384,
  "input_composition": {
    "Ca": 0.10109242,
    "Si": 1.25086916,
    "Al": 0.47782835,
    "Fe": 0.08494053,
    "Mg": 0.03575292,
    "K": 0.06777358,
    "Na": 0.05274692,
    "S": 0.0,
    "O": 6.39652218,
    "H": 5.6618604,
    "C": 0.01129738
  },
  "execution_time": 1.0251998901367188e-05,
  "mix_id": "MIX_1190",
  "input_file": "/teamspace/studios/this_studio/inputs/generated/MIX_1190.inp"
}