{
  "converged": true,
  "method": "simplified_thermodynamic_model",
  "note": "Using simplified model until Cemdata18 integration complete",
  "temperature_K": 298.15,
  "pressure_bar": 1.01325,
  "CO2_fraction": 0.2,
  "pCO2_bar": 0.20265,
  "phases": {
    "Calcite": {
      "moles": 0.00822987487875,
      "mass_kg": 0.0008237281766140874
    },
    "C-S-H_1.0": {
      "moles": 0.6199732851212499,
      "mass_kg": 0.10539545847061249
    },
    "Silica_gel": {
      "moles": 1.2078697048787501,
      "mass_kg": 0.0725688118691153
    },
    "Ettringite": {
      "moles": 0.013669201666666667,
      "mass_kg": 0.017154848091666664
    },
    "Hydrotalcite": {
      "moles": 0.037722929999999995,
      "mass_kg": 0.01671125799
    }
  },
  "pH": 9.48675,
  "pe": 4.0,
  "Eh": 0.24,
  "system_mass_kg": 0.21265410459800854,
  "input_composition": {
    "Ca": 0.62820316,
    "Si": 1.82784299,
    "Al": 0.68962636,
    "Fe": 0.13129085,
    "Mg": 0.1257431,
    "K": 0.08061489,
    "Na": 0.15233141,
    "S": 0.08201521,
    "O": 15.36143298,
    "H": 18.65083423,
    "C": 0.01624451
  },
  "execution_time": 1.0013580322265625e-05,
  "mix_id": "MIX_4409",
  "input_file": "/teamspace/studios/this_studio/inputs/generated/MIX_4409.inp"
}