{
  "converged": true,
  "method": "simplified_thermodynamic_model",
  "note": "Using simplified model until Cemdata18 integration complete",
  "temperature_K": 298.15,
  "pressure_bar": 1.01325,
  "CO2_fraction": 0.15,
  "pCO2_bar": 0.1519875,
  "phases": {
    "Calcite": {
      "moles": 0.0019447864537499998,
      "mass_kg": 0.0001946536761558375
    },
    "C-S-H_1.0": {
      "moles": 0.18709750354625,
      "mass_kg": 0.0318065756028625
    },
    "Silica_gel": {
      "moles": 0.9711612564537501,
      "mass_kg": 0.05834736828774131
    },
    "Ettringite": {
      "moles": 0.00512595,
      "mass_kg": 0.006433067249999999
    },
    "Hydrotalcite": {
      "moles": 0.017156936999999997,
      "mass_kg": 0.007600523090999999
    }
  },
  "pH": 9.7400625,
  "pe": 4.0,
  "Eh": 0.24,
  "system_mass_kg": 0.10438218790775965,
  "input_composition": {
    "Ca": 0.18904229,
    "Si": 1.15825876,
    "Al": 0.4738386,
    "Fe": 0.06749152,
    "Mg": 0.05718979,
    "K": 0.06227016,
    "Na": 0.0639949,
    "S": 0.0307557,
    "O": 5.37215936,
    "H": 3.66355677,
    "C": 0.00511828
  },
  "execution_time": 1.0251998901367188e-05,
  "mix_id": "MIX_0472",
  "input_file": "/teamspace/studios/this_studio/inputs/generated/MIX_0472.inp"
}