{
  "converged": true,
  "method": "simplified_thermodynamic_model",
  "note": "Using simplified model until Cemdata18 integration complete",
  "temperature_K": 298.15,
  "pressure_bar": 1.01325,
  "CO2_fraction": 0.15,
  "pCO2_bar": 0.1519875,
  "phases": {
    "Calcite": {
      "moles": 0.0034696732415624995,
      "mass_kg": 0.0003472795947479906
    },
    "C-S-H_1.0": {
      "moles": 0.3806244567584375,
      "mass_kg": 0.06470615764893438
    },
    "Silica_gel": {
      "moles": 1.3439104632415626,
      "mass_kg": 0.08074214063155308
    },
    "Ettringite": {
      "moles": 0.00512595,
      "mass_kg": 0.006433067249999999
    },
    "Hydrotalcite": {
      "moles": 0.023721975,
      "mass_kg": 0.010508834925
    }
  },
  "pH": 9.7400625,
  "pe": 4.0,
  "Eh": 0.24,
  "system_mass_kg": 0.16273748005023544,
  "input_composition": {
    "Ca": 0.38409413,
    "Si": 1.72453492,
    "Al": 0.62213016,
    "Fe": 0.12941219,
    "Mg": 0.07907325,
    "K": 0.08061489,
    "Na": 0.14332212,
    "S": 0.0307557,
    "O": 10.75738436,
    "H": 10.99067012,
    "C": 0.00913147
  },
  "execution_time": 9.298324584960938e-06,
  "mix_id": "MIX_3388",
  "input_file": "/teamspace/studios/this_studio/inputs/generated/MIX_3388.inp"
}