{
  "converged": true,
  "method": "simplified_thermodynamic_model",
  "note": "Using simplified model until Cemdata18 integration complete",
  "temperature_K": 298.15,
  "pressure_bar": 1.01325,
  "CO2_fraction": 0.2,
  "pCO2_bar": 0.20265,
  "phases": {
    "Calcite": {
      "moles": 0.00362596072125,
      "mass_kg": 0.0003629224085899125
    },
    "C-S-H_1.0": {
      "moles": 0.24404956927875002,
      "mass_kg": 0.0414884267773875
    },
    "Silica_gel": {
      "moles": 0.8414473007212501,
      "mass_kg": 0.05055415382733271
    },
    "Ettringite": {
      "moles": 0.00854325,
      "mass_kg": 0.010721778749999999
    },
    "Hydrotalcite": {
      "moles": 0.021444308999999998,
      "mass_kg": 0.009499828887
    }
  },
  "pH": 9.48675,
  "pe": 4.0,
  "Eh": 0.24,
  "system_mass_kg": 0.11262711065031013,
  "input_composition": {
    "Ca": 0.24767553,
    "Si": 1.08549687,
    "Al": 0.47117877,
    "Fe": 0.05585885,
    "Mg": 0.07148103,
    "K": 0.05860121,
    "Na": 0.05012415,
    "S": 0.0512595,
    "O": 5.83451642,
    "H": 4.66270861,
    "C": 0.00715709
  },
  "execution_time": 9.059906005859375e-06,
  "mix_id": "MIX_0037",
  "input_file": "/teamspace/studios/this_studio/inputs/generated/MIX_0037.inp"
}