{
  "converged": true,
  "method": "simplified_thermodynamic_model",
  "note": "Using simplified model until Cemdata18 integration complete",
  "temperature_K": 298.15,
  "pressure_bar": 1.01325,
  "CO2_fraction": 0.15,
  "pCO2_bar": 0.1519875,
  "phases": {
    "Calcite": {
      "moles": 0.005488352218125,
      "mass_kg": 0.0005493291735121312
    },
    "C-S-H_1.0": {
      "moles": 0.974514287781875,
      "mass_kg": 0.16566742892291875
    },
    "Silica_gel": {
      "moles": 0.47426129221812496,
      "mass_kg": 0.02849361843646495
    },
    "Ettringite": {
      "moles": 0.034173003333333334,
      "mass_kg": 0.04288711918333333
    },
    "Hydrotalcite": {
      "moles": 0.063447168,
      "mass_kg": 0.028107095424
    }
  },
  "pH": 9.7400625,
  "pe": 4.0,
  "Eh": 0.24,
  "system_mass_kg": 0.26570459114022915,
  "input_composition": {
    "Ca": 0.98000264,
    "Si": 1.44877558,
    "Al": 0.67366736,
    "Fe": 0.06149484,
    "Mg": 0.21149056,
    "K": 0.05860121,
    "Na": 0.1805991,
    "S": 0.20503802,
    "O": 19.27741476,
    "H": 26.64404888,
    "C": 0.01444422
  },
  "execution_time": 1.0013580322265625e-05,
  "mix_id": "MIX_3723",
  "input_file": "/teamspace/studios/this_studio/inputs/generated/MIX_3723.inp"
}