{
  "converged": true,
  "method": "simplified_thermodynamic_model",
  "note": "Using simplified model until Cemdata18 integration complete",
  "temperature_K": 298.15,
  "pressure_bar": 1.01325,
  "CO2_fraction": 0.25,
  "pCO2_bar": 0.2533125,
  "phases": {
    "Calcite": {
      "moles": 0.005962013662499999,
      "mass_kg": 0.0005967379474796249
    },
    "C-S-H_1.0": {
      "moles": 0.1537636463375,
      "mass_kg": 0.026139819877375004
    },
    "Silica_gel": {
      "moles": 1.0314976936625,
      "mass_kg": 0.061972381435243
    },
    "Ettringite": {
      "moles": 0.0034173,
      "mass_kg": 0.0042887114999999995
    },
    "Hydrotalcite": {
      "moles": 0.015013247999999998,
      "mass_kg": 0.006650868863999999
    }
  },
  "pH": 9.2334375,
  "pe": 4.0,
  "Eh": 0.24,
  "system_mass_kg": 0.09964851962409763,
  "input_composition": {
    "Ca": 0.15972566,
    "Si": 1.18526134,
    "Al": 0.47516852,
    "Fe": 0.07330786,
    "Mg": 0.05004416,
    "K": 0.06410463,
    "Na": 0.05274692,
    "S": 0.0205038,
    "O": 6.37270342,
    "H": 5.6618604,
    "C": 0.00941448
  },
  "execution_time": 1.2874603271484375e-05,
  "mix_id": "MIX_0726",
  "input_file": "/teamspace/studios/this_studio/inputs/generated/MIX_0726.inp"
}