{
  "converged": true,
  "method": "simplified_thermodynamic_model",
  "note": "Using simplified model until Cemdata18 integration complete",
  "temperature_K": 298.15,
  "pressure_bar": 1.01325,
  "CO2_fraction": 0.35,
  "pCO2_bar": 0.3546375,
  "phases": {
    "Calcite": {
      "moles": 0.0147724516603125,
      "mass_kg": 0.0014785746866806781
    },
    "C-S-H_1.0": {
      "moles": 0.4476954983396875,
      "mass_kg": 0.07610823471774689
    },
    "Silica_gel": {
      "moles": 0.8012208316603124,
      "mass_kg": 0.048137347566151574
    },
    "Ettringite": {
      "moles": 0.015377851666666666,
      "mass_kg": 0.019299203841666664
    },
    "Hydrotalcite": {
      "moles": 0.033301575,
      "mass_kg": 0.014752597725
    }
  },
  "pH": 8.7268125,
  "pe": 4.0,
  "Eh": 0.24,
  "system_mass_kg": 0.1597759585372458,
  "input_composition": {
    "Ca": 0.46246795,
    "Si": 1.24891633,
    "Al": 0.54000488,
    "Fe": 0.06355385,
    "Mg": 0.11100525,
    "K": 0.06043569,
    "Na": 0.11207889,
    "S": 0.09226711,
    "O": 8.03658332,
    "H": 7.32711338,
    "C": 0.01666203
  },
  "execution_time": 9.5367431640625e-06,
  "mix_id": "MIX_1436",
  "input_file": "/teamspace/studios/this_studio/inputs/generated/MIX_1436.inp"
}