{
  "converged": true,
  "method": "simplified_thermodynamic_model",
  "note": "Using simplified model until Cemdata18 integration complete",
  "temperature_K": 298.15,
  "pressure_bar": 1.01325,
  "CO2_fraction": 0.15,
  "pCO2_bar": 0.1519875,
  "phases": {
    "Calcite": {
      "moles": 0.0037245638784374996,
      "mass_kg": 0.0003727915985928093
    },
    "C-S-H_1.0": {
      "moles": 0.4243444961215625,
      "mass_kg": 0.07213856434066562
    },
    "Silica_gel": {
      "moles": 1.2084048638784375,
      "mass_kg": 0.07260096422181653
    },
    "Ettringite": {
      "moles": 0.007688925,
      "mass_kg": 0.009649600874999999
    },
    "Hydrotalcite": {
      "moles": 0.026937506999999996,
      "mass_kg": 0.011933315600999998
    }
  },
  "pH": 9.7400625,
  "pe": 4.0,
  "Eh": 0.24,
  "system_mass_kg": 0.16669523663707494,
  "input_composition": {
    "Ca": 0.42806906,
    "Si": 1.63274936,
    "Al": 0.62013529,
    "Fe": 0.12068769,
    "Mg": 0.08979169,
    "K": 0.07786318,
    "Na": 0.06076591,
    "S": 0.04613355,
    "O": 12.11597651,
    "H": 13.9881256,
    "C": 0.00980229
  },
  "execution_time": 1.3589859008789062e-05,
  "mix_id": "MIX_3265",
  "input_file": "/teamspace/studios/this_studio/inputs/generated/MIX_3265.inp"
}