{
  "converged": true,
  "method": "simplified_thermodynamic_model",
  "note": "Using simplified model until Cemdata18 integration complete",
  "temperature_K": 298.15,
  "pressure_bar": 1.01325,
  "CO2_fraction": 0.4,
  "pCO2_bar": 0.4053,
  "phases": {
    "Calcite": {
      "moles": 0.03572542,
      "mass_kg": 0.0035757572878
    },
    "C-S-H_1.0": {
      "moles": 0.5338444999999999,
      "mass_kg": 0.090753565
    },
    "Silica_gel": {
      "moles": 1.38949005,
      "mass_kg": 0.083480562204
    },
    "Ettringite": {
      "moles": 0.010251901666666667,
      "mass_kg": 0.012866136591666666
    },
    "Hydrotalcite": {
      "moles": 0.033435555,
      "mass_kg": 0.014811950865
    }
  },
  "pH": 8.5,
  "pe": 4.0,
  "Eh": 0.24,
  "system_mass_kg": 0.20548797194846666,
  "input_composition": {
    "Ca": 0.56956992,
    "Si": 1.92333455,
    "Al": 0.69228619,
    "Fe": 0.14292352,
    "Mg": 0.11145185,
    "K": 0.08428383,
    "Na": 0.2102719,
    "S": 0.06151141,
    "O": 17.50748913,
    "H": 22.64744153,
    "C": 0.03572542
  },
  "execution_time": 7.867813110351562e-06,
  "mix_id": "MIX_4590",
  "input_file": "/teamspace/studios/this_studio/inputs/generated/MIX_4590.inp"
}