{
  "converged": true,
  "method": "simplified_thermodynamic_model",
  "note": "Using simplified model until Cemdata18 integration complete",
  "temperature_K": 298.15,
  "pressure_bar": 1.01325,
  "CO2_fraction": 0.15,
  "pCO2_bar": 0.1519875,
  "phases": {
    "Calcite": {
      "moles": 0.0021595485909374997,
      "mass_kg": 0.00021614921846693436
    },
    "C-S-H_1.0": {
      "moles": 0.1575661114090625,
      "mass_kg": 0.026786238939540626
    },
    "Silica_gel": {
      "moles": 1.0371414385909374,
      "mass_kg": 0.06231145763054352
    },
    "Ettringite": {
      "moles": 0.0034173,
      "mass_kg": 0.0042887114999999995
    },
    "Hydrotalcite": {
      "moles": 0.015013247999999998,
      "mass_kg": 0.006650868863999999
    }
  },
  "pH": 9.7400625,
  "pe": 4.0,
  "Eh": 0.24,
  "system_mass_kg": 0.10025342615255108,
  "input_composition": {
    "Ca": 0.15972566,
    "Si": 1.19470755,
    "Al": 0.47516852,
    "Fe": 0.07330786,
    "Mg": 0.05004416,
    "K": 0.06410463,
    "Na": 0.07106182,
    "S": 0.0205038,
    "O": 6.39329131,
    "H": 5.66186043,
    "C": 0.00568349
  },
  "execution_time": 1.049041748046875e-05,
  "mix_id": "MIX_0698",
  "input_file": "/teamspace/studios/this_studio/inputs/generated/MIX_0698.inp"
}