{
  "converged": true,
  "method": "simplified_thermodynamic_model",
  "note": "Using simplified model until Cemdata18 integration complete",
  "temperature_K": 298.15,
  "pressure_bar": 1.01325,
  "CO2_fraction": 0.25,
  "pCO2_bar": 0.2533125,
  "phases": {
    "Calcite": {
      "moles": 0.0091673477109375,
      "mass_kg": 0.0009175598323877342
    },
    "C-S-H_1.0": {
      "moles": 0.27740086228906247,
      "mass_kg": 0.04715814658914062
    },
    "Silica_gel": {
      "moles": 1.1383029277109376,
      "mass_kg": 0.06838923989687314
    },
    "Ettringite": {
      "moles": 0.00512595,
      "mass_kg": 0.006433067249999999
    },
    "Hydrotalcite": {
      "moles": 0.020439455999999998,
      "mass_kg": 0.009054679008
    }
  },
  "pH": 9.2334375,
  "pe": 4.0,
  "Eh": 0.24,
  "system_mass_kg": 0.1319526925764015,
  "input_composition": {
    "Ca": 0.28656821,
    "Si": 1.41570379,
    "Al": 0.54798438,
    "Fe": 0.09845186,
    "Mg": 0.06813152,
    "K": 0.07144252,
    "Na": 0.05384321,
    "S": 0.0307557,
    "O": 11.00063577,
    "H": 13.32202441,
    "C": 0.01447595
  },
  "execution_time": 1.0251998901367188e-05,
  "mix_id": "MIX_2067",
  "input_file": "/teamspace/studios/this_studio/inputs/generated/MIX_2067.inp"
}