{
  "converged": true,
  "method": "simplified_thermodynamic_model",
  "note": "Using simplified model until Cemdata18 integration complete",
  "temperature_K": 298.15,
  "pressure_bar": 1.01325,
  "CO2_fraction": 0.3,
  "pCO2_bar": 0.303975,
  "phases": {
    "Calcite": {
      "moles": 0.013362946183124998,
      "mass_kg": 0.0013374972834689811
    },
    "C-S-H_1.0": {
      "moles": 0.273205263816875,
      "mass_kg": 0.046444894848868754
    },
    "Silica_gel": {
      "moles": 1.171426146183125,
      "mass_kg": 0.07037928286268215
    },
    "Ettringite": {
      "moles": 0.00512595,
      "mass_kg": 0.006433067249999999
    },
    "Hydrotalcite": {
      "moles": 0.020439455999999998,
      "mass_kg": 0.009054679008
    }
  },
  "pH": 8.980125000000001,
  "pe": 4.0,
  "Eh": 0.24,
  "system_mass_kg": 0.13364942125301987,
  "input_composition": {
    "Ca": 0.28656821,
    "Si": 1.44463141,
    "Al": 0.54798438,
    "Fe": 0.09845186,
    "Mg": 0.06813152,
    "K": 0.07144252,
    "Na": 0.10992989,
    "S": 0.0307557,
    "O": 11.09275098,
    "H": 13.32202447,
    "C": 0.01758427
  },
  "execution_time": 1.049041748046875e-05,
  "mix_id": "MIX_2091",
  "input_file": "/teamspace/studios/this_studio/inputs/generated/MIX_2091.inp"
}