{
  "converged": true,
  "method": "simplified_thermodynamic_model",
  "note": "Using simplified model until Cemdata18 integration complete",
  "temperature_K": 298.15,
  "pressure_bar": 1.01325,
  "CO2_fraction": 0.25,
  "pCO2_bar": 0.2533125,
  "phases": {
    "Calcite": {
      "moles": 0.015060644024999998,
      "mass_kg": 0.0015074198604622497
    },
    "C-S-H_1.0": {
      "moles": 0.789042255975,
      "mass_kg": 0.13413718351575002
    },
    "Silica_gel": {
      "moles": 0.8090328540249999,
      "mass_kg": 0.048606693869822
    },
    "Ettringite": {
      "moles": 0.023921101666666666,
      "mass_kg": 0.030020982591666665
    },
    "Hydrotalcite": {
      "moles": 0.050585049,
      "mass_kg": 0.022409176707
    }
  },
  "pH": 9.2334375,
  "pe": 4.0,
  "Eh": 0.24,
  "system_mass_kg": 0.23668145654470094,
  "input_composition": {
    "Ca": 0.8041029,
    "Si": 1.59807511,
    "Al": 0.68164686,
    "Fe": 0.09639285,
    "Mg": 0.16861683,
    "K": 0.06960805,
    "Na": 0.0884567,
    "S": 0.14352661,
    "O": 19.21513,
    "H": 26.64404884,
    "C": 0.02378192
  },
  "execution_time": 1.3113021850585938e-05,
  "mix_id": "MIX_4083",
  "input_file": "/teamspace/studios/this_studio/inputs/generated/MIX_4083.inp"
}