{
  "converged": true,
  "method": "simplified_thermodynamic_model",
  "note": "Using simplified model until Cemdata18 integration complete",
  "temperature_K": 298.15,
  "pressure_bar": 1.01325,
  "CO2_fraction": 0.15,
  "pCO2_bar": 0.1519875,
  "phases": {
    "Calcite": {
      "moles": 0.0031455143015624997,
      "mass_kg": 0.00031483452644339056
    },
    "C-S-H_1.0": {
      "moles": 0.22478944569843748,
      "mass_kg": 0.038214205768734376
    },
    "Silica_gel": {
      "moles": 1.2957662843015627,
      "mass_kg": 0.07784963836083789
    },
    "Ettringite": {
      "moles": 0.00170865,
      "mass_kg": 0.0021443557499999997
    },
    "Hydrotalcite": {
      "moles": 0.016152083999999997,
      "mass_kg": 0.007155373211999999
    }
  },
  "pH": 9.7400625,
  "pe": 4.0,
  "Eh": 0.24,
  "system_mass_kg": 0.12567840761801566,
  "input_composition": {
    "Ca": 0.22793496,
    "Si": 1.52055573,
    "Al": 0.55064422,
    "Fe": 0.11008453,
    "Mg": 0.05384028,
    "K": 0.07511147,
    "Na": 0.12993217,
    "S": 0.0102519,
    "O": 10.12567442,
    "H": 11.32372077,
    "C": 0.00827835
  },
  "execution_time": 9.059906005859375e-06,
  "mix_id": "MIX_2270",
  "input_file": "/teamspace/studios/this_studio/inputs/generated/MIX_2270.inp"
}