{
  "converged": true,
  "method": "simplified_thermodynamic_model",
  "note": "Using simplified model until Cemdata18 integration complete",
  "temperature_K": 298.15,
  "pressure_bar": 1.01325,
  "CO2_fraction": 0.25,
  "pCO2_bar": 0.2533125,
  "phases": {
    "Calcite": {
      "moles": 0.006297019443749999,
      "mass_kg": 0.0006302686761249373
    },
    "C-S-H_1.0": {
      "moles": 0.09479540055625,
      "mass_kg": 0.0161152180945625
    },
    "Silica_gel": {
      "moles": 1.1673424094437501,
      "mass_kg": 0.0701339319593805
    },
    "Hydrotalcite": {
      "moles": 0.010725876,
      "mass_kg": 0.004751563068
    }
  },
  "pH": 9.2334375,
  "pe": 4.0,
  "Eh": 0.24,
  "system_mass_kg": 0.09163098179806795,
  "input_composition": {
    "Ca": 0.10109242,
    "Si": 1.26213781,
    "Al": 0.47782835,
    "Fe": 0.08494053,
    "Mg": 0.03575292,
    "K": 0.06777358,
    "Na": 0.07459528,
    "S": 0.0,
    "O": 6.92685181,
    "H": 6.66101226,
    "C": 0.00994348
  },
  "execution_time": 1.0013580322265625e-05,
  "mix_id": "MIX_1179",
  "input_file": "/teamspace/studios/this_studio/inputs/generated/MIX_1179.inp"
}