{
  "converged": true,
  "method": "simplified_thermodynamic_model",
  "note": "Using simplified model until Cemdata18 integration complete",
  "temperature_K": 298.15,
  "pressure_bar": 1.01325,
  "CO2_fraction": 0.35,
  "pCO2_bar": 0.3546375,
  "phases": {
    "Calcite": {
      "moles": 0.010523451113437499,
      "mass_kg": 0.0010532922219439592
    },
    "C-S-H_1.0": {
      "moles": 0.1785188388865625,
      "mass_kg": 0.03034820261071563
    },
    "Silica_gel": {
      "moles": 0.9712331111134375,
      "mass_kg": 0.058351685315695324
    },
    "Ettringite": {
      "moles": 0.00512595,
      "mass_kg": 0.006433067249999999
    },
    "Hydrotalcite": {
      "moles": 0.017156936999999997,
      "mass_kg": 0.007600523090999999
    }
  },
  "pH": 8.7268125,
  "pe": 4.0,
  "Eh": 0.24,
  "system_mass_kg": 0.1037867704893549,
  "input_composition": {
    "Ca": 0.18904229,
    "Si": 1.14975195,
    "Al": 0.4738386,
    "Fe": 0.06749152,
    "Mg": 0.05718979,
    "K": 0.06227016,
    "Na": 0.04750137,
    "S": 0.0307557,
    "O": 5.36040143,
    "H": 3.66355667,
    "C": 0.01186953
  },
  "execution_time": 1.0728836059570312e-05,
  "mix_id": "MIX_0532",
  "input_file": "/teamspace/studios/this_studio/inputs/generated/MIX_0532.inp"
}