{
  "converged": true,
  "method": "simplified_thermodynamic_model",
  "note": "Using simplified model until Cemdata18 integration complete",
  "temperature_K": 298.15,
  "pressure_bar": 1.01325,
  "CO2_fraction": 0.25,
  "pCO2_bar": 0.2533125,
  "phases": {
    "Calcite": {
      "moles": 0.013966264364062498,
      "mass_kg": 0.0013978834001990154
    },
    "C-S-H_1.0": {
      "moles": 0.9660363756359376,
      "mass_kg": 0.16422618385810941
    },
    "Silica_gel": {
      "moles": 0.4533213143640624,
      "mass_kg": 0.02723554456699287
    },
    "Ettringite": {
      "moles": 0.034173003333333334,
      "mass_kg": 0.04288711918333333
    },
    "Hydrotalcite": {
      "moles": 0.063447168,
      "mass_kg": 0.028107095424
    }
  },
  "pH": 9.2334375,
  "pe": 4.0,
  "Eh": 0.24,
  "system_mass_kg": 0.2638538264326346,
  "input_composition": {
    "Ca": 0.98000264,
    "Si": 1.41935769,
    "Al": 0.67366736,
    "Fe": 0.06149484,
    "Mg": 0.21149056,
    "K": 0.05860121,
    "Na": 0.12356184,
    "S": 0.20503802,
    "O": 17.20697586,
    "H": 22.64744153,
    "C": 0.02205381
  },
  "execution_time": 1.049041748046875e-05,
  "mix_id": "MIX_3750",
  "input_file": "/teamspace/studios/this_studio/inputs/generated/MIX_3750.inp"
}