{
  "converged": true,
  "method": "simplified_thermodynamic_model",
  "note": "Using simplified model until Cemdata18 integration complete",
  "temperature_K": 298.15,
  "pressure_bar": 1.01325,
  "CO2_fraction": 0.25,
  "pCO2_bar": 0.2533125,
  "phases": {
    "Calcite": {
      "moles": 0.008683261190624998,
      "mass_kg": 0.0008691076125696561
    },
    "C-S-H_1.0": {
      "moles": 0.453784688809375,
      "mass_kg": 0.07714339709759375
    },
    "Silica_gel": {
      "moles": 0.7903783711906249,
      "mass_kg": 0.047485932541132744
    },
    "Ettringite": {
      "moles": 0.015377851666666666,
      "mass_kg": 0.019299203841666664
    },
    "Hydrotalcite": {
      "moles": 0.033301575,
      "mass_kg": 0.014752597725
    }
  },
  "pH": 9.2334375,
  "pe": 4.0,
  "Eh": 0.24,
  "system_mass_kg": 0.15955023881796282,
  "input_composition": {
    "Ca": 0.46246795,
    "Si": 1.24416306,
    "Al": 0.54000488,
    "Fe": 0.06355385,
    "Mg": 0.11100525,
    "K": 0.06043569,
    "Na": 0.10286297,
    "S": 0.09226711,
    "O": 10.01487157,
    "H": 11.32372081,
    "C": 0.01371154
  },
  "execution_time": 1.0967254638671875e-05,
  "mix_id": "MIX_1402",
  "input_file": "/teamspace/studios/this_studio/inputs/generated/MIX_1402.inp"
}