{
  "converged": true,
  "method": "simplified_thermodynamic_model",
  "note": "Using simplified model until Cemdata18 integration complete",
  "temperature_K": 298.15,
  "pressure_bar": 1.01325,
  "CO2_fraction": 0.3,
  "pCO2_bar": 0.303975,
  "phases": {
    "Calcite": {
      "moles": 0.013281131311875,
      "mass_kg": 0.0013293084330055686
    },
    "C-S-H_1.0": {
      "moles": 0.185337208688125,
      "mass_kg": 0.031507325476981256
    },
    "Silica_gel": {
      "moles": 1.3430930113118749,
      "mass_kg": 0.08069302811961744
    },
    "Hydrotalcite": {
      "moles": 0.014008394999999998,
      "mass_kg": 0.006205718984999999
    }
  },
  "pH": 8.980125000000001,
  "pe": 4.0,
  "Eh": 0.24,
  "system_mass_kg": 0.11973538101460426,
  "input_composition": {
    "Ca": 0.19861834,
    "Si": 1.52843022,
    "Al": 0.55197413,
    "Fe": 0.11590086,
    "Mg": 0.04669465,
    "K": 0.07694594,
    "Na": 0.08159744,
    "S": 0.0,
    "O": 11.07922305,
    "H": 13.32202445,
    "C": 0.01747661
  },
  "execution_time": 1.3589859008789062e-05,
  "mix_id": "MIX_2423",
  "input_file": "/teamspace/studios/this_studio/inputs/generated/MIX_2423.inp"
}