{
  "converged": true,
  "method": "simplified_thermodynamic_model",
  "note": "Using simplified model until Cemdata18 integration complete",
  "temperature_K": 298.15,
  "pressure_bar": 1.01325,
  "CO2_fraction": 0.25,
  "pCO2_bar": 0.2533125,
  "phases": {
    "Calcite": {
      "moles": 0.009462013476562498,
      "mass_kg": 0.0009470529288691404
    },
    "C-S-H_1.0": {
      "moles": 0.5505318565234375,
      "mass_kg": 0.09359041560898439
    },
    "Silica_gel": {
      "moles": 0.9319220334765624,
      "mass_kg": 0.055989875771271874
    },
    "Ettringite": {
      "moles": 0.015377851666666666,
      "mass_kg": 0.019299203841666664
    },
    "Hydrotalcite": {
      "moles": 0.036584094,
      "mass_kg": 0.016206753642
    }
  },
  "pH": 9.2334375,
  "pe": 4.0,
  "Eh": 0.24,
  "system_mass_kg": 0.18603330179279207,
  "input_composition": {
    "Ca": 0.55999387,
    "Si": 1.48245389,
    "Al": 0.61415066,
    "Fe": 0.09451418,
    "Mg": 0.12194698,
    "K": 0.06960805,
    "Na": 0.05557388,
    "S": 0.09226711,
    "O": 10.57445576,
    "H": 10.99067014,
    "C": 0.01494125
  },
  "execution_time": 9.298324584960938e-06,
  "mix_id": "MIX_2960",
  "input_file": "/teamspace/studios/this_studio/inputs/generated/MIX_2960.inp"
}