{
  "converged": true,
  "method": "simplified_thermodynamic_model",
  "note": "Using simplified model until Cemdata18 integration complete",
  "temperature_K": 298.15,
  "pressure_bar": 1.01325,
  "CO2_fraction": 0.3,
  "pCO2_bar": 0.303975,
  "phases": {
    "Calcite": {
      "moles": 0.010719769567499999,
      "mass_kg": 0.0010729417360110748
    },
    "C-S-H_1.0": {
      "moles": 0.3051650604325,
      "mass_kg": 0.051878060273525005
    },
    "Silica_gel": {
      "moles": 1.0839330895675,
      "mass_kg": 0.0651227000212154
    },
    "Ettringite": {
      "moles": 0.0068346,
      "mass_kg": 0.008577422999999999
    },
    "Hydrotalcite": {
      "moles": 0.022583142,
      "mass_kg": 0.010004331906
    }
  },
  "pH": 8.980125000000001,
  "pe": 4.0,
  "Eh": 0.24,
  "system_mass_kg": 0.13665545693675146,
  "input_composition": {
    "Ca": 0.31588483,
    "Si": 1.38909815,
    "Al": 0.54665447,
    "Fe": 0.09263552,
    "Mg": 0.07527714,
    "K": 0.06960805,
    "Na": 0.06586079,
    "S": 0.0410076,
    "O": 8.01081946,
    "H": 7.32711348,
    "C": 0.01410612
  },
  "execution_time": 1.4066696166992188e-05,
  "mix_id": "MIX_1972",
  "input_file": "/teamspace/studios/this_studio/inputs/generated/MIX_1972.inp"
}