{
  "converged": true,
  "method": "simplified_thermodynamic_model",
  "note": "Using simplified model until Cemdata18 integration complete",
  "temperature_K": 298.15,
  "pressure_bar": 1.01325,
  "CO2_fraction": 0.15,
  "pCO2_bar": 0.1519875,
  "phases": {
    "Calcite": {
      "moles": 0.0020396038556249997,
      "mass_kg": 0.00020414394990950622
    },
    "C-S-H_1.0": {
      "moles": 0.12836943614437502,
      "mass_kg": 0.021822804144543753
    },
    "Silica_gel": {
      "moles": 1.088343073855625,
      "mass_kg": 0.06538765187724595
    },
    "Ettringite": {
      "moles": 0.00170865,
      "mass_kg": 0.0021443557499999997
    },
    "Hydrotalcite": {
      "moles": 0.012869562,
      "mass_kg": 0.0057012159659999995
    }
  },
  "pH": 9.7400625,
  "pe": 4.0,
  "Eh": 0.24,
  "system_mass_kg": 0.09526017168769921,
  "input_composition": {
    "Ca": 0.13040904,
    "Si": 1.21671251,
    "Al": 0.47649844,
    "Fe": 0.07912419,
    "Mg": 0.04289854,
    "K": 0.06593911,
    "Na": 0.05012415,
    "S": 0.0102519,
    "O": 5.87104382,
    "H": 4.66270861,
    "C": 0.00536782
  },
  "execution_time": 1.1205673217773438e-05,
  "mix_id": "MIX_0917",
  "input_file": "/teamspace/studios/this_studio/inputs/generated/MIX_0917.inp"
}