{
  "converged": true,
  "method": "simplified_thermodynamic_model",
  "note": "Using simplified model until Cemdata18 integration complete",
  "temperature_K": 298.15,
  "pressure_bar": 1.01325,
  "CO2_fraction": 0.4,
  "pCO2_bar": 0.4053,
  "phases": {
    "Calcite": {
      "moles": 0.02947458,
      "mass_kg": 0.0029501107122
    },
    "C-S-H_1.0": {
      "moles": 0.36419559999999995,
      "mass_kg": 0.061913251999999995
    },
    "Silica_gel": {
      "moles": 1.7187889200000002,
      "mass_kg": 0.10326483831360002
    },
    "Hydrotalcite": {
      "moles": 0.020573436,
      "mass_kg": 0.009114032148
    }
  },
  "pH": 8.5,
  "pe": 4.0,
  "Eh": 0.24,
  "system_mass_kg": 0.1772422331738,
  "input_composition": {
    "Ca": 0.39367018,
    "Si": 2.08298452,
    "Al": 0.70026569,
    "Fe": 0.17782153,
    "Mg": 0.06857812,
    "K": 0.09529067,
    "Na": 0.13819757,
    "S": 0.0,
    "O": 13.4481549,
    "H": 14.65422691,
    "C": 0.02947458
  },
  "execution_time": 1.239776611328125e-05,
  "mix_id": "MIX_4920",
  "input_file": "/teamspace/studios/this_studio/inputs/generated/MIX_4920.inp"
}