{
  "converged": true,
  "method": "simplified_thermodynamic_model",
  "note": "Using simplified model until Cemdata18 integration complete",
  "temperature_K": 298.15,
  "pressure_bar": 1.01325,
  "CO2_fraction": 0.15,
  "pCO2_bar": 0.1519875,
  "phases": {
    "Calcite": {
      "moles": 0.0026799423918749997,
      "mass_kg": 0.0002682354340027687
    },
    "C-S-H_1.0": {
      "moles": 0.225255017608125,
      "mass_kg": 0.038293352993381255
    },
    "Silica_gel": {
      "moles": 1.262254862391875,
      "mass_kg": 0.07583627213250385
    },
    "Ettringite": {
      "moles": 0.00170865,
      "mass_kg": 0.0021443557499999997
    },
    "Hydrotalcite": {
      "moles": 0.016152083999999997,
      "mass_kg": 0.007155373211999999
    }
  },
  "pH": 9.7400625,
  "pe": 4.0,
  "Eh": 0.24,
  "system_mass_kg": 0.12369758952188788,
  "input_composition": {
    "Ca": 0.22793496,
    "Si": 1.48750988,
    "Al": 0.55064422,
    "Fe": 0.11008453,
    "Mg": 0.05384028,
    "K": 0.07511147,
    "Na": 0.06586079,
    "S": 0.0102519,
    "O": 8.0267928,
    "H": 7.32711348,
    "C": 0.00705306
  },
  "execution_time": 1.2874603271484375e-05,
  "mix_id": "MIX_2260",
  "input_file": "/teamspace/studios/this_studio/inputs/generated/MIX_2260.inp"
}