{
  "converged": true,
  "method": "simplified_thermodynamic_model",
  "note": "Using simplified model until Cemdata18 integration complete",
  "temperature_K": 298.15,
  "pressure_bar": 1.01325,
  "CO2_fraction": 0.3,
  "pCO2_bar": 0.303975,
  "phases": {
    "Calcite": {
      "moles": 0.007684860369374999,
      "mass_kg": 0.0007691776743707437
    },
    "C-S-H_1.0": {
      "moles": 0.210674049630625,
      "mass_kg": 0.03581458843720625
    },
    "Silica_gel": {
      "moles": 0.897940800369375,
      "mass_kg": 0.05394828328619205
    },
    "Ettringite": {
      "moles": 0.0068346,
      "mass_kg": 0.008577422999999999
    },
    "Hydrotalcite": {
      "moles": 0.019300623,
      "mass_kg": 0.008550175989
    }
  },
  "pH": 8.980125000000001,
  "pe": 4.0,
  "Eh": 0.24,
  "system_mass_kg": 0.10765964838676904,
  "input_composition": {
    "Ca": 0.21835891,
    "Si": 1.10861485,
    "Al": 0.47250869,
    "Fe": 0.06167519,
    "Mg": 0.06433541,
    "K": 0.06043569,
    "Na": 0.03134444,
    "S": 0.0410076,
    "O": 5.32211603,
    "H": 3.6635567,
    "C": 0.01011249
  },
  "execution_time": 2.9802322387695312e-05,
  "mix_id": "MIX_0288",
  "input_file": "/teamspace/studios/this_studio/inputs/generated/MIX_0288.inp"
}