{
  "converged": true,
  "method": "simplified_thermodynamic_model",
  "note": "Using simplified model until Cemdata18 integration complete",
  "temperature_K": 298.15,
  "pressure_bar": 1.01325,
  "CO2_fraction": 0.15,
  "pCO2_bar": 0.1519875,
  "phases": {
    "Calcite": {
      "moles": 0.005488352218125,
      "mass_kg": 0.0005493291735121312
    },
    "C-S-H_1.0": {
      "moles": 0.857247797781875,
      "mass_kg": 0.14573212562291876
    },
    "Silica_gel": {
      "moles": 0.7227434322181251,
      "mass_kg": 0.04342242540766496
    },
    "Ettringite": {
      "moles": 0.027338403333333334,
      "mass_kg": 0.03430969618333333
    },
    "Hydrotalcite": {
      "moles": 0.054872421,
      "mass_kg": 0.024308482503
    }
  },
  "pH": 9.7400625,
  "pe": 4.0,
  "Eh": 0.24,
  "system_mass_kg": 0.2483220588904292,
  "input_composition": {
    "Ca": 0.86273615,
    "Si": 1.57999123,
    "Al": 0.67898703,
    "Fe": 0.08476018,
    "Mg": 0.18290807,
    "K": 0.06593911,
    "Na": 0.1805991,
    "S": 0.16403042,
    "O": 19.3175207,
    "H": 26.64404888,
    "C": 0.01444422
  },
  "execution_time": 1.1682510375976562e-05,
  "mix_id": "MIX_3947",
  "input_file": "/teamspace/studios/this_studio/inputs/generated/MIX_3947.inp"
}