{
  "converged": true,
  "method": "simplified_thermodynamic_model",
  "note": "Using simplified model until Cemdata18 integration complete",
  "temperature_K": 298.15,
  "pressure_bar": 1.01325,
  "CO2_fraction": 0.35,
  "pCO2_bar": 0.3546375,
  "phases": {
    "Calcite": {
      "moles": 0.011104498059375,
      "mass_kg": 0.0011114492107628438
    },
    "C-S-H_1.0": {
      "moles": 0.13396285194062502,
      "mass_kg": 0.022773684829906254
    },
    "Silica_gel": {
      "moles": 1.0663477080593748,
      "mass_kg": 0.06406617030020724
    },
    "Ettringite": {
      "moles": 0.002562975,
      "mass_kg": 0.0032165336249999994
    },
    "Hydrotalcite": {
      "moles": 0.013941405,
      "mass_kg": 0.006176042415
    }
  },
  "pH": 8.7268125,
  "pe": 4.0,
  "Eh": 0.24,
  "system_mass_kg": 0.09734388038087634,
  "input_composition": {
    "Ca": 0.14506735,
    "Si": 1.20031056,
    "Al": 0.47583348,
    "Fe": 0.07621603,
    "Mg": 0.04647135,
    "K": 0.06502187,
    "Na": 0.05012415,
    "S": 0.01537785,
    "O": 5.88034475,
    "H": 4.66270861,
    "C": 0.0125249
  },
  "execution_time": 7.867813110351562e-06,
  "mix_id": "MIX_0869",
  "input_file": "/teamspace/studios/this_studio/inputs/generated/MIX_0869.inp"
}