{
  "converged": true,
  "method": "simplified_thermodynamic_model",
  "note": "Using simplified model until Cemdata18 integration complete",
  "temperature_K": 298.15,
  "pressure_bar": 1.01325,
  "CO2_fraction": 0.4,
  "pCO2_bar": 0.4053,
  "phases": {
    "Calcite": {
      "moles": 0.01869466,
      "mass_kg": 0.0018711485193999998
    },
    "C-S-H_1.0": {
      "moles": 0.29719017000000003,
      "mass_kg": 0.05052232890000001
    },
    "Silica_gel": {
      "moles": 1.08035397,
      "mass_kg": 0.06490766651760001
    },
    "Ettringite": {
      "moles": 0.0068346,
      "mass_kg": 0.008577422999999999
    },
    "Hydrotalcite": {
      "moles": 0.022583142,
      "mass_kg": 0.010004331906
    }
  },
  "pH": 8.5,
  "pe": 4.0,
  "Eh": 0.24,
  "system_mass_kg": 0.135882898843,
  "input_composition": {
    "Ca": 0.31588483,
    "Si": 1.37754414,
    "Al": 0.54665447,
    "Fe": 0.09263552,
    "Mg": 0.07527714,
    "K": 0.06960805,
    "Na": 0.04345916,
    "S": 0.0410076,
    "O": 7.98568769,
    "H": 7.32711342,
    "C": 0.01869466
  },
  "execution_time": 1.5974044799804688e-05,
  "mix_id": "MIX_2000",
  "input_file": "/teamspace/studios/this_studio/inputs/generated/MIX_2000.inp"
}