{
  "converged": true,
  "method": "simplified_thermodynamic_model",
  "note": "Using simplified model until Cemdata18 integration complete",
  "temperature_K": 298.15,
  "pressure_bar": 1.01325,
  "CO2_fraction": 0.35,
  "pCO2_bar": 0.3546375,
  "phases": {
    "Calcite": {
      "moles": 0.015657830776875,
      "mass_kg": 0.0015671922824574186
    },
    "C-S-H_1.0": {
      "moles": 0.417493489223125,
      "mass_kg": 0.07097389316793126
    },
    "Silica_gel": {
      "moles": 0.8306202607768749,
      "mass_kg": 0.049903665267474646
    },
    "Ettringite": {
      "moles": 0.013669201666666667,
      "mass_kg": 0.017154848091666664
    },
    "Hydrotalcite": {
      "moles": 0.031157888999999998,
      "mass_kg": 0.013802944826999999
    }
  },
  "pH": 8.7268125,
  "pe": 4.0,
  "Eh": 0.24,
  "system_mass_kg": 0.15340254363653,
  "input_composition": {
    "Ca": 0.43315132,
    "Si": 1.24811375,
    "Al": 0.5413348,
    "Fe": 0.06937019,
    "Mg": 0.10385963,
    "K": 0.06227016,
    "Na": 0.04692051,
    "S": 0.08201521,
    "O": 8.94796677,
    "H": 9.32541712,
    "C": 0.01766066
  },
  "execution_time": 9.059906005859375e-06,
  "mix_id": "MIX_1537",
  "input_file": "/teamspace/studios/this_studio/inputs/generated/MIX_1537.inp"
}