{
  "converged": true,
  "method": "simplified_thermodynamic_model",
  "note": "Using simplified model until Cemdata18 integration complete",
  "temperature_K": 298.15,
  "pressure_bar": 1.01325,
  "CO2_fraction": 0.35,
  "pCO2_bar": 0.3546375,
  "phases": {
    "Calcite": {
      "moles": 0.011831035039687498,
      "mass_kg": 0.0011841682971223217
    },
    "C-S-H_1.0": {
      "moles": 0.19186956496031252,
      "mass_kg": 0.03261782604325313
    },
    "Silica_gel": {
      "moles": 0.9632771950396876,
      "mass_kg": 0.05787369387798443
    },
    "Ettringite": {
      "moles": 0.005980275,
      "mass_kg": 0.007505245125
    },
    "Hydrotalcite": {
      "moles": 0.01822878,
      "mass_kg": 0.00807534954
    }
  },
  "pH": 8.7268125,
  "pe": 4.0,
  "Eh": 0.24,
  "system_mass_kg": 0.1072562828833599,
  "input_composition": {
    "Ca": 0.2037006,
    "Si": 1.15514676,
    "Al": 0.47317365,
    "Fe": 0.06458336,
    "Mg": 0.0607626,
    "K": 0.06135292,
    "Na": 0.0897623,
    "S": 0.03588165,
    "O": 6.42221374,
    "H": 5.66186043,
    "C": 0.01334437
  },
  "execution_time": 2.765655517578125e-05,
  "mix_id": "MIX_0430",
  "input_file": "/teamspace/studios/this_studio/inputs/generated/MIX_0430.inp"
}