{
  "converged": true,
  "method": "simplified_thermodynamic_model",
  "note": "Using simplified model until Cemdata18 integration complete",
  "temperature_K": 298.15,
  "pressure_bar": 1.01325,
  "CO2_fraction": 0.25,
  "pCO2_bar": 0.2533125,
  "phases": {
    "Calcite": {
      "moles": 0.007399359449999999,
      "mass_kg": 0.0007406018873505
    },
    "C-S-H_1.0": {
      "moles": 0.36711872055,
      "mass_kg": 0.062410182493500006
    },
    "Silica_gel": {
      "moles": 0.9448175994500001,
      "mass_kg": 0.05676464137495601
    },
    "Ettringite": {
      "moles": 0.010251901666666667,
      "mass_kg": 0.012866136591666666
    },
    "Hydrotalcite": {
      "moles": 0.026870514,
      "mass_kg": 0.011903637702000001
    }
  },
  "pH": 9.2334375,
  "pe": 4.0,
  "Eh": 0.24,
  "system_mass_kg": 0.1446852000494732,
  "input_composition": {
    "Ca": 0.37451808,
    "Si": 1.31193632,
    "Al": 0.54399463,
    "Fe": 0.08100285,
    "Mg": 0.08956838,
    "K": 0.06593911,
    "Na": 0.04345916,
    "S": 0.06151141,
    "O": 7.95161372,
    "H": 7.32711342,
    "C": 0.01168416
  },
  "execution_time": 1.2636184692382812e-05,
  "mix_id": "MIX_1728",
  "input_file": "/teamspace/studios/this_studio/inputs/generated/MIX_1728.inp"
}