{
  "converged": true,
  "method": "simplified_thermodynamic_model",
  "note": "Using simplified model until Cemdata18 integration complete",
  "temperature_K": 298.15,
  "pressure_bar": 1.01325,
  "CO2_fraction": 0.25,
  "pCO2_bar": 0.2533125,
  "phases": {
    "Calcite": {
      "moles": 0.009578100262499998,
      "mass_kg": 0.0009586720552736248
    },
    "C-S-H_1.0": {
      "moles": 0.5504157697375001,
      "mass_kg": 0.09357068085537501
    },
    "Silica_gel": {
      "moles": 0.9618955502625,
      "mass_kg": 0.057790684659771
    },
    "Ettringite": {
      "moles": 0.015377851666666666,
      "mass_kg": 0.019299203841666664
    },
    "Hydrotalcite": {
      "moles": 0.036584094,
      "mass_kg": 0.016206753642
    }
  },
  "pH": 9.2334375,
  "pe": 4.0,
  "Eh": 0.24,
  "system_mass_kg": 0.1878259950540863,
  "input_composition": {
    "Ca": 0.55999387,
    "Si": 1.51231132,
    "Al": 0.61415066,
    "Fe": 0.09451418,
    "Mg": 0.12194698,
    "K": 0.06960805,
    "Na": 0.11346335,
    "S": 0.09226711,
    "O": 10.663482,
    "H": 10.99067019,
    "C": 0.01512456
  },
  "execution_time": 1.0013580322265625e-05,
  "mix_id": "MIX_2968",
  "input_file": "/teamspace/studios/this_studio/inputs/generated/MIX_2968.inp"
}