{
  "converged": true,
  "method": "simplified_thermodynamic_model",
  "note": "Using simplified model until Cemdata18 integration complete",
  "temperature_K": 298.15,
  "pressure_bar": 1.01325,
  "CO2_fraction": 0.2,
  "pCO2_bar": 0.20265,
  "phases": {
    "Calcite": {
      "moles": 0.00616830629625,
      "mass_kg": 0.0006173857771916625
    },
    "C-S-H_1.0": {
      "moles": 0.6417754237037501,
      "mass_kg": 0.10910182202963752
    },
    "Silica_gel": {
      "moles": 0.78752430629625,
      "mass_kg": 0.047314460322278706
    },
    "Ettringite": {
      "moles": 0.020503801666666665,
      "mass_kg": 0.02573227109166666
    },
    "Hydrotalcite": {
      "moles": 0.043015155,
      "mass_kg": 0.019055713665
    }
  },
  "pH": 9.48675,
  "pe": 4.0,
  "Eh": 0.24,
  "system_mass_kg": 0.20182165288577456,
  "input_composition": {
    "Ca": 0.64794373,
    "Si": 1.42929973,
    "Al": 0.61016091,
    "Fe": 0.07706518,
    "Mg": 0.14338385,
    "K": 0.06410463,
    "Na": 0.14332212,
    "S": 0.12302281,
    "O": 10.67323363,
    "H": 10.99067012,
    "C": 0.01217529
  },
  "execution_time": 1.4543533325195312e-05,
  "mix_id": "MIX_2732",
  "input_file": "/teamspace/studios/this_studio/inputs/generated/MIX_2732.inp"
}