{
  "converged": true,
  "method": "simplified_thermodynamic_model",
  "note": "Using simplified model until Cemdata18 integration complete",
  "temperature_K": 298.15,
  "pressure_bar": 1.01325,
  "CO2_fraction": 0.3,
  "pCO2_bar": 0.303975,
  "phases": {
    "Calcite": {
      "moles": 0.008638186764375,
      "mass_kg": 0.0008645961132462938
    },
    "C-S-H_1.0": {
      "moles": 0.239037343235625,
      "mass_kg": 0.04063634835005625
    },
    "Silica_gel": {
      "moles": 0.8572584767643749,
      "mass_kg": 0.05150408928400365
    },
    "Ettringite": {
      "moles": 0.00854325,
      "mass_kg": 0.010721778749999999
    },
    "Hydrotalcite": {
      "moles": 0.021444308999999998,
      "mass_kg": 0.009499828887
    }
  },
  "pH": 8.980125000000001,
  "pe": 4.0,
  "Eh": 0.24,
  "system_mass_kg": 0.11322664138430619,
  "input_composition": {
    "Ca": 0.24767553,
    "Si": 1.09629582,
    "Al": 0.47117877,
    "Fe": 0.05585885,
    "Mg": 0.07148103,
    "K": 0.05860121,
    "Na": 0.07106182,
    "S": 0.0512595,
    "O": 6.37457883,
    "H": 5.66186043,
    "C": 0.01136697
  },
  "execution_time": 1.1205673217773438e-05,
  "mix_id": "MIX_0074",
  "input_file": "/teamspace/studios/this_studio/inputs/generated/MIX_0074.inp"
}