{
  "converged": true,
  "method": "simplified_thermodynamic_model",
  "note": "Using simplified model until Cemdata18 integration complete",
  "temperature_K": 298.15,
  "pressure_bar": 1.01325,
  "CO2_fraction": 0.15,
  "pCO2_bar": 0.1519875,
  "phases": {
    "Calcite": {
      "moles": 0.002239452219375,
      "mass_kg": 0.00022414677263724373
    },
    "C-S-H_1.0": {
      "moles": 0.186802837780625,
      "mass_kg": 0.031756482422706254
    },
    "Silica_gel": {
      "moles": 0.9572937922193749,
      "mass_kg": 0.057514211036540044
    },
    "Ettringite": {
      "moles": 0.00512595,
      "mass_kg": 0.006433067249999999
    },
    "Hydrotalcite": {
      "moles": 0.017156936999999997,
      "mass_kg": 0.007600523090999999
    }
  },
  "pH": 9.7400625,
  "pe": 4.0,
  "Eh": 0.24,
  "system_mass_kg": 0.10352843057288354,
  "input_composition": {
    "Ca": 0.18904229,
    "Si": 1.14409663,
    "Al": 0.4738386,
    "Fe": 0.06749152,
    "Mg": 0.05718979,
    "K": 0.06227016,
    "Na": 0.03653646,
    "S": 0.0307557,
    "O": 6.83038462,
    "H": 6.66101223,
    "C": 0.00589378
  },
  "execution_time": 6.9141387939453125e-06,
  "mix_id": "MIX_0467",
  "input_file": "/teamspace/studios/this_studio/inputs/generated/MIX_0467.inp"
}