{
  "converged": true,
  "method": "simplified_thermodynamic_model",
  "note": "Using simplified model until Cemdata18 integration complete",
  "temperature_K": 298.15,
  "pressure_bar": 1.01325,
  "CO2_fraction": 0.3,
  "pCO2_bar": 0.303975,
  "phases": {
    "Calcite": {
      "moles": 0.008109179071875,
      "mass_kg": 0.0008116477333039687
    },
    "C-S-H_1.0": {
      "moles": 0.107641550928125,
      "mass_kg": 0.01829906365778125
    },
    "Silica_gel": {
      "moles": 1.116679599071875,
      "mass_kg": 0.06709011031223824
    },
    "Ettringite": {
      "moles": 0.000854325,
      "mass_kg": 0.0010721778749999999
    },
    "Hydrotalcite": {
      "moles": 0.011797719,
      "mass_kg": 0.005226389517
    }
  },
  "pH": 8.980125000000001,
  "pe": 4.0,
  "Eh": 0.24,
  "system_mass_kg": 0.09249938909532346,
  "input_composition": {
    "Ca": 0.11575073,
    "Si": 1.22432115,
    "Al": 0.47716339,
    "Fe": 0.08203236,
    "Mg": 0.03932573,
    "K": 0.06685634,
    "Na": 0.03307511,
    "S": 0.00512595,
    "O": 5.86055194,
    "H": 4.66270853,
    "C": 0.01067085
  },
  "execution_time": 1.1444091796875e-05,
  "mix_id": "MIX_1073",
  "input_file": "/teamspace/studios/this_studio/inputs/generated/MIX_1073.inp"
}