{
  "converged": true,
  "method": "simplified_thermodynamic_model",
  "note": "Using simplified model until Cemdata18 integration complete",
  "temperature_K": 298.15,
  "pressure_bar": 1.01325,
  "CO2_fraction": 0.35,
  "pCO2_bar": 0.3546375,
  "phases": {
    "Calcite": {
      "moles": 0.012192579104999999,
      "mass_kg": 0.00122035524261945
    },
    "C-S-H_1.0": {
      "moles": 0.118216460895,
      "mass_kg": 0.020096798352150003
    },
    "Silica_gel": {
      "moles": 1.091487989105,
      "mass_kg": 0.0655765983854284
    },
    "Ettringite": {
      "moles": 0.00170865,
      "mass_kg": 0.0021443557499999997
    },
    "Hydrotalcite": {
      "moles": 0.012869562,
      "mass_kg": 0.0057012159659999995
    }
  },
  "pH": 8.7268125,
  "pe": 4.0,
  "Eh": 0.24,
  "system_mass_kg": 0.09473932369619785,
  "input_composition": {
    "Ca": 0.13040904,
    "Si": 1.20970445,
    "Al": 0.47649844,
    "Fe": 0.07912419,
    "Mg": 0.04289854,
    "K": 0.06593911,
    "Na": 0.03653646,
    "S": 0.0102519,
    "O": 6.86615434,
    "H": 6.66101223,
    "C": 0.01375216
  },
  "execution_time": 2.47955322265625e-05,
  "mix_id": "MIX_0979",
  "input_file": "/teamspace/studios/this_studio/inputs/generated/MIX_0979.inp"
}