{
  "converged": true,
  "method": "simplified_thermodynamic_model",
  "note": "Using simplified model until Cemdata18 integration complete",
  "temperature_K": 298.15,
  "pressure_bar": 1.01325,
  "CO2_fraction": 0.2,
  "pCO2_bar": 0.20265,
  "phases": {
    "Calcite": {
      "moles": 0.00559203049125,
      "mass_kg": 0.0005597063318692125
    },
    "C-S-H_1.0": {
      "moles": 0.39824266950875,
      "mass_kg": 0.0677012538164875
    },
    "Silica_gel": {
      "moles": 0.9254895904912501,
      "mass_kg": 0.05560341459671431
    },
    "Ettringite": {
      "moles": 0.011960551666666666,
      "mass_kg": 0.015010492341666664
    },
    "Hydrotalcite": {
      "moles": 0.029014203,
      "mass_kg": 0.012853291929
    }
  },
  "pH": 9.48675,
  "pe": 4.0,
  "Eh": 0.24,
  "system_mass_kg": 0.1517281590157377,
  "input_composition": {
    "Ca": 0.4038347,
    "Si": 1.32373226,
    "Al": 0.54266472,
    "Fe": 0.07518652,
    "Mg": 0.09671401,
    "K": 0.06410463,
    "Na": 0.12993217,
    "S": 0.07176331,
    "O": 10.07103441,
    "H": 11.32372077,
    "C": 0.01103781
  },
  "execution_time": 1.3828277587890625e-05,
  "mix_id": "MIX_1614",
  "input_file": "/teamspace/studios/this_studio/inputs/generated/MIX_1614.inp"
}