{
  "converged": true,
  "method": "simplified_thermodynamic_model",
  "note": "Using simplified model until Cemdata18 integration complete",
  "temperature_K": 298.15,
  "pressure_bar": 1.01325,
  "CO2_fraction": 0.15,
  "pCO2_bar": 0.1519875,
  "phases": {
    "Calcite": {
      "moles": 0.0031455143015624997,
      "mass_kg": 0.00031483452644339056
    },
    "C-S-H_1.0": {
      "moles": 0.3127393156984375,
      "mass_kg": 0.05316568366873438
    },
    "Silica_gel": {
      "moles": 1.1094046743015624,
      "mass_kg": 0.06665303283203787
    },
    "Ettringite": {
      "moles": 0.0068346,
      "mass_kg": 0.008577422999999999
    },
    "Hydrotalcite": {
      "moles": 0.022583142,
      "mass_kg": 0.010004331906
    }
  },
  "pH": 9.7400625,
  "pe": 4.0,
  "Eh": 0.24,
  "system_mass_kg": 0.13871530593321563,
  "input_composition": {
    "Ca": 0.31588483,
    "Si": 1.42214399,
    "Al": 0.54665447,
    "Fe": 0.09263552,
    "Mg": 0.07527714,
    "K": 0.06960805,
    "Na": 0.12993217,
    "S": 0.0410076,
    "O": 10.09559496,
    "H": 11.32372077,
    "C": 0.00827835
  },
  "execution_time": 1.5735626220703125e-05,
  "mix_id": "MIX_1934",
  "input_file": "/teamspace/studios/this_studio/inputs/generated/MIX_1934.inp"
}