{
  "converged": true,
  "method": "simplified_thermodynamic_model",
  "note": "Using simplified model until Cemdata18 integration complete",
  "temperature_K": 298.15,
  "pressure_bar": 1.01325,
  "CO2_fraction": 0.3,
  "pCO2_bar": 0.303975,
  "phases": {
    "Calcite": {
      "moles": 0.015175313527499998,
      "mass_kg": 0.0015188971309674747
    },
    "C-S-H_1.0": {
      "moles": 0.2809689464725,
      "mass_kg": 0.047764720900325
    },
    "Silica_gel": {
      "moles": 1.5488837935275,
      "mass_kg": 0.0930569383151322
    },
    "Hydrotalcite": {
      "moles": 0.017290917,
      "mass_kg": 0.007659876231
    }
  },
  "pH": 8.980125000000001,
  "pe": 4.0,
  "Eh": 0.24,
  "system_mass_kg": 0.15000043257742468,
  "input_composition": {
    "Ca": 0.29614426,
    "Si": 1.82985274,
    "Al": 0.62611991,
    "Fe": 0.1468612,
    "Mg": 0.05763639,
    "K": 0.08611831,
    "Na": 0.15671208,
    "S": 0.0,
    "O": 12.32837411,
    "H": 13.98812562,
    "C": 0.01996916
  },
  "execution_time": 8.344650268554688e-06,
  "mix_id": "MIX_3661",
  "input_file": "/teamspace/studios/this_studio/inputs/generated/MIX_3661.inp"
}