{
  "converged": true,
  "method": "simplified_thermodynamic_model",
  "note": "Using simplified model until Cemdata18 integration complete",
  "temperature_K": 298.15,
  "pressure_bar": 1.01325,
  "CO2_fraction": 0.3,
  "pCO2_bar": 0.303975,
  "phases": {
    "Calcite": {
      "moles": 0.0089578088775,
      "mass_kg": 0.0008965870905489749
    },
    "C-S-H_1.0": {
      "moles": 0.1654261711225,
      "mass_kg": 0.028122449090825
    },
    "Silica_gel": {
      "moles": 0.9950724088775,
      "mass_kg": 0.059783950325360206
    },
    "Ettringite": {
      "moles": 0.004271625,
      "mass_kg": 0.0053608893749999996
    },
    "Hydrotalcite": {
      "moles": 0.016085091,
      "mass_kg": 0.007125695313
    }
  },
  "pH": 8.980125000000001,
  "pe": 4.0,
  "Eh": 0.24,
  "system_mass_kg": 0.10128957119473418,
  "input_composition": {
    "Ca": 0.17438398,
    "Si": 1.16049858,
    "Al": 0.47450356,
    "Fe": 0.07039969,
    "Mg": 0.05361697,
    "K": 0.0631874,
    "Na": 0.03653646,
    "S": 0.02562975,
    "O": 6.84718542,
    "H": 6.66101223,
    "C": 0.01178756
  },
  "execution_time": 9.775161743164062e-06,
  "mix_id": "MIX_0627",
  "input_file": "/teamspace/studios/this_studio/inputs/generated/MIX_0627.inp"
}