{
  "converged": true,
  "method": "simplified_thermodynamic_model",
  "note": "Using simplified model until Cemdata18 integration complete",
  "temperature_K": 298.15,
  "pressure_bar": 1.01325,
  "CO2_fraction": 0.3,
  "pCO2_bar": 0.303975,
  "phases": {
    "Calcite": {
      "moles": 0.0089578088775,
      "mass_kg": 0.0008965870905489749
    },
    "C-S-H_1.0": {
      "moles": 0.1947427911225,
      "mass_kg": 0.033106274490825004
    },
    "Silica_gel": {
      "moles": 0.9329518788774999,
      "mass_kg": 0.056051748882960196
    },
    "Ettringite": {
      "moles": 0.005980275,
      "mass_kg": 0.007505245125
    },
    "Hydrotalcite": {
      "moles": 0.01822878,
      "mass_kg": 0.00807534954
    }
  },
  "pH": 8.980125000000001,
  "pe": 4.0,
  "Eh": 0.24,
  "system_mass_kg": 0.10563520512933418,
  "input_composition": {
    "Ca": 0.2037006,
    "Si": 1.12769467,
    "Al": 0.47317365,
    "Fe": 0.06458336,
    "Mg": 0.0607626,
    "K": 0.06135292,
    "Na": 0.03653646,
    "S": 0.03588165,
    "O": 6.83715894,
    "H": 6.66101223,
    "C": 0.01178756
  },
  "execution_time": 1.049041748046875e-05,
  "mix_id": "MIX_0403",
  "input_file": "/teamspace/studios/this_studio/inputs/generated/MIX_0403.inp"
}