{
  "converged": true,
  "method": "simplified_thermodynamic_model",
  "note": "Using simplified model until Cemdata18 integration complete",
  "temperature_K": 298.15,
  "pressure_bar": 1.01325,
  "CO2_fraction": 0.4,
  "pCO2_bar": 0.4053,
  "phases": {
    "Calcite": {
      "moles": 0.0241993,
      "mass_kg": 0.002422107937
    },
    "C-S-H_1.0": {
      "moles": 0.27194496,
      "mass_kg": 0.046230643200000004
    },
    "Silica_gel": {
      "moles": 1.53560155,
      "mass_kg": 0.092258941124
    },
    "Hydrotalcite": {
      "moles": 0.017290917,
      "mass_kg": 0.007659876231
    }
  },
  "pH": 8.5,
  "pe": 4.0,
  "Eh": 0.24,
  "system_mass_kg": 0.148571568492,
  "input_composition": {
    "Ca": 0.29614426,
    "Si": 1.80754651,
    "Al": 0.62611991,
    "Fe": 0.1468612,
    "Mg": 0.05763639,
    "K": 0.08611831,
    "Na": 0.11346335,
    "S": 0.0,
    "O": 10.77186985,
    "H": 10.99067019,
    "C": 0.0241993
  },
  "execution_time": 1.049041748046875e-05,
  "mix_id": "MIX_3688",
  "input_file": "/teamspace/studios/this_studio/inputs/generated/MIX_3688.inp"
}