{
  "converged": true,
  "method": "simplified_thermodynamic_model",
  "note": "Using simplified model until Cemdata18 integration complete",
  "temperature_K": 298.15,
  "pressure_bar": 1.01325,
  "CO2_fraction": 0.35,
  "pCO2_bar": 0.3546375,
  "phases": {
    "Calcite": {
      "moles": 0.0185455464140625,
      "mass_kg": 0.0018562237405835155
    },
    "C-S-H_1.0": {
      "moles": 0.4974733835859375,
      "mass_kg": 0.08457047520960938
    },
    "Silica_gel": {
      "moles": 1.0341863664140625,
      "mass_kg": 0.06213391689415688
    },
    "Ettringite": {
      "moles": 0.012814876666666667,
      "mass_kg": 0.016082670216666668
    },
    "Hydrotalcite": {
      "moles": 0.033368564999999996,
      "mass_kg": 0.014782274294999998
    }
  },
  "pH": 8.7268125,
  "pe": 4.0,
  "Eh": 0.24,
  "system_mass_kg": 0.17942556035601645,
  "input_composition": {
    "Ca": 0.51601893,
    "Si": 1.53165975,
    "Al": 0.61614554,
    "Fe": 0.10323869,
    "Mg": 0.11122855,
    "K": 0.07235976,
    "Na": 0.05557388,
    "S": 0.07688926,
    "O": 10.60144849,
    "H": 10.99067014,
    "C": 0.02091775
  },
  "execution_time": 9.775161743164062e-06,
  "mix_id": "MIX_3104",
  "input_file": "/teamspace/studios/this_studio/inputs/generated/MIX_3104.inp"
}