{
  "converged": true,
  "method": "simplified_thermodynamic_model",
  "note": "Using simplified model until Cemdata18 integration complete",
  "temperature_K": 298.15,
  "pressure_bar": 1.01325,
  "CO2_fraction": 0.3,
  "pCO2_bar": 0.303975,
  "phases": {
    "Calcite": {
      "moles": 0.012503897634374999,
      "mass_kg": 0.0012515151142245937
    },
    "C-S-H_1.0": {
      "moles": 0.479280672365625,
      "mass_kg": 0.08147771430215625
    },
    "Silica_gel": {
      "moles": 0.7320784776343751,
      "mass_kg": 0.043983274936273256
    },
    "Ettringite": {
      "moles": 0.017086501666666667,
      "mass_kg": 0.021443559591666665
    },
    "Hydrotalcite": {
      "moles": 0.035445261,
      "mass_kg": 0.015702250623
    }
  },
  "pH": 8.980125000000001,
  "pe": 4.0,
  "Eh": 0.24,
  "system_mass_kg": 0.16385831456732078,
  "input_composition": {
    "Ca": 0.49178457,
    "Si": 1.21135915,
    "Al": 0.53867497,
    "Fe": 0.05773752,
    "Mg": 0.11815087,
    "K": 0.05860121,
    "Na": 0.10286297,
    "S": 0.10251901,
    "O": 10.0103297,
    "H": 11.32372081,
    "C": 0.01645385
  },
  "execution_time": 1.1205673217773438e-05,
  "mix_id": "MIX_1306",
  "input_file": "/teamspace/studios/this_studio/inputs/generated/MIX_1306.inp"
}