{
  "converged": true,
  "method": "simplified_thermodynamic_model",
  "note": "Using simplified model until Cemdata18 integration complete",
  "temperature_K": 298.15,
  "pressure_bar": 1.01325,
  "CO2_fraction": 0.15,
  "pCO2_bar": 0.1519875,
  "phases": {
    "Calcite": {
      "moles": 0.0033002451759374996,
      "mass_kg": 0.00033032153965958434
    },
    "C-S-H_1.0": {
      "moles": 0.25395133482406246,
      "mass_kg": 0.04317172692009062
    },
    "Silica_gel": {
      "moles": 1.1945563751759374,
      "mass_kg": 0.07176894702057032
    },
    "Ettringite": {
      "moles": 0.0034173,
      "mass_kg": 0.0042887114999999995
    },
    "Hydrotalcite": {
      "moles": 0.01829577,
      "mass_kg": 0.00810502611
    }
  },
  "pH": 9.7400625,
  "pe": 4.0,
  "Eh": 0.24,
  "system_mass_kg": 0.12766473309032053,
  "input_composition": {
    "Ca": 0.25725158,
    "Si": 1.44850771,
    "Al": 0.5493143,
    "Fe": 0.10426819,
    "Mg": 0.0609859,
    "K": 0.073277,
    "Na": 0.05384321,
    "S": 0.0205038,
    "O": 10.99908149,
    "H": 13.32202441,
    "C": 0.00868557
  },
  "execution_time": 9.059906005859375e-06,
  "mix_id": "MIX_2147",
  "input_file": "/teamspace/studios/this_studio/inputs/generated/MIX_2147.inp"
}