{
  "converged": true,
  "method": "simplified_thermodynamic_model",
  "note": "Using simplified model until Cemdata18 integration complete",
  "temperature_K": 298.15,
  "pressure_bar": 1.01325,
  "CO2_fraction": 0.15,
  "pCO2_bar": 0.1519875,
  "phases": {
    "Calcite": {
      "moles": 0.0050278566909375,
      "mass_kg": 0.0005032381761959343
    },
    "C-S-H_1.0": {
      "moles": 0.7990750433090624,
      "mass_kg": 0.13584275736254062
    },
    "Silica_gel": {
      "moles": 0.8171061166909376,
      "mass_kg": 0.04909173549079153
    },
    "Ettringite": {
      "moles": 0.023921101666666666,
      "mass_kg": 0.030020982591666665
    },
    "Hydrotalcite": {
      "moles": 0.050585049,
      "mass_kg": 0.022409176707
    }
  },
  "pH": 9.7400625,
  "pe": 4.0,
  "Eh": 0.24,
  "system_mass_kg": 0.23786789032819475,
  "input_composition": {
    "Ca": 0.8041029,
    "Si": 1.61618116,
    "Al": 0.68164686,
    "Fe": 0.09639285,
    "Mg": 0.16861683,
    "K": 0.06960805,
    "Na": 0.12356184,
    "S": 0.14352661,
    "O": 17.24949172,
    "H": 22.64744153,
    "C": 0.01323229
  },
  "execution_time": 2.9325485229492188e-05,
  "mix_id": "MIX_4054",
  "input_file": "/teamspace/studios/this_studio/inputs/generated/MIX_4054.inp"
}