{
  "converged": true,
  "method": "simplified_thermodynamic_model",
  "note": "Using simplified model until Cemdata18 integration complete",
  "temperature_K": 298.15,
  "pressure_bar": 1.01325,
  "CO2_fraction": 0.2,
  "pCO2_bar": 0.20265,
  "phases": {
    "Calcite": {
      "moles": 0.00746627954625,
      "mass_kg": 0.0007472999197841626
    },
    "C-S-H_1.0": {
      "moles": 0.73800337045375,
      "mass_kg": 0.1254605729771375
    },
    "Silica_gel": {
      "moles": 0.9513342195462501,
      "mass_kg": 0.057156159910338705
    },
    "Ettringite": {
      "moles": 0.020503801666666665,
      "mass_kg": 0.02573227109166666
    },
    "Hydrotalcite": {
      "moles": 0.046297674,
      "mass_kg": 0.020509869582
    }
  },
  "pH": 9.48675,
  "pe": 4.0,
  "Eh": 0.24,
  "system_mass_kg": 0.22960617348092704,
  "input_composition": {
    "Ca": 0.74546965,
    "Si": 1.68933759,
    "Al": 0.68430669,
    "Fe": 0.10802551,
    "Mg": 0.15432558,
    "K": 0.073277,
    "Na": 0.13819757,
    "S": 0.12302281,
    "O": 13.29836249,
    "H": 14.65422691,
    "C": 0.01473729
  },
  "execution_time": 1.0013580322265625e-05,
  "mix_id": "MIX_4184",
  "input_file": "/teamspace/studios/this_studio/inputs/generated/MIX_4184.inp"
}