{
  "converged": true,
  "method": "simplified_thermodynamic_model",
  "note": "Using simplified model until Cemdata18 integration complete",
  "temperature_K": 298.15,
  "pressure_bar": 1.01325,
  "CO2_fraction": 0.15,
  "pCO2_bar": 0.1519875,
  "phases": {
    "Calcite": {
      "moles": 0.005488352218125,
      "mass_kg": 0.0005493291735121312
    },
    "C-S-H_1.0": {
      "moles": 0.5054483177818749,
      "mass_kg": 0.08592621402291875
    },
    "Silica_gel": {
      "moles": 1.468189832218125,
      "mass_kg": 0.08820884511966495
    },
    "Ettringite": {
      "moles": 0.0068346,
      "mass_kg": 0.008577422999999999
    },
    "Hydrotalcite": {
      "moles": 0.029148182999999998,
      "mass_kg": 0.012912645068999999
    }
  },
  "pH": 9.7400625,
  "pe": 4.0,
  "Eh": 0.24,
  "system_mass_kg": 0.19617445638509584,
  "input_composition": {
    "Ca": 0.51093667,
    "Si": 1.97363815,
    "Al": 0.69494602,
    "Fe": 0.15455619,
    "Mg": 0.09716061,
    "K": 0.08795278,
    "Na": 0.1805991,
    "S": 0.0410076,
    "O": 19.43783853,
    "H": 26.64404888,
    "C": 0.01444422
  },
  "execution_time": 8.344650268554688e-06,
  "mix_id": "MIX_4619",
  "input_file": "/teamspace/studios/this_studio/inputs/generated/MIX_4619.inp"
}