{
  "converged": true,
  "method": "simplified_thermodynamic_model",
  "note": "Using simplified model until Cemdata18 integration complete",
  "temperature_K": 298.15,
  "pressure_bar": 1.01325,
  "CO2_fraction": 0.3,
  "pCO2_bar": 0.303975,
  "phases": {
    "Calcite": {
      "moles": 0.011573559348749998,
      "mass_kg": 0.0011583975552163872
    },
    "C-S-H_1.0": {
      "moles": 0.39226114065125,
      "mass_kg": 0.0666843939107125
    },
    "Silica_gel": {
      "moles": 0.9011307493487501,
      "mass_kg": 0.05413993542087291
    },
    "Ettringite": {
      "moles": 0.011960551666666666,
      "mass_kg": 0.015010492341666664
    },
    "Hydrotalcite": {
      "moles": 0.029014203,
      "mass_kg": 0.012853291929
    }
  },
  "pH": 8.980125000000001,
  "pe": 4.0,
  "Eh": 0.24,
  "system_mass_kg": 0.14984651115746847,
  "input_composition": {
    "Ca": 0.4038347,
    "Si": 1.29339189,
    "Al": 0.54266472,
    "Fe": 0.07518652,
    "Mg": 0.09671401,
    "K": 0.06410463,
    "Na": 0.07110634,
    "S": 0.07176331,
    "O": 8.99017253,
    "H": 9.3254171,
    "C": 0.01522962
  },
  "execution_time": 9.775161743164062e-06,
  "mix_id": "MIX_1637",
  "input_file": "/teamspace/studios/this_studio/inputs/generated/MIX_1637.inp"
}