{
  "converged": true,
  "method": "simplified_thermodynamic_model",
  "note": "Using simplified model until Cemdata18 integration complete",
  "temperature_K": 298.15,
  "pressure_bar": 1.01325,
  "CO2_fraction": 0.15,
  "pCO2_bar": 0.1519875,
  "phases": {
    "Calcite": {
      "moles": 0.0020396038556249997,
      "mass_kg": 0.00020414394990950622
    },
    "C-S-H_1.0": {
      "moles": 0.14302774614437502,
      "mass_kg": 0.024314716844543754
    },
    "Silica_gel": {
      "moles": 1.057282813855625,
      "mass_kg": 0.06352155145644595
    },
    "Ettringite": {
      "moles": 0.002562975,
      "mass_kg": 0.0032165336249999994
    },
    "Hydrotalcite": {
      "moles": 0.013941405,
      "mass_kg": 0.006176042415
    }
  },
  "pH": 9.7400625,
  "pe": 4.0,
  "Eh": 0.24,
  "system_mass_kg": 0.0974329882908992,
  "input_composition": {
    "Ca": 0.14506735,
    "Si": 1.20031056,
    "Al": 0.47583348,
    "Fe": 0.07621603,
    "Mg": 0.04647135,
    "K": 0.06502187,
    "Na": 0.05012415,
    "S": 0.01537785,
    "O": 5.86603058,
    "H": 4.66270861,
    "C": 0.00536782
  },
  "execution_time": 1.0967254638671875e-05,
  "mix_id": "MIX_0805",
  "input_file": "/teamspace/studios/this_studio/inputs/generated/MIX_0805.inp"
}