{
  "converged": true,
  "method": "simplified_thermodynamic_model",
  "note": "Using simplified model until Cemdata18 integration complete",
  "temperature_K": 298.15,
  "pressure_bar": 1.01325,
  "CO2_fraction": 0.35,
  "pCO2_bar": 0.3546375,
  "phases": {
    "Calcite": {
      "moles": 0.027208693325624998,
      "mass_kg": 0.002723318114961806
    },
    "C-S-H_1.0": {
      "moles": 0.6596277166743749,
      "mass_kg": 0.11213671183464374
    },
    "Silica_gel": {
      "moles": 1.066092543325625,
      "mass_kg": 0.06405084000300355
    },
    "Ettringite": {
      "moles": 0.017086501666666667,
      "mass_kg": 0.021443559591666665
    },
    "Hydrotalcite": {
      "moles": 0.042010302,
      "mass_kg": 0.018610563786
    }
  },
  "pH": 8.7268125,
  "pe": 4.0,
  "Eh": 0.24,
  "system_mass_kg": 0.21896499333027578,
  "input_composition": {
    "Ca": 0.68683641,
    "Si": 1.72572026,
    "Al": 0.68696653,
    "Fe": 0.11965818,
    "Mg": 0.14003434,
    "K": 0.07694594,
    "Na": 0.081534,
    "S": 0.10251901,
    "O": 17.26014415,
    "H": 22.64744155,
    "C": 0.03068902
  },
  "execution_time": 1.1444091796875e-05,
  "mix_id": "MIX_4338",
  "input_file": "/teamspace/studios/this_studio/inputs/generated/MIX_4338.inp"
}