{
  "converged": true,
  "method": "simplified_thermodynamic_model",
  "note": "Using simplified model until Cemdata18 integration complete",
  "temperature_K": 298.15,
  "pressure_bar": 1.01325,
  "CO2_fraction": 0.3,
  "pCO2_bar": 0.303975,
  "phases": {
    "Calcite": {
      "moles": 0.009012197604375,
      "mass_kg": 0.0009020308582218937
    },
    "C-S-H_1.0": {
      "moles": 0.13605515239562502,
      "mass_kg": 0.023129375907256253
    },
    "Silica_gel": {
      "moles": 1.066960887604375,
      "mass_kg": 0.06410301012727085
    },
    "Ettringite": {
      "moles": 0.002562975,
      "mass_kg": 0.0032165336249999994
    },
    "Hydrotalcite": {
      "moles": 0.013941405,
      "mass_kg": 0.006176042415
    }
  },
  "pH": 8.980125000000001,
  "pe": 4.0,
  "Eh": 0.24,
  "system_mass_kg": 0.097526992932749,
  "input_composition": {
    "Ca": 0.14506735,
    "Si": 1.20301604,
    "Al": 0.47583348,
    "Fe": 0.07621603,
    "Mg": 0.04647135,
    "K": 0.06502187,
    "Na": 0.05536969,
    "S": 0.01537785,
    "O": 6.88619874,
    "H": 6.66101223,
    "C": 0.01185913
  },
  "execution_time": 8.821487426757812e-06,
  "mix_id": "MIX_0855",
  "input_file": "/teamspace/studios/this_studio/inputs/generated/MIX_0855.inp"
}