{
  "converged": true,
  "method": "simplified_thermodynamic_model",
  "note": "Using simplified model until Cemdata18 integration complete",
  "temperature_K": 298.15,
  "pressure_bar": 1.01325,
  "CO2_fraction": 0.3,
  "pCO2_bar": 0.303975,
  "phases": {
    "Calcite": {
      "moles": 0.008259981069375,
      "mass_kg": 0.0008267415052337437
    },
    "C-S-H_1.0": {
      "moles": 0.180782308930625,
      "mass_kg": 0.030732992518206253
    },
    "Silica_gel": {
      "moles": 0.9884643710693751,
      "mass_kg": 0.05938693941384806
    },
    "Ettringite": {
      "moles": 0.00512595,
      "mass_kg": 0.006433067249999999
    },
    "Hydrotalcite": {
      "moles": 0.017156936999999997,
      "mass_kg": 0.007600523090999999
    }
  },
  "pH": 8.980125000000001,
  "pe": 4.0,
  "Eh": 0.24,
  "system_mass_kg": 0.10498026377828805,
  "input_composition": {
    "Ca": 0.18904229,
    "Si": 1.16924668,
    "Al": 0.4738386,
    "Fe": 0.06749152,
    "Mg": 0.05718979,
    "K": 0.06227016,
    "Na": 0.08529898,
    "S": 0.0307557,
    "O": 5.91586516,
    "H": 4.66270854,
    "C": 0.01086929
  },
  "execution_time": 1.1444091796875e-05,
  "mix_id": "MIX_0525",
  "input_file": "/teamspace/studios/this_studio/inputs/generated/MIX_0525.inp"
}