{
  "converged": true,
  "method": "simplified_thermodynamic_model",
  "note": "Using simplified model until Cemdata18 integration complete",
  "temperature_K": 298.15,
  "pressure_bar": 1.01325,
  "CO2_fraction": 0.15,
  "pCO2_bar": 0.1519875,
  "phases": {
    "Calcite": {
      "moles": 0.0044145453318749995,
      "mass_kg": 0.0004418518422673687
    },
    "C-S-H_1.0": {
      "moles": 0.555579324668125,
      "mass_kg": 0.09444848519358126
    },
    "Silica_gel": {
      "moles": 0.9731339453318749,
      "mass_kg": 0.05846588743553904
    },
    "Ettringite": {
      "moles": 0.015377851666666666,
      "mass_kg": 0.019299203841666664
    },
    "Hydrotalcite": {
      "moles": 0.036584094,
      "mass_kg": 0.016206753642
    }
  },
  "pH": 9.7400625,
  "pe": 4.0,
  "Eh": 0.24,
  "system_mass_kg": 0.18886218195505433,
  "input_composition": {
    "Ca": 0.55999387,
    "Si": 1.52871327,
    "Al": 0.61415066,
    "Fe": 0.09451418,
    "Mg": 0.12194698,
    "K": 0.06960805,
    "Na": 0.14526449,
    "S": 0.09226711,
    "O": 15.20135695,
    "H": 19.98303667,
    "C": 0.01161818
  },
  "execution_time": 1.2636184692382812e-05,
  "mix_id": "MIX_2939",
  "input_file": "/teamspace/studios/this_studio/inputs/generated/MIX_2939.inp"
}