{
  "converged": true,
  "method": "simplified_thermodynamic_model",
  "note": "Using simplified model until Cemdata18 integration complete",
  "temperature_K": 298.15,
  "pressure_bar": 1.01325,
  "CO2_fraction": 0.0,
  "pCO2_bar": 0.0,
  "phases": {
    "C-S-H_1.0": {
      "moles": 0.34011919,
      "mass_kg": 0.05782026230000001
    },
    "Silica_gel": {
      "moles": 1.45433986,
      "mass_kg": 0.08737673878879999
    },
    "Ettringite": {
      "moles": 0.002562975,
      "mass_kg": 0.0032165336249999994
    },
    "Hydrotalcite": {
      "moles": 0.020506445999999998,
      "mass_kg": 0.009084355577999999
    }
  },
  "pH": 10.5,
  "pe": 4.0,
  "Eh": 0.24,
  "system_mass_kg": 0.1574978902918,
  "input_composition": {
    "Ca": 0.34011919,
    "Si": 1.79445905,
    "Al": 0.62412504,
    "Fe": 0.13813669,
    "Mg": 0.06835482,
    "K": 0.0833666,
    "Na": 0.18349199,
    "S": 0.01537785,
    "O": 15.31186583,
    "H": 19.98303657,
    "C": 0.0
  },
  "execution_time": 1.049041748046875e-05,
  "mix_id": "MIX_3487",
  "input_file": "/teamspace/studios/this_studio/inputs/generated/MIX_3487.inp"
}