{
  "converged": true,
  "method": "simplified_thermodynamic_model",
  "note": "Using simplified model until Cemdata18 integration complete",
  "temperature_K": 298.15,
  "pressure_bar": 1.01325,
  "CO2_fraction": 0.4,
  "pCO2_bar": 0.4053,
  "phases": {
    "Calcite": {
      "moles": 0.01449239,
      "mass_kg": 0.0014505433151
    },
    "C-S-H_1.0": {
      "moles": 0.15989159,
      "mass_kg": 0.027181570300000003
    },
    "Silica_gel": {
      "moles": 1.02575705,
      "mass_kg": 0.061627483563999996
    },
    "Ettringite": {
      "moles": 0.004271625,
      "mass_kg": 0.0053608893749999996
    },
    "Hydrotalcite": {
      "moles": 0.016085091,
      "mass_kg": 0.007125695313
    }
  },
  "pH": 8.5,
  "pe": 4.0,
  "Eh": 0.24,
  "system_mass_kg": 0.1027461818671,
  "input_composition": {
    "Ca": 0.17438398,
    "Si": 1.18564864,
    "Al": 0.47450356,
    "Fe": 0.07039969,
    "Mg": 0.05361697,
    "K": 0.0631874,
    "Na": 0.08529898,
    "S": 0.02562975,
    "O": 5.9281246,
    "H": 4.66270854,
    "C": 0.01449239
  },
  "execution_time": 8.821487426757812e-06,
  "mix_id": "MIX_0669",
  "input_file": "/teamspace/studios/this_studio/inputs/generated/MIX_0669.inp"
}