{
  "converged": true,
  "method": "simplified_thermodynamic_model",
  "note": "Using simplified model until Cemdata18 integration complete",
  "temperature_K": 298.15,
  "pressure_bar": 1.01325,
  "CO2_fraction": 0.25,
  "pCO2_bar": 0.2533125,
  "phases": {
    "Calcite": {
      "moles": 0.0056313711890625,
      "mass_kg": 0.0005636439423132656
    },
    "C-S-H_1.0": {
      "moles": 0.1834109188109375,
      "mass_kg": 0.031179856197859377
    },
    "Silica_gel": {
      "moles": 0.9589004611890625,
      "mass_kg": 0.05761073970823887
    },
    "Ettringite": {
      "moles": 0.00512595,
      "mass_kg": 0.006433067249999999
    },
    "Hydrotalcite": {
      "moles": 0.017156936999999997,
      "mass_kg": 0.007600523090999999
    }
  },
  "pH": 9.2334375,
  "pe": 4.0,
  "Eh": 0.24,
  "system_mass_kg": 0.10338783018941151,
  "input_composition": {
    "Ca": 0.18904229,
    "Si": 1.14231138,
    "Al": 0.4738386,
    "Fe": 0.06749152,
    "Mg": 0.05718979,
    "K": 0.06227016,
    "Na": 0.03307511,
    "S": 0.0307557,
    "O": 5.83192878,
    "H": 4.66270853,
    "C": 0.00889237
  },
  "execution_time": 9.5367431640625e-06,
  "mix_id": "MIX_0497",
  "input_file": "/teamspace/studios/this_studio/inputs/generated/MIX_0497.inp"
}