{
  "converged": true,
  "method": "simplified_thermodynamic_model",
  "note": "Using simplified model until Cemdata18 integration complete",
  "temperature_K": 298.15,
  "pressure_bar": 1.01325,
  "CO2_fraction": 0.25,
  "pCO2_bar": 0.2533125,
  "phases": {
    "Calcite": {
      "moles": 0.012859181081249999,
      "mass_kg": 0.0012870754344223123
    },
    "C-S-H_1.0": {
      "moles": 0.38081099891875,
      "mass_kg": 0.0647378698161875
    },
    "Silica_gel": {
      "moles": 1.70946328108125,
      "mass_kg": 0.1027045539273615
    },
    "Hydrotalcite": {
      "moles": 0.020573436,
      "mass_kg": 0.009114032148
    }
  },
  "pH": 9.2334375,
  "pe": 4.0,
  "Eh": 0.24,
  "system_mass_kg": 0.1778435313259713,
  "input_composition": {
    "Ca": 0.39367018,
    "Si": 2.09027428,
    "Al": 0.70026569,
    "Fe": 0.17782153,
    "Mg": 0.06857812,
    "K": 0.09529067,
    "Na": 0.15233141,
    "S": 0.0,
    "O": 15.44976712,
    "H": 18.65083423,
    "C": 0.02030564
  },
  "execution_time": 1.049041748046875e-05,
  "mix_id": "MIX_4873",
  "input_file": "/teamspace/studios/this_studio/inputs/generated/MIX_4873.inp"
}