{
  "converged": true,
  "method": "simplified_thermodynamic_model",
  "note": "Using simplified model until Cemdata18 integration complete",
  "temperature_K": 298.15,
  "pressure_bar": 1.01325,
  "CO2_fraction": 0.3,
  "pCO2_bar": 0.303975,
  "phases": {
    "Calcite": {
      "moles": 0.016369608504375,
      "mass_kg": 0.001638434115202894
    },
    "C-S-H_1.0": {
      "moles": 0.49964932149562497,
      "mass_kg": 0.08494038465425625
    },
    "Silica_gel": {
      "moles": 1.072802498504375,
      "mass_kg": 0.06445397411014285
    },
    "Ettringite": {
      "moles": 0.012814876666666667,
      "mass_kg": 0.016082670216666668
    },
    "Hydrotalcite": {
      "moles": 0.033368564999999996,
      "mass_kg": 0.014782274294999998
    }
  },
  "pH": 8.980125000000001,
  "pe": 4.0,
  "Eh": 0.24,
  "system_mass_kg": 0.18189773739126866,
  "input_composition": {
    "Ca": 0.51601893,
    "Si": 1.57245182,
    "Al": 0.61614554,
    "Fe": 0.10323869,
    "Mg": 0.11122855,
    "K": 0.07235976,
    "Na": 0.13466411,
    "S": 0.07688926,
    "O": 13.72127921,
    "H": 16.98558118,
    "C": 0.02154073
  },
  "execution_time": 1.0251998901367188e-05,
  "mix_id": "MIX_3098",
  "input_file": "/teamspace/studios/this_studio/inputs/generated/MIX_3098.inp"
}