{
  "converged": true,
  "method": "simplified_thermodynamic_model",
  "note": "Using simplified model until Cemdata18 integration complete",
  "temperature_K": 298.15,
  "pressure_bar": 1.01325,
  "CO2_fraction": 0.3,
  "pCO2_bar": 0.303975,
  "phases": {
    "Calcite": {
      "moles": 0.008692187923124999,
      "mass_kg": 0.0008700010892255812
    },
    "C-S-H_1.0": {
      "moles": 0.224325032076875,
      "mass_kg": 0.03813525545306875
    },
    "Silica_gel": {
      "moles": 0.8980178179231249,
      "mass_kg": 0.05395291050082134
    },
    "Ettringite": {
      "moles": 0.007688925,
      "mass_kg": 0.009649600874999999
    },
    "Hydrotalcite": {
      "moles": 0.020372466000000002,
      "mass_kg": 0.009025002438000002
    }
  },
  "pH": 8.980125000000001,
  "pe": 4.0,
  "Eh": 0.24,
  "system_mass_kg": 0.11163277035611567,
  "input_composition": {
    "Ca": 0.23301722,
    "Si": 1.12234285,
    "Al": 0.47184373,
    "Fe": 0.05876702,
    "Mg": 0.06790822,
    "K": 0.05951845,
    "Na": 0.0897623,
    "S": 0.04613355,
    "O": 6.40837458,
    "H": 5.66186043,
    "C": 0.01143803
  },
  "execution_time": 1.0967254638671875e-05,
  "mix_id": "MIX_0190",
  "input_file": "/teamspace/studios/this_studio/inputs/generated/MIX_0190.inp"
}