{
  "converged": true,
  "method": "simplified_thermodynamic_model",
  "note": "Using simplified model until Cemdata18 integration complete",
  "temperature_K": 298.15,
  "pressure_bar": 1.01325,
  "CO2_fraction": 0.4,
  "pCO2_bar": 0.4053,
  "phases": {
    "Calcite": {
      "moles": 0.03828209,
      "mass_kg": 0.0038316543881
    },
    "C-S-H_1.0": {
      "moles": 0.94172055,
      "mass_kg": 0.16009249350000002
    },
    "Silica_gel": {
      "moles": 0.4830481000000001,
      "mass_kg": 0.029021529848000008
    },
    "Ettringite": {
      "moles": 0.034173003333333334,
      "mass_kg": 0.04288711918333333
    },
    "Hydrotalcite": {
      "moles": 0.063447168,
      "mass_kg": 0.028107095424
    }
  },
  "pH": 8.5,
  "pe": 4.0,
  "Eh": 0.24,
  "system_mass_kg": 0.26393989234343335,
  "input_composition": {
    "Ca": 0.98000264,
    "Si": 1.42476865,
    "Al": 0.67366736,
    "Fe": 0.06149484,
    "Mg": 0.21149056,
    "K": 0.05860121,
    "Na": 0.13405294,
    "S": 0.20503802,
    "O": 19.25380349,
    "H": 26.64404877,
    "C": 0.03828209
  },
  "execution_time": 1.049041748046875e-05,
  "mix_id": "MIX_3799",
  "input_file": "/teamspace/studios/this_studio/inputs/generated/MIX_3799.inp"
}