{
  "converged": true,
  "method": "simplified_thermodynamic_model",
  "note": "Using simplified model until Cemdata18 integration complete",
  "temperature_K": 298.15,
  "pressure_bar": 1.01325,
  "CO2_fraction": 0.25,
  "pCO2_bar": 0.2533125,
  "phases": {
    "Calcite": {
      "moles": 0.012339282506249999,
      "mass_kg": 0.0012350387860505622
    },
    "C-S-H_1.0": {
      "moles": 0.28380497749375,
      "mass_kg": 0.048246846173937506
    },
    "Silica_gel": {
      "moles": 1.5598599325062499,
      "mass_kg": 0.0937163847449755
    },
    "Hydrotalcite": {
      "moles": 0.017290917,
      "mass_kg": 0.007659876231
    }
  },
  "pH": 9.2334375,
  "pe": 4.0,
  "Eh": 0.24,
  "system_mass_kg": 0.15085814593596356,
  "input_composition": {
    "Ca": 0.29614426,
    "Si": 1.84366491,
    "Al": 0.62611991,
    "Fe": 0.1468612,
    "Mg": 0.05763639,
    "K": 0.08611831,
    "Na": 0.18349199,
    "S": 0.0,
    "O": 15.36587492,
    "H": 19.98303657,
    "C": 0.01948468
  },
  "execution_time": 1.1205673217773438e-05,
  "mix_id": "MIX_3647",
  "input_file": "/teamspace/studios/this_studio/inputs/generated/MIX_3647.inp"
}