{
  "converged": true,
  "method": "simplified_thermodynamic_model",
  "note": "Using simplified model until Cemdata18 integration complete",
  "temperature_K": 298.15,
  "pressure_bar": 1.01325,
  "CO2_fraction": 0.35,
  "pCO2_bar": 0.3546375,
  "phases": {
    "Calcite": {
      "moles": 0.011104498059375,
      "mass_kg": 0.0011114492107628438
    },
    "C-S-H_1.0": {
      "moles": 0.177937791940625,
      "mass_kg": 0.030249424629906253
    },
    "Silica_gel": {
      "moles": 0.973166898059375,
      "mass_kg": 0.05846786723540725
    },
    "Ettringite": {
      "moles": 0.00512595,
      "mass_kg": 0.006433067249999999
    },
    "Hydrotalcite": {
      "moles": 0.017156936999999997,
      "mass_kg": 0.007600523090999999
    }
  },
  "pH": 8.7268125,
  "pe": 4.0,
  "Eh": 0.24,
  "system_mass_kg": 0.10386233141707635,
  "input_composition": {
    "Ca": 0.18904229,
    "Si": 1.15110469,
    "Al": 0.4738386,
    "Fe": 0.06749152,
    "Mg": 0.05718979,
    "K": 0.06227016,
    "Na": 0.05012415,
    "S": 0.0307557,
    "O": 5.86530502,
    "H": 4.66270861,
    "C": 0.0125249
  },
  "execution_time": 9.775161743164062e-06,
  "mix_id": "MIX_0533",
  "input_file": "/teamspace/studios/this_studio/inputs/generated/MIX_0533.inp"
}