{
  "converged": true,
  "method": "simplified_thermodynamic_model",
  "note": "Using simplified model until Cemdata18 integration complete",
  "temperature_K": 298.15,
  "pressure_bar": 1.01325,
  "CO2_fraction": 0.4,
  "pCO2_bar": 0.4053,
  "phases": {
    "Calcite": {
      "moles": 0.03248903,
      "mass_kg": 0.0032518270127
    },
    "C-S-H_1.0": {
      "moles": 0.47844763999999995,
      "mass_kg": 0.08133609879999999
    },
    "Silica_gel": {
      "moles": 1.4806110000000001,
      "mass_kg": 0.08895510888000001
    },
    "Ettringite": {
      "moles": 0.0068346,
      "mass_kg": 0.008577422999999999
    },
    "Hydrotalcite": {
      "moles": 0.029148182999999998,
      "mass_kg": 0.012912645068999999
    }
  },
  "pH": 8.5,
  "pe": 4.0,
  "Eh": 0.24,
  "system_mass_kg": 0.1950331027617,
  "input_composition": {
    "Ca": 0.51093667,
    "Si": 1.95905864,
    "Al": 0.69494602,
    "Fe": 0.15455619,
    "Mg": 0.09716061,
    "K": 0.08795278,
    "Na": 0.15233141,
    "S": 0.0410076,
    "O": 15.43402795,
    "H": 18.65083423,
    "C": 0.03248903
  },
  "execution_time": 1.0967254638671875e-05,
  "mix_id": "MIX_4697",
  "input_file": "/teamspace/studios/this_studio/inputs/generated/MIX_4697.inp"
}