{
  "converged": true,
  "method": "simplified_thermodynamic_model",
  "note": "Using simplified model until Cemdata18 integration complete",
  "temperature_K": 298.15,
  "pressure_bar": 1.01325,
  "CO2_fraction": 0.4,
  "pCO2_bar": 0.4053,
  "phases": {
    "Calcite": {
      "moles": 0.02947458,
      "mass_kg": 0.0029501107122
    },
    "C-S-H_1.0": {
      "moles": 0.95052806,
      "mass_kg": 0.1615897702
    },
    "Silica_gel": {
      "moles": 0.4763782499999999,
      "mass_kg": 0.028620805259999993
    },
    "Ettringite": {
      "moles": 0.034173003333333334,
      "mass_kg": 0.04288711918333333
    },
    "Hydrotalcite": {
      "moles": 0.063447168,
      "mass_kg": 0.028107095424
    }
  },
  "pH": 8.5,
  "pe": 4.0,
  "Eh": 0.24,
  "system_mass_kg": 0.26415490077953335,
  "input_composition": {
    "Ca": 0.98000264,
    "Si": 1.42690631,
    "Al": 0.67366736,
    "Fe": 0.06149484,
    "Mg": 0.21149056,
    "K": 0.05860121,
    "Na": 0.13819757,
    "S": 0.20503802,
    "O": 13.24762518,
    "H": 14.65422691,
    "C": 0.02947458
  },
  "execution_time": 0.00031065940856933594,
  "mix_id": "MIX_3800",
  "input_file": "/teamspace/studios/this_studio/inputs/generated/MIX_3800.inp"
}