{
  "converged": true,
  "method": "simplified_thermodynamic_model",
  "note": "Using simplified model until Cemdata18 integration complete",
  "temperature_K": 298.15,
  "pressure_bar": 1.01325,
  "CO2_fraction": 0.2,
  "pCO2_bar": 0.20265,
  "phases": {
    "Calcite": {
      "moles": 0.005143804155,
      "mass_kg": 0.00051484335787395
    },
    "C-S-H_1.0": {
      "moles": 0.34005764584500003,
      "mass_kg": 0.05780979979365001
    },
    "Silica_gel": {
      "moles": 1.018942064155,
      "mass_kg": 0.061218039214432404
    },
    "Ettringite": {
      "moles": 0.00854325,
      "mass_kg": 0.010721778749999999
    },
    "Hydrotalcite": {
      "moles": 0.024726828,
      "mass_kg": 0.010953984804
    }
  },
  "pH": 9.48675,
  "pe": 4.0,
  "Eh": 0.24,
  "system_mass_kg": 0.14121844591995636,
  "input_composition": {
    "Ca": 0.34520145,
    "Si": 1.35899971,
    "Al": 0.54532455,
    "Fe": 0.08681919,
    "Mg": 0.08242276,
    "K": 0.06777358,
    "Na": 0.07110634,
    "S": 0.0512595,
    "O": 9.00007243,
    "H": 9.3254171,
    "C": 0.01015308
  },
  "execution_time": 8.821487426757812e-06,
  "mix_id": "MIX_1829",
  "input_file": "/teamspace/studios/this_studio/inputs/generated/MIX_1829.inp"
}