{
  "converged": true,
  "method": "simplified_thermodynamic_model",
  "note": "Using simplified model until Cemdata18 integration complete",
  "temperature_K": 298.15,
  "pressure_bar": 1.01325,
  "CO2_fraction": 0.35,
  "pCO2_bar": 0.3546375,
  "phases": {
    "Calcite": {
      "moles": 0.023887584065625,
      "mass_kg": 0.002390908289128406
    },
    "C-S-H_1.0": {
      "moles": 0.316231605934375,
      "mass_kg": 0.05375937300884375
    },
    "Silica_gel": {
      "moles": 1.439201064065625,
      "mass_kg": 0.08646719992906275
    },
    "Ettringite": {
      "moles": 0.002562975,
      "mass_kg": 0.0032165336249999994
    },
    "Hydrotalcite": {
      "moles": 0.020506445999999998,
      "mass_kg": 0.009084355577999999
    }
  },
  "pH": 8.7268125,
  "pe": 4.0,
  "Eh": 0.24,
  "system_mass_kg": 0.1549183704300349,
  "input_composition": {
    "Ca": 0.34011919,
    "Si": 1.75543267,
    "Al": 0.62412504,
    "Fe": 0.13813669,
    "Mg": 0.06835482,
    "K": 0.0833666,
    "Na": 0.10782519,
    "S": 0.01537785,
    "O": 15.24986594,
    "H": 19.98303666,
    "C": 0.0269431
  },
  "execution_time": 9.775161743164062e-06,
  "mix_id": "MIX_3559",
  "input_file": "/teamspace/studios/this_studio/inputs/generated/MIX_3559.inp"
}