{
  "converged": true,
  "method": "simplified_thermodynamic_model",
  "note": "Using simplified model until Cemdata18 integration complete",
  "temperature_K": 298.15,
  "pressure_bar": 1.01325,
  "CO2_fraction": 0.25,
  "pCO2_bar": 0.2533125,
  "phases": {
    "Calcite": {
      "moles": 0.011524667503124999,
      "mass_kg": 0.0011535039703877811
    },
    "C-S-H_1.0": {
      "moles": 0.9684779724968751,
      "mass_kg": 0.16464125532446877
    },
    "Silica_gel": {
      "moles": 0.4220621975031249,
      "mass_kg": 0.025357496825987744
    },
    "Ettringite": {
      "moles": 0.034173003333333334,
      "mass_kg": 0.04288711918333333
    },
    "Hydrotalcite": {
      "moles": 0.063447168,
      "mass_kg": 0.028107095424
    }
  },
  "pH": 9.2334375,
  "pe": 4.0,
  "Eh": 0.24,
  "system_mass_kg": 0.26214647072817765,
  "input_composition": {
    "Ca": 0.98000264,
    "Si": 1.39054017,
    "Al": 0.67366736,
    "Fe": 0.06149484,
    "Mg": 0.21149056,
    "K": 0.05860121,
    "Na": 0.0676886,
    "S": 0.20503802,
    "O": 13.11708591,
    "H": 14.65422685,
    "C": 0.01819834
  },
  "execution_time": 1.2874603271484375e-05,
  "mix_id": "MIX_3744",
  "input_file": "/teamspace/studios/this_studio/inputs/generated/MIX_3744.inp"
}