{
  "converged": true,
  "method": "simplified_thermodynamic_model",
  "note": "Using simplified model until Cemdata18 integration complete",
  "temperature_K": 298.15,
  "pressure_bar": 1.01325,
  "CO2_fraction": 0.3,
  "pCO2_bar": 0.303975,
  "phases": {
    "Calcite": {
      "moles": 0.011503713493125,
      "mass_kg": 0.0011514066835268811
    },
    "C-S-H_1.0": {
      "moles": 0.304381116506875,
      "mass_kg": 0.05174478980616875
    },
    "Silica_gel": {
      "moles": 1.074948273493125,
      "mass_kg": 0.06458289227146695
    },
    "Ettringite": {
      "moles": 0.0068346,
      "mass_kg": 0.008577422999999999
    },
    "Hydrotalcite": {
      "moles": 0.022583142,
      "mass_kg": 0.010004331906
    }
  },
  "pH": 8.980125000000001,
  "pe": 4.0,
  "Eh": 0.24,
  "system_mass_kg": 0.1360608436671626,
  "input_composition": {
    "Ca": 0.31588483,
    "Si": 1.37932939,
    "Al": 0.54665447,
    "Fe": 0.09263552,
    "Mg": 0.07527714,
    "K": 0.06960805,
    "Na": 0.04692051,
    "S": 0.0410076,
    "O": 8.98302681,
    "H": 9.32541712,
    "C": 0.01513771
  },
  "execution_time": 1.3589859008789062e-05,
  "mix_id": "MIX_1969",
  "input_file": "/teamspace/studios/this_studio/inputs/generated/MIX_1969.inp"
}