{
  "converged": true,
  "method": "simplified_thermodynamic_model",
  "note": "Using simplified model until Cemdata18 integration complete",
  "temperature_K": 298.15,
  "pressure_bar": 1.01325,
  "CO2_fraction": 0.3,
  "pCO2_bar": 0.303975,
  "phases": {
    "Calcite": {
      "moles": 0.007779145814999999,
      "mass_kg": 0.00077861470462335
    },
    "C-S-H_1.0": {
      "moles": 0.210579764185,
      "mass_kg": 0.03579855991145
    },
    "Silica_gel": {
      "moles": 0.9148750858149999,
      "mass_kg": 0.054965695155765194
    },
    "Ettringite": {
      "moles": 0.0068346,
      "mass_kg": 0.008577422999999999
    },
    "Hydrotalcite": {
      "moles": 0.019300623,
      "mass_kg": 0.008550175989
    }
  },
  "pH": 8.980125000000001,
  "pe": 4.0,
  "Eh": 0.24,
  "system_mass_kg": 0.10867046876083854,
  "input_composition": {
    "Ca": 0.21835891,
    "Si": 1.12545485,
    "Al": 0.47250869,
    "Fe": 0.06167519,
    "Mg": 0.06433541,
    "K": 0.06043569,
    "Na": 0.0639949,
    "S": 0.0410076,
    "O": 5.37236943,
    "H": 3.66355677,
    "C": 0.01023656
  },
  "execution_time": 1.0967254638671875e-05,
  "mix_id": "MIX_0296",
  "input_file": "/teamspace/studios/this_studio/inputs/generated/MIX_0296.inp"
}