{
  "converged": true,
  "method": "simplified_thermodynamic_model",
  "note": "Using simplified model until Cemdata18 integration complete",
  "temperature_K": 298.15,
  "pressure_bar": 1.01325,
  "CO2_fraction": 0.3,
  "pCO2_bar": 0.303975,
  "phases": {
    "Calcite": {
      "moles": 0.013446478513124997,
      "mass_kg": 0.001345858034378681
    },
    "C-S-H_1.0": {
      "moles": 0.41970484148687504,
      "mass_kg": 0.07134982305276875
    },
    "Silica_gel": {
      "moles": 0.875827568513125,
      "mass_kg": 0.052619720316268555
    },
    "Ettringite": {
      "moles": 0.013669201666666667,
      "mass_kg": 0.017154848091666664
    },
    "Hydrotalcite": {
      "moles": 0.031157888999999998,
      "mass_kg": 0.013802944826999999
    }
  },
  "pH": 8.980125000000001,
  "pe": 4.0,
  "Eh": 0.24,
  "system_mass_kg": 0.15627319432208264,
  "input_composition": {
    "Ca": 0.43315132,
    "Si": 1.29553241,
    "Al": 0.5413348,
    "Fe": 0.06937019,
    "Mg": 0.10385963,
    "K": 0.06227016,
    "Na": 0.1388588,
    "S": 0.08201521,
    "O": 11.08714396,
    "H": 13.32202445,
    "C": 0.01769419
  },
  "execution_time": 1.2159347534179688e-05,
  "mix_id": "MIX_1535",
  "input_file": "/teamspace/studios/this_studio/inputs/generated/MIX_1535.inp"
}