{
  "converged": true,
  "method": "simplified_thermodynamic_model",
  "note": "Using simplified model until Cemdata18 integration complete",
  "temperature_K": 298.15,
  "pressure_bar": 1.01325,
  "CO2_fraction": 0.2,
  "pCO2_bar": 0.20265,
  "phases": {
    "Calcite": {
      "moles": 0.006621446895,
      "mass_kg": 0.0006627406197205499
    },
    "C-S-H_1.0": {
      "moles": 0.597347353105,
      "mass_kg": 0.10154905002785
    },
    "Silica_gel": {
      "moles": 0.8385785368950001,
      "mass_kg": 0.05038179849665161
    },
    "Ettringite": {
      "moles": 0.017940826666666666,
      "mass_kg": 0.022515737466666665
    },
    "Hydrotalcite": {
      "moles": 0.039799626,
      "mass_kg": 0.017631234318
    }
  },
  "pH": 9.48675,
  "pe": 4.0,
  "Eh": 0.24,
  "system_mass_kg": 0.19274056092888883,
  "input_composition": {
    "Ca": 0.6039688,
    "Si": 1.43592589,
    "Al": 0.61215579,
    "Fe": 0.08578968,
    "Mg": 0.13266542,
    "K": 0.06685634,
    "Na": 0.06076591,
    "S": 0.10764496,
    "O": 12.06235246,
    "H": 13.9881256,
    "C": 0.01306972
  },
  "execution_time": 1.1205673217773438e-05,
  "mix_id": "MIX_2833",
  "input_file": "/teamspace/studios/this_studio/inputs/generated/MIX_2833.inp"
}