{
  "converged": true,
  "method": "simplified_thermodynamic_model",
  "note": "Using simplified model until Cemdata18 integration complete",
  "temperature_K": 298.15,
  "pressure_bar": 1.01325,
  "CO2_fraction": 0.4,
  "pCO2_bar": 0.4053,
  "phases": {
    "Calcite": {
      "moles": 0.03875871,
      "mass_kg": 0.0038793592839
    },
    "C-S-H_1.0": {
      "moles": 0.41354471000000004,
      "mass_kg": 0.07030260070000001
    },
    "Silica_gel": {
      "moles": 1.6502135999999998,
      "mass_kg": 0.099144833088
    },
    "Ettringite": {
      "moles": 0.0034173,
      "mass_kg": 0.0042887114999999995
    },
    "Hydrotalcite": {
      "moles": 0.024860808,
      "mass_kg": 0.011013337944000001
    }
  },
  "pH": 8.5,
  "pe": 4.0,
  "Eh": 0.24,
  "system_mass_kg": 0.1886288425159,
  "input_composition": {
    "Ca": 0.45230342,
    "Si": 2.06375831,
    "Al": 0.69760586,
    "Fe": 0.16618886,
    "Mg": 0.08286936,
    "K": 0.09162172,
    "Na": 0.22812517,
    "S": 0.0205038,
    "O": 19.57930816,
    "H": 26.64404881,
    "C": 0.03875871
  },
  "execution_time": 1.0728836059570312e-05,
  "mix_id": "MIX_4815",
  "input_file": "/teamspace/studios/this_studio/inputs/generated/MIX_4815.inp"
}