{
  "converged": true,
  "method": "simplified_thermodynamic_model",
  "note": "Using simplified model until Cemdata18 integration complete",
  "temperature_K": 298.15,
  "pressure_bar": 1.01325,
  "CO2_fraction": 0.4,
  "pCO2_bar": 0.4053,
  "phases": {
    "Calcite": {
      "moles": 0.03507317,
      "mass_kg": 0.0035104735853
    },
    "C-S-H_1.0": {
      "moles": 0.88629622,
      "mass_kg": 0.1506703574
    },
    "Silica_gel": {
      "moles": 0.57699276,
      "mass_kg": 0.0346657250208
    },
    "Ettringite": {
      "moles": 0.030755703333333332,
      "mass_kg": 0.03859840768333333
    },
    "Hydrotalcite": {
      "moles": 0.059159792999999995,
      "mass_kg": 0.026207788298999998
    }
  },
  "pH": 8.5,
  "pe": 4.0,
  "Eh": 0.24,
  "system_mass_kg": 0.25365275198843334,
  "input_composition": {
    "Ca": 0.92136939,
    "Si": 1.46328898,
    "Al": 0.67632719,
    "Fe": 0.07312751,
    "Mg": 0.19719931,
    "K": 0.06227016,
    "Na": 0.081534,
    "S": 0.18453422,
    "O": 17.18870056,
    "H": 22.64744155,
    "C": 0.03507317
  },
  "execution_time": 1.3113021850585938e-05,
  "mix_id": "MIX_3906",
  "input_file": "/teamspace/studios/this_studio/inputs/generated/MIX_3906.inp"
}