{
  "converged": true,
  "method": "simplified_thermodynamic_model",
  "note": "Using simplified model until Cemdata18 integration complete",
  "temperature_K": 298.15,
  "pressure_bar": 1.01325,
  "CO2_fraction": 0.35,
  "pCO2_bar": 0.3546375,
  "phases": {
    "Calcite": {
      "moles": 0.01701919548,
      "mass_kg": 0.0017034512755931999
    },
    "C-S-H_1.0": {
      "moles": 0.41613212452000004,
      "mass_kg": 0.07074246116840001
    },
    "Silica_gel": {
      "moles": 0.8608348454799999,
      "mass_kg": 0.051718957516438395
    },
    "Ettringite": {
      "moles": 0.013669201666666667,
      "mass_kg": 0.017154848091666664
    },
    "Hydrotalcite": {
      "moles": 0.031157888999999998,
      "mass_kg": 0.013802944826999999
    }
  },
  "pH": 8.7268125,
  "pe": 4.0,
  "Eh": 0.24,
  "system_mass_kg": 0.15512266287909826,
  "input_composition": {
    "Ca": 0.43315132,
    "Si": 1.27696697,
    "Al": 0.5413348,
    "Fe": 0.06937019,
    "Mg": 0.10385963,
    "K": 0.06227016,
    "Na": 0.10286297,
    "S": 0.08201521,
    "O": 10.03586728,
    "H": 11.32372081,
    "C": 0.01919616
  },
  "execution_time": 1.2874603271484375e-05,
  "mix_id": "MIX_1546",
  "input_file": "/teamspace/studios/this_studio/inputs/generated/MIX_1546.inp"
}