{
  "converged": true,
  "method": "simplified_thermodynamic_model",
  "note": "Using simplified model until Cemdata18 integration complete",
  "temperature_K": 298.15,
  "pressure_bar": 1.01325,
  "CO2_fraction": 0.4,
  "pCO2_bar": 0.4053,
  "phases": {
    "Calcite": {
      "moles": 0.02344569,
      "mass_kg": 0.0023466791121000002
    },
    "C-S-H_1.0": {
      "moles": 0.20448927,
      "mass_kg": 0.034763175900000005
    },
    "Silica_gel": {
      "moles": 1.30574996,
      "mass_kg": 0.0784494575968
    },
    "Ettringite": {
      "moles": 0.00170865,
      "mass_kg": 0.0021443557499999997
    },
    "Hydrotalcite": {
      "moles": 0.016152083999999997,
      "mass_kg": 0.007155373211999999
    }
  },
  "pH": 8.5,
  "pe": 4.0,
  "Eh": 0.24,
  "system_mass_kg": 0.1248590415709,
  "input_composition": {
    "Ca": 0.22793496,
    "Si": 1.51023923,
    "Al": 0.55064422,
    "Fe": 0.11008453,
    "Mg": 0.05384028,
    "K": 0.07511147,
    "Na": 0.10992989,
    "S": 0.0102519,
    "O": 11.1245268,
    "H": 13.32202447,
    "C": 0.02344569
  },
  "execution_time": 8.58306884765625e-06,
  "mix_id": "MIX_2347",
  "input_file": "/teamspace/studios/this_studio/inputs/generated/MIX_2347.inp"
}