{
  "converged": true,
  "method": "simplified_thermodynamic_model",
  "note": "Using simplified model until Cemdata18 integration complete",
  "temperature_K": 298.15,
  "pressure_bar": 1.01325,
  "CO2_fraction": 0.3,
  "pCO2_bar": 0.303975,
  "phases": {
    "Calcite": {
      "moles": 0.016696275238125,
      "mass_kg": 0.001671130188583931
    },
    "C-S-H_1.0": {
      "moles": 0.846039874761875,
      "mass_kg": 0.14382677870951877
    },
    "Silica_gel": {
      "moles": 0.6937115552381249,
      "mass_kg": 0.041678190238706544
    },
    "Ettringite": {
      "moles": 0.027338403333333334,
      "mass_kg": 0.03430969618333333
    },
    "Hydrotalcite": {
      "moles": 0.054872421,
      "mass_kg": 0.024308482503
    }
  },
  "pH": 8.980125000000001,
  "pe": 4.0,
  "Eh": 0.24,
  "system_mass_kg": 0.24579427782314256,
  "input_composition": {
    "Ca": 0.86273615,
    "Si": 1.53975143,
    "Al": 0.67898703,
    "Fe": 0.08476018,
    "Mg": 0.18290807,
    "K": 0.06593911,
    "Na": 0.10257964,
    "S": 0.16403042,
    "O": 13.21817309,
    "H": 14.65422683,
    "C": 0.02197059
  },
  "execution_time": 7.867813110351562e-06,
  "mix_id": "MIX_3988",
  "input_file": "/teamspace/studios/this_studio/inputs/generated/MIX_3988.inp"
}