{
  "converged": true,
  "method": "simplified_thermodynamic_model",
  "note": "Using simplified model until Cemdata18 integration complete",
  "temperature_K": 298.15,
  "pressure_bar": 1.01325,
  "CO2_fraction": 0.35,
  "pCO2_bar": 0.3546375,
  "phases": {
    "Calcite": {
      "moles": 0.018188453049374997,
      "mass_kg": 0.0018204822657119436
    },
    "C-S-H_1.0": {
      "moles": 0.414962866950625,
      "mass_kg": 0.07054368738160625
    },
    "Silica_gel": {
      "moles": 0.8656489830493751,
      "mass_kg": 0.05200819090160646
    },
    "Ettringite": {
      "moles": 0.013669201666666667,
      "mass_kg": 0.017154848091666664
    },
    "Hydrotalcite": {
      "moles": 0.031157888999999998,
      "mass_kg": 0.013802944826999999
    }
  },
  "pH": 8.7268125,
  "pe": 4.0,
  "Eh": 0.24,
  "system_mass_kg": 0.15533015346759133,
  "input_composition": {
    "Ca": 0.43315132,
    "Si": 1.28061185,
    "Al": 0.5413348,
    "Fe": 0.06937019,
    "Mg": 0.10385963,
    "K": 0.06227016,
    "Na": 0.10992989,
    "S": 0.08201521,
    "O": 11.04847997,
    "H": 13.32202447,
    "C": 0.02051498
  },
  "execution_time": 1.239776611328125e-05,
  "mix_id": "MIX_1547",
  "input_file": "/teamspace/studios/this_studio/inputs/generated/MIX_1547.inp"
}