{
  "converged": true,
  "method": "simplified_thermodynamic_model",
  "note": "Using simplified model until Cemdata18 integration complete",
  "temperature_K": 298.15,
  "pressure_bar": 1.01325,
  "CO2_fraction": 0.15,
  "pCO2_bar": 0.1519875,
  "phases": {
    "Calcite": {
      "moles": 0.0026637709218749997,
      "mass_kg": 0.0002666168315704687
    },
    "C-S-H_1.0": {
      "moles": 0.401170929078125,
      "mass_kg": 0.06819905794328125
    },
    "Silica_gel": {
      "moles": 0.8779614809218751,
      "mass_kg": 0.05274792577378626
    },
    "Ettringite": {
      "moles": 0.011960551666666666,
      "mass_kg": 0.015010492341666664
    },
    "Hydrotalcite": {
      "moles": 0.029014203,
      "mass_kg": 0.012853291929
    }
  },
  "pH": 9.7400625,
  "pe": 4.0,
  "Eh": 0.24,
  "system_mass_kg": 0.14907738481930463,
  "input_composition": {
    "Ca": 0.4038347,
    "Si": 1.27913241,
    "Al": 0.54266472,
    "Fe": 0.07518652,
    "Mg": 0.09671401,
    "K": 0.06410463,
    "Na": 0.04345916,
    "S": 0.07176331,
    "O": 7.93223991,
    "H": 7.32711342,
    "C": 0.0070105
  },
  "execution_time": 2.956390380859375e-05,
  "mix_id": "MIX_1584",
  "input_file": "/teamspace/studios/this_studio/inputs/generated/MIX_1584.inp"
}