{
  "converged": true,
  "method": "simplified_thermodynamic_model",
  "note": "Using simplified model until Cemdata18 integration complete",
  "temperature_K": 298.15,
  "pressure_bar": 1.01325,
  "CO2_fraction": 0.2,
  "pCO2_bar": 0.20265,
  "phases": {
    "Calcite": {
      "moles": 0.0061299851812499995,
      "mass_kg": 0.0006135502167913125
    },
    "C-S-H_1.0": {
      "moles": 0.42193907481875,
      "mass_kg": 0.0717296427191875
    },
    "Silica_gel": {
      "moles": 1.2379898351812502,
      "mass_kg": 0.07437842929768951
    },
    "Ettringite": {
      "moles": 0.007688925,
      "mass_kg": 0.009649600874999999
    },
    "Hydrotalcite": {
      "moles": 0.026937506999999996,
      "mass_kg": 0.011933315600999998
    }
  },
  "pH": 9.48675,
  "pe": 4.0,
  "Eh": 0.24,
  "system_mass_kg": 0.16830453870966833,
  "input_composition": {
    "Ca": 0.42806906,
    "Si": 1.65992891,
    "Al": 0.62013529,
    "Fe": 0.12068769,
    "Mg": 0.08979169,
    "K": 0.07786318,
    "Na": 0.11346335,
    "S": 0.04613355,
    "O": 10.70255136,
    "H": 10.99067019,
    "C": 0.01209965
  },
  "execution_time": 1.049041748046875e-05,
  "mix_id": "MIX_3288",
  "input_file": "/teamspace/studios/this_studio/inputs/generated/MIX_3288.inp"
}