{
  "converged": true,
  "method": "simplified_thermodynamic_model",
  "note": "Using simplified model until Cemdata18 integration complete",
  "temperature_K": 298.15,
  "pressure_bar": 1.01325,
  "CO2_fraction": 0.35,
  "pCO2_bar": 0.3546375,
  "phases": {
    "Calcite": {
      "moles": 0.027542513604375,
      "mass_kg": 0.0027567301866618936
    },
    "C-S-H_1.0": {
      "moles": 0.366127666395625,
      "mass_kg": 0.062241703287256256
    },
    "Silica_gel": {
      "moles": 1.731436373604375,
      "mass_kg": 0.10402469732615086
    },
    "Hydrotalcite": {
      "moles": 0.020573436,
      "mass_kg": 0.009114032148
    }
  },
  "pH": 8.7268125,
  "pe": 4.0,
  "Eh": 0.24,
  "system_mass_kg": 0.178137162948069,
  "input_composition": {
    "Ca": 0.39367018,
    "Si": 2.09756404,
    "Al": 0.70026569,
    "Fe": 0.17782153,
    "Mg": 0.06857812,
    "K": 0.09529067,
    "Na": 0.16646526,
    "S": 0.0,
    "O": 17.49123702,
    "H": 22.64744156,
    "C": 0.03106554
  },
  "execution_time": 1.2874603271484375e-05,
  "mix_id": "MIX_4906",
  "input_file": "/teamspace/studios/this_studio/inputs/generated/MIX_4906.inp"
}