{
  "converged": true,
  "method": "simplified_thermodynamic_model",
  "note": "Using simplified model until Cemdata18 integration complete",
  "temperature_K": 298.15,
  "pressure_bar": 1.01325,
  "CO2_fraction": 0.15,
  "pCO2_bar": 0.1519875,
  "phases": {
    "Calcite": {
      "moles": 0.0019569416540624997,
      "mass_kg": 0.0001958702901551156
    },
    "C-S-H_1.0": {
      "moles": 0.12845209834593752,
      "mass_kg": 0.02183685671880938
    },
    "Silica_gel": {
      "moles": 1.1041003716540625,
      "mass_kg": 0.06633435032897608
    },
    "Ettringite": {
      "moles": 0.00170865,
      "mass_kg": 0.0021443557499999997
    },
    "Hydrotalcite": {
      "moles": 0.012869562,
      "mass_kg": 0.0057012159659999995
    }
  },
  "pH": 9.7400625,
  "pe": 4.0,
  "Eh": 0.24,
  "system_mass_kg": 0.09621264905394057,
  "input_composition": {
    "Ca": 0.13040904,
    "Si": 1.23255247,
    "Al": 0.47649844,
    "Fe": 0.07912419,
    "Mg": 0.04289854,
    "K": 0.06593911,
    "Na": 0.08083566,
    "S": 0.0102519,
    "O": 5.41806846,
    "H": 3.66355671,
    "C": 0.00515027
  },
  "execution_time": 1.4066696166992188e-05,
  "mix_id": "MIX_0924",
  "input_file": "/teamspace/studios/this_studio/inputs/generated/MIX_0924.inp"
}