{
  "converged": true,
  "method": "simplified_thermodynamic_model",
  "note": "Using simplified model until Cemdata18 integration complete",
  "temperature_K": 298.15,
  "pressure_bar": 1.01325,
  "CO2_fraction": 0.15,
  "pCO2_bar": 0.1519875,
  "phases": {
    "Calcite": {
      "moles": 0.004042802905312499,
      "mass_kg": 0.00040464414279272806
    },
    "C-S-H_1.0": {
      "moles": 0.5999259970946875,
      "mass_kg": 0.10198741950609688
    },
    "Silica_gel": {
      "moles": 0.8386777629053124,
      "mass_kg": 0.05038775999535117
    },
    "Ettringite": {
      "moles": 0.017940826666666666,
      "mass_kg": 0.022515737466666665
    },
    "Hydrotalcite": {
      "moles": 0.039799626,
      "mass_kg": 0.017631234318
    }
  },
  "pH": 9.7400625,
  "pe": 4.0,
  "Eh": 0.24,
  "system_mass_kg": 0.19292679542890745,
  "input_composition": {
    "Ca": 0.6039688,
    "Si": 1.43860376,
    "Al": 0.61215579,
    "Fe": 0.08578968,
    "Mg": 0.13266542,
    "K": 0.06685634,
    "Na": 0.06595793,
    "S": 0.10764496,
    "O": 13.56417218,
    "H": 16.98558113,
    "C": 0.01063983
  },
  "execution_time": 9.775161743164062e-06,
  "mix_id": "MIX_2818",
  "input_file": "/teamspace/studios/this_studio/inputs/generated/MIX_2818.inp"
}