{
  "converged": true,
  "method": "simplified_thermodynamic_model",
  "note": "Using simplified model until Cemdata18 integration complete",
  "temperature_K": 298.15,
  "pressure_bar": 1.01325,
  "CO2_fraction": 0.3,
  "pCO2_bar": 0.303975,
  "phases": {
    "Calcite": {
      "moles": 0.015175313527499998,
      "mass_kg": 0.0015188971309674747
    },
    "C-S-H_1.0": {
      "moles": 0.4568686864725,
      "mass_kg": 0.07766767670032501
    },
    "Silica_gel": {
      "moles": 1.1761605935275,
      "mass_kg": 0.0706637284591322
    },
    "Ettringite": {
      "moles": 0.010251901666666667,
      "mass_kg": 0.012866136591666666
    },
    "Hydrotalcite": {
      "moles": 0.030153035999999998,
      "mass_kg": 0.013357794947999999
    }
  },
  "pH": 8.980125000000001,
  "pe": 4.0,
  "Eh": 0.24,
  "system_mass_kg": 0.17607423383009135,
  "input_composition": {
    "Ca": 0.472044,
    "Si": 1.63302928,
    "Al": 0.61814041,
    "Fe": 0.11196319,
    "Mg": 0.10051012,
    "K": 0.07511147,
    "Na": 0.15671208,
    "S": 0.06151141,
    "O": 12.26821519,
    "H": 13.98812562,
    "C": 0.01996916
  },
  "execution_time": 1.1444091796875e-05,
  "mix_id": "MIX_3213",
  "input_file": "/teamspace/studios/this_studio/inputs/generated/MIX_3213.inp"
}