{
  "converged": true,
  "method": "simplified_thermodynamic_model",
  "note": "Using simplified model until Cemdata18 integration complete",
  "temperature_K": 298.15,
  "pressure_bar": 1.01325,
  "CO2_fraction": 0.3,
  "pCO2_bar": 0.303975,
  "phases": {
    "Calcite": {
      "moles": 0.020361810971249998,
      "mass_kg": 0.002038013660112412
    },
    "C-S-H_1.0": {
      "moles": 0.60784134902875,
      "mass_kg": 0.1033330293348875
    },
    "Silica_gel": {
      "moles": 1.24988538097125,
      "mass_kg": 0.0750931136887527
    },
    "Ettringite": {
      "moles": 0.013669201666666667,
      "mass_kg": 0.017154848091666664
    },
    "Hydrotalcite": {
      "moles": 0.037722929999999995,
      "mass_kg": 0.01671125799
    }
  },
  "pH": 8.980125000000001,
  "pe": 4.0,
  "Eh": 0.24,
  "system_mass_kg": 0.21433026276541928,
  "input_composition": {
    "Ca": 0.62820316,
    "Si": 1.85772673,
    "Al": 0.68962636,
    "Fe": 0.13129085,
    "Mg": 0.1257431,
    "K": 0.08061489,
    "Na": 0.2102719,
    "S": 0.08201521,
    "O": 17.46957345,
    "H": 22.64744153,
    "C": 0.02679406
  },
  "execution_time": 1.1682510375976562e-05,
  "mix_id": "MIX_4446",
  "input_file": "/teamspace/studios/this_studio/inputs/generated/MIX_4446.inp"
}