{
  "converged": true,
  "method": "simplified_thermodynamic_model",
  "note": "Using simplified model until Cemdata18 integration complete",
  "temperature_K": 298.15,
  "pressure_bar": 1.01325,
  "CO2_fraction": 0.3,
  "pCO2_bar": 0.303975,
  "phases": {
    "Calcite": {
      "moles": 0.021687331955625,
      "mass_kg": 0.002170685055438506
    },
    "C-S-H_1.0": {
      "moles": 0.489249338044375,
      "mass_kg": 0.08317238746754375
    },
    "Silica_gel": {
      "moles": 1.4368648819556251,
      "mass_kg": 0.08632684210789396
    },
    "Ettringite": {
      "moles": 0.0068346,
      "mass_kg": 0.008577422999999999
    },
    "Hydrotalcite": {
      "moles": 0.029148182999999998,
      "mass_kg": 0.012912645068999999
    }
  },
  "pH": 8.980125000000001,
  "pe": 4.0,
  "Eh": 0.24,
  "system_mass_kg": 0.19315998269987622,
  "input_composition": {
    "Ca": 0.51093667,
    "Si": 1.92611422,
    "Al": 0.69494602,
    "Fe": 0.15455619,
    "Mg": 0.09716061,
    "K": 0.08795278,
    "Na": 0.0884567,
    "S": 0.0410076,
    "O": 19.32490762,
    "H": 26.64404884,
    "C": 0.02853831
  },
  "execution_time": 2.3126602172851562e-05,
  "mix_id": "MIX_4659",
  "input_file": "/teamspace/studios/this_studio/inputs/generated/MIX_4659.inp"
}