{
  "converged": true,
  "method": "simplified_thermodynamic_model",
  "note": "Using simplified model until Cemdata18 integration complete",
  "temperature_K": 298.15,
  "pressure_bar": 1.01325,
  "CO2_fraction": 0.4,
  "pCO2_bar": 0.4053,
  "phases": {
    "Calcite": {
      "moles": 0.02929412,
      "mass_kg": 0.0029320484708
    },
    "C-S-H_1.0": {
      "moles": 0.36437606,
      "mass_kg": 0.061943930200000004
    },
    "Silica_gel": {
      "moles": 1.7002379299999997,
      "mass_kg": 0.10215029483439998
    },
    "Hydrotalcite": {
      "moles": 0.020573436,
      "mass_kg": 0.009114032148
    }
  },
  "pH": 8.5,
  "pe": 4.0,
  "Eh": 0.24,
  "system_mass_kg": 0.1761403056532,
  "input_composition": {
    "Ca": 0.39367018,
    "Si": 2.06461399,
    "Al": 0.70026569,
    "Fe": 0.17782153,
    "Mg": 0.06857812,
    "K": 0.09529067,
    "Na": 0.10257964,
    "S": 0.0,
    "O": 13.39324393,
    "H": 14.65422683,
    "C": 0.02929412
  },
  "execution_time": 1.1444091796875e-05,
  "mix_id": "MIX_4916",
  "input_file": "/teamspace/studios/this_studio/inputs/generated/MIX_4916.inp"
}