{
  "converged": true,
  "method": "simplified_thermodynamic_model",
  "note": "Using simplified model until Cemdata18 integration complete",
  "temperature_K": 298.15,
  "pressure_bar": 1.01325,
  "CO2_fraction": 0.2,
  "pCO2_bar": 0.20265,
  "phases": {
    "Calcite": {
      "moles": 0.006621446895,
      "mass_kg": 0.0006627406197205499
    },
    "C-S-H_1.0": {
      "moles": 0.509397483105,
      "mass_kg": 0.08659757212785
    },
    "Silica_gel": {
      "moles": 1.0249401368950002,
      "mass_kg": 0.06157840342465161
    },
    "Ettringite": {
      "moles": 0.012814876666666667,
      "mass_kg": 0.016082670216666668
    },
    "Hydrotalcite": {
      "moles": 0.033368564999999996,
      "mass_kg": 0.014782274294999998
    }
  },
  "pH": 9.48675,
  "pe": 4.0,
  "Eh": 0.24,
  "system_mass_kg": 0.17970366068388882,
  "input_composition": {
    "Ca": 0.51601893,
    "Si": 1.53433762,
    "Al": 0.61614554,
    "Fe": 0.10323869,
    "Mg": 0.11122855,
    "K": 0.07235976,
    "Na": 0.06076591,
    "S": 0.07688926,
    "O": 12.09243191,
    "H": 13.9881256,
    "C": 0.01306972
  },
  "execution_time": 9.775161743164062e-06,
  "mix_id": "MIX_3057",
  "input_file": "/teamspace/studios/this_studio/inputs/generated/MIX_3057.inp"
}