{
  "converged": true,
  "method": "simplified_thermodynamic_model",
  "note": "Using simplified model until Cemdata18 integration complete",
  "temperature_K": 298.15,
  "pressure_bar": 1.01325,
  "CO2_fraction": 0.15,
  "pCO2_bar": 0.1519875,
  "phases": {
    "Calcite": {
      "moles": 0.0022811005940624996,
      "mass_kg": 0.0002283153584597156
    },
    "C-S-H_1.0": {
      "moles": 0.1134696294059375,
      "mass_kg": 0.019289836999009376
    },
    "Silica_gel": {
      "moles": 1.1423908905940625,
      "mass_kg": 0.06863484470689128
    },
    "Ettringite": {
      "moles": 0.000854325,
      "mass_kg": 0.0010721778749999999
    },
    "Hydrotalcite": {
      "moles": 0.011797719,
      "mass_kg": 0.005226389517
    }
  },
  "pH": 9.7400625,
  "pe": 4.0,
  "Eh": 0.24,
  "system_mass_kg": 0.09445156445636037,
  "input_composition": {
    "Ca": 0.11575073,
    "Si": 1.25586052,
    "Al": 0.47716339,
    "Fe": 0.08203236,
    "Mg": 0.03932573,
    "K": 0.06685634,
    "Na": 0.09422562,
    "S": 0.00512595,
    "O": 6.94402283,
    "H": 6.66101221,
    "C": 0.00600339
  },
  "execution_time": 1.3589859008789062e-05,
  "mix_id": "MIX_1039",
  "input_file": "/teamspace/studios/this_studio/inputs/generated/MIX_1039.inp"
}