{
  "converged": true,
  "method": "simplified_thermodynamic_model",
  "note": "Using simplified model until Cemdata18 integration complete",
  "temperature_K": 298.15,
  "pressure_bar": 1.01325,
  "CO2_fraction": 0.2,
  "pCO2_bar": 0.20265,
  "phases": {
    "Calcite": {
      "moles": 0.0039812517675,
      "mass_kg": 0.000398483489409075
    },
    "C-S-H_1.0": {
      "moles": 0.1264277882325,
      "mass_kg": 0.021492723999525003
    },
    "Silica_gel": {
      "moles": 1.0832766617675,
      "mass_kg": 0.06508326183899141
    },
    "Ettringite": {
      "moles": 0.00170865,
      "mass_kg": 0.0021443557499999997
    },
    "Hydrotalcite": {
      "moles": 0.012869562,
      "mass_kg": 0.0057012159659999995
    }
  },
  "pH": 9.48675,
  "pe": 4.0,
  "Eh": 0.24,
  "system_mass_kg": 0.09482004104392548,
  "input_composition": {
    "Ca": 0.13040904,
    "Si": 1.20970445,
    "Al": 0.47649844,
    "Fe": 0.07912419,
    "Mg": 0.04289854,
    "K": 0.06593911,
    "Na": 0.03653646,
    "S": 0.0102519,
    "O": 6.85436677,
    "H": 6.66101223,
    "C": 0.00785838
  },
  "execution_time": 1.0251998901367188e-05,
  "mix_id": "MIX_0931",
  "input_file": "/teamspace/studios/this_studio/inputs/generated/MIX_0931.inp"
}