{
  "converged": true,
  "method": "simplified_thermodynamic_model",
  "note": "Using simplified model until Cemdata18 integration complete",
  "temperature_K": 298.15,
  "pressure_bar": 1.01325,
  "CO2_fraction": 0.25,
  "pCO2_bar": 0.2533125,
  "phases": {
    "Calcite": {
      "moles": 0.009337833356249998,
      "mass_kg": 0.0009346237406270624
    },
    "C-S-H_1.0": {
      "moles": 0.36518024664375,
      "mass_kg": 0.062080641929437505
    },
    "Silica_gel": {
      "moles": 0.99595998335625,
      "mass_kg": 0.059837275800043506
    },
    "Ettringite": {
      "moles": 0.010251901666666667,
      "mass_kg": 0.012866136591666666
    },
    "Hydrotalcite": {
      "moles": 0.026870514,
      "mass_kg": 0.011903637702000001
    }
  },
  "pH": 9.2334375,
  "pe": 4.0,
  "Eh": 0.24,
  "system_mass_kg": 0.14762231576377474,
  "input_composition": {
    "Ca": 0.37451808,
    "Si": 1.36114023,
    "Al": 0.54399463,
    "Fe": 0.08100285,
    "Mg": 0.08956838,
    "K": 0.06593911,
    "Na": 0.1388588,
    "S": 0.06151141,
    "O": 11.10129887,
    "H": 13.32202445,
    "C": 0.01474516
  },
  "execution_time": 1.1205673217773438e-05,
  "mix_id": "MIX_1743",
  "input_file": "/teamspace/studios/this_studio/inputs/generated/MIX_1743.inp"
}