{
  "converged": true,
  "method": "simplified_thermodynamic_model",
  "note": "Using simplified model until Cemdata18 integration complete",
  "temperature_K": 298.15,
  "pressure_bar": 1.01325,
  "CO2_fraction": 0.2,
  "pCO2_bar": 0.20265,
  "phases": {
    "Calcite": {
      "moles": 0.004055289944999999,
      "mass_kg": 0.0004058939705950499
    },
    "C-S-H_1.0": {
      "moles": 0.21430362005499998,
      "mass_kg": 0.03643161540935
    },
    "Silica_gel": {
      "moles": 0.9267432099450001,
      "mass_kg": 0.05567873205349561
    },
    "Ettringite": {
      "moles": 0.0068346,
      "mass_kg": 0.008577422999999999
    },
    "Hydrotalcite": {
      "moles": 0.019300623,
      "mass_kg": 0.008550175989
    }
  },
  "pH": 9.48675,
  "pe": 4.0,
  "Eh": 0.24,
  "system_mass_kg": 0.10964384042244066,
  "input_composition": {
    "Ca": 0.21835891,
    "Si": 1.14104683,
    "Al": 0.47250869,
    "Fe": 0.06167519,
    "Mg": 0.06433541,
    "K": 0.06043569,
    "Na": 0.09422562,
    "S": 0.0410076,
    "O": 6.91293239,
    "H": 6.66101221,
    "C": 0.00800452
  },
  "execution_time": 1.0728836059570312e-05,
  "mix_id": "MIX_0271",
  "input_file": "/teamspace/studios/this_studio/inputs/generated/MIX_0271.inp"
}