{
  "converged": true,
  "method": "simplified_thermodynamic_model",
  "note": "Using simplified model until Cemdata18 integration complete",
  "temperature_K": 298.15,
  "pressure_bar": 1.01325,
  "CO2_fraction": 0.25,
  "pCO2_bar": 0.2533125,
  "phases": {
    "Calcite": {
      "moles": 0.011230001737499997,
      "mass_kg": 0.0011240108739063747
    },
    "C-S-H_1.0": {
      "moles": 0.3728641282625,
      "mass_kg": 0.063386901804625
    },
    "Silica_gel": {
      "moles": 1.3117689617375,
      "mass_kg": 0.07881107922118899
    },
    "Ettringite": {
      "moles": 0.00512595,
      "mass_kg": 0.006433067249999999
    },
    "Hydrotalcite": {
      "moles": 0.023721975,
      "mass_kg": 0.010508834925
    }
  },
  "pH": 9.2334375,
  "pe": 4.0,
  "Eh": 0.24,
  "system_mass_kg": 0.16026389407472036,
  "input_composition": {
    "Ca": 0.38409413,
    "Si": 1.68463309,
    "Al": 0.62213016,
    "Fe": 0.12941219,
    "Mg": 0.07907325,
    "K": 0.08061489,
    "Na": 0.06595793,
    "S": 0.0307557,
    "O": 13.65355726,
    "H": 16.98558113,
    "C": 0.01773304
  },
  "execution_time": 4.291534423828125e-05,
  "mix_id": "MIX_3410",
  "input_file": "/teamspace/studios/this_studio/inputs/generated/MIX_3410.inp"
}