{
  "converged": true,
  "method": "simplified_thermodynamic_model",
  "note": "Using simplified model until Cemdata18 integration complete",
  "temperature_K": 298.15,
  "pressure_bar": 1.01325,
  "CO2_fraction": 0.25,
  "pCO2_bar": 0.2533125,
  "phases": {
    "Calcite": {
      "moles": 0.011367784739062498,
      "mass_kg": 0.0011378015745327655
    },
    "C-S-H_1.0": {
      "moles": 0.5926010152609374,
      "mass_kg": 0.10074217259435937
    },
    "Silica_gel": {
      "moles": 0.8814390747390625,
      "mass_kg": 0.05295685961032288
    },
    "Ettringite": {
      "moles": 0.017940826666666666,
      "mass_kg": 0.022515737466666665
    },
    "Hydrotalcite": {
      "moles": 0.039799626,
      "mass_kg": 0.017631234318
    }
  },
  "pH": 9.2334375,
  "pe": 4.0,
  "Eh": 0.24,
  "system_mass_kg": 0.19498380556388167,
  "input_composition": {
    "Ca": 0.6039688,
    "Si": 1.47404009,
    "Al": 0.61215579,
    "Fe": 0.08578968,
    "Mg": 0.13266542,
    "K": 0.06685634,
    "Na": 0.13466411,
    "S": 0.10764496,
    "O": 13.68401951,
    "H": 16.98558118,
    "C": 0.01795061
  },
  "execution_time": 1.3828277587890625e-05,
  "mix_id": "MIX_2858",
  "input_file": "/teamspace/studios/this_studio/inputs/generated/MIX_2858.inp"
}