{
  "converged": true,
  "method": "simplified_thermodynamic_model",
  "note": "Using simplified model until Cemdata18 integration complete",
  "temperature_K": 298.15,
  "pressure_bar": 1.01325,
  "CO2_fraction": 0.15,
  "pCO2_bar": 0.1519875,
  "phases": {
    "Calcite": {
      "moles": 0.0029294108746875,
      "mass_kg": 0.00029320473444747184
    },
    "C-S-H_1.0": {
      "moles": 0.25432216912531247,
      "mass_kg": 0.043234768751303124
    },
    "Silica_gel": {
      "moles": 1.2288255908746875,
      "mass_kg": 0.07382784149975122
    },
    "Ettringite": {
      "moles": 0.0034173,
      "mass_kg": 0.0042887114999999995
    },
    "Hydrotalcite": {
      "moles": 0.01829577,
      "mass_kg": 0.00810502611
    }
  },
  "pH": 9.7400625,
  "pe": 4.0,
  "Eh": 0.24,
  "system_mass_kg": 0.1297495525955018,
  "input_composition": {
    "Ca": 0.25725158,
    "Si": 1.48314776,
    "Al": 0.5493143,
    "Fe": 0.10426819,
    "Mg": 0.0609859,
    "K": 0.073277,
    "Na": 0.12100552,
    "S": 0.0205038,
    "O": 9.10168715,
    "H": 9.32541705,
    "C": 0.00770961
  },
  "execution_time": 9.5367431640625e-06,
  "mix_id": "MIX_2157",
  "input_file": "/teamspace/studios/this_studio/inputs/generated/MIX_2157.inp"
}