{
  "converged": true,
  "method": "simplified_thermodynamic_model",
  "note": "Using simplified model until Cemdata18 integration complete",
  "temperature_K": 298.15,
  "pressure_bar": 1.01325,
  "CO2_fraction": 0.15,
  "pCO2_bar": 0.1519875,
  "phases": {
    "Calcite": {
      "moles": 0.0044145453318749995,
      "mass_kg": 0.0004418518422673687
    },
    "C-S-H_1.0": {
      "moles": 0.6875041246681249,
      "mass_kg": 0.11687570119358125
    },
    "Silica_gel": {
      "moles": 0.6935915453318752,
      "mass_kg": 0.041670980043539065
    },
    "Ettringite": {
      "moles": 0.023066776666666667,
      "mass_kg": 0.028948804716666665
    },
    "Hydrotalcite": {
      "moles": 0.046230684,
      "mass_kg": 0.020480193012000002
    }
  },
  "pH": 9.7400625,
  "pe": 4.0,
  "Eh": 0.24,
  "system_mass_kg": 0.20841753080805434,
  "input_composition": {
    "Ca": 0.69191867,
    "Si": 1.38109567,
    "Al": 0.60816604,
    "Fe": 0.06834068,
    "Mg": 0.15410228,
    "K": 0.06135292,
    "Na": 0.14526449,
    "S": 0.13840066,
    "O": 15.15623776,
    "H": 19.98303667,
    "C": 0.01161818
  },
  "execution_time": 1.3113021850585938e-05,
  "mix_id": "MIX_2603",
  "input_file": "/teamspace/studios/this_studio/inputs/generated/MIX_2603.inp"
}