{
  "converged": true,
  "method": "simplified_thermodynamic_model",
  "note": "Using simplified model until Cemdata18 integration complete",
  "temperature_K": 298.15,
  "pressure_bar": 1.01325,
  "CO2_fraction": 0.15,
  "pCO2_bar": 0.1519875,
  "phases": {
    "Calcite": {
      "moles": 0.004600961800312499,
      "mass_kg": 0.000460510266593278
    },
    "C-S-H_1.0": {
      "moles": 0.3890692181996875,
      "mass_kg": 0.06614176709394688
    },
    "Silica_gel": {
      "moles": 1.6809557318003125,
      "mass_kg": 0.10099182036656278
    },
    "Hydrotalcite": {
      "moles": 0.020573436,
      "mass_kg": 0.009114032148
    }
  },
  "pH": 9.7400625,
  "pe": 4.0,
  "Eh": 0.24,
  "system_mass_kg": 0.17670812987510293,
  "input_composition": {
    "Ca": 0.39367018,
    "Si": 2.07002495,
    "Al": 0.70026569,
    "Fe": 0.17782153,
    "Mg": 0.06857812,
    "K": 0.09529067,
    "Na": 0.11307074,
    "S": 0.0,
    "O": 15.3732444,
    "H": 18.65083418,
    "C": 0.01210879
  },
  "execution_time": 1.4066696166992188e-05,
  "mix_id": "MIX_4837",
  "input_file": "/teamspace/studios/this_studio/inputs/generated/MIX_4837.inp"
}