{
  "converged": true,
  "method": "simplified_thermodynamic_model",
  "note": "Using simplified model until Cemdata18 integration complete",
  "temperature_K": 298.15,
  "pressure_bar": 1.01325,
  "CO2_fraction": 0.4,
  "pCO2_bar": 0.4053,
  "phases": {
    "Calcite": {
      "moles": 0.01364874,
      "mass_kg": 0.0013661023866
    },
    "C-S-H_1.0": {
      "moles": 0.11676030000000001,
      "mass_kg": 0.019849251000000002
    },
    "Silica_gel": {
      "moles": 1.10710628,
      "mass_kg": 0.0665149453024
    },
    "Ettringite": {
      "moles": 0.00170865,
      "mass_kg": 0.0021443557499999997
    },
    "Hydrotalcite": {
      "moles": 0.012869562,
      "mass_kg": 0.0057012159659999995
    }
  },
  "pH": 8.5,
  "pe": 4.0,
  "Eh": 0.24,
  "system_mass_kg": 0.095575870405,
  "input_composition": {
    "Ca": 0.13040904,
    "Si": 1.22386658,
    "Al": 0.47649844,
    "Fe": 0.07912419,
    "Mg": 0.04289854,
    "K": 0.06593911,
    "Na": 0.0639949,
    "S": 0.0102519,
    "O": 5.40927326,
    "H": 3.66355677,
    "C": 0.01364874
  },
  "execution_time": 0.00011014938354492188,
  "mix_id": "MIX_1000",
  "input_file": "/teamspace/studios/this_studio/inputs/generated/MIX_1000.inp"
}