{
  "converged": true,
  "method": "simplified_thermodynamic_model",
  "note": "Using simplified model until Cemdata18 integration complete",
  "temperature_K": 298.15,
  "pressure_bar": 1.01325,
  "CO2_fraction": 0.3,
  "pCO2_bar": 0.303975,
  "phases": {
    "Calcite": {
      "moles": 0.013446478513124997,
      "mass_kg": 0.001345858034378681
    },
    "C-S-H_1.0": {
      "moles": 0.390388221486875,
      "mass_kg": 0.06636599765276875
    },
    "Silica_gel": {
      "moles": 0.937948098513125,
      "mass_kg": 0.05635192175866855
    },
    "Ettringite": {
      "moles": 0.011960551666666666,
      "mass_kg": 0.015010492341666664
    },
    "Hydrotalcite": {
      "moles": 0.029014203,
      "mass_kg": 0.012853291929
    }
  },
  "pH": 8.980125000000001,
  "pe": 4.0,
  "Eh": 0.24,
  "system_mass_kg": 0.15192756171648264,
  "input_composition": {
    "Ca": 0.4038347,
    "Si": 1.32833632,
    "Al": 0.54266472,
    "Fe": 0.07518652,
    "Mg": 0.09671401,
    "K": 0.06410463,
    "Na": 0.1388588,
    "S": 0.07176331,
    "O": 11.09717044,
    "H": 13.32202445,
    "C": 0.01769419
  },
  "execution_time": 1.2159347534179688e-05,
  "mix_id": "MIX_1647",
  "input_file": "/teamspace/studios/this_studio/inputs/generated/MIX_1647.inp"
}