{
  "converged": true,
  "method": "simplified_thermodynamic_model",
  "note": "Using simplified model until Cemdata18 integration complete",
  "temperature_K": 298.15,
  "pressure_bar": 1.01325,
  "CO2_fraction": 0.4,
  "pCO2_bar": 0.4053,
  "phases": {
    "Calcite": {
      "moles": 0.02030615,
      "mass_kg": 0.0020324425535
    },
    "C-S-H_1.0": {
      "moles": 0.4421618,
      "mass_kg": 0.07516750600000001
    },
    "Silica_gel": {
      "moles": 0.78562227,
      "mass_kg": 0.0472001859816
    },
    "Ettringite": {
      "moles": 0.015377851666666666,
      "mass_kg": 0.019299203841666664
    },
    "Hydrotalcite": {
      "moles": 0.033301575,
      "mass_kg": 0.014752597725
    }
  },
  "pH": 8.5,
  "pe": 4.0,
  "Eh": 0.24,
  "system_mass_kg": 0.15845193610176667,
  "input_composition": {
    "Ca": 0.46246795,
    "Si": 1.22778407,
    "Al": 0.54000488,
    "Fe": 0.06355385,
    "Mg": 0.11100525,
    "K": 0.06043569,
    "Na": 0.07110634,
    "S": 0.09226711,
    "O": 8.98027264,
    "H": 9.3254171,
    "C": 0.02030615
  },
  "execution_time": 1.1682510375976562e-05,
  "mix_id": "MIX_1445",
  "input_file": "/teamspace/studios/this_studio/inputs/generated/MIX_1445.inp"
}