{
  "converged": true,
  "method": "simplified_thermodynamic_model",
  "note": "Using simplified model until Cemdata18 integration complete",
  "temperature_K": 298.15,
  "pressure_bar": 1.01325,
  "CO2_fraction": 0.4,
  "pCO2_bar": 0.4053,
  "phases": {
    "Calcite": {
      "moles": 0.02854513,
      "mass_kg": 0.0028570820616999996
    },
    "C-S-H_1.0": {
      "moles": 0.39952393,
      "mass_kg": 0.06791906810000001
    },
    "Silica_gel": {
      "moles": 1.2534387900000001,
      "mass_kg": 0.07530660250320001
    },
    "Ettringite": {
      "moles": 0.007688925,
      "mass_kg": 0.009649600874999999
    },
    "Hydrotalcite": {
      "moles": 0.026937506999999996,
      "mass_kg": 0.011933315600999998
    }
  },
  "pH": 8.5,
  "pe": 4.0,
  "Eh": 0.24,
  "system_mass_kg": 0.1676656691409,
  "input_composition": {
    "Ca": 0.42806906,
    "Si": 1.65296272,
    "Al": 0.62013529,
    "Fe": 0.12068769,
    "Mg": 0.08979169,
    "K": 0.07786318,
    "Na": 0.09995686,
    "S": 0.04613355,
    "O": 13.71221214,
    "H": 16.9855811,
    "C": 0.02854513
  },
  "execution_time": 0.00010466575622558594,
  "mix_id": "MIX_3350",
  "input_file": "/teamspace/studios/this_studio/inputs/generated/MIX_3350.inp"
}