{
  "converged": true,
  "method": "simplified_thermodynamic_model",
  "note": "Using simplified model until Cemdata18 integration complete",
  "temperature_K": 298.15,
  "pressure_bar": 1.01325,
  "CO2_fraction": 0.25,
  "pCO2_bar": 0.2533125,
  "phases": {
    "Calcite": {
      "moles": 0.009637977004687498,
      "mass_kg": 0.0009646651183991716
    },
    "C-S-H_1.0": {
      "moles": 0.3744561529953125,
      "mass_kg": 0.06365754600920313
    },
    "Silica_gel": {
      "moles": 1.3500787670046874,
      "mass_kg": 0.08111273232164162
    },
    "Ettringite": {
      "moles": 0.00512595,
      "mass_kg": 0.006433067249999999
    },
    "Hydrotalcite": {
      "moles": 0.023721975,
      "mass_kg": 0.010508834925
    }
  },
  "pH": 9.2334375,
  "pe": 4.0,
  "Eh": 0.24,
  "system_mass_kg": 0.16267684562424392,
  "input_composition": {
    "Ca": 0.38409413,
    "Si": 1.72453492,
    "Al": 0.62213016,
    "Fe": 0.12941219,
    "Mg": 0.07907325,
    "K": 0.08061489,
    "Na": 0.14332212,
    "S": 0.0307557,
    "O": 10.76955965,
    "H": 10.99067012,
    "C": 0.01521911
  },
  "execution_time": 9.5367431640625e-06,
  "mix_id": "MIX_3420",
  "input_file": "/teamspace/studios/this_studio/inputs/generated/MIX_3420.inp"
}