{
  "converged": true,
  "method": "simplified_thermodynamic_model",
  "note": "Using simplified model until Cemdata18 integration complete",
  "temperature_K": 298.15,
  "pressure_bar": 1.01325,
  "CO2_fraction": 0.35,
  "pCO2_bar": 0.3546375,
  "phases": {
    "Calcite": {
      "moles": 0.0250496868234375,
      "mass_kg": 0.0025072231541578595
    },
    "C-S-H_1.0": {
      "moles": 0.6031534731765624,
      "mass_kg": 0.10253609044001562
    },
    "Silica_gel": {
      "moles": 1.2044401868234376,
      "mass_kg": 0.07236276642435213
    },
    "Ettringite": {
      "moles": 0.013669201666666667,
      "mass_kg": 0.017154848091666664
    },
    "Hydrotalcite": {
      "moles": 0.037722929999999995,
      "mass_kg": 0.01671125799
    }
  },
  "pH": 8.7268125,
  "pe": 4.0,
  "Eh": 0.24,
  "system_mass_kg": 0.21127218610019227,
  "input_composition": {
    "Ca": 0.62820316,
    "Si": 1.80759366,
    "Al": 0.68962636,
    "Fe": 0.13129085,
    "Mg": 0.1257431,
    "K": 0.08061489,
    "Na": 0.11307074,
    "S": 0.08201521,
    "O": 15.32532263,
    "H": 18.65083418,
    "C": 0.02825385
  },
  "execution_time": 1.0251998901367188e-05,
  "mix_id": "MIX_4453",
  "input_file": "/teamspace/studios/this_studio/inputs/generated/MIX_4453.inp"
}