{
  "converged": true,
  "method": "simplified_thermodynamic_model",
  "note": "Using simplified model until Cemdata18 integration complete",
  "temperature_K": 298.15,
  "pressure_bar": 1.01325,
  "CO2_fraction": 0.4,
  "pCO2_bar": 0.4053,
  "phases": {
    "Calcite": {
      "moles": 0.02613944,
      "mass_kg": 0.0026162965496
    },
    "C-S-H_1.0": {
      "moles": 0.44590456,
      "mass_kg": 0.0758037752
    },
    "Silica_gel": {
      "moles": 1.13763893,
      "mass_kg": 0.0683493469144
    },
    "Ettringite": {
      "moles": 0.010251901666666667,
      "mass_kg": 0.012866136591666666
    },
    "Hydrotalcite": {
      "moles": 0.030153035999999998,
      "mass_kg": 0.013357794947999999
    }
  },
  "pH": 8.5,
  "pe": 4.0,
  "Eh": 0.24,
  "system_mass_kg": 0.17299335020366668,
  "input_composition": {
    "Ca": 0.472044,
    "Si": 1.58354349,
    "Al": 0.61814041,
    "Fe": 0.11196319,
    "Mg": 0.10051012,
    "K": 0.07511147,
    "Na": 0.06076591,
    "S": 0.06151141,
    "O": 12.13361108,
    "H": 13.9881256,
    "C": 0.02613944
  },
  "execution_time": 1.8835067749023438e-05,
  "mix_id": "MIX_3233",
  "input_file": "/teamspace/studios/this_studio/inputs/generated/MIX_3233.inp"
}