{
  "converged": true,
  "method": "simplified_thermodynamic_model",
  "note": "Using simplified model until Cemdata18 integration complete",
  "temperature_K": 298.15,
  "pressure_bar": 1.01325,
  "CO2_fraction": 0.35,
  "pCO2_bar": 0.3546375,
  "phases": {
    "Calcite": {
      "moles": 0.01712558673,
      "mass_kg": 0.0017140999758056999
    },
    "C-S-H_1.0": {
      "moles": 0.35739249327,
      "mass_kg": 0.0607567238559
    },
    "Silica_gel": {
      "moles": 0.99914367673,
      "mass_kg": 0.060028552097938406
    },
    "Ettringite": {
      "moles": 0.010251901666666667,
      "mass_kg": 0.012866136591666666
    },
    "Hydrotalcite": {
      "moles": 0.026870514,
      "mass_kg": 0.011903637702000001
    }
  },
  "pH": 8.7268125,
  "pe": 4.0,
  "Eh": 0.24,
  "system_mass_kg": 0.14726915022331077,
  "input_composition": {
    "Ca": 0.37451808,
    "Si": 1.35653617,
    "Al": 0.54399463,
    "Fe": 0.08100285,
    "Mg": 0.08956838,
    "K": 0.06593911,
    "Na": 0.12993217,
    "S": 0.06151141,
    "O": 10.0976176,
    "H": 11.32372077,
    "C": 0.01931616
  },
  "execution_time": 9.298324584960938e-06,
  "mix_id": "MIX_1774",
  "input_file": "/teamspace/studios/this_studio/inputs/generated/MIX_1774.inp"
}