{
  "converged": true,
  "method": "simplified_thermodynamic_model",
  "note": "Using simplified model until Cemdata18 integration complete",
  "temperature_K": 298.15,
  "pressure_bar": 1.01325,
  "CO2_fraction": 0.2,
  "pCO2_bar": 0.20265,
  "phases": {
    "Calcite": {
      "moles": 0.00666164758875,
      "mass_kg": 0.0006667643071579874
    },
    "C-S-H_1.0": {
      "moles": 0.6412820824112501,
      "mass_kg": 0.10901795400991252
    },
    "Silica_gel": {
      "moles": 0.76159309758875,
      "mass_kg": 0.0457565133031321
    },
    "Ettringite": {
      "moles": 0.020503801666666665,
      "mass_kg": 0.02573227109166666
    },
    "Hydrotalcite": {
      "moles": 0.043015155,
      "mass_kg": 0.019055713665
    }
  },
  "pH": 9.48675,
  "pe": 4.0,
  "Eh": 0.24,
  "system_mass_kg": 0.20022921637686927,
  "input_composition": {
    "Ca": 0.64794373,
    "Si": 1.40287518,
    "Al": 0.61016091,
    "Fe": 0.07706518,
    "Mg": 0.14338385,
    "K": 0.06410463,
    "Na": 0.09208854,
    "S": 0.12302281,
    "O": 12.09544309,
    "H": 13.9881257,
    "C": 0.01314907
  },
  "execution_time": 1.049041748046875e-05,
  "mix_id": "MIX_2725",
  "input_file": "/teamspace/studios/this_studio/inputs/generated/MIX_2725.inp"
}