{
  "converged": true,
  "method": "simplified_thermodynamic_model",
  "note": "Using simplified model until Cemdata18 integration complete",
  "temperature_K": 298.15,
  "pressure_bar": 1.01325,
  "CO2_fraction": 0.2,
  "pCO2_bar": 0.20265,
  "phases": {
    "Calcite": {
      "moles": 0.00473559106125,
      "mass_kg": 0.00047398530932051246
    },
    "C-S-H_1.0": {
      "moles": 0.31114923893875,
      "mass_kg": 0.0528953706195875
    },
    "Silica_gel": {
      "moles": 1.06639490106125,
      "mass_kg": 0.06406900565575989
    },
    "Ettringite": {
      "moles": 0.0068346,
      "mass_kg": 0.008577422999999999
    },
    "Hydrotalcite": {
      "moles": 0.022583142,
      "mass_kg": 0.010004331906
    }
  },
  "pH": 9.48675,
  "pe": 4.0,
  "Eh": 0.24,
  "system_mass_kg": 0.1360201164906679,
  "input_composition": {
    "Ca": 0.31588483,
    "Si": 1.37754414,
    "Al": 0.54665447,
    "Fe": 0.09263552,
    "Mg": 0.07527714,
    "K": 0.06960805,
    "Na": 0.04345916,
    "S": 0.0410076,
    "O": 7.96699303,
    "H": 7.32711342,
    "C": 0.00934733
  },
  "execution_time": 1.8596649169921875e-05,
  "mix_id": "MIX_1936",
  "input_file": "/teamspace/studios/this_studio/inputs/generated/MIX_1936.inp"
}