{
  "converged": true,
  "method": "simplified_thermodynamic_model",
  "note": "Using simplified model until Cemdata18 integration complete",
  "temperature_K": 298.15,
  "pressure_bar": 1.01325,
  "CO2_fraction": 0.35,
  "pCO2_bar": 0.3546375,
  "phases": {
    "Calcite": {
      "moles": 0.01103748930375,
      "mass_kg": 0.0011047423044123375
    },
    "C-S-H_1.0": {
      "moles": 0.17800480069625,
      "mass_kg": 0.0302608161183625
    },
    "Silica_gel": {
      "moles": 0.96430657930375,
      "mass_kg": 0.0579355392845693
    },
    "Ettringite": {
      "moles": 0.00512595,
      "mass_kg": 0.006433067249999999
    },
    "Hydrotalcite": {
      "moles": 0.017156936999999997,
      "mass_kg": 0.007600523090999999
    }
  },
  "pH": 8.7268125,
  "pe": 4.0,
  "Eh": 0.24,
  "system_mass_kg": 0.10333468804834413,
  "input_composition": {
    "Ca": 0.18904229,
    "Si": 1.14231138,
    "Al": 0.4738386,
    "Fe": 0.06749152,
    "Mg": 0.05718979,
    "K": 0.06227016,
    "Na": 0.03307511,
    "S": 0.0307557,
    "O": 5.83904267,
    "H": 4.66270853,
    "C": 0.01244932
  },
  "execution_time": 7.62939453125e-06,
  "mix_id": "MIX_0529",
  "input_file": "/teamspace/studios/this_studio/inputs/generated/MIX_0529.inp"
}