{
  "converged": true,
  "method": "simplified_thermodynamic_model",
  "note": "Using simplified model until Cemdata18 integration complete",
  "temperature_K": 298.15,
  "pressure_bar": 1.01325,
  "CO2_fraction": 0.4,
  "pCO2_bar": 0.4053,
  "phases": {
    "Calcite": {
      "moles": 0.02854513,
      "mass_kg": 0.0028570820616999996
    },
    "C-S-H_1.0": {
      "moles": 0.5754236699999999,
      "mass_kg": 0.0978220239
    },
    "Silica_gel": {
      "moles": 0.8807155900000001,
      "mass_kg": 0.052913392647200005
    },
    "Ettringite": {
      "moles": 0.017940826666666666,
      "mass_kg": 0.022515737466666665
    },
    "Hydrotalcite": {
      "moles": 0.039799626,
      "mass_kg": 0.017631234318
    }
  },
  "pH": 8.5,
  "pe": 4.0,
  "Eh": 0.24,
  "system_mass_kg": 0.19373947039356668,
  "input_composition": {
    "Ca": 0.6039688,
    "Si": 1.45613926,
    "Al": 0.61215579,
    "Fe": 0.08578968,
    "Mg": 0.13266542,
    "K": 0.06685634,
    "Na": 0.09995686,
    "S": 0.10764496,
    "O": 13.65205323,
    "H": 16.9855811,
    "C": 0.02854513
  },
  "execution_time": 1.2874603271484375e-05,
  "mix_id": "MIX_2902",
  "input_file": "/teamspace/studios/this_studio/inputs/generated/MIX_2902.inp"
}