{
  "converged": true,
  "method": "simplified_thermodynamic_model",
  "note": "Using simplified model until Cemdata18 integration complete",
  "temperature_K": 298.15,
  "pressure_bar": 1.01325,
  "CO2_fraction": 0.35,
  "pCO2_bar": 0.3546375,
  "phases": {
    "Calcite": {
      "moles": 0.011831035039687498,
      "mass_kg": 0.0011841682971223217
    },
    "C-S-H_1.0": {
      "moles": 0.1478946249603125,
      "mass_kg": 0.025142086243253127
    },
    "Silica_gel": {
      "moles": 1.0564579950396875,
      "mass_kg": 0.06347199634198443
    },
    "Ettringite": {
      "moles": 0.0034173,
      "mass_kg": 0.0042887114999999995
    },
    "Hydrotalcite": {
      "moles": 0.015013247999999998,
      "mass_kg": 0.006650868863999999
    }
  },
  "pH": 8.7268125,
  "pe": 4.0,
  "Eh": 0.24,
  "system_mass_kg": 0.10073783124635988,
  "input_composition": {
    "Ca": 0.15972566,
    "Si": 1.20435262,
    "Al": 0.47516852,
    "Fe": 0.07330786,
    "Mg": 0.05004416,
    "K": 0.06410463,
    "Na": 0.0897623,
    "S": 0.0205038,
    "O": 6.43725347,
    "H": 5.66186043,
    "C": 0.01334437
  },
  "execution_time": 1.6689300537109375e-05,
  "mix_id": "MIX_0766",
  "input_file": "/teamspace/studios/this_studio/inputs/generated/MIX_0766.inp"
}