{
  "converged": true,
  "method": "simplified_thermodynamic_model",
  "note": "Using simplified model until Cemdata18 integration complete",
  "temperature_K": 298.15,
  "pressure_bar": 1.01325,
  "CO2_fraction": 0.4,
  "pCO2_bar": 0.4053,
  "phases": {
    "Calcite": {
      "moles": 0.01373406,
      "mass_kg": 0.0013746420654
    },
    "C-S-H_1.0": {
      "moles": 0.21928316,
      "mass_kg": 0.037278137200000006
    },
    "Silica_gel": {
      "moles": 0.89845563,
      "mass_kg": 0.0539792142504
    },
    "Ettringite": {
      "moles": 0.007688925,
      "mass_kg": 0.009649600874999999
    },
    "Hydrotalcite": {
      "moles": 0.020372466000000002,
      "mass_kg": 0.009025002438000002
    }
  },
  "pH": 8.5,
  "pe": 4.0,
  "Eh": 0.24,
  "system_mass_kg": 0.11130659682880001,
  "input_composition": {
    "Ca": 0.23301722,
    "Si": 1.11773879,
    "Al": 0.47184373,
    "Fe": 0.05876702,
    "Mg": 0.06790822,
    "K": 0.05951845,
    "Na": 0.08083566,
    "S": 0.04613355,
    "O": 5.40014334,
    "H": 3.66355671,
    "C": 0.01373406
  },
  "execution_time": 1.0251998901367188e-05,
  "mix_id": "MIX_0220",
  "input_file": "/teamspace/studios/this_studio/inputs/generated/MIX_0220.inp"
}