{
  "converged": true,
  "method": "simplified_thermodynamic_model",
  "note": "Using simplified model until Cemdata18 integration complete",
  "temperature_K": 298.15,
  "pressure_bar": 1.01325,
  "CO2_fraction": 0.25,
  "pCO2_bar": 0.2533125,
  "phases": {
    "Calcite": {
      "moles": 0.011438845228124998,
      "mass_kg": 0.001144914018883031
    },
    "C-S-H_1.0": {
      "moles": 0.460605154771875,
      "mass_kg": 0.07830287631121877
    },
    "Silica_gel": {
      "moles": 1.1793302152281249,
      "mass_kg": 0.07085415933090575
    },
    "Ettringite": {
      "moles": 0.010251901666666667,
      "mass_kg": 0.012866136591666666
    },
    "Hydrotalcite": {
      "moles": 0.030153035999999998,
      "mass_kg": 0.013357794947999999
    }
  },
  "pH": 9.2334375,
  "pe": 4.0,
  "Eh": 0.24,
  "system_mass_kg": 0.1765258812006742,
  "input_composition": {
    "Ca": 0.472044,
    "Si": 1.63993537,
    "Al": 0.61814041,
    "Fe": 0.11196319,
    "Mg": 0.10051012,
    "K": 0.07511147,
    "Na": 0.17010204,
    "S": 0.06151141,
    "O": 13.78363742,
    "H": 16.98558112,
    "C": 0.01806282
  },
  "execution_time": 1.2874603271484375e-05,
  "mix_id": "MIX_3198",
  "input_file": "/teamspace/studios/this_studio/inputs/generated/MIX_3198.inp"
}