{
  "converged": true,
  "method": "simplified_thermodynamic_model",
  "note": "Using simplified model until Cemdata18 integration complete",
  "temperature_K": 298.15,
  "pressure_bar": 1.01325,
  "CO2_fraction": 0.4,
  "pCO2_bar": 0.4053,
  "phases": {
    "Calcite": {
      "moles": 0.01525071,
      "mass_kg": 0.0015264435639
    },
    "C-S-H_1.0": {
      "moles": 0.18844989,
      "mass_kg": 0.0320364813
    },
    "Silica_gel": {
      "moles": 0.96669687,
      "mass_kg": 0.0580791479496
    },
    "Ettringite": {
      "moles": 0.005980275,
      "mass_kg": 0.007505245125
    },
    "Hydrotalcite": {
      "moles": 0.01822878,
      "mass_kg": 0.00807534954
    }
  },
  "pH": 8.5,
  "pe": 4.0,
  "Eh": 0.24,
  "system_mass_kg": 0.1072226674785,
  "input_composition": {
    "Ca": 0.2037006,
    "Si": 1.15514676,
    "Al": 0.47317365,
    "Fe": 0.06458336,
    "Mg": 0.0607626,
    "K": 0.06135292,
    "Na": 0.0897623,
    "S": 0.03588165,
    "O": 6.42602642,
    "H": 5.66186043,
    "C": 0.01525071
  },
  "execution_time": 1.0013580322265625e-05,
  "mix_id": "MIX_0446",
  "input_file": "/teamspace/studios/this_studio/inputs/generated/MIX_0446.inp"
}