{
  "converged": true,
  "method": "simplified_thermodynamic_model",
  "note": "Using simplified model until Cemdata18 integration complete",
  "temperature_K": 298.15,
  "pressure_bar": 1.01325,
  "CO2_fraction": 0.15,
  "pCO2_bar": 0.1519875,
  "phases": {
    "Calcite": {
      "moles": 0.0021595485909374997,
      "mass_kg": 0.00021614921846693436
    },
    "C-S-H_1.0": {
      "moles": 0.1722244314090625,
      "mass_kg": 0.029278153339540626
    },
    "Silica_gel": {
      "moles": 1.0060811585909375,
      "mass_kg": 0.060445356008143526
    },
    "Ettringite": {
      "moles": 0.004271625,
      "mass_kg": 0.0053608893749999996
    },
    "Hydrotalcite": {
      "moles": 0.016085091,
      "mass_kg": 0.007125695313
    }
  },
  "pH": 9.7400625,
  "pe": 4.0,
  "Eh": 0.24,
  "system_mass_kg": 0.10242624325415109,
  "input_composition": {
    "Ca": 0.17438398,
    "Si": 1.17830559,
    "Al": 0.47450356,
    "Fe": 0.07039969,
    "Mg": 0.05361697,
    "K": 0.0631874,
    "Na": 0.07106182,
    "S": 0.02562975,
    "O": 6.38827807,
    "H": 5.66186043,
    "C": 0.00568349
  },
  "execution_time": 1.0728836059570312e-05,
  "mix_id": "MIX_0586",
  "input_file": "/teamspace/studios/this_studio/inputs/generated/MIX_0586.inp"
}