{
  "converged": true,
  "method": "simplified_thermodynamic_model",
  "note": "Using simplified model until Cemdata18 integration complete",
  "temperature_K": 298.15,
  "pressure_bar": 1.01325,
  "CO2_fraction": 0.25,
  "pCO2_bar": 0.2533125,
  "phases": {
    "Calcite": {
      "moles": 0.013881987295312497,
      "mass_kg": 0.0013894481083878277
    },
    "C-S-H_1.0": {
      "moles": 0.4970546827046875,
      "mass_kg": 0.08449929605979688
    },
    "Silica_gel": {
      "moles": 1.4254890372953124,
      "mass_kg": 0.08564338136070238
    },
    "Ettringite": {
      "moles": 0.0068346,
      "mass_kg": 0.008577422999999999
    },
    "Hydrotalcite": {
      "moles": 0.029148182999999998,
      "mass_kg": 0.012912645068999999
    }
  },
  "pH": 9.2334375,
  "pe": 4.0,
  "Eh": 0.24,
  "system_mass_kg": 0.19302219359788708,
  "input_composition": {
    "Ca": 0.51093667,
    "Si": 1.92254372,
    "Al": 0.69494602,
    "Fe": 0.15455619,
    "Mg": 0.09716061,
    "K": 0.08795278,
    "Na": 0.081534,
    "S": 0.0410076,
    "O": 17.30276648,
    "H": 22.64744155,
    "C": 0.02192073
  },
  "execution_time": 8.58306884765625e-06,
  "mix_id": "MIX_4642",
  "input_file": "/teamspace/studios/this_studio/inputs/generated/MIX_4642.inp"
}