{
  "converged": true,
  "method": "simplified_thermodynamic_model",
  "note": "Using simplified model until Cemdata18 integration complete",
  "temperature_K": 298.15,
  "pressure_bar": 1.01325,
  "CO2_fraction": 0.3,
  "pCO2_bar": 0.303975,
  "phases": {
    "Calcite": {
      "moles": 0.018632983556249996,
      "mass_kg": 0.0018649753241450622
    },
    "C-S-H_1.0": {
      "moles": 0.66820342644375,
      "mass_kg": 0.11359458249543751
    },
    "Silica_gel": {
      "moles": 1.11470737355625,
      "mass_kg": 0.0669716190032595
    },
    "Ettringite": {
      "moles": 0.017086501666666667,
      "mass_kg": 0.021443559591666665
    },
    "Hydrotalcite": {
      "moles": 0.042010302,
      "mass_kg": 0.018610563786
    }
  },
  "pH": 8.980125000000001,
  "pe": 4.0,
  "Eh": 0.24,
  "system_mass_kg": 0.22248530020050875,
  "input_composition": {
    "Ca": 0.68683641,
    "Si": 1.7829108,
    "Al": 0.68696653,
    "Fe": 0.11965818,
    "Mg": 0.14003434,
    "K": 0.07694594,
    "Na": 0.19241863,
    "S": 0.10251901,
    "O": 15.41932402,
    "H": 18.65083419,
    "C": 0.0245191
  },
  "execution_time": 1.239776611328125e-05,
  "mix_id": "MIX_4333",
  "input_file": "/teamspace/studios/this_studio/inputs/generated/MIX_4333.inp"
}