{
  "converged": true,
  "method": "simplified_thermodynamic_model",
  "note": "Using simplified model until Cemdata18 integration complete",
  "temperature_K": 298.15,
  "pressure_bar": 1.01325,
  "CO2_fraction": 0.3,
  "pCO2_bar": 0.303975,
  "phases": {
    "Calcite": {
      "moles": 0.013200980703749999,
      "mass_kg": 0.0013212861586383374
    },
    "C-S-H_1.0": {
      "moles": 0.41995033929625003,
      "mass_kg": 0.07139155768036251
    },
    "Silica_gel": {
      "moles": 0.8317339007037499,
      "mass_kg": 0.049970572754281295
    },
    "Ettringite": {
      "moles": 0.013669201666666667,
      "mass_kg": 0.017154848091666664
    },
    "Hydrotalcite": {
      "moles": 0.031157888999999998,
      "mass_kg": 0.013802944826999999
    }
  },
  "pH": 8.980125000000001,
  "pe": 4.0,
  "Eh": 0.24,
  "system_mass_kg": 0.15364120951194882,
  "input_composition": {
    "Ca": 0.43315132,
    "Si": 1.25168424,
    "Al": 0.5413348,
    "Fe": 0.06937019,
    "Mg": 0.10385963,
    "K": 0.06227016,
    "Na": 0.05384321,
    "S": 0.08201521,
    "O": 10.95629372,
    "H": 13.32202441,
    "C": 0.01737114
  },
  "execution_time": 1.9311904907226562e-05,
  "mix_id": "MIX_1523",
  "input_file": "/teamspace/studios/this_studio/inputs/generated/MIX_1523.inp"
}