{
  "converged": true,
  "method": "simplified_thermodynamic_model",
  "note": "Using simplified model until Cemdata18 integration complete",
  "temperature_K": 298.15,
  "pressure_bar": 1.01325,
  "CO2_fraction": 0.4,
  "pCO2_bar": 0.4053,
  "phases": {
    "Calcite": {
      "moles": 0.02629813,
      "mass_kg": 0.0026321798317
    },
    "C-S-H_1.0": {
      "moles": 0.6216456,
      "mass_kg": 0.10567975200000002
    },
    "Silica_gel": {
      "moles": 0.7812295800000001,
      "mass_kg": 0.046936273166400005
    },
    "Ettringite": {
      "moles": 0.020503801666666665,
      "mass_kg": 0.02573227109166666
    },
    "Hydrotalcite": {
      "moles": 0.043015155,
      "mass_kg": 0.019055713665
    }
  },
  "pH": 8.5,
  "pe": 4.0,
  "Eh": 0.24,
  "system_mass_kg": 0.2000361897547667,
  "input_composition": {
    "Ca": 0.64794373,
    "Si": 1.40287518,
    "Al": 0.61016091,
    "Fe": 0.07706518,
    "Mg": 0.14338385,
    "K": 0.06410463,
    "Na": 0.09208854,
    "S": 0.12302281,
    "O": 12.12174122,
    "H": 13.9881257,
    "C": 0.02629813
  },
  "execution_time": 9.059906005859375e-06,
  "mix_id": "MIX_2789",
  "input_file": "/teamspace/studios/this_studio/inputs/generated/MIX_2789.inp"
}