{
  "converged": true,
  "method": "simplified_thermodynamic_model",
  "note": "Using simplified model until Cemdata18 integration complete",
  "temperature_K": 298.15,
  "pressure_bar": 1.01325,
  "CO2_fraction": 0.35,
  "pCO2_bar": 0.3546375,
  "phases": {
    "Calcite": {
      "moles": 0.0169149941165625,
      "mass_kg": 0.0016930217611267405
    },
    "C-S-H_1.0": {
      "moles": 0.4162363258834375,
      "mass_kg": 0.07076017540018438
    },
    "Silica_gel": {
      "moles": 0.8470571341165626,
      "mass_kg": 0.05089119261772308
    },
    "Ettringite": {
      "moles": 0.013669201666666667,
      "mass_kg": 0.017154848091666664
    },
    "Hydrotalcite": {
      "moles": 0.031157888999999998,
      "mass_kg": 0.013802944826999999
    }
  },
  "pH": 8.7268125,
  "pe": 4.0,
  "Eh": 0.24,
  "system_mass_kg": 0.15430218269770088,
  "input_composition": {
    "Ca": 0.43315132,
    "Si": 1.26329346,
    "Al": 0.5413348,
    "Fe": 0.06937019,
    "Mg": 0.10385963,
    "K": 0.06227016,
    "Na": 0.07635189,
    "S": 0.08201521,
    "O": 9.99502962,
    "H": 11.32372072,
    "C": 0.01907863
  },
  "execution_time": 1.1444091796875e-05,
  "mix_id": "MIX_1542",
  "input_file": "/teamspace/studios/this_studio/inputs/generated/MIX_1542.inp"
}