{
  "converged": true,
  "method": "simplified_thermodynamic_model",
  "note": "Using simplified model until Cemdata18 integration complete",
  "temperature_K": 298.15,
  "pressure_bar": 1.01325,
  "CO2_fraction": 0.35,
  "pCO2_bar": 0.3546375,
  "phases": {
    "Calcite": {
      "moles": 0.012192579104999999,
      "mass_kg": 0.00122035524261945
    },
    "C-S-H_1.0": {
      "moles": 0.206166330895,
      "mass_kg": 0.035048276252150005
    },
    "Silica_gel": {
      "moles": 0.905126389105,
      "mass_kg": 0.0543799934574284
    },
    "Ettringite": {
      "moles": 0.0068346,
      "mass_kg": 0.008577422999999999
    },
    "Hydrotalcite": {
      "moles": 0.019300623,
      "mass_kg": 0.008550175989
    }
  },
  "pH": 8.7268125,
  "pe": 4.0,
  "Eh": 0.24,
  "system_mass_kg": 0.10777622394119786,
  "input_composition": {
    "Ca": 0.21835891,
    "Si": 1.11129272,
    "Al": 0.47250869,
    "Fe": 0.06167519,
    "Mg": 0.06433541,
    "K": 0.06043569,
    "Na": 0.03653646,
    "S": 0.0410076,
    "O": 6.83607488,
    "H": 6.66101223,
    "C": 0.01375216
  },
  "execution_time": 1.6689300537109375e-05,
  "mix_id": "MIX_0307",
  "input_file": "/teamspace/studios/this_studio/inputs/generated/MIX_0307.inp"
}