{
  "converged": true,
  "method": "simplified_thermodynamic_model",
  "note": "Using simplified model until Cemdata18 integration complete",
  "temperature_K": 298.15,
  "pressure_bar": 1.01325,
  "CO2_fraction": 0.2,
  "pCO2_bar": 0.20265,
  "phases": {
    "Calcite": {
      "moles": 0.00381569178375,
      "mass_kg": 0.00038191259063553753
    },
    "C-S-H_1.0": {
      "moles": 0.19988490821625002,
      "mass_kg": 0.03398043439676251
    },
    "Silica_gel": {
      "moles": 0.93617056178375,
      "mass_kg": 0.056245127351967704
    },
    "Ettringite": {
      "moles": 0.005980275,
      "mass_kg": 0.007505245125
    },
    "Hydrotalcite": {
      "moles": 0.01822878,
      "mass_kg": 0.00807534954
    }
  },
  "pH": 9.48675,
  "pe": 4.0,
  "Eh": 0.24,
  "system_mass_kg": 0.10618806900436575,
  "input_composition": {
    "Ca": 0.2037006,
    "Si": 1.13605547,
    "Al": 0.47317365,
    "Fe": 0.06458336,
    "Mg": 0.0607626,
    "K": 0.06135292,
    "Na": 0.05274692,
    "S": 0.03588165,
    "O": 6.3538979,
    "H": 5.6618604,
    "C": 0.00753159
  },
  "execution_time": 1.0967254638671875e-05,
  "mix_id": "MIX_0374",
  "input_file": "/teamspace/studios/this_studio/inputs/generated/MIX_0374.inp"
}