{
  "converged": true,
  "method": "simplified_thermodynamic_model",
  "note": "Using simplified model until Cemdata18 integration complete",
  "temperature_K": 298.15,
  "pressure_bar": 1.01325,
  "CO2_fraction": 0.2,
  "pCO2_bar": 0.20265,
  "phases": {
    "Calcite": {
      "moles": 0.006092454401249999,
      "mass_kg": 0.0006097937610211124
    },
    "C-S-H_1.0": {
      "moles": 0.7298011455987501,
      "mass_kg": 0.12406619475178753
    },
    "Silica_gel": {
      "moles": 0.5706040844012499,
      "mass_kg": 0.034281893390827094
    },
    "Ettringite": {
      "moles": 0.02562975166666667,
      "mass_kg": 0.03216533834166667
    },
    "Hydrotalcite": {
      "moles": 0.049446213,
      "mass_kg": 0.021904672359
    }
  },
  "pH": 9.48675,
  "pe": 4.0,
  "Eh": 0.24,
  "system_mass_kg": 0.2130278926043024,
  "input_composition": {
    "Ca": 0.7358936,
    "Si": 1.30040523,
    "Al": 0.60617116,
    "Fe": 0.05961618,
    "Mg": 0.16482071,
    "K": 0.05860121,
    "Na": 0.08422021,
    "S": 0.15377851,
    "O": 10.55233826,
    "H": 10.99067013,
    "C": 0.01202557
  },
  "execution_time": 1.0013580322265625e-05,
  "mix_id": "MIX_2500",
  "input_file": "/teamspace/studios/this_studio/inputs/generated/MIX_2500.inp"
}