{
  "converged": true,
  "method": "simplified_thermodynamic_model",
  "note": "Using simplified model until Cemdata18 integration complete",
  "temperature_K": 298.15,
  "pressure_bar": 1.01325,
  "CO2_fraction": 0.3,
  "pCO2_bar": 0.303975,
  "phases": {
    "Calcite": {
      "moles": 0.0089578088775,
      "mass_kg": 0.0008965870905489749
    },
    "C-S-H_1.0": {
      "moles": 0.2240594111225,
      "mass_kg": 0.038090099890825
    },
    "Silica_gel": {
      "moles": 0.8708313488774999,
      "mass_kg": 0.05231954744056019
    },
    "Ettringite": {
      "moles": 0.007688925,
      "mass_kg": 0.009649600874999999
    },
    "Hydrotalcite": {
      "moles": 0.020372466000000002,
      "mass_kg": 0.009025002438000002
    }
  },
  "pH": 8.980125000000001,
  "pe": 4.0,
  "Eh": 0.24,
  "system_mass_kg": 0.10998083773493417,
  "input_composition": {
    "Ca": 0.23301722,
    "Si": 1.09489076,
    "Al": 0.47184373,
    "Fe": 0.05876702,
    "Mg": 0.06790822,
    "K": 0.05951845,
    "Na": 0.03653646,
    "S": 0.04613355,
    "O": 6.82713245,
    "H": 6.66101223,
    "C": 0.01178756
  },
  "execution_time": 9.5367431640625e-06,
  "mix_id": "MIX_0179",
  "input_file": "/teamspace/studios/this_studio/inputs/generated/MIX_0179.inp"
}