{
  "converged": true,
  "method": "simplified_thermodynamic_model",
  "note": "Using simplified model until Cemdata18 integration complete",
  "temperature_K": 298.15,
  "pressure_bar": 1.01325,
  "CO2_fraction": 0.25,
  "pCO2_bar": 0.2533125,
  "phases": {
    "Calcite": {
      "moles": 0.0063363842062499984,
      "mass_kg": 0.0006342086952035623
    },
    "C-S-H_1.0": {
      "moles": 0.15338927579375,
      "mass_kg": 0.0260761768849375
    },
    "Silica_gel": {
      "moles": 1.0532653742062499,
      "mass_kg": 0.06328018368231149
    },
    "Ettringite": {
      "moles": 0.0034173,
      "mass_kg": 0.0042887114999999995
    },
    "Hydrotalcite": {
      "moles": 0.015013247999999998,
      "mass_kg": 0.006650868863999999
    }
  },
  "pH": 9.2334375,
  "pe": 4.0,
  "Eh": 0.24,
  "system_mass_kg": 0.10093014962645255,
  "input_composition": {
    "Ca": 0.15972566,
    "Si": 1.20665465,
    "Al": 0.47516852,
    "Fe": 0.07330786,
    "Mg": 0.05004416,
    "K": 0.06410463,
    "Na": 0.09422562,
    "S": 0.0205038,
    "O": 6.93698762,
    "H": 6.66101221,
    "C": 0.01000564
  },
  "execution_time": 1.1444091796875e-05,
  "mix_id": "MIX_0735",
  "input_file": "/teamspace/studios/this_studio/inputs/generated/MIX_0735.inp"
}