{
  "converged": true,
  "method": "simplified_thermodynamic_model",
  "note": "Using simplified model until Cemdata18 integration complete",
  "temperature_K": 298.15,
  "pressure_bar": 1.01325,
  "CO2_fraction": 0.25,
  "pCO2_bar": 0.2533125,
  "phases": {
    "Calcite": {
      "moles": 0.008683261190624998,
      "mass_kg": 0.0008691076125696561
    },
    "C-S-H_1.0": {
      "moles": 0.18993507880937502,
      "mass_kg": 0.03228896339759375
    },
    "Silica_gel": {
      "moles": 1.349463181190625,
      "mass_kg": 0.08107574792593275
    },
    "Hydrotalcite": {
      "moles": 0.014008394999999998,
      "mass_kg": 0.006205718984999999
    }
  },
  "pH": 9.2334375,
  "pe": 4.0,
  "Eh": 0.24,
  "system_mass_kg": 0.12043953792109616,
  "input_composition": {
    "Ca": 0.19861834,
    "Si": 1.53939826,
    "Al": 0.55197413,
    "Fe": 0.11590086,
    "Mg": 0.04669465,
    "K": 0.07694594,
    "Na": 0.10286297,
    "S": 0.0,
    "O": 10.10510994,
    "H": 11.32372081,
    "C": 0.01371154
  },
  "execution_time": 8.821487426757812e-06,
  "mix_id": "MIX_2410",
  "input_file": "/teamspace/studios/this_studio/inputs/generated/MIX_2410.inp"
}