{
  "converged": true,
  "method": "simplified_thermodynamic_model",
  "note": "Using simplified model until Cemdata18 integration complete",
  "temperature_K": 298.15,
  "pressure_bar": 1.01325,
  "CO2_fraction": 0.4,
  "pCO2_bar": 0.4053,
  "phases": {
    "Calcite": {
      "moles": 0.03805108,
      "mass_kg": 0.0038085325972
    },
    "C-S-H_1.0": {
      "moles": 0.41425234,
      "mass_kg": 0.07042289780000001
    },
    "Silica_gel": {
      "moles": 1.5774697,
      "mass_kg": 0.094774379576
    },
    "Ettringite": {
      "moles": 0.0034173,
      "mass_kg": 0.0042887114999999995
    },
    "Hydrotalcite": {
      "moles": 0.024860808,
      "mass_kg": 0.011013337944000001
    }
  },
  "pH": 8.5,
  "pe": 4.0,
  "Eh": 0.24,
  "system_mass_kg": 0.18430785941720002,
  "input_composition": {
    "Ca": 0.45230342,
    "Si": 1.99172204,
    "Al": 0.69760586,
    "Fe": 0.16618886,
    "Mg": 0.08286936,
    "K": 0.09162172,
    "Na": 0.0884567,
    "S": 0.0205038,
    "O": 19.36398614,
    "H": 26.64404884,
    "C": 0.03805108
  },
  "execution_time": 1.1205673217773438e-05,
  "mix_id": "MIX_4803",
  "input_file": "/teamspace/studios/this_studio/inputs/generated/MIX_4803.inp"
}