{
  "converged": true,
  "method": "simplified_thermodynamic_model",
  "note": "Using simplified model until Cemdata18 integration complete",
  "temperature_K": 298.15,
  "pressure_bar": 1.01325,
  "CO2_fraction": 0.35,
  "pCO2_bar": 0.3546375,
  "phases": {
    "Calcite": {
      "moles": 0.014502749841562499,
      "mass_kg": 0.0014515802316419906
    },
    "C-S-H_1.0": {
      "moles": 0.4479652001584375,
      "mass_kg": 0.07615408402693438
    },
    "Silica_gel": {
      "moles": 0.7655593898415625,
      "mass_kg": 0.045994808141681075
    },
    "Ettringite": {
      "moles": 0.015377851666666666,
      "mass_kg": 0.019299203841666664
    },
    "Hydrotalcite": {
      "moles": 0.033301575,
      "mass_kg": 0.014752597725
    }
  },
  "pH": 8.7268125,
  "pe": 4.0,
  "Eh": 0.24,
  "system_mass_kg": 0.1576522739669241,
  "input_composition": {
    "Ca": 0.46246795,
    "Si": 1.21352459,
    "Al": 0.54000488,
    "Fe": 0.06355385,
    "Mg": 0.11100525,
    "K": 0.06043569,
    "Na": 0.04345916,
    "S": 0.09226711,
    "O": 7.9308816,
    "H": 7.32711342,
    "C": 0.01635783
  },
  "execution_time": 0.00011324882507324219,
  "mix_id": "MIX_1424",
  "input_file": "/teamspace/studios/this_studio/inputs/generated/MIX_1424.inp"
}