{
  "converged": true,
  "method": "simplified_thermodynamic_model",
  "note": "Using simplified model until Cemdata18 integration complete",
  "temperature_K": 298.15,
  "pressure_bar": 1.01325,
  "CO2_fraction": 0.35,
  "pCO2_bar": 0.3546375,
  "phases": {
    "Calcite": {
      "moles": 0.01468068034125,
      "mass_kg": 0.0014693892953557125
    },
    "C-S-H_1.0": {
      "moles": 0.41847063965875003,
      "mass_kg": 0.0711400087419875
    },
    "Silica_gel": {
      "moles": 0.8512065803412499,
      "mass_kg": 0.051140491346902295
    },
    "Ettringite": {
      "moles": 0.013669201666666667,
      "mass_kg": 0.017154848091666664
    },
    "Hydrotalcite": {
      "moles": 0.031157888999999998,
      "mass_kg": 0.013802944826999999
    }
  },
  "pH": 8.7268125,
  "pe": 4.0,
  "Eh": 0.24,
  "system_mass_kg": 0.15470768230291218,
  "input_composition": {
    "Ca": 0.43315132,
    "Si": 1.26967722,
    "Al": 0.5413348,
    "Fe": 0.06937019,
    "Mg": 0.10385963,
    "K": 0.06227016,
    "Na": 0.08872912,
    "S": 0.08201521,
    "O": 8.0106419,
    "H": 7.32711348,
    "C": 0.01655852
  },
  "execution_time": 2.6941299438476562e-05,
  "mix_id": "MIX_1544",
  "input_file": "/teamspace/studios/this_studio/inputs/generated/MIX_1544.inp"
}