{
  "converged": true,
  "method": "simplified_thermodynamic_model",
  "note": "Using simplified model until Cemdata18 integration complete",
  "temperature_K": 298.15,
  "pressure_bar": 1.01325,
  "CO2_fraction": 0.35,
  "pCO2_bar": 0.3546375,
  "phases": {
    "Calcite": {
      "moles": 0.020278181115937502,
      "mass_kg": 0.0020296431478941846
    },
    "C-S-H_1.0": {
      "moles": 0.3638159488840625,
      "mass_kg": 0.06184871131029063
    },
    "Silica_gel": {
      "moles": 1.3181392711159376,
      "mass_kg": 0.07919380740864554
    },
    "Ettringite": {
      "moles": 0.00512595,
      "mass_kg": 0.006433067249999999
    },
    "Hydrotalcite": {
      "moles": 0.023721975,
      "mass_kg": 0.010508834925
    }
  },
  "pH": 8.7268125,
  "pe": 4.0,
  "Eh": 0.24,
  "system_mass_kg": 0.16001406404183036,
  "input_composition": {
    "Ca": 0.38409413,
    "Si": 1.68195522,
    "Al": 0.62213016,
    "Fe": 0.12941219,
    "Mg": 0.07907325,
    "K": 0.08061489,
    "Na": 0.06076591,
    "S": 0.0307557,
    "O": 12.15715568,
    "H": 13.9881256,
    "C": 0.02287201
  },
  "execution_time": 1.0251998901367188e-05,
  "mix_id": "MIX_3441",
  "input_file": "/teamspace/studios/this_studio/inputs/generated/MIX_3441.inp"
}