{
  "converged": true,
  "method": "simplified_thermodynamic_model",
  "note": "Using simplified model until Cemdata18 integration complete",
  "temperature_K": 298.15,
  "pressure_bar": 1.01325,
  "CO2_fraction": 0.2,
  "pCO2_bar": 0.20265,
  "phases": {
    "Calcite": {
      "moles": 0.0073208629725,
      "mass_kg": 0.0007327451749175249
    },
    "C-S-H_1.0": {
      "moles": 0.3327983270275,
      "mass_kg": 0.056575715594675
    },
    "Silica_gel": {
      "moles": 1.4547546329725,
      "mass_kg": 0.0874016583489878
    },
    "Ettringite": {
      "moles": 0.002562975,
      "mass_kg": 0.0032165336249999994
    },
    "Hydrotalcite": {
      "moles": 0.020506445999999998,
      "mass_kg": 0.009084355577999999
    }
  },
  "pH": 9.48675,
  "pe": 4.0,
  "Eh": 0.24,
  "system_mass_kg": 0.15701100832158033,
  "input_composition": {
    "Ca": 0.34011919,
    "Si": 1.78755296,
    "Al": 0.62412504,
    "Fe": 0.13813669,
    "Mg": 0.06835482,
    "K": 0.0833666,
    "Na": 0.17010204,
    "S": 0.01537785,
    "O": 13.82153148,
    "H": 16.98558112,
    "C": 0.01445026
  },
  "execution_time": 1.430511474609375e-05,
  "mix_id": "MIX_3518",
  "input_file": "/teamspace/studios/this_studio/inputs/generated/MIX_3518.inp"
}