{
  "converged": true,
  "method": "simplified_thermodynamic_model",
  "note": "Using simplified model until Cemdata18 integration complete",
  "temperature_K": 298.15,
  "pressure_bar": 1.01325,
  "CO2_fraction": 0.3,
  "pCO2_bar": 0.303975,
  "phases": {
    "Calcite": {
      "moles": 0.0089578088775,
      "mass_kg": 0.0008965870905489749
    },
    "C-S-H_1.0": {
      "moles": 0.2094011011225,
      "mass_kg": 0.035598187190825
    },
    "Silica_gel": {
      "moles": 0.9018916188775,
      "mass_kg": 0.0541856484621602
    },
    "Ettringite": {
      "moles": 0.0068346,
      "mass_kg": 0.008577422999999999
    },
    "Hydrotalcite": {
      "moles": 0.019300623,
      "mass_kg": 0.008550175989
    }
  },
  "pH": 8.980125000000001,
  "pe": 4.0,
  "Eh": 0.24,
  "system_mass_kg": 0.10780802173253418,
  "input_composition": {
    "Ca": 0.21835891,
    "Si": 1.11129272,
    "Al": 0.47250869,
    "Fe": 0.06167519,
    "Mg": 0.06433541,
    "K": 0.06043569,
    "Na": 0.03653646,
    "S": 0.0410076,
    "O": 6.83214569,
    "H": 6.66101223,
    "C": 0.01178756
  },
  "execution_time": 1.0728836059570312e-05,
  "mix_id": "MIX_0291",
  "input_file": "/teamspace/studios/this_studio/inputs/generated/MIX_0291.inp"
}