{
  "converged": true,
  "method": "simplified_thermodynamic_model",
  "note": "Using simplified model until Cemdata18 integration complete",
  "temperature_K": 298.15,
  "pressure_bar": 1.01325,
  "CO2_fraction": 0.15,
  "pCO2_bar": 0.1519875,
  "phases": {
    "Calcite": {
      "moles": 0.0033407346459375,
      "mass_kg": 0.00033437413071188437
    },
    "C-S-H_1.0": {
      "moles": 0.2832274753540625,
      "mass_kg": 0.04814867081019063
    },
    "Silica_gel": {
      "moles": 1.1614039346459375,
      "mass_kg": 0.06977714839352793
    },
    "Ettringite": {
      "moles": 0.00512595,
      "mass_kg": 0.006433067249999999
    },
    "Hydrotalcite": {
      "moles": 0.020439455999999998,
      "mass_kg": 0.009054679008
    }
  },
  "pH": 9.7400625,
  "pe": 4.0,
  "Eh": 0.24,
  "system_mass_kg": 0.13374793959243045,
  "input_composition": {
    "Ca": 0.28656821,
    "Si": 1.44463141,
    "Al": 0.54798438,
    "Fe": 0.09845186,
    "Mg": 0.06813152,
    "K": 0.07144252,
    "Na": 0.10992989,
    "S": 0.0307557,
    "O": 11.07516671,
    "H": 13.32202447,
    "C": 0.00879213
  },
  "execution_time": 1.1205673217773438e-05,
  "mix_id": "MIX_2043",
  "input_file": "/teamspace/studios/this_studio/inputs/generated/MIX_2043.inp"
}