{
  "converged": true,
  "method": "simplified_thermodynamic_model",
  "note": "Using simplified model until Cemdata18 integration complete",
  "temperature_K": 298.15,
  "pressure_bar": 1.01325,
  "CO2_fraction": 0.25,
  "pCO2_bar": 0.2533125,
  "phases": {
    "Calcite": {
      "moles": 0.009279824793749999,
      "mass_kg": 0.0009288176636064373
    },
    "C-S-H_1.0": {
      "moles": 0.27728838520625,
      "mass_kg": 0.0471390254850625
    },
    "Silica_gel": {
      "moles": 1.16734302479375,
      "mass_kg": 0.0701339689296085
    },
    "Ettringite": {
      "moles": 0.00512595,
      "mass_kg": 0.006433067249999999
    },
    "Hydrotalcite": {
      "moles": 0.020439455999999998,
      "mass_kg": 0.009054679008
    }
  },
  "pH": 9.2334375,
  "pe": 4.0,
  "Eh": 0.24,
  "system_mass_kg": 0.13368955833627744,
  "input_composition": {
    "Ca": 0.28656821,
    "Si": 1.44463141,
    "Al": 0.54798438,
    "Fe": 0.09845186,
    "Mg": 0.06813152,
    "K": 0.07144252,
    "Na": 0.10992989,
    "S": 0.0307557,
    "O": 11.08688956,
    "H": 13.32202447,
    "C": 0.01465356
  },
  "execution_time": 1.2874603271484375e-05,
  "mix_id": "MIX_2075",
  "input_file": "/teamspace/studios/this_studio/inputs/generated/MIX_2075.inp"
}