{
  "converged": true,
  "method": "simplified_thermodynamic_model",
  "note": "Using simplified model until Cemdata18 integration complete",
  "temperature_K": 298.15,
  "pressure_bar": 1.01325,
  "CO2_fraction": 0.4,
  "pCO2_bar": 0.4053,
  "phases": {
    "Calcite": {
      "moles": 0.02965884,
      "mass_kg": 0.0029685532956
    },
    "C-S-H_1.0": {
      "moles": 0.71581081,
      "mass_kg": 0.12168783770000001
    },
    "Silica_gel": {
      "moles": 0.9922840500000001,
      "mass_kg": 0.059616425724000006
    },
    "Ettringite": {
      "moles": 0.020503801666666665,
      "mass_kg": 0.02573227109166666
    },
    "Hydrotalcite": {
      "moles": 0.046297674,
      "mass_kg": 0.020509869582
    }
  },
  "pH": 8.5,
  "pe": 4.0,
  "Eh": 0.24,
  "system_mass_kg": 0.2305149573932667,
  "input_composition": {
    "Ca": 0.74546965,
    "Si": 1.70809486,
    "Al": 0.68430669,
    "Fe": 0.10802551,
    "Mg": 0.15432558,
    "K": 0.073277,
    "Na": 0.17456535,
    "S": 0.12302281,
    "O": 13.38390402,
    "H": 14.65422691,
    "C": 0.02965884
  },
  "execution_time": 1.0728836059570312e-05,
  "mix_id": "MIX_4252",
  "input_file": "/teamspace/studios/this_studio/inputs/generated/MIX_4252.inp"
}