{
  "converged": true,
  "method": "simplified_thermodynamic_model",
  "note": "Using simplified model until Cemdata18 integration complete",
  "temperature_K": 298.15,
  "pressure_bar": 1.01325,
  "CO2_fraction": 0.3,
  "pCO2_bar": 0.303975,
  "phases": {
    "Calcite": {
      "moles": 0.00820866249,
      "mass_kg": 0.0008216050286240999
    },
    "C-S-H_1.0": {
      "moles": 0.10754206750999999,
      "mass_kg": 0.0182821514767
    },
    "Silica_gel": {
      "moles": 1.13454890249,
      "mass_kg": 0.06816369806159919
    },
    "Ettringite": {
      "moles": 0.000854325,
      "mass_kg": 0.0010721778749999999
    },
    "Hydrotalcite": {
      "moles": 0.011797719,
      "mass_kg": 0.005226389517
    }
  },
  "pH": 8.980125000000001,
  "pe": 4.0,
  "Eh": 0.24,
  "system_mass_kg": 0.09356602195892329,
  "input_composition": {
    "Ca": 0.11575073,
    "Si": 1.24209097,
    "Al": 0.47716339,
    "Fe": 0.08203236,
    "Mg": 0.03932573,
    "K": 0.06685634,
    "Na": 0.06752836,
    "S": 0.00512595,
    "O": 5.91358007,
    "H": 4.6627086,
    "C": 0.01080176
  },
  "execution_time": 1.1205673217773438e-05,
  "mix_id": "MIX_1081",
  "input_file": "/teamspace/studios/this_studio/inputs/generated/MIX_1081.inp"
}