{
  "converged": true,
  "method": "simplified_thermodynamic_model",
  "note": "Using simplified model until Cemdata18 integration complete",
  "temperature_K": 298.15,
  "pressure_bar": 1.01325,
  "CO2_fraction": 0.3,
  "pCO2_bar": 0.303975,
  "phases": {
    "Calcite": {
      "moles": 0.00820866249,
      "mass_kg": 0.0008216050286240999
    },
    "C-S-H_1.0": {
      "moles": 0.16617531751,
      "mass_kg": 0.028249803976700003
    },
    "Silica_gel": {
      "moles": 1.01030783249,
      "mass_kg": 0.060699294575999194
    },
    "Ettringite": {
      "moles": 0.004271625,
      "mass_kg": 0.0053608893749999996
    },
    "Hydrotalcite": {
      "moles": 0.016085091,
      "mass_kg": 0.007125695313
    }
  },
  "pH": 8.980125000000001,
  "pe": 4.0,
  "Eh": 0.24,
  "system_mass_kg": 0.1022572882693233,
  "input_composition": {
    "Ca": 0.17438398,
    "Si": 1.17648315,
    "Al": 0.47450356,
    "Fe": 0.07039969,
    "Mg": 0.05361697,
    "K": 0.0631874,
    "Na": 0.06752836,
    "S": 0.02562975,
    "O": 5.8935271,
    "H": 4.6627086,
    "C": 0.01080176
  },
  "execution_time": 1.1444091796875e-05,
  "mix_id": "MIX_0633",
  "input_file": "/teamspace/studios/this_studio/inputs/generated/MIX_0633.inp"
}