{
  "converged": true,
  "method": "simplified_thermodynamic_model",
  "note": "Using simplified model until Cemdata18 integration complete",
  "temperature_K": 298.15,
  "pressure_bar": 1.01325,
  "CO2_fraction": 0.15,
  "pCO2_bar": 0.1519875,
  "phases": {
    "Calcite": {
      "moles": 0.003427006550625,
      "mass_kg": 0.0003430090856520562
    },
    "C-S-H_1.0": {
      "moles": 0.468616993449375,
      "mass_kg": 0.07966488888639375
    },
    "Silica_gel": {
      "moles": 1.1270234365506249,
      "mass_kg": 0.06771156806796154
    },
    "Ettringite": {
      "moles": 0.010251901666666667,
      "mass_kg": 0.012866136591666666
    },
    "Hydrotalcite": {
      "moles": 0.030153035999999998,
      "mass_kg": 0.013357794947999999
    }
  },
  "pH": 9.7400625,
  "pe": 4.0,
  "Eh": 0.24,
  "system_mass_kg": 0.173943397579674,
  "input_composition": {
    "Ca": 0.472044,
    "Si": 1.59564043,
    "Al": 0.61814041,
    "Fe": 0.11196319,
    "Mg": 0.10051012,
    "K": 0.07511147,
    "Na": 0.08422021,
    "S": 0.06151141,
    "O": 10.63656385,
    "H": 10.99067013,
    "C": 0.00901918
  },
  "execution_time": 1.4543533325195312e-05,
  "mix_id": "MIX_3156",
  "input_file": "/teamspace/studios/this_studio/inputs/generated/MIX_3156.inp"
}