{
  "converged": true,
  "method": "simplified_thermodynamic_model",
  "note": "Using simplified model until Cemdata18 integration complete",
  "temperature_K": 298.15,
  "pressure_bar": 1.01325,
  "CO2_fraction": 0.3,
  "pCO2_bar": 0.303975,
  "phases": {
    "Calcite": {
      "moles": 0.016471941688125,
      "mass_kg": 0.001648676643564431
    },
    "C-S-H_1.0": {
      "moles": 0.631471788311875,
      "mass_kg": 0.10735020401301876
    },
    "Silica_gel": {
      "moles": 0.8116401116881249,
      "mass_kg": 0.04876333791022255
    },
    "Ettringite": {
      "moles": 0.020503801666666665,
      "mass_kg": 0.02573227109166666
    },
    "Hydrotalcite": {
      "moles": 0.043015155,
      "mass_kg": 0.019055713665
    }
  },
  "pH": 8.980125000000001,
  "pe": 4.0,
  "Eh": 0.24,
  "system_mass_kg": 0.2025502033234724,
  "input_composition": {
    "Ca": 0.64794373,
    "Si": 1.4431119,
    "Al": 0.61016091,
    "Fe": 0.07706518,
    "Mg": 0.14338385,
    "K": 0.06410463,
    "Na": 0.17010204,
    "S": 0.12302281,
    "O": 13.73070364,
    "H": 16.98558112,
    "C": 0.02167539
  },
  "execution_time": 1.1444091796875e-05,
  "mix_id": "MIX_2766",
  "input_file": "/teamspace/studios/this_studio/inputs/generated/MIX_2766.inp"
}