{
  "converged": true,
  "method": "simplified_thermodynamic_model",
  "note": "Using simplified model until Cemdata18 integration complete",
  "temperature_K": 298.15,
  "pressure_bar": 1.01325,
  "CO2_fraction": 0.35,
  "pCO2_bar": 0.3546375,
  "phases": {
    "Calcite": {
      "moles": 0.0185455464140625,
      "mass_kg": 0.0018562237405835155
    },
    "C-S-H_1.0": {
      "moles": 0.6733731235859375,
      "mass_kg": 0.11447343100960938
    },
    "Silica_gel": {
      "moles": 0.6614631664140624,
      "mass_kg": 0.039740707038156874
    },
    "Ettringite": {
      "moles": 0.023066776666666667,
      "mass_kg": 0.028948804716666665
    },
    "Hydrotalcite": {
      "moles": 0.046230684,
      "mass_kg": 0.020480193012000002
    }
  },
  "pH": 8.7268125,
  "pe": 4.0,
  "Eh": 0.24,
  "system_mass_kg": 0.20549935951701645,
  "input_composition": {
    "Ca": 0.69191867,
    "Si": 1.33483629,
    "Al": 0.60816604,
    "Fe": 0.06834068,
    "Mg": 0.15410228,
    "K": 0.06135292,
    "Na": 0.05557388,
    "S": 0.13840066,
    "O": 10.54128957,
    "H": 10.99067014,
    "C": 0.02091775
  },
  "execution_time": 1.2636184692382812e-05,
  "mix_id": "MIX_2656",
  "input_file": "/teamspace/studios/this_studio/inputs/generated/MIX_2656.inp"
}