{
  "converged": true,
  "method": "simplified_thermodynamic_model",
  "note": "Using simplified model until Cemdata18 integration complete",
  "temperature_K": 298.15,
  "pressure_bar": 1.01325,
  "CO2_fraction": 0.0,
  "pCO2_bar": 0.0,
  "phases": {
    "C-S-H_1.0": {
      "moles": 0.11575073,
      "mass_kg": 0.0196776241
    },
    "Silica_gel": {
      "moles": 1.11035567,
      "mass_kg": 0.0667101686536
    },
    "Ettringite": {
      "moles": 0.000854325,
      "mass_kg": 0.0010721778749999999
    },
    "Hydrotalcite": {
      "moles": 0.011797719,
      "mass_kg": 0.005226389517
    }
  },
  "pH": 10.5,
  "pe": 4.0,
  "Eh": 0.24,
  "system_mass_kg": 0.09268636014559999,
  "input_composition": {
    "Ca": 0.11575073,
    "Si": 1.2261064,
    "Al": 0.47716339,
    "Fe": 0.08203236,
    "Mg": 0.03932573,
    "K": 0.06685634,
    "Na": 0.03653646,
    "S": 0.00512595,
    "O": 6.84366327,
    "H": 6.66101223,
    "C": 0.0
  },
  "execution_time": 6.9141387939453125e-06,
  "mix_id": "MIX_1011",
  "input_file": "/teamspace/studios/this_studio/inputs/generated/MIX_1011.inp"
}