{
  "converged": true,
  "method": "simplified_thermodynamic_model",
  "note": "Using simplified model until Cemdata18 integration complete",
  "temperature_K": 298.15,
  "pressure_bar": 1.01325,
  "CO2_fraction": 0.35,
  "pCO2_bar": 0.3546375,
  "phases": {
    "Calcite": {
      "moles": 0.024184991939062497,
      "mass_kg": 0.0024206758431807654
    },
    "C-S-H_1.0": {
      "moles": 0.5797838080609374,
      "mass_kg": 0.09856324737035937
    },
    "Silica_gel": {
      "moles": 0.9194400419390625,
      "mass_kg": 0.055239957719698876
    },
    "Ettringite": {
      "moles": 0.017940826666666666,
      "mass_kg": 0.022515737466666665
    },
    "Hydrotalcite": {
      "moles": 0.039799626,
      "mass_kg": 0.017631234318
    }
  },
  "pH": 8.7268125,
  "pe": 4.0,
  "Eh": 0.24,
  "system_mass_kg": 0.1963708527179057,
  "input_composition": {
    "Ca": 0.6039688,
    "Si": 1.49922385,
    "Al": 0.61215579,
    "Fe": 0.08578968,
    "Mg": 0.13266542,
    "K": 0.06685634,
    "Na": 0.18349199,
    "S": 0.10764496,
    "O": 15.27618456,
    "H": 19.98303657,
    "C": 0.02727855
  },
  "execution_time": 1.621246337890625e-05,
  "mix_id": "MIX_2895",
  "input_file": "/teamspace/studios/this_studio/inputs/generated/MIX_2895.inp"
}