{
  "converged": true,
  "method": "simplified_thermodynamic_model",
  "note": "Using simplified model until Cemdata18 integration complete",
  "temperature_K": 298.15,
  "pressure_bar": 1.01325,
  "CO2_fraction": 0.3,
  "pCO2_bar": 0.303975,
  "phases": {
    "Calcite": {
      "moles": 0.017768562249374998,
      "mass_kg": 0.0017784553955399434
    },
    "C-S-H_1.0": {
      "moles": 0.7181250377506251,
      "mass_kg": 0.12208125641760627
    },
    "Silica_gel": {
      "moles": 0.633481222249375,
      "mass_kg": 0.03805955183274245
    },
    "Ettringite": {
      "moles": 0.02562975166666667,
      "mass_kg": 0.03216533834166667
    },
    "Hydrotalcite": {
      "moles": 0.049446213,
      "mass_kg": 0.021904672359
    }
  },
  "pH": 8.980125000000001,
  "pe": 4.0,
  "Eh": 0.24,
  "system_mass_kg": 0.21598927434655532,
  "input_composition": {
    "Ca": 0.7358936,
    "Si": 1.35160626,
    "Al": 0.60617116,
    "Fe": 0.05961618,
    "Mg": 0.16482071,
    "K": 0.05860121,
    "Na": 0.18349199,
    "S": 0.15377851,
    "O": 15.2232715,
    "H": 19.98303657,
    "C": 0.02338161
  },
  "execution_time": 1.430511474609375e-05,
  "mix_id": "MIX_2543",
  "input_file": "/teamspace/studios/this_studio/inputs/generated/MIX_2543.inp"
}