{
  "converged": true,
  "method": "simplified_thermodynamic_model",
  "note": "Using simplified model until Cemdata18 integration complete",
  "temperature_K": 298.15,
  "pressure_bar": 1.01325,
  "CO2_fraction": 0.25,
  "pCO2_bar": 0.2533125,
  "phases": {
    "Calcite": {
      "moles": 0.015060644024999998,
      "mass_kg": 0.0015074198604622497
    },
    "C-S-H_1.0": {
      "moles": 0.554509275975,
      "mass_kg": 0.09426657691575001
    },
    "Silica_gel": {
      "moles": 1.3059971240250001,
      "mass_kg": 0.07846430721142202
    },
    "Ettringite": {
      "moles": 0.010251901666666667,
      "mass_kg": 0.012866136591666666
    },
    "Hydrotalcite": {
      "moles": 0.033435555,
      "mass_kg": 0.014811950865
    }
  },
  "pH": 9.2334375,
  "pe": 4.0,
  "Eh": 0.24,
  "system_mass_kg": 0.20191639144430093,
  "input_composition": {
    "Ca": 0.56956992,
    "Si": 1.8605064,
    "Al": 0.69228619,
    "Fe": 0.14292352,
    "Mg": 0.11145185,
    "K": 0.08428383,
    "Na": 0.0884567,
    "S": 0.06151141,
    "O": 19.29534188,
    "H": 26.64404884,
    "C": 0.02378192
  },
  "execution_time": 1.2874603271484375e-05,
  "mix_id": "MIX_4531",
  "input_file": "/teamspace/studios/this_studio/inputs/generated/MIX_4531.inp"
}