{
  "converged": true,
  "method": "simplified_thermodynamic_model",
  "note": "Using simplified model until Cemdata18 integration complete",
  "temperature_K": 298.15,
  "pressure_bar": 1.01325,
  "CO2_fraction": 0.2,
  "pCO2_bar": 0.20265,
  "phases": {
    "Calcite": {
      "moles": 0.00473559106125,
      "mass_kg": 0.00047398530932051246
    },
    "C-S-H_1.0": {
      "moles": 0.19388274893875002,
      "mass_kg": 0.032960067319587505
    },
    "Silica_gel": {
      "moles": 1.31487703106125,
      "mass_kg": 0.07899781202615991
    },
    "Hydrotalcite": {
      "moles": 0.014008394999999998,
      "mass_kg": 0.006205718984999999
    }
  },
  "pH": 9.48675,
  "pe": 4.0,
  "Eh": 0.24,
  "system_mass_kg": 0.11863758364006792,
  "input_composition": {
    "Ca": 0.19861834,
    "Si": 1.50875978,
    "Al": 0.55197413,
    "Fe": 0.11590086,
    "Mg": 0.04669465,
    "K": 0.07694594,
    "Na": 0.04345916,
    "S": 0.0,
    "O": 8.00709897,
    "H": 7.32711342,
    "C": 0.00934733
  },
  "execution_time": 1.4781951904296875e-05,
  "mix_id": "MIX_2384",
  "input_file": "/teamspace/studios/this_studio/inputs/generated/MIX_2384.inp"
}