{
  "converged": true,
  "method": "simplified_thermodynamic_model",
  "note": "Using simplified model until Cemdata18 integration complete",
  "temperature_K": 298.15,
  "pressure_bar": 1.01325,
  "CO2_fraction": 0.2,
  "pCO2_bar": 0.20265,
  "phases": {
    "Calcite": {
      "moles": 0.0051754884825,
      "mass_kg": 0.0005180146422134249
    },
    "C-S-H_1.0": {
      "moles": 0.4279758315175,
      "mass_kg": 0.07275589135797501
    },
    "Silica_gel": {
      "moles": 0.8453462684824999,
      "mass_kg": 0.050788403810428595
    },
    "Ettringite": {
      "moles": 0.013669201666666667,
      "mass_kg": 0.017154848091666664
    },
    "Hydrotalcite": {
      "moles": 0.031157888999999998,
      "mass_kg": 0.013802944826999999
    }
  },
  "pH": 9.48675,
  "pe": 4.0,
  "Eh": 0.24,
  "system_mass_kg": 0.1550201027292837,
  "input_composition": {
    "Ca": 0.43315132,
    "Si": 1.2733221,
    "Al": 0.5413348,
    "Fe": 0.06937019,
    "Mg": 0.10385963,
    "K": 0.06227016,
    "Na": 0.09579605,
    "S": 0.08201521,
    "O": 9.00793116,
    "H": 9.32541714,
    "C": 0.01021562
  },
  "execution_time": 1.1205673217773438e-05,
  "mix_id": "MIX_1497",
  "input_file": "/teamspace/studios/this_studio/inputs/generated/MIX_1497.inp"
}