{
  "converged": true,
  "method": "simplified_thermodynamic_model",
  "note": "Using simplified model until Cemdata18 integration complete",
  "temperature_K": 298.15,
  "pressure_bar": 1.01325,
  "CO2_fraction": 0.15,
  "pCO2_bar": 0.1519875,
  "phases": {
    "Calcite": {
      "moles": 0.0033202809281249993,
      "mass_kg": 0.0003323269180960312
    },
    "C-S-H_1.0": {
      "moles": 0.253931299071875,
      "mass_kg": 0.043168320842218756
    },
    "Silica_gel": {
      "moles": 1.2088911009281251,
      "mass_kg": 0.07263017734376176
    },
    "Ettringite": {
      "moles": 0.0034173,
      "mass_kg": 0.0042887114999999995
    },
    "Hydrotalcite": {
      "moles": 0.01829577,
      "mass_kg": 0.00810502611
    }
  },
  "pH": 9.7400625,
  "pe": 4.0,
  "Eh": 0.24,
  "system_mass_kg": 0.12852456271407656,
  "input_composition": {
    "Ca": 0.25725158,
    "Si": 1.4628224,
    "Al": 0.5493143,
    "Fe": 0.10426819,
    "Mg": 0.0609859,
    "K": 0.073277,
    "Na": 0.08159744,
    "S": 0.0205038,
    "O": 11.04169347,
    "H": 13.32202445,
    "C": 0.0087383
  },
  "execution_time": 1.2159347534179688e-05,
  "mix_id": "MIX_2151",
  "input_file": "/teamspace/studios/this_studio/inputs/generated/MIX_2151.inp"
}