{
  "converged": true,
  "method": "simplified_thermodynamic_model",
  "note": "Using simplified model until Cemdata18 integration complete",
  "temperature_K": 298.15,
  "pressure_bar": 1.01325,
  "CO2_fraction": 0.25,
  "pCO2_bar": 0.2533125,
  "phases": {
    "Calcite": {
      "moles": 0.008683261190624998,
      "mass_kg": 0.0008691076125696561
    },
    "C-S-H_1.0": {
      "moles": 0.48310130880937496,
      "mass_kg": 0.08212722249759374
    },
    "Silica_gel": {
      "moles": 0.7282578411906251,
      "mass_kg": 0.043753731098732755
    },
    "Ettringite": {
      "moles": 0.017086501666666667,
      "mass_kg": 0.021443559591666665
    },
    "Hydrotalcite": {
      "moles": 0.035445261,
      "mass_kg": 0.015702250623
    }
  },
  "pH": 9.2334375,
  "pe": 4.0,
  "Eh": 0.24,
  "system_mass_kg": 0.16389587142356282,
  "input_composition": {
    "Ca": 0.49178457,
    "Si": 1.21135915,
    "Al": 0.53867497,
    "Fe": 0.05773752,
    "Mg": 0.11815087,
    "K": 0.05860121,
    "Na": 0.10286297,
    "S": 0.10251901,
    "O": 10.00484508,
    "H": 11.32372081,
    "C": 0.01371154
  },
  "execution_time": 1.1205673217773438e-05,
  "mix_id": "MIX_1290",
  "input_file": "/teamspace/studios/this_studio/inputs/generated/MIX_1290.inp"
}