{
  "converged": true,
  "method": "simplified_thermodynamic_model",
  "note": "Using simplified model until Cemdata18 integration complete",
  "temperature_K": 298.15,
  "pressure_bar": 1.01325,
  "CO2_fraction": 0.3,
  "pCO2_bar": 0.303975,
  "phases": {
    "Calcite": {
      "moles": 0.016269380347499997,
      "mass_kg": 0.0016284022789812746
    },
    "C-S-H_1.0": {
      "moles": 0.45577461965250005,
      "mass_kg": 0.07748168534092502
    },
    "Silica_gel": {
      "moles": 1.1479822403475,
      "mass_kg": 0.0689707730000778
    },
    "Ettringite": {
      "moles": 0.010251901666666667,
      "mass_kg": 0.012866136591666666
    },
    "Hydrotalcite": {
      "moles": 0.030153035999999998,
      "mass_kg": 0.013357794947999999
    }
  },
  "pH": 8.980125000000001,
  "pe": 4.0,
  "Eh": 0.24,
  "system_mass_kg": 0.17430479215965075,
  "input_composition": {
    "Ca": 0.472044,
    "Si": 1.60375686,
    "Al": 0.61814041,
    "Fe": 0.11196319,
    "Mg": 0.10051012,
    "K": 0.07511147,
    "Na": 0.09995686,
    "S": 0.06151141,
    "O": 13.68289985,
    "H": 16.9855811,
    "C": 0.02140884
  },
  "execution_time": 1.0013580322265625e-05,
  "mix_id": "MIX_3206",
  "input_file": "/teamspace/studios/this_studio/inputs/generated/MIX_3206.inp"
}