{
  "converged": true,
  "method": "simplified_thermodynamic_model",
  "note": "Using simplified model until Cemdata18 integration complete",
  "temperature_K": 298.15,
  "pressure_bar": 1.01325,
  "CO2_fraction": 0.35,
  "pCO2_bar": 0.3546375,
  "phases": {
    "Calcite": {
      "moles": 0.025361555040937497,
      "mass_kg": 0.002538438044047434
    },
    "C-S-H_1.0": {
      "moles": 0.4269418649590625,
      "mass_kg": 0.07258011704304063
    },
    "Silica_gel": {
      "moles": 1.6184002250409377,
      "mass_kg": 0.09723348552045954
    },
    "Ettringite": {
      "moles": 0.0034173,
      "mass_kg": 0.0042887114999999995
    },
    "Hydrotalcite": {
      "moles": 0.024860808,
      "mass_kg": 0.011013337944000001
    }
  },
  "pH": 8.7268125,
  "pe": 4.0,
  "Eh": 0.24,
  "system_mass_kg": 0.1876540900515476,
  "input_composition": {
    "Ca": 0.45230342,
    "Si": 2.04534209,
    "Al": 0.69760586,
    "Fe": 0.16618886,
    "Mg": 0.08286936,
    "K": 0.09162172,
    "Na": 0.19241863,
    "S": 0.0205038,
    "O": 15.50770893,
    "H": 18.65083419,
    "C": 0.02860561
  },
  "execution_time": 1.049041748046875e-05,
  "mix_id": "MIX_4797",
  "input_file": "/teamspace/studios/this_studio/inputs/generated/MIX_4797.inp"
}