{
  "converged": true,
  "method": "simplified_thermodynamic_model",
  "note": "Using simplified model until Cemdata18 integration complete",
  "temperature_K": 298.15,
  "pressure_bar": 1.01325,
  "CO2_fraction": 0.35,
  "pCO2_bar": 0.3546375,
  "phases": {
    "Calcite": {
      "moles": 0.022865483326874998,
      "mass_kg": 0.0022886062261869185
    },
    "C-S-H_1.0": {
      "moles": 0.722604166673125,
      "mass_kg": 0.12284270833443126
    },
    "Silica_gel": {
      "moles": 0.9667334233268751,
      "mass_kg": 0.058081344073478654
    },
    "Ettringite": {
      "moles": 0.020503801666666665,
      "mass_kg": 0.02573227109166666
    },
    "Hydrotalcite": {
      "moles": 0.046297674,
      "mass_kg": 0.020509869582
    }
  },
  "pH": 8.7268125,
  "pe": 4.0,
  "Eh": 0.24,
  "system_mass_kg": 0.2294547993077635,
  "input_composition": {
    "Ca": 0.74546965,
    "Si": 1.68933759,
    "Al": 0.68430669,
    "Fe": 0.10802551,
    "Mg": 0.15432558,
    "K": 0.073277,
    "Na": 0.13819757,
    "S": 0.12302281,
    "O": 13.32046843,
    "H": 14.65422691,
    "C": 0.02579026
  },
  "execution_time": 1.0013580322265625e-05,
  "mix_id": "MIX_4232",
  "input_file": "/teamspace/studios/this_studio/inputs/generated/MIX_4232.inp"
}