{
  "converged": true,
  "method": "simplified_thermodynamic_model",
  "note": "Using simplified model until Cemdata18 integration complete",
  "temperature_K": 298.15,
  "pressure_bar": 1.01325,
  "CO2_fraction": 0.4,
  "pCO2_bar": 0.4053,
  "phases": {
    "Calcite": {
      "moles": 0.03229011,
      "mass_kg": 0.0032319171098999996
    },
    "C-S-H_1.0": {
      "moles": 0.42001331000000003,
      "mass_kg": 0.07140226270000001
    },
    "Silica_gel": {
      "moles": 1.5844038200000001,
      "mass_kg": 0.09519098150560001
    },
    "Ettringite": {
      "moles": 0.0034173,
      "mass_kg": 0.0042887114999999995
    },
    "Hydrotalcite": {
      "moles": 0.024860808,
      "mass_kg": 0.011013337944000001
    }
  },
  "pH": 8.5,
  "pe": 4.0,
  "Eh": 0.24,
  "system_mass_kg": 0.18512721075950003,
  "input_composition": {
    "Ca": 0.45230342,
    "Si": 2.00441713,
    "Al": 0.69760586,
    "Fe": 0.16618886,
    "Mg": 0.08286936,
    "K": 0.09162172,
    "Na": 0.11307074,
    "S": 0.0205038,
    "O": 15.39355407,
    "H": 18.65083418,
    "C": 0.03229011
  },
  "execution_time": 1.1444091796875e-05,
  "mix_id": "MIX_4805",
  "input_file": "/teamspace/studios/this_studio/inputs/generated/MIX_4805.inp"
}