{
  "converged": true,
  "method": "simplified_thermodynamic_model",
  "note": "Using simplified model until Cemdata18 integration complete",
  "temperature_K": 298.15,
  "pressure_bar": 1.01325,
  "CO2_fraction": 0.25,
  "pCO2_bar": 0.2533125,
  "phases": {
    "Calcite": {
      "moles": 0.009337833356249998,
      "mass_kg": 0.0009346237406270624
    },
    "C-S-H_1.0": {
      "moles": 0.39449686664375,
      "mass_kg": 0.06706446732943751
    },
    "Silica_gel": {
      "moles": 0.93383945335625,
      "mass_kg": 0.056105074357643496
    },
    "Ettringite": {
      "moles": 0.011960551666666666,
      "mass_kg": 0.015010492341666664
    },
    "Hydrotalcite": {
      "moles": 0.029014203,
      "mass_kg": 0.012853291929
    }
  },
  "pH": 9.2334375,
  "pe": 4.0,
  "Eh": 0.24,
  "system_mass_kg": 0.15196794969837474,
  "input_composition": {
    "Ca": 0.4038347,
    "Si": 1.32833632,
    "Al": 0.54266472,
    "Fe": 0.07518652,
    "Mg": 0.09671401,
    "K": 0.06410463,
    "Na": 0.1388588,
    "S": 0.07176331,
    "O": 11.09127238,
    "H": 13.32202445,
    "C": 0.01474516
  },
  "execution_time": 9.775161743164062e-06,
  "mix_id": "MIX_1631",
  "input_file": "/teamspace/studios/this_studio/inputs/generated/MIX_1631.inp"
}