{
  "converged": true,
  "method": "simplified_thermodynamic_model",
  "note": "Using simplified model until Cemdata18 integration complete",
  "temperature_K": 298.15,
  "pressure_bar": 1.01325,
  "CO2_fraction": 0.3,
  "pCO2_bar": 0.303975,
  "phases": {
    "Calcite": {
      "moles": 0.012427341530624999,
      "mass_kg": 0.001243852613800256
    },
    "C-S-H_1.0": {
      "moles": 0.303457488469375,
      "mass_kg": 0.05158777303979375
    },
    "Silica_gel": {
      "moles": 1.091051611530625,
      "mass_kg": 0.06555038082075995
    },
    "Ettringite": {
      "moles": 0.0068346,
      "mass_kg": 0.008577422999999999
    },
    "Hydrotalcite": {
      "moles": 0.022583142,
      "mass_kg": 0.010004331906
    }
  },
  "pH": 8.980125000000001,
  "pe": 4.0,
  "Eh": 0.24,
  "system_mass_kg": 0.13696376138035396,
  "input_composition": {
    "Ca": 0.31588483,
    "Si": 1.3945091,
    "Al": 0.54665447,
    "Fe": 0.09263552,
    "Mg": 0.07527714,
    "K": 0.06960805,
    "Na": 0.07635189,
    "S": 0.0410076,
    "O": 10.02968452,
    "H": 11.32372072,
    "C": 0.01635311
  },
  "execution_time": 1.6927719116210938e-05,
  "mix_id": "MIX_1974",
  "input_file": "/teamspace/studios/this_studio/inputs/generated/MIX_1974.inp"
}