{
  "converged": true,
  "method": "simplified_thermodynamic_model",
  "note": "Using simplified model until Cemdata18 integration complete",
  "temperature_K": 298.15,
  "pressure_bar": 1.01325,
  "CO2_fraction": 0.3,
  "pCO2_bar": 0.303975,
  "phases": {
    "Calcite": {
      "moles": 0.013792470457499997,
      "mass_kg": 0.0013804883680911748
    },
    "C-S-H_1.0": {
      "moles": 0.6341512595425001,
      "mass_kg": 0.10780571412222502
    },
    "Silica_gel": {
      "moles": 0.7797483204575,
      "mass_kg": 0.0468472790930866
    },
    "Ettringite": {
      "moles": 0.020503801666666665,
      "mass_kg": 0.02573227109166666
    },
    "Hydrotalcite": {
      "moles": 0.043015155,
      "mass_kg": 0.019055713665
    }
  },
  "pH": 8.980125000000001,
  "pe": 4.0,
  "Eh": 0.24,
  "system_mass_kg": 0.20082146634006945,
  "input_composition": {
    "Ca": 0.64794373,
    "Si": 1.41389958,
    "Al": 0.61016091,
    "Fe": 0.07706518,
    "Mg": 0.14338385,
    "K": 0.06410463,
    "Na": 0.11346335,
    "S": 0.12302281,
    "O": 10.63945237,
    "H": 10.99067019,
    "C": 0.01814948
  },
  "execution_time": 1.2874603271484375e-05,
  "mix_id": "MIX_2760",
  "input_file": "/teamspace/studios/this_studio/inputs/generated/MIX_2760.inp"
}