{
  "converged": true,
  "method": "simplified_thermodynamic_model",
  "note": "Using simplified model until Cemdata18 integration complete",
  "temperature_K": 298.15,
  "pressure_bar": 1.01325,
  "CO2_fraction": 0.25,
  "pCO2_bar": 0.2533125,
  "phases": {
    "Calcite": {
      "moles": 0.006036240557812499,
      "mass_kg": 0.000604167317431453
    },
    "C-S-H_1.0": {
      "moles": 0.1683477394421875,
      "mass_kg": 0.028619115705171876
    },
    "Silica_gel": {
      "moles": 1.0196029305578125,
      "mass_kg": 0.06125774406791337
    },
    "Ettringite": {
      "moles": 0.004271625,
      "mass_kg": 0.0053608893749999996
    },
    "Hydrotalcite": {
      "moles": 0.016085091,
      "mass_kg": 0.007125695313
    }
  },
  "pH": 9.2334375,
  "pe": 4.0,
  "Eh": 0.24,
  "system_mass_kg": 0.1029676117785167,
  "input_composition": {
    "Ca": 0.17438398,
    "Si": 1.18795067,
    "Al": 0.47450356,
    "Fe": 0.07039969,
    "Mg": 0.05361697,
    "K": 0.0631874,
    "Na": 0.0897623,
    "S": 0.02562975,
    "O": 6.42461487,
    "H": 5.66186043,
    "C": 0.00953169
  },
  "execution_time": 1.0013580322265625e-05,
  "mix_id": "MIX_0622",
  "input_file": "/teamspace/studios/this_studio/inputs/generated/MIX_0622.inp"
}