{
  "converged": true,
  "method": "simplified_thermodynamic_model",
  "note": "Using simplified model until Cemdata18 integration complete",
  "temperature_K": 298.15,
  "pressure_bar": 1.01325,
  "CO2_fraction": 0.35,
  "pCO2_bar": 0.3546375,
  "phases": {
    "Calcite": {
      "moles": 0.025361555040937497,
      "mass_kg": 0.002538438044047434
    },
    "C-S-H_1.0": {
      "moles": 0.48557511495906247,
      "mass_kg": 0.08254776954304062
    },
    "Silica_gel": {
      "moles": 1.4941591450409377,
      "mass_kg": 0.08976908143405954
    },
    "Ettringite": {
      "moles": 0.0068346,
      "mass_kg": 0.008577422999999999
    },
    "Hydrotalcite": {
      "moles": 0.029148182999999998,
      "mass_kg": 0.012912645068999999
    }
  },
  "pH": 8.7268125,
  "pe": 4.0,
  "Eh": 0.24,
  "system_mass_kg": 0.19634535709014758,
  "input_composition": {
    "Ca": 0.51093667,
    "Si": 1.97973426,
    "Al": 0.69494602,
    "Fe": 0.15455619,
    "Mg": 0.09716061,
    "K": 0.08795278,
    "Na": 0.19241863,
    "S": 0.0410076,
    "O": 15.48765596,
    "H": 18.65083419,
    "C": 0.02860561
  },
  "execution_time": 1.049041748046875e-05,
  "mix_id": "MIX_4685",
  "input_file": "/teamspace/studios/this_studio/inputs/generated/MIX_4685.inp"
}