{
  "converged": true,
  "method": "simplified_thermodynamic_model",
  "note": "Using simplified model until Cemdata18 integration complete",
  "temperature_K": 298.15,
  "pressure_bar": 1.01325,
  "CO2_fraction": 0.15,
  "pCO2_bar": 0.1519875,
  "phases": {
    "Calcite": {
      "moles": 0.0022669277596874997,
      "mass_kg": 0.00022689679946712185
    },
    "C-S-H_1.0": {
      "moles": 0.1428004222403125,
      "mass_kg": 0.02427607178085313
    },
    "Silica_gel": {
      "moles": 1.0701315177596875,
      "mass_kg": 0.06429350158700203
    },
    "Ettringite": {
      "moles": 0.002562975,
      "mass_kg": 0.0032165336249999994
    },
    "Hydrotalcite": {
      "moles": 0.013941405,
      "mass_kg": 0.006176042415
    }
  },
  "pH": 9.7400625,
  "pe": 4.0,
  "Eh": 0.24,
  "system_mass_kg": 0.09818904620732229,
  "input_composition": {
    "Ca": 0.14506735,
    "Si": 1.21293194,
    "Al": 0.47583348,
    "Fe": 0.07621603,
    "Mg": 0.04647135,
    "K": 0.06502187,
    "Na": 0.07459528,
    "S": 0.01537785,
    "O": 6.90385729,
    "H": 6.66101226,
    "C": 0.00596609
  },
  "execution_time": 2.765655517578125e-05,
  "mix_id": "MIX_0811",
  "input_file": "/teamspace/studios/this_studio/inputs/generated/MIX_0811.inp"
}