{
  "converged": true,
  "method": "simplified_thermodynamic_model",
  "note": "Using simplified model until Cemdata18 integration complete",
  "temperature_K": 298.15,
  "pressure_bar": 1.01325,
  "CO2_fraction": 0.3,
  "pCO2_bar": 0.303975,
  "phases": {
    "Calcite": {
      "moles": 0.018517222276875,
      "mass_kg": 0.0018533887776924186
    },
    "C-S-H_1.0": {
      "moles": 0.726952427723125,
      "mass_kg": 0.12358191271293126
    },
    "Silica_gel": {
      "moles": 0.969674922276875,
      "mass_kg": 0.05825806933039465
    },
    "Ettringite": {
      "moles": 0.020503801666666665,
      "mass_kg": 0.02573227109166666
    },
    "Hydrotalcite": {
      "moles": 0.046297674,
      "mass_kg": 0.020509869582
    }
  },
  "pH": 8.980125000000001,
  "pe": 4.0,
  "Eh": 0.24,
  "system_mass_kg": 0.229935511494685,
  "input_composition": {
    "Ca": 0.74546965,
    "Si": 1.69662735,
    "Al": 0.68430669,
    "Fe": 0.10802551,
    "Mg": 0.15432558,
    "K": 0.073277,
    "Na": 0.15233141,
    "S": 0.12302281,
    "O": 15.33757155,
    "H": 18.65083423,
    "C": 0.02436677
  },
  "execution_time": 1.1682510375976562e-05,
  "mix_id": "MIX_4217",
  "input_file": "/teamspace/studios/this_studio/inputs/generated/MIX_4217.inp"
}