{
  "converged": true,
  "method": "simplified_thermodynamic_model",
  "note": "Using simplified model until Cemdata18 integration complete",
  "temperature_K": 298.15,
  "pressure_bar": 1.01325,
  "CO2_fraction": 0.2,
  "pCO2_bar": 0.20265,
  "phases": {
    "Calcite": {
      "moles": 0.00555728614875,
      "mass_kg": 0.0005562287706283875
    },
    "C-S-H_1.0": {
      "moles": 0.33964416385125,
      "mass_kg": 0.057739507854712505
    },
    "Silica_gel": {
      "moles": 1.03573454614875,
      "mass_kg": 0.062226931532616894
    },
    "Ettringite": {
      "moles": 0.00854325,
      "mass_kg": 0.010721778749999999
    },
    "Hydrotalcite": {
      "moles": 0.024726828,
      "mass_kg": 0.010953984804
    }
  },
  "pH": 9.48675,
  "pe": 4.0,
  "Eh": 0.24,
  "system_mass_kg": 0.14219843171195778,
  "input_composition": {
    "Ca": 0.34520145,
    "Si": 1.37537871,
    "Al": 0.54532455,
    "Fe": 0.08681919,
    "Mg": 0.08242276,
    "K": 0.06777358,
    "Na": 0.10286297,
    "S": 0.0512595,
    "O": 10.04949289,
    "H": 11.32372081,
    "C": 0.01096923
  },
  "execution_time": 1.3828277587890625e-05,
  "mix_id": "MIX_1834",
  "input_file": "/teamspace/studios/this_studio/inputs/generated/MIX_1834.inp"
}