{
  "converged": true,
  "method": "simplified_thermodynamic_model",
  "note": "Using simplified model until Cemdata18 integration complete",
  "temperature_K": 298.15,
  "pressure_bar": 1.01325,
  "CO2_fraction": 0.2,
  "pCO2_bar": 0.20265,
  "phases": {
    "Calcite": {
      "moles": 0.0034362296587499997,
      "mass_kg": 0.0003439322265442875
    },
    "C-S-H_1.0": {
      "moles": 0.21492268034124998,
      "mass_kg": 0.0365368556580125
    },
    "Silica_gel": {
      "moles": 0.9020253596587501,
      "mass_kg": 0.0541936836082977
    },
    "Ettringite": {
      "moles": 0.0068346,
      "mass_kg": 0.008577422999999999
    },
    "Hydrotalcite": {
      "moles": 0.019300623,
      "mass_kg": 0.008550175989
    }
  },
  "pH": 9.48675,
  "pe": 4.0,
  "Eh": 0.24,
  "system_mass_kg": 0.10820207048185448,
  "input_composition": {
    "Ca": 0.21835891,
    "Si": 1.11694804,
    "Al": 0.47250869,
    "Fe": 0.06167519,
    "Mg": 0.06433541,
    "K": 0.06043569,
    "Na": 0.04750137,
    "S": 0.0410076,
    "O": 5.34020107,
    "H": 3.66355667,
    "C": 0.00678259
  },
  "execution_time": 1.0967254638671875e-05,
  "mix_id": "MIX_0260",
  "input_file": "/teamspace/studios/this_studio/inputs/generated/MIX_0260.inp"
}