{
  "converged": true,
  "method": "simplified_thermodynamic_model",
  "note": "Using simplified model until Cemdata18 integration complete",
  "temperature_K": 298.15,
  "pressure_bar": 1.01325,
  "CO2_fraction": 0.25,
  "pCO2_bar": 0.2533125,
  "phases": {
    "Calcite": {
      "moles": 0.005665562043749999,
      "mass_kg": 0.0005670661049589375
    },
    "C-S-H_1.0": {
      "moles": 0.24200996795625002,
      "mass_kg": 0.04114169455256251
    },
    "Silica_gel": {
      "moles": 0.8434869020437501,
      "mass_kg": 0.05067669307478851
    },
    "Ettringite": {
      "moles": 0.00854325,
      "mass_kg": 0.010721778749999999
    },
    "Hydrotalcite": {
      "moles": 0.021444308999999998,
      "mass_kg": 0.009499828887
    }
  },
  "pH": 9.2334375,
  "pe": 4.0,
  "Eh": 0.24,
  "system_mass_kg": 0.11260706136930995,
  "input_composition": {
    "Ca": 0.24767553,
    "Si": 1.08549687,
    "Al": 0.47117877,
    "Fe": 0.05585885,
    "Mg": 0.07148103,
    "K": 0.05860121,
    "Na": 0.05012415,
    "S": 0.0512595,
    "O": 5.83809496,
    "H": 4.66270861,
    "C": 0.00894636
  },
  "execution_time": 9.5367431640625e-06,
  "mix_id": "MIX_0053",
  "input_file": "/teamspace/studios/this_studio/inputs/generated/MIX_0053.inp"
}