{
  "converged": true,
  "method": "simplified_thermodynamic_model",
  "note": "Using simplified model until Cemdata18 integration complete",
  "temperature_K": 298.15,
  "pressure_bar": 1.01325,
  "CO2_fraction": 0.4,
  "pCO2_bar": 0.4053,
  "phases": {
    "Calcite": {
      "moles": 0.03550347,
      "mass_kg": 0.0035535423123000003
    },
    "C-S-H_1.0": {
      "moles": 0.82723268,
      "mass_kg": 0.1406295556
    },
    "Silica_gel": {
      "moles": 0.7454687899999999,
      "mass_kg": 0.044787764903199995
    },
    "Ettringite": {
      "moles": 0.027338403333333334,
      "mass_kg": 0.03430969618333333
    },
    "Hydrotalcite": {
      "moles": 0.054872421,
      "mass_kg": 0.024308482503
    }
  },
  "pH": 8.5,
  "pe": 4.0,
  "Eh": 0.24,
  "system_mass_kg": 0.24758904150183333,
  "input_composition": {
    "Ca": 0.86273615,
    "Si": 1.57270147,
    "Al": 0.67898703,
    "Fe": 0.08476018,
    "Mg": 0.18290807,
    "K": 0.06593911,
    "Na": 0.16646526,
    "S": 0.16403042,
    "O": 17.33968911,
    "H": 22.64744156,
    "C": 0.03550347
  },
  "execution_time": 9.775161743164062e-06,
  "mix_id": "MIX_4026",
  "input_file": "/teamspace/studios/this_studio/inputs/generated/MIX_4026.inp"
}