{
  "converged": true,
  "method": "simplified_thermodynamic_model",
  "note": "Using simplified model until Cemdata18 integration complete",
  "temperature_K": 298.15,
  "pressure_bar": 1.01325,
  "CO2_fraction": 0.3,
  "pCO2_bar": 0.303975,
  "phases": {
    "Calcite": {
      "moles": 0.022090645985624997,
      "mass_kg": 0.002211052756701206
    },
    "C-S-H_1.0": {
      "moles": 0.488846024014375,
      "mass_kg": 0.08310382408244375
    },
    "Silica_gel": {
      "moles": 1.509304465985625,
      "mass_kg": 0.09067901231641635
    },
    "Ettringite": {
      "moles": 0.0068346,
      "mass_kg": 0.008577422999999999
    },
    "Hydrotalcite": {
      "moles": 0.029148182999999998,
      "mass_kg": 0.012912645068999999
    }
  },
  "pH": 8.980125000000001,
  "pe": 4.0,
  "Eh": 0.24,
  "system_mass_kg": 0.1974839572245613,
  "input_composition": {
    "Ca": 0.51093667,
    "Si": 1.99815049,
    "Al": 0.69494602,
    "Fe": 0.15455619,
    "Mg": 0.09716061,
    "K": 0.08795278,
    "Na": 0.22812517,
    "S": 0.0410076,
    "O": 19.53987584,
    "H": 26.64404881,
    "C": 0.02906903
  },
  "execution_time": 2.86102294921875e-05,
  "mix_id": "MIX_4671",
  "input_file": "/teamspace/studios/this_studio/inputs/generated/MIX_4671.inp"
}