{
  "converged": true,
  "method": "simplified_thermodynamic_model",
  "note": "Using simplified model until Cemdata18 integration complete",
  "temperature_K": 298.15,
  "pressure_bar": 1.01325,
  "CO2_fraction": 0.25,
  "pCO2_bar": 0.2533125,
  "phases": {
    "Calcite": {
      "moles": 0.012859181081249999,
      "mass_kg": 0.0012870754344223123
    },
    "C-S-H_1.0": {
      "moles": 0.67397722891875,
      "mass_kg": 0.11457612891618751
    },
    "Silica_gel": {
      "moles": 1.08825794108125,
      "mass_kg": 0.06538253710016151
    },
    "Ettringite": {
      "moles": 0.017086501666666667,
      "mass_kg": 0.021443559591666665
    },
    "Hydrotalcite": {
      "moles": 0.042010302,
      "mass_kg": 0.018610563786
    }
  },
  "pH": 9.2334375,
  "pe": 4.0,
  "Eh": 0.24,
  "system_mass_kg": 0.221299864828438,
  "input_composition": {
    "Ca": 0.68683641,
    "Si": 1.76223517,
    "Al": 0.68696653,
    "Fe": 0.11965818,
    "Mg": 0.14003434,
    "K": 0.07694594,
    "Na": 0.15233141,
    "S": 0.10251901,
    "O": 15.34950226,
    "H": 18.65083423,
    "C": 0.02030564
  },
  "execution_time": 1.049041748046875e-05,
  "mix_id": "MIX_4313",
  "input_file": "/teamspace/studios/this_studio/inputs/generated/MIX_4313.inp"
}