{
  "converged": true,
  "method": "simplified_thermodynamic_model",
  "note": "Using simplified model until Cemdata18 integration complete",
  "temperature_K": 298.15,
  "pressure_bar": 1.01325,
  "CO2_fraction": 0.25,
  "pCO2_bar": 0.2533125,
  "phases": {
    "Calcite": {
      "moles": 0.006036240557812499,
      "mass_kg": 0.000604167317431453
    },
    "C-S-H_1.0": {
      "moles": 0.24163928944218752,
      "mass_kg": 0.04107867920517188
    },
    "Silica_gel": {
      "moles": 0.8643016005578126,
      "mass_kg": 0.05192724016151338
    },
    "Ettringite": {
      "moles": 0.00854325,
      "mass_kg": 0.010721778749999999
    },
    "Hydrotalcite": {
      "moles": 0.021444308999999998,
      "mass_kg": 0.009499828887
    }
  },
  "pH": 9.2334375,
  "pe": 4.0,
  "Eh": 0.24,
  "system_mass_kg": 0.11383169432111671,
  "input_composition": {
    "Ca": 0.24767553,
    "Si": 1.10594089,
    "Al": 0.47117877,
    "Fe": 0.05585885,
    "Mg": 0.07148103,
    "K": 0.05860121,
    "Na": 0.0897623,
    "S": 0.0512595,
    "O": 6.39954866,
    "H": 5.66186043,
    "C": 0.00953169
  },
  "execution_time": 8.58306884765625e-06,
  "mix_id": "MIX_0062",
  "input_file": "/teamspace/studios/this_studio/inputs/generated/MIX_0062.inp"
}