{
  "converged": true,
  "method": "simplified_thermodynamic_model",
  "note": "Using simplified model until Cemdata18 integration complete",
  "temperature_K": 298.15,
  "pressure_bar": 1.01325,
  "CO2_fraction": 0.15,
  "pCO2_bar": 0.1519875,
  "phases": {
    "Calcite": {
      "moles": 0.0037245638784374996,
      "mass_kg": 0.0003727915985928093
    },
    "C-S-H_1.0": {
      "moles": 0.6002442361215625,
      "mass_kg": 0.10204152014066564
    },
    "Silica_gel": {
      "moles": 0.8356816538784375,
      "mass_kg": 0.05020775376501653
    },
    "Ettringite": {
      "moles": 0.017940826666666666,
      "mass_kg": 0.022515737466666665
    },
    "Hydrotalcite": {
      "moles": 0.039799626,
      "mass_kg": 0.017631234318
    }
  },
  "pH": 9.7400625,
  "pe": 4.0,
  "Eh": 0.24,
  "system_mass_kg": 0.19276903728894165,
  "input_composition": {
    "Ca": 0.6039688,
    "Si": 1.43592589,
    "Al": 0.61215579,
    "Fe": 0.08578968,
    "Mg": 0.13266542,
    "K": 0.06685634,
    "Na": 0.06076591,
    "S": 0.10764496,
    "O": 12.0558176,
    "H": 13.9881256,
    "C": 0.00980229
  },
  "execution_time": 9.5367431640625e-06,
  "mix_id": "MIX_2817",
  "input_file": "/teamspace/studios/this_studio/inputs/generated/MIX_2817.inp"
}