{
  "converged": true,
  "method": "simplified_thermodynamic_model",
  "note": "Using simplified model until Cemdata18 integration complete",
  "temperature_K": 298.15,
  "pressure_bar": 1.01325,
  "CO2_fraction": 0.25,
  "pCO2_bar": 0.2533125,
  "phases": {
    "Calcite": {
      "moles": 0.00951945841875,
      "mass_kg": 0.0009528025931326875
    },
    "C-S-H_1.0": {
      "moles": 0.46252454158125,
      "mass_kg": 0.07862917206881251
    },
    "Silica_gel": {
      "moles": 1.13311588841875,
      "mass_kg": 0.0680776025761985
    },
    "Ettringite": {
      "moles": 0.010251901666666667,
      "mass_kg": 0.012866136591666666
    },
    "Hydrotalcite": {
      "moles": 0.030153035999999998,
      "mass_kg": 0.013357794947999999
    }
  },
  "pH": 9.2334375,
  "pe": 4.0,
  "Eh": 0.24,
  "system_mass_kg": 0.17388350877781036,
  "input_composition": {
    "Ca": 0.472044,
    "Si": 1.59564043,
    "Al": 0.61814041,
    "Fe": 0.11196319,
    "Mg": 0.10051012,
    "K": 0.07511147,
    "Na": 0.08422021,
    "S": 0.06151141,
    "O": 10.64858942,
    "H": 10.99067013,
    "C": 0.01503196
  },
  "execution_time": 1.0013580322265625e-05,
  "mix_id": "MIX_3188",
  "input_file": "/teamspace/studios/this_studio/inputs/generated/MIX_3188.inp"
}