{
  "converged": true,
  "method": "simplified_thermodynamic_model",
  "note": "Using simplified model until Cemdata18 integration complete",
  "temperature_K": 298.15,
  "pressure_bar": 1.01325,
  "CO2_fraction": 0.3,
  "pCO2_bar": 0.303975,
  "phases": {
    "Calcite": {
      "moles": 0.008638186764375,
      "mass_kg": 0.0008645961132462938
    },
    "C-S-H_1.0": {
      "moles": 0.151087473235625,
      "mass_kg": 0.02568487045005625
    },
    "Silica_gel": {
      "moles": 1.043620076764375,
      "mass_kg": 0.06270069421200365
    },
    "Ettringite": {
      "moles": 0.0034173,
      "mass_kg": 0.0042887114999999995
    },
    "Hydrotalcite": {
      "moles": 0.015013247999999998,
      "mass_kg": 0.006650868863999999
    }
  },
  "pH": 8.980125000000001,
  "pe": 4.0,
  "Eh": 0.24,
  "system_mass_kg": 0.10018974113930619,
  "input_composition": {
    "Ca": 0.15972566,
    "Si": 1.19470755,
    "Al": 0.47516852,
    "Fe": 0.07330786,
    "Mg": 0.05004416,
    "K": 0.06410463,
    "Na": 0.07106182,
    "S": 0.0205038,
    "O": 6.40465829,
    "H": 5.66186043,
    "C": 0.01136697
  },
  "execution_time": 1.239776611328125e-05,
  "mix_id": "MIX_0746",
  "input_file": "/teamspace/studios/this_studio/inputs/generated/MIX_0746.inp"
}