{
  "converged": true,
  "method": "simplified_thermodynamic_model",
  "note": "Using simplified model until Cemdata18 integration complete",
  "temperature_K": 298.15,
  "pressure_bar": 1.01325,
  "CO2_fraction": 0.2,
  "pCO2_bar": 0.20265,
  "phases": {
    "Calcite": {
      "moles": 0.00822987487875,
      "mass_kg": 0.0008237281766140874
    },
    "C-S-H_1.0": {
      "moles": 0.85450627512125,
      "mass_kg": 0.14526606677061252
    },
    "Silica_gel": {
      "moles": 0.71090543487875,
      "mass_kg": 0.0427111985275153
    },
    "Ettringite": {
      "moles": 0.027338403333333334,
      "mass_kg": 0.03430969618333333
    },
    "Hydrotalcite": {
      "moles": 0.054872421,
      "mass_kg": 0.024308482503
    }
  },
  "pH": 9.48675,
  "pe": 4.0,
  "Eh": 0.24,
  "system_mass_kg": 0.24741917216107523,
  "input_composition": {
    "Ca": 0.86273615,
    "Si": 1.56541171,
    "Al": 0.67898703,
    "Fe": 0.08476018,
    "Mg": 0.18290807,
    "K": 0.06593911,
    "Na": 0.15233141,
    "S": 0.16403042,
    "O": 15.28122109,
    "H": 18.65083423,
    "C": 0.01624451
  },
  "execution_time": 1.0013580322265625e-05,
  "mix_id": "MIX_3961",
  "input_file": "/teamspace/studios/this_studio/inputs/generated/MIX_3961.inp"
}