{
  "converged": true,
  "method": "simplified_thermodynamic_model",
  "note": "Using simplified model until Cemdata18 integration complete",
  "temperature_K": 298.15,
  "pressure_bar": 1.01325,
  "CO2_fraction": 0.3,
  "pCO2_bar": 0.303975,
  "phases": {
    "Calcite": {
      "moles": 0.018292789934999998,
      "mass_kg": 0.0018309253445941498
    },
    "C-S-H_1.0": {
      "moles": 0.5512771300649999,
      "mass_kg": 0.09371711211105
    },
    "Silica_gel": {
      "moles": 1.3020882799350002,
      "mass_kg": 0.07822946385849482
    },
    "Ettringite": {
      "moles": 0.010251901666666667,
      "mass_kg": 0.012866136591666666
    },
    "Hydrotalcite": {
      "moles": 0.033435555,
      "mass_kg": 0.014811950865
    }
  },
  "pH": 8.980125000000001,
  "pe": 4.0,
  "Eh": 0.24,
  "system_mass_kg": 0.20145558877080563,
  "input_composition": {
    "Ca": 0.56956992,
    "Si": 1.85336541,
    "Al": 0.69228619,
    "Fe": 0.14292352,
    "Mg": 0.11145185,
    "K": 0.08428383,
    "Na": 0.0746113,
    "S": 0.06151141,
    "O": 15.2781089,
    "H": 18.65083414,
    "C": 0.02407144
  },
  "execution_time": 1.0251998901367188e-05,
  "mix_id": "MIX_4545",
  "input_file": "/teamspace/studios/this_studio/inputs/generated/MIX_4545.inp"
}