{
  "converged": true,
  "method": "simplified_thermodynamic_model",
  "note": "Using simplified model until Cemdata18 integration complete",
  "temperature_K": 298.15,
  "pressure_bar": 1.01325,
  "CO2_fraction": 0.35,
  "pCO2_bar": 0.3546375,
  "phases": {
    "Calcite": {
      "moles": 0.025203998465625,
      "mass_kg": 0.0025226682064244063
    },
    "C-S-H_1.0": {
      "moles": 0.837532151534375,
      "mass_kg": 0.14238046576084376
    },
    "Silica_gel": {
      "moles": 0.727879558465625,
      "mass_kg": 0.043731003872614756
    },
    "Ettringite": {
      "moles": 0.027338403333333334,
      "mass_kg": 0.03430969618333333
    },
    "Hydrotalcite": {
      "moles": 0.054872421,
      "mass_kg": 0.024308482503
    }
  },
  "pH": 8.7268125,
  "pe": 4.0,
  "Eh": 0.24,
  "system_mass_kg": 0.24725231652621624,
  "input_composition": {
    "Ca": 0.86273615,
    "Si": 1.56541171,
    "Al": 0.67898703,
    "Fe": 0.08476018,
    "Mg": 0.18290807,
    "K": 0.06593911,
    "Na": 0.15233141,
    "S": 0.16403042,
    "O": 15.30558786,
    "H": 18.65083423,
    "C": 0.0284279
  },
  "execution_time": 1.239776611328125e-05,
  "mix_id": "MIX_4009",
  "input_file": "/teamspace/studios/this_studio/inputs/generated/MIX_4009.inp"
}