{
  "converged": true,
  "method": "simplified_thermodynamic_model",
  "note": "Using simplified model until Cemdata18 integration complete",
  "temperature_K": 298.15,
  "pressure_bar": 1.01325,
  "CO2_fraction": 0.4,
  "pCO2_bar": 0.4053,
  "phases": {
    "Calcite": {
      "moles": 0.01431417,
      "mass_kg": 0.0014327052752999999
    },
    "C-S-H_1.0": {
      "moles": 0.16006981,
      "mass_kg": 0.027211867700000003
    },
    "Silica_gel": {
      "moles": 1.00743684,
      "mass_kg": 0.0605268053472
    },
    "Ettringite": {
      "moles": 0.004271625,
      "mass_kg": 0.0053608893749999996
    },
    "Hydrotalcite": {
      "moles": 0.016085091,
      "mass_kg": 0.007125695313
    }
  },
  "pH": 8.5,
  "pe": 4.0,
  "Eh": 0.24,
  "system_mass_kg": 0.10165796301050001,
  "input_composition": {
    "Ca": 0.17438398,
    "Si": 1.16750665,
    "Al": 0.47450356,
    "Fe": 0.07039969,
    "Mg": 0.05361697,
    "K": 0.0631874,
    "Na": 0.05012415,
    "S": 0.02562975,
    "O": 5.87389681,
    "H": 4.66270861,
    "C": 0.01431417
  },
  "execution_time": 1.0251998901367188e-05,
  "mix_id": "MIX_0661",
  "input_file": "/teamspace/studios/this_studio/inputs/generated/MIX_0661.inp"
}