{
  "converged": true,
  "method": "simplified_thermodynamic_model",
  "note": "Using simplified model until Cemdata18 integration complete",
  "temperature_K": 298.15,
  "pressure_bar": 1.01325,
  "CO2_fraction": 0.2,
  "pCO2_bar": 0.20265,
  "phases": {
    "Calcite": {
      "moles": 0.00969733445625,
      "mass_kg": 0.0009706062057260624
    },
    "C-S-H_1.0": {
      "moles": 0.73577231554375,
      "mass_kg": 0.1250812936424375
    },
    "Silica_gel": {
      "moles": 0.95142761445625,
      "mass_kg": 0.0571617710765315
    },
    "Ettringite": {
      "moles": 0.020503801666666665,
      "mass_kg": 0.02573227109166666
    },
    "Hydrotalcite": {
      "moles": 0.046297674,
      "mass_kg": 0.020509869582
    }
  },
  "pH": 9.48675,
  "pe": 4.0,
  "Eh": 0.24,
  "system_mass_kg": 0.22945581159836173,
  "input_composition": {
    "Ca": 0.74546965,
    "Si": 1.68719993,
    "Al": 0.68430669,
    "Fe": 0.10802551,
    "Mg": 0.15432558,
    "K": 0.073277,
    "Na": 0.13405294,
    "S": 0.12302281,
    "O": 19.29573329,
    "H": 26.64404877,
    "C": 0.01914105
  },
  "execution_time": 1.1920928955078125e-05,
  "mix_id": "MIX_4183",
  "input_file": "/teamspace/studios/this_studio/inputs/generated/MIX_4183.inp"
}