{
  "converged": true,
  "method": "simplified_thermodynamic_model",
  "note": "Using simplified model until Cemdata18 integration complete",
  "temperature_K": 298.15,
  "pressure_bar": 1.01325,
  "CO2_fraction": 0.3,
  "pCO2_bar": 0.303975,
  "phases": {
    "Calcite": {
      "moles": 0.008259981069375,
      "mass_kg": 0.0008267415052337437
    },
    "C-S-H_1.0": {
      "moles": 0.224757238930625,
      "mass_kg": 0.03820873061820625
    },
    "Silica_gel": {
      "moles": 0.8952835810693751,
      "mass_kg": 0.053788637550648055
    },
    "Ettringite": {
      "moles": 0.007688925,
      "mass_kg": 0.009649600874999999
    },
    "Hydrotalcite": {
      "moles": 0.020372466000000002,
      "mass_kg": 0.009025002438000002
    }
  },
  "pH": 8.980125000000001,
  "pe": 4.0,
  "Eh": 0.24,
  "system_mass_kg": 0.11149871298708805,
  "input_composition": {
    "Ca": 0.23301722,
    "Si": 1.12004082,
    "Al": 0.47184373,
    "Fe": 0.05876702,
    "Mg": 0.06790822,
    "K": 0.05951845,
    "Na": 0.08529898,
    "S": 0.04613355,
    "O": 5.90082543,
    "H": 4.66270854,
    "C": 0.01086929
  },
  "execution_time": 1.0728836059570312e-05,
  "mix_id": "MIX_0189",
  "input_file": "/teamspace/studios/this_studio/inputs/generated/MIX_0189.inp"
}