{
  "converged": true,
  "method": "simplified_thermodynamic_model",
  "note": "Using simplified model until Cemdata18 integration complete",
  "temperature_K": 298.15,
  "pressure_bar": 1.01325,
  "CO2_fraction": 0.2,
  "pCO2_bar": 0.20265,
  "phases": {
    "Calcite": {
      "moles": 0.00746627954625,
      "mass_kg": 0.0007472999197841626
    },
    "C-S-H_1.0": {
      "moles": 0.62073688045375,
      "mass_kg": 0.1055252696771375
    },
    "Silica_gel": {
      "moles": 1.1998163595462499,
      "mass_kg": 0.07208496688153869
    },
    "Ettringite": {
      "moles": 0.013669201666666667,
      "mass_kg": 0.017154848091666664
    },
    "Hydrotalcite": {
      "moles": 0.037722929999999995,
      "mass_kg": 0.01671125799
    }
  },
  "pH": 9.48675,
  "pe": 4.0,
  "Eh": 0.24,
  "system_mass_kg": 0.21222364256012702,
  "input_composition": {
    "Ca": 0.62820316,
    "Si": 1.82055324,
    "Al": 0.68962636,
    "Fe": 0.13129085,
    "Mg": 0.1257431,
    "K": 0.08061489,
    "Na": 0.13819757,
    "S": 0.08201521,
    "O": 13.33846843,
    "H": 14.65422691,
    "C": 0.01473729
  },
  "execution_time": 1.0728836059570312e-05,
  "mix_id": "MIX_4408",
  "input_file": "/teamspace/studios/this_studio/inputs/generated/MIX_4408.inp"
}