{
  "converged": true,
  "method": "simplified_thermodynamic_model",
  "note": "Using simplified model until Cemdata18 integration complete",
  "temperature_K": 298.15,
  "pressure_bar": 1.01325,
  "CO2_fraction": 0.35,
  "pCO2_bar": 0.3546375,
  "phases": {
    "Calcite": {
      "moles": 0.015849937910624997,
      "mass_kg": 0.001586420285474456
    },
    "C-S-H_1.0": {
      "moles": 0.212085022089375,
      "mass_kg": 0.03605445375519375
    },
    "Silica_gel": {
      "moles": 1.2908644479106248,
      "mass_kg": 0.07755513603047035
    },
    "Ettringite": {
      "moles": 0.00170865,
      "mass_kg": 0.0021443557499999997
    },
    "Hydrotalcite": {
      "moles": 0.016152083999999997,
      "mass_kg": 0.007155373211999999
    }
  },
  "pH": 8.7268125,
  "pe": 4.0,
  "Eh": 0.24,
  "system_mass_kg": 0.12449573903313854,
  "input_composition": {
    "Ca": 0.22793496,
    "Si": 1.50294947,
    "Al": 0.55064422,
    "Fe": 0.11008453,
    "Mg": 0.05384028,
    "K": 0.07511147,
    "Na": 0.09579605,
    "S": 0.0102519,
    "O": 9.09344,
    "H": 9.32541714,
    "C": 0.01787734
  },
  "execution_time": 1.3589859008789062e-05,
  "mix_id": "MIX_2329",
  "input_file": "/teamspace/studios/this_studio/inputs/generated/MIX_2329.inp"
}