{
  "converged": true,
  "method": "simplified_thermodynamic_model",
  "note": "Using simplified model until Cemdata18 integration complete",
  "temperature_K": 298.15,
  "pressure_bar": 1.01325,
  "CO2_fraction": 0.4,
  "pCO2_bar": 0.4053,
  "phases": {
    "Calcite": {
      "moles": 0.02947458,
      "mass_kg": 0.0029501107122
    },
    "C-S-H_1.0": {
      "moles": 0.42282884,
      "mass_kg": 0.07188090280000001
    },
    "Silica_gel": {
      "moles": 1.5945478599999998,
      "mass_kg": 0.09580043542879998
    },
    "Ettringite": {
      "moles": 0.0034173,
      "mass_kg": 0.0042887114999999995
    },
    "Hydrotalcite": {
      "moles": 0.024860808,
      "mass_kg": 0.011013337944000001
    }
  },
  "pH": 8.5,
  "pe": 4.0,
  "Eh": 0.24,
  "system_mass_kg": 0.185933498385,
  "input_composition": {
    "Ca": 0.45230342,
    "Si": 2.0173767,
    "Al": 0.69760586,
    "Fe": 0.16618886,
    "Mg": 0.08286936,
    "K": 0.09162172,
    "Na": 0.13819757,
    "S": 0.0205038,
    "O": 13.42810193,
    "H": 14.65422691,
    "C": 0.02947458
  },
  "execution_time": 1.0967254638671875e-05,
  "mix_id": "MIX_4808",
  "input_file": "/teamspace/studios/this_studio/inputs/generated/MIX_4808.inp"
}