{
  "converged": true,
  "method": "simplified_thermodynamic_model",
  "note": "Using simplified model until Cemdata18 integration complete",
  "temperature_K": 298.15,
  "pressure_bar": 1.01325,
  "CO2_fraction": 0.2,
  "pCO2_bar": 0.20265,
  "phases": {
    "Calcite": {
      "moles": 0.00555728614875,
      "mass_kg": 0.0005562287706283875
    },
    "C-S-H_1.0": {
      "moles": 0.45691066385125,
      "mass_kg": 0.0776748128547125
    },
    "Silica_gel": {
      "moles": 0.78725239614875,
      "mass_kg": 0.0472981239606169
    },
    "Ettringite": {
      "moles": 0.015377851666666666,
      "mass_kg": 0.019299203841666664
    },
    "Hydrotalcite": {
      "moles": 0.033301575,
      "mass_kg": 0.014752597725
    }
  },
  "pH": 9.48675,
  "pe": 4.0,
  "Eh": 0.24,
  "system_mass_kg": 0.15958096715262446,
  "input_composition": {
    "Ca": 0.46246795,
    "Si": 1.24416306,
    "Al": 0.54000488,
    "Fe": 0.06355385,
    "Mg": 0.11100525,
    "K": 0.06043569,
    "Na": 0.10286297,
    "S": 0.09226711,
    "O": 10.00938695,
    "H": 11.32372081,
    "C": 0.01096923
  },
  "execution_time": 1.1920928955078125e-05,
  "mix_id": "MIX_1386",
  "input_file": "/teamspace/studios/this_studio/inputs/generated/MIX_1386.inp"
}