{
  "converged": true,
  "method": "simplified_thermodynamic_model",
  "note": "Using simplified model until Cemdata18 integration complete",
  "temperature_K": 298.15,
  "pressure_bar": 1.01325,
  "CO2_fraction": 0.35,
  "pCO2_bar": 0.3546375,
  "phases": {
    "Calcite": {
      "moles": 0.0105882788484375,
      "mass_kg": 0.0010597808299401094
    },
    "C-S-H_1.0": {
      "moles": 0.2224289411515625,
      "mass_kg": 0.03781291999576563
    },
    "Silica_gel": {
      "moles": 0.8866239488484375,
      "mass_kg": 0.05326836684681413
    },
    "Ettringite": {
      "moles": 0.007688925,
      "mass_kg": 0.009649600874999999
    },
    "Hydrotalcite": {
      "moles": 0.020372466000000002,
      "mass_kg": 0.009025002438000002
    }
  },
  "pH": 8.7268125,
  "pe": 4.0,
  "Eh": 0.24,
  "system_mass_kg": 0.11081567098551987,
  "input_composition": {
    "Ca": 0.23301722,
    "Si": 1.10905289,
    "Al": 0.47184373,
    "Fe": 0.05876702,
    "Mg": 0.06790822,
    "K": 0.05951845,
    "Na": 0.0639949,
    "S": 0.04613355,
    "O": 5.37076837,
    "H": 3.66355677,
    "C": 0.01194265
  },
  "execution_time": 1.1682510375976562e-05,
  "mix_id": "MIX_0200",
  "input_file": "/teamspace/studios/this_studio/inputs/generated/MIX_0200.inp"
}