{
  "converged": true,
  "method": "simplified_thermodynamic_model",
  "note": "Using simplified model until Cemdata18 integration complete",
  "temperature_K": 298.15,
  "pressure_bar": 1.01325,
  "CO2_fraction": 0.15,
  "pCO2_bar": 0.1519875,
  "phases": {
    "Calcite": {
      "moles": 0.004067345086874999,
      "mass_kg": 0.00040710056974531866
    },
    "C-S-H_1.0": {
      "moles": 0.511951584913125,
      "mass_kg": 0.08703176943523125
    },
    "Silica_gel": {
      "moles": 1.0425994050868752,
      "mass_kg": 0.06263937225761947
    },
    "Ettringite": {
      "moles": 0.012814876666666667,
      "mass_kg": 0.016082670216666668
    },
    "Hydrotalcite": {
      "moles": 0.033368564999999996,
      "mass_kg": 0.014782274294999998
    }
  },
  "pH": 9.7400625,
  "pe": 4.0,
  "Eh": 0.24,
  "system_mass_kg": 0.1809431867742627,
  "input_composition": {
    "Ca": 0.51601893,
    "Si": 1.55455099,
    "Al": 0.61614554,
    "Fe": 0.10323869,
    "Mg": 0.11122855,
    "K": 0.07235976,
    "Na": 0.09995686,
    "S": 0.07688926,
    "O": 13.64645128,
    "H": 16.9855811,
    "C": 0.01070442
  },
  "execution_time": 9.5367431640625e-06,
  "mix_id": "MIX_3046",
  "input_file": "/teamspace/studios/this_studio/inputs/generated/MIX_3046.inp"
}