{
  "converged": true,
  "method": "simplified_thermodynamic_model",
  "note": "Using simplified model until Cemdata18 integration complete",
  "temperature_K": 298.15,
  "pressure_bar": 1.01325,
  "CO2_fraction": 0.25,
  "pCO2_bar": 0.2533125,
  "phases": {
    "Calcite": {
      "moles": 0.007444284421874998,
      "mass_kg": 0.0007450984277854685
    },
    "C-S-H_1.0": {
      "moles": 0.337757165578125,
      "mass_kg": 0.057418718148281256
    },
    "Silica_gel": {
      "moles": 1.018537074421875,
      "mass_kg": 0.061193707431266245
    },
    "Ettringite": {
      "moles": 0.00854325,
      "mass_kg": 0.010721778749999999
    },
    "Hydrotalcite": {
      "moles": 0.024726828,
      "mass_kg": 0.010953984804
    }
  },
  "pH": 9.2334375,
  "pe": 4.0,
  "Eh": 0.24,
  "system_mass_kg": 0.14103328756133296,
  "input_composition": {
    "Ca": 0.34520145,
    "Si": 1.35629424,
    "Al": 0.54532455,
    "Fe": 0.08681919,
    "Mg": 0.08242276,
    "K": 0.06777358,
    "Na": 0.06586079,
    "S": 0.0512595,
    "O": 7.99609093,
    "H": 7.32711348,
    "C": 0.0117551
  },
  "execution_time": 1.4066696166992188e-05,
  "mix_id": "MIX_1844",
  "input_file": "/teamspace/studios/this_studio/inputs/generated/MIX_1844.inp"
}