{
  "converged": true,
  "method": "simplified_thermodynamic_model",
  "note": "Using simplified model until Cemdata18 integration complete",
  "temperature_K": 298.15,
  "pressure_bar": 1.01325,
  "CO2_fraction": 0.3,
  "pCO2_bar": 0.303975,
  "phases": {
    "Calcite": {
      "moles": 0.0219534088725,
      "mass_kg": 0.0021973166940485248
    },
    "C-S-H_1.0": {
      "moles": 0.8994159811275,
      "mass_kg": 0.152900716791675
    },
    "Silica_gel": {
      "moles": 0.6149674188725001,
      "mass_kg": 0.036947242525859805
    },
    "Ettringite": {
      "moles": 0.030755703333333332,
      "mass_kg": 0.03859840768333333
    },
    "Hydrotalcite": {
      "moles": 0.059159792999999995,
      "mass_kg": 0.026207788298999998
    }
  },
  "pH": 8.980125000000001,
  "pe": 4.0,
  "Eh": 0.24,
  "system_mass_kg": 0.25685147199391667,
  "input_composition": {
    "Ca": 0.92136939,
    "Si": 1.5143834,
    "Al": 0.67632719,
    "Fe": 0.07312751,
    "Mg": 0.19719931,
    "K": 0.06227016,
    "Na": 0.1805991,
    "S": 0.18453422,
    "O": 19.32635617,
    "H": 26.64404888,
    "C": 0.02888844
  },
  "execution_time": 2.002716064453125e-05,
  "mix_id": "MIX_3883",
  "input_file": "/teamspace/studios/this_studio/inputs/generated/MIX_3883.inp"
}