{
  "converged": true,
  "method": "simplified_thermodynamic_model",
  "note": "Using simplified model until Cemdata18 integration complete",
  "temperature_K": 298.15,
  "pressure_bar": 1.01325,
  "CO2_fraction": 0.4,
  "pCO2_bar": 0.4053,
  "phases": {
    "Calcite": {
      "moles": 0.02207561,
      "mass_kg": 0.0022095478049
    },
    "C-S-H_1.0": {
      "moles": 0.46970895999999995,
      "mass_kg": 0.0798505232
    },
    "Silica_gel": {
      "moles": 0.7556115700000001,
      "mass_kg": 0.04539714312560001
    },
    "Ettringite": {
      "moles": 0.017086501666666667,
      "mass_kg": 0.021443559591666665
    },
    "Hydrotalcite": {
      "moles": 0.035445261,
      "mass_kg": 0.015702250623
    }
  },
  "pH": 8.5,
  "pe": 4.0,
  "Eh": 0.24,
  "system_mass_kg": 0.16460302434516666,
  "input_composition": {
    "Ca": 0.49178457,
    "Si": 1.22532053,
    "Al": 0.53867497,
    "Fe": 0.05773752,
    "Mg": 0.11815087,
    "K": 0.05860121,
    "Na": 0.12993217,
    "S": 0.10251901,
    "O": 10.06303056,
    "H": 11.32372077,
    "C": 0.02207561
  },
  "execution_time": 1.811981201171875e-05,
  "mix_id": "MIX_1342",
  "input_file": "/teamspace/studios/this_studio/inputs/generated/MIX_1342.inp"
}