{
  "converged": true,
  "method": "simplified_thermodynamic_model",
  "note": "Using simplified model until Cemdata18 integration complete",
  "temperature_K": 298.15,
  "pressure_bar": 1.01325,
  "CO2_fraction": 0.2,
  "pCO2_bar": 0.20265,
  "phases": {
    "Calcite": {
      "moles": 0.005207841555,
      "mass_kg": 0.0005212528612399501
    },
    "C-S-H_1.0": {
      "moles": 0.193410498445,
      "mass_kg": 0.03287978473565
    },
    "Silica_gel": {
      "moles": 1.3553450815549999,
      "mass_kg": 0.08142913249982439
    },
    "Hydrotalcite": {
      "moles": 0.014008394999999998,
      "mass_kg": 0.006205718984999999
    }
  },
  "pH": 9.48675,
  "pe": 4.0,
  "Eh": 0.24,
  "system_mass_kg": 0.12103588908171434,
  "input_composition": {
    "Ca": 0.19861834,
    "Si": 1.54875558,
    "Al": 0.55197413,
    "Fe": 0.11590086,
    "Mg": 0.04669465,
    "K": 0.07694594,
    "Na": 0.12100552,
    "S": 0.0,
    "O": 9.12687986,
    "H": 9.32541705,
    "C": 0.01027948
  },
  "execution_time": 1.1920928955078125e-05,
  "mix_id": "MIX_2397",
  "input_file": "/teamspace/studios/this_studio/inputs/generated/MIX_2397.inp"
}