{
  "converged": true,
  "method": "simplified_thermodynamic_model",
  "note": "Using simplified model until Cemdata18 integration complete",
  "temperature_K": 298.15,
  "pressure_bar": 1.01325,
  "CO2_fraction": 0.3,
  "pCO2_bar": 0.303975,
  "phases": {
    "Calcite": {
      "moles": 0.019990064744999998,
      "mass_kg": 0.00200080558032705
    },
    "C-S-H_1.0": {
      "moles": 0.43231335525500003,
      "mass_kg": 0.07349327039335
    },
    "Silica_gel": {
      "moles": 1.555838184745,
      "mass_kg": 0.0934747581394796
    },
    "Ettringite": {
      "moles": 0.0034173,
      "mass_kg": 0.0042887114999999995
    },
    "Hydrotalcite": {
      "moles": 0.024860808,
      "mass_kg": 0.011013337944000001
    }
  },
  "pH": 8.980125000000001,
  "pe": 4.0,
  "Eh": 0.24,
  "system_mass_kg": 0.18427088355715665,
  "input_composition": {
    "Ca": 0.45230342,
    "Si": 1.98815154,
    "Al": 0.69760586,
    "Fe": 0.16618886,
    "Mg": 0.08286936,
    "K": 0.09162172,
    "Na": 0.081534,
    "S": 0.0205038,
    "O": 17.33158775,
    "H": 22.64744155,
    "C": 0.02630488
  },
  "execution_time": 1.0013580322265625e-05,
  "mix_id": "MIX_4770",
  "input_file": "/teamspace/studios/this_studio/inputs/generated/MIX_4770.inp"
}