{
  "converged": true,
  "method": "simplified_thermodynamic_model",
  "note": "Using simplified model until Cemdata18 integration complete",
  "temperature_K": 298.15,
  "pressure_bar": 1.01325,
  "CO2_fraction": 0.35,
  "pCO2_bar": 0.3546375,
  "phases": {
    "Calcite": {
      "moles": 0.012419316590625,
      "mass_kg": 0.0012430493975556561
    },
    "C-S-H_1.0": {
      "moles": 0.117989723409375,
      "mass_kg": 0.020058252979593752
    },
    "Silica_gel": {
      "moles": 1.1214688365906251,
      "mass_kg": 0.06737784770236475
    },
    "Ettringite": {
      "moles": 0.00170865,
      "mass_kg": 0.0021443557499999997
    },
    "Hydrotalcite": {
      "moles": 0.012869562,
      "mass_kg": 0.0057012159659999995
    }
  },
  "pH": 8.7268125,
  "pe": 4.0,
  "Eh": 0.24,
  "system_mass_kg": 0.09652472179551416,
  "input_composition": {
    "Ca": 0.13040904,
    "Si": 1.23945856,
    "Al": 0.47649844,
    "Fe": 0.07912419,
    "Mg": 0.04289854,
    "K": 0.06593911,
    "Na": 0.09422562,
    "S": 0.0102519,
    "O": 6.95501862,
    "H": 6.66101221,
    "C": 0.0140079
  },
  "execution_time": 1.5020370483398438e-05,
  "mix_id": "MIX_0991",
  "input_file": "/teamspace/studios/this_studio/inputs/generated/MIX_0991.inp"
}