{
  "converged": true,
  "method": "simplified_thermodynamic_model",
  "note": "Using simplified model until Cemdata18 integration complete",
  "temperature_K": 298.15,
  "pressure_bar": 1.01325,
  "CO2_fraction": 0.0,
  "pCO2_bar": 0.0,
  "phases": {
    "C-S-H_1.0": {
      "moles": 0.86273615,
      "mass_kg": 0.1466651455
    },
    "Silica_gel": {
      "moles": 0.6590196599999999,
      "mass_kg": 0.0395939011728
    },
    "Ettringite": {
      "moles": 0.027338403333333334,
      "mass_kg": 0.03430969618333333
    },
    "Hydrotalcite": {
      "moles": 0.054872421,
      "mass_kg": 0.024308482503
    }
  },
  "pH": 10.5,
  "pe": 4.0,
  "Eh": 0.24,
  "system_mass_kg": 0.24487722535913334,
  "input_composition": {
    "Ca": 0.86273615,
    "Si": 1.52175581,
    "Al": 0.67898703,
    "Fe": 0.08476018,
    "Mg": 0.18290807,
    "K": 0.06593911,
    "Na": 0.0676886,
    "S": 0.16403042,
    "O": 13.12079517,
    "H": 14.65422685,
    "C": 0.0
  },
  "execution_time": 8.58306884765625e-06,
  "mix_id": "MIX_3920",
  "input_file": "/teamspace/studios/this_studio/inputs/generated/MIX_3920.inp"
}