{
  "converged": true,
  "method": "simplified_thermodynamic_model",
  "note": "Using simplified model until Cemdata18 integration complete",
  "temperature_K": 298.15,
  "pressure_bar": 1.01325,
  "CO2_fraction": 0.3,
  "pCO2_bar": 0.303975,
  "phases": {
    "Calcite": {
      "moles": 0.011717651098125,
      "mass_kg": 0.0011728196984113312
    },
    "C-S-H_1.0": {
      "moles": 0.421433668901875,
      "mass_kg": 0.07164372371331876
    },
    "Silica_gel": {
      "moles": 0.8648906210981251,
      "mass_kg": 0.05196262851557536
    },
    "Ettringite": {
      "moles": 0.013669201666666667,
      "mass_kg": 0.017154848091666664
    },
    "Hydrotalcite": {
      "moles": 0.031157888999999998,
      "mass_kg": 0.013802944826999999
    }
  },
  "pH": 8.980125000000001,
  "pe": 4.0,
  "Eh": 0.24,
  "system_mass_kg": 0.1557369648459721,
  "input_composition": {
    "Ca": 0.43315132,
    "Si": 1.28632429,
    "Al": 0.5413348,
    "Fe": 0.06937019,
    "Mg": 0.10385963,
    "K": 0.06227016,
    "Na": 0.12100552,
    "S": 0.08201521,
    "O": 9.05694746,
    "H": 9.32541705,
    "C": 0.01541923
  },
  "execution_time": 1.1920928955078125e-05,
  "mix_id": "MIX_1533",
  "input_file": "/teamspace/studios/this_studio/inputs/generated/MIX_1533.inp"
}