{
  "converged": true,
  "method": "simplified_thermodynamic_model",
  "note": "Using simplified model until Cemdata18 integration complete",
  "temperature_K": 298.15,
  "pressure_bar": 1.01325,
  "CO2_fraction": 0.15,
  "pCO2_bar": 0.1519875,
  "phases": {
    "Calcite": {
      "moles": 0.0021463256784374995,
      "mass_kg": 0.0002148257371548093
    },
    "C-S-H_1.0": {
      "moles": 0.21621258432156248,
      "mass_kg": 0.03675613933466562
    },
    "Silica_gel": {
      "moles": 0.9034409356784374,
      "mass_kg": 0.05427873141556052
    },
    "Ettringite": {
      "moles": 0.0068346,
      "mass_kg": 0.008577422999999999
    },
    "Hydrotalcite": {
      "moles": 0.019300623,
      "mass_kg": 0.008550175989
    }
  },
  "pH": 9.7400625,
  "pe": 4.0,
  "Eh": 0.24,
  "system_mass_kg": 0.10837729547638095,
  "input_composition": {
    "Ca": 0.21835891,
    "Si": 1.11965352,
    "Al": 0.47250869,
    "Fe": 0.06167519,
    "Mg": 0.06433541,
    "K": 0.06043569,
    "Na": 0.05274692,
    "S": 0.0410076,
    "O": 6.34511886,
    "H": 5.6618604,
    "C": 0.00564869
  },
  "execution_time": 9.5367431640625e-06,
  "mix_id": "MIX_0246",
  "input_file": "/teamspace/studios/this_studio/inputs/generated/MIX_0246.inp"
}