{
  "converged": true,
  "method": "simplified_thermodynamic_model",
  "note": "Using simplified model until Cemdata18 integration complete",
  "temperature_K": 298.15,
  "pressure_bar": 1.01325,
  "CO2_fraction": 0.0,
  "pCO2_bar": 0.0,
  "phases": {
    "C-S-H_1.0": {
      "moles": 0.22793496,
      "mass_kg": 0.038748943200000004
    },
    "Silica_gel": {
      "moles": 1.25337666,
      "mass_kg": 0.07530286973280001
    },
    "Ettringite": {
      "moles": 0.00170865,
      "mass_kg": 0.0021443557499999997
    },
    "Hydrotalcite": {
      "moles": 0.016152083999999997,
      "mass_kg": 0.007155373211999999
    }
  },
  "pH": 10.5,
  "pe": 4.0,
  "Eh": 0.24,
  "system_mass_kg": 0.12335154189480001,
  "input_composition": {
    "Ca": 0.22793496,
    "Si": 1.48131162,
    "Al": 0.55064422,
    "Fe": 0.11008453,
    "Mg": 0.05384028,
    "K": 0.07511147,
    "Na": 0.05384321,
    "S": 0.0102519,
    "O": 10.99173683,
    "H": 13.32202441,
    "C": 0.0
  },
  "execution_time": 7.3909759521484375e-06,
  "mix_id": "MIX_2243",
  "input_file": "/teamspace/studios/this_studio/inputs/generated/MIX_2243.inp"
}