{
  "converged": true,
  "method": "simplified_thermodynamic_model",
  "note": "Using simplified model until Cemdata18 integration complete",
  "temperature_K": 298.15,
  "pressure_bar": 1.01325,
  "CO2_fraction": 0.0,
  "pCO2_bar": 0.0,
  "phases": {
    "C-S-H_1.0": {
      "moles": 0.37451808,
      "mass_kg": 0.0636680736
    },
    "Silica_gel": {
      "moles": 0.94098874,
      "mass_kg": 0.056534603499200003
    },
    "Ettringite": {
      "moles": 0.010251901666666667,
      "mass_kg": 0.012866136591666666
    },
    "Hydrotalcite": {
      "moles": 0.026870514,
      "mass_kg": 0.011903637702000001
    }
  },
  "pH": 10.5,
  "pe": 4.0,
  "Eh": 0.24,
  "system_mass_kg": 0.14497245139286666,
  "input_composition": {
    "Ca": 0.37451808,
    "Si": 1.31550682,
    "Al": 0.54399463,
    "Fe": 0.08100285,
    "Mg": 0.08956838,
    "K": 0.06593911,
    "Na": 0.05038186,
    "S": 0.06151141,
    "O": 9.93715138,
    "H": 11.32372071,
    "C": 0.0
  },
  "execution_time": 8.106231689453125e-06,
  "mix_id": "MIX_1682",
  "input_file": "/teamspace/studios/this_studio/inputs/generated/MIX_1682.inp"
}