{
  "converged": true,
  "method": "simplified_thermodynamic_model",
  "note": "Using simplified model until Cemdata18 integration complete",
  "temperature_K": 298.15,
  "pressure_bar": 1.01325,
  "CO2_fraction": 0.25,
  "pCO2_bar": 0.2533125,
  "phases": {
    "Calcite": {
      "moles": 0.012939569803124997,
      "mass_kg": 0.001295121541594781
    },
    "C-S-H_1.0": {
      "moles": 0.439363850196875,
      "mass_kg": 0.07469185453346876
    },
    "Silica_gel": {
      "moles": 1.605978239803125,
      "mass_kg": 0.09648717264737175
    },
    "Ettringite": {
      "moles": 0.0034173,
      "mass_kg": 0.0042887114999999995
    },
    "Hydrotalcite": {
      "moles": 0.024860808,
      "mass_kg": 0.011013337944000001
    }
  },
  "pH": 9.2334375,
  "pe": 4.0,
  "Eh": 0.24,
  "system_mass_kg": 0.1877761981664353,
  "input_composition": {
    "Ca": 0.45230342,
    "Si": 2.04534209,
    "Al": 0.69760586,
    "Fe": 0.16618886,
    "Mg": 0.08286936,
    "K": 0.09162172,
    "Na": 0.19241863,
    "S": 0.0205038,
    "O": 15.49136287,
    "H": 18.65083419,
    "C": 0.02043258
  },
  "execution_time": 8.58306884765625e-06,
  "mix_id": "MIX_4765",
  "input_file": "/teamspace/studios/this_studio/inputs/generated/MIX_4765.inp"
}