{
  "converged": true,
  "method": "simplified_thermodynamic_model",
  "note": "Using simplified model until Cemdata18 integration complete",
  "temperature_K": 298.15,
  "pressure_bar": 1.01325,
  "CO2_fraction": 0.0,
  "pCO2_bar": 0.0,
  "phases": {
    "C-S-H_1.0": {
      "moles": 0.19861834,
      "mass_kg": 0.0337651178
    },
    "Silica_gel": {
      "moles": 1.3101414400000002,
      "mass_kg": 0.07871329771520001
    },
    "Hydrotalcite": {
      "moles": 0.014008394999999998,
      "mass_kg": 0.006205718984999999
    }
  },
  "pH": 10.5,
  "pe": 4.0,
  "Eh": 0.24,
  "system_mass_kg": 0.11868413450020002,
  "input_composition": {
    "Ca": 0.19861834,
    "Si": 1.50875978,
    "Al": 0.55197413,
    "Fe": 0.11590086,
    "Mg": 0.04669465,
    "K": 0.07694594,
    "Na": 0.04345916,
    "S": 0.0,
    "O": 7.98840431,
    "H": 7.32711342,
    "C": 0.0
  },
  "execution_time": 1.2636184692382812e-05,
  "mix_id": "MIX_2352",
  "input_file": "/teamspace/studios/this_studio/inputs/generated/MIX_2352.inp"
}