{
  "converged": true,
  "method": "simplified_thermodynamic_model",
  "note": "Using simplified model until Cemdata18 integration complete",
  "temperature_K": 298.15,
  "pressure_bar": 1.01325,
  "CO2_fraction": 0.15,
  "pCO2_bar": 0.1519875,
  "phases": {
    "Calcite": {
      "moles": 0.0019447864537499998,
      "mass_kg": 0.0001946536761558375
    },
    "C-S-H_1.0": {
      "moles": 0.23107243354625,
      "mass_kg": 0.039282313702862504
    },
    "Silica_gel": {
      "moles": 0.8779804564537501,
      "mass_kg": 0.05274906582374131
    },
    "Ettringite": {
      "moles": 0.007688925,
      "mass_kg": 0.009649600874999999
    },
    "Hydrotalcite": {
      "moles": 0.020372466000000002,
      "mass_kg": 0.009025002438000002
    }
  },
  "pH": 9.7400625,
  "pe": 4.0,
  "Eh": 0.24,
  "system_mass_kg": 0.11090063651575965,
  "input_composition": {
    "Ca": 0.23301722,
    "Si": 1.10905289,
    "Al": 0.47184373,
    "Fe": 0.05876702,
    "Mg": 0.06790822,
    "K": 0.05951845,
    "Na": 0.0639949,
    "S": 0.04613355,
    "O": 5.35711963,
    "H": 3.66355677,
    "C": 0.00511828
  },
  "execution_time": 1.239776611328125e-05,
  "mix_id": "MIX_0136",
  "input_file": "/teamspace/studios/this_studio/inputs/generated/MIX_0136.inp"
}