{
  "converged": true,
  "method": "simplified_thermodynamic_model",
  "note": "Using simplified model until Cemdata18 integration complete",
  "temperature_K": 298.15,
  "pressure_bar": 1.01325,
  "CO2_fraction": 0.2,
  "pCO2_bar": 0.20265,
  "phases": {
    "Calcite": {
      "moles": 0.00746627954625,
      "mass_kg": 0.0007472999197841626
    },
    "C-S-H_1.0": {
      "moles": 0.6793701304537499,
      "mass_kg": 0.1154929221771375
    },
    "Silica_gel": {
      "moles": 1.0755752795462499,
      "mass_kg": 0.0646205627951387
    },
    "Ettringite": {
      "moles": 0.017086501666666667,
      "mass_kg": 0.021443559591666665
    },
    "Hydrotalcite": {
      "moles": 0.042010302,
      "mass_kg": 0.018610563786
    }
  },
  "pH": 9.48675,
  "pe": 4.0,
  "Eh": 0.24,
  "system_mass_kg": 0.220914908269727,
  "input_composition": {
    "Ca": 0.68683641,
    "Si": 1.75494541,
    "Al": 0.68696653,
    "Fe": 0.11965818,
    "Mg": 0.14003434,
    "K": 0.07694594,
    "Na": 0.13819757,
    "S": 0.10251901,
    "O": 13.31841546,
    "H": 14.65422691,
    "C": 0.01473729
  },
  "execution_time": 1.2159347534179688e-05,
  "mix_id": "MIX_4296",
  "input_file": "/teamspace/studios/this_studio/inputs/generated/MIX_4296.inp"
}