{
  "converged": true,
  "method": "simplified_thermodynamic_model",
  "note": "Using simplified model until Cemdata18 integration complete",
  "temperature_K": 298.15,
  "pressure_bar": 1.01325,
  "CO2_fraction": 0.2,
  "pCO2_bar": 0.20265,
  "phases": {
    "Calcite": {
      "moles": 0.007187205165,
      "mass_kg": 0.00071936736496485
    },
    "C-S-H_1.0": {
      "moles": 0.420881854835,
      "mass_kg": 0.07154991532195001
    },
    "Silica_gel": {
      "moles": 1.214545365165,
      "mass_kg": 0.0729698855391132
    },
    "Ettringite": {
      "moles": 0.007688925,
      "mass_kg": 0.009649600874999999
    },
    "Hydrotalcite": {
      "moles": 0.026937506999999996,
      "mass_kg": 0.011933315600999998
    }
  },
  "pH": 9.48675,
  "pe": 4.0,
  "Eh": 0.24,
  "system_mass_kg": 0.16682208470202806,
  "input_composition": {
    "Ca": 0.42806906,
    "Si": 1.63542722,
    "Al": 0.62013529,
    "Fe": 0.12068769,
    "Mg": 0.08979169,
    "K": 0.07786318,
    "Na": 0.06595793,
    "S": 0.04613355,
    "O": 13.63142431,
    "H": 16.98558113,
    "C": 0.01418644
  },
  "execution_time": 1.1682510375976562e-05,
  "mix_id": "MIX_3282",
  "input_file": "/teamspace/studios/this_studio/inputs/generated/MIX_3282.inp"
}