{
  "converged": true,
  "method": "simplified_thermodynamic_model",
  "note": "Using simplified model until Cemdata18 integration complete",
  "temperature_K": 298.15,
  "pressure_bar": 1.01325,
  "CO2_fraction": 0.4,
  "pCO2_bar": 0.4053,
  "phases": {
    "Calcite": {
      "moles": 0.02629813,
      "mass_kg": 0.0026321798317
    },
    "C-S-H_1.0": {
      "moles": 0.53369574,
      "mass_kg": 0.09072827580000001
    },
    "Silica_gel": {
      "moles": 0.96759117,
      "mass_kg": 0.0581328774936
    },
    "Ettringite": {
      "moles": 0.015377851666666666,
      "mass_kg": 0.019299203841666664
    },
    "Hydrotalcite": {
      "moles": 0.036584094,
      "mass_kg": 0.016206753642
    }
  },
  "pH": 8.5,
  "pe": 4.0,
  "Eh": 0.24,
  "system_mass_kg": 0.18699929060896667,
  "input_composition": {
    "Ca": 0.55999387,
    "Si": 1.50128691,
    "Al": 0.61415066,
    "Fe": 0.09451418,
    "Mg": 0.12194698,
    "K": 0.06960805,
    "Na": 0.09208854,
    "S": 0.09226711,
    "O": 12.15182068,
    "H": 13.9881257,
    "C": 0.02629813
  },
  "execution_time": 1.33514404296875e-05,
  "mix_id": "MIX_3013",
  "input_file": "/teamspace/studios/this_studio/inputs/generated/MIX_3013.inp"
}