{
  "converged": true,
  "method": "simplified_thermodynamic_model",
  "note": "Using simplified model until Cemdata18 integration complete",
  "temperature_K": 298.15,
  "pressure_bar": 1.01325,
  "CO2_fraction": 0.4,
  "pCO2_bar": 0.4053,
  "phases": {
    "Calcite": {
      "moles": 0.02330214,
      "mass_kg": 0.0023323111926
    },
    "C-S-H_1.0": {
      "moles": 0.40984918000000004,
      "mass_kg": 0.06967436060000001
    },
    "Silica_gel": {
      "moles": 0.85614976,
      "mass_kg": 0.0514374775808
    },
    "Ettringite": {
      "moles": 0.013669201666666667,
      "mass_kg": 0.017154848091666664
    },
    "Hydrotalcite": {
      "moles": 0.031157888999999998,
      "mass_kg": 0.013802944826999999
    }
  },
  "pH": 8.5,
  "pe": 4.0,
  "Eh": 0.24,
  "system_mass_kg": 0.15440194229206666,
  "input_composition": {
    "Ca": 0.43315132,
    "Si": 1.26599894,
    "Al": 0.5413348,
    "Fe": 0.06937019,
    "Mg": 0.10385963,
    "K": 0.06227016,
    "Na": 0.08159744,
    "S": 0.08201521,
    "O": 11.01066224,
    "H": 13.32202445,
    "C": 0.02330214
  },
  "execution_time": 1.0967254638671875e-05,
  "mix_id": "MIX_1559",
  "input_file": "/teamspace/studios/this_studio/inputs/generated/MIX_1559.inp"
}