{
  "converged": true,
  "method": "simplified_thermodynamic_model",
  "note": "Using simplified model until Cemdata18 integration complete",
  "temperature_K": 298.15,
  "pressure_bar": 1.01325,
  "CO2_fraction": 0.35,
  "pCO2_bar": 0.3546375,
  "phases": {
    "Calcite": {
      "moles": 0.01468068034125,
      "mass_kg": 0.0014693892953557125
    },
    "C-S-H_1.0": {
      "moles": 0.21325427965875,
      "mass_kg": 0.0362532275419875
    },
    "Silica_gel": {
      "moles": 1.28605031034125,
      "mass_kg": 0.0772659026453023
    },
    "Ettringite": {
      "moles": 0.00170865,
      "mass_kg": 0.0021443557499999997
    },
    "Hydrotalcite": {
      "moles": 0.016152083999999997,
      "mass_kg": 0.007155373211999999
    }
  },
  "pH": 8.7268125,
  "pe": 4.0,
  "Eh": 0.24,
  "system_mass_kg": 0.1242882484446455,
  "input_composition": {
    "Ca": 0.22793496,
    "Si": 1.49930459,
    "Al": 0.55064422,
    "Fe": 0.11008453,
    "Mg": 0.05384028,
    "K": 0.07511147,
    "Na": 0.08872912,
    "S": 0.0102519,
    "O": 8.08082731,
    "H": 7.32711348,
    "C": 0.01655852
  },
  "execution_time": 1.049041748046875e-05,
  "mix_id": "MIX_2328",
  "input_file": "/teamspace/studios/this_studio/inputs/generated/MIX_2328.inp"
}