{
  "converged": true,
  "method": "simplified_thermodynamic_model",
  "note": "Using simplified model until Cemdata18 integration complete",
  "temperature_K": 298.15,
  "pressure_bar": 1.01325,
  "CO2_fraction": 0.2,
  "pCO2_bar": 0.20265,
  "phases": {
    "Calcite": {
      "moles": 0.00381569178375,
      "mass_kg": 0.00038191259063553753
    },
    "C-S-H_1.0": {
      "moles": 0.15590996821625,
      "mass_kg": 0.026504694596762503
    },
    "Silica_gel": {
      "moles": 1.0293513717837501,
      "mass_kg": 0.06184343041676771
    },
    "Ettringite": {
      "moles": 0.0034173,
      "mass_kg": 0.0042887114999999995
    },
    "Hydrotalcite": {
      "moles": 0.015013247999999998,
      "mass_kg": 0.006650868863999999
    }
  },
  "pH": 9.48675,
  "pe": 4.0,
  "Eh": 0.24,
  "system_mass_kg": 0.09966961796816574,
  "input_composition": {
    "Ca": 0.15972566,
    "Si": 1.18526134,
    "Al": 0.47516852,
    "Fe": 0.07330786,
    "Mg": 0.05004416,
    "K": 0.06410463,
    "Na": 0.05274692,
    "S": 0.0205038,
    "O": 6.36893763,
    "H": 5.6618604,
    "C": 0.00753159
  },
  "execution_time": 0.0001430511474609375,
  "mix_id": "MIX_0710",
  "input_file": "/teamspace/studios/this_studio/inputs/generated/MIX_0710.inp"
}