{
  "converged": true,
  "method": "simplified_thermodynamic_model",
  "note": "Using simplified model until Cemdata18 integration complete",
  "temperature_K": 298.15,
  "pressure_bar": 1.01325,
  "CO2_fraction": 0.25,
  "pCO2_bar": 0.2533125,
  "phases": {
    "Calcite": {
      "moles": 0.005998743974999999,
      "mass_kg": 0.0006004142844577499
    },
    "C-S-H_1.0": {
      "moles": 0.168385236025,
      "mass_kg": 0.028625490124250003
    },
    "Silica_gel": {
      "moles": 1.009920353975,
      "mass_kg": 0.06067601486681799
    },
    "Ettringite": {
      "moles": 0.004271625,
      "mass_kg": 0.0053608893749999996
    },
    "Hydrotalcite": {
      "moles": 0.016085091,
      "mass_kg": 0.007125695313
    }
  },
  "pH": 9.2334375,
  "pe": 4.0,
  "Eh": 0.24,
  "system_mass_kg": 0.10238850396352575,
  "input_composition": {
    "Ca": 0.17438398,
    "Si": 1.17830559,
    "Al": 0.47450356,
    "Fe": 0.07039969,
    "Mg": 0.05361697,
    "K": 0.0631874,
    "Na": 0.07106182,
    "S": 0.02562975,
    "O": 6.39585605,
    "H": 5.66186043,
    "C": 0.00947248
  },
  "execution_time": 9.5367431640625e-06,
  "mix_id": "MIX_0618",
  "input_file": "/teamspace/studios/this_studio/inputs/generated/MIX_0618.inp"
}