{
  "converged": true,
  "method": "simplified_thermodynamic_model",
  "note": "Using simplified model until Cemdata18 integration complete",
  "temperature_K": 298.15,
  "pressure_bar": 1.01325,
  "CO2_fraction": 0.35,
  "pCO2_bar": 0.3546375,
  "phases": {
    "Calcite": {
      "moles": 0.027208693325624998,
      "mass_kg": 0.002723318114961806
    },
    "C-S-H_1.0": {
      "moles": 0.7768942066743749,
      "mass_kg": 0.13207201513464376
    },
    "Silica_gel": {
      "moles": 0.817610413325625,
      "mass_kg": 0.04912203363260355
    },
    "Ettringite": {
      "moles": 0.023921101666666666,
      "mass_kg": 0.030020982591666665
    },
    "Hydrotalcite": {
      "moles": 0.050585049,
      "mass_kg": 0.022409176707
    }
  },
  "pH": 8.7268125,
  "pe": 4.0,
  "Eh": 0.24,
  "system_mass_kg": 0.23634752618087576,
  "input_composition": {
    "Ca": 0.8041029,
    "Si": 1.59450462,
    "Al": 0.68164686,
    "Fe": 0.09639285,
    "Mg": 0.16861683,
    "K": 0.06960805,
    "Na": 0.081534,
    "S": 0.14352661,
    "O": 17.22003821,
    "H": 22.64744155,
    "C": 0.03068902
  },
  "execution_time": 8.344650268554688e-06,
  "mix_id": "MIX_4114",
  "input_file": "/teamspace/studios/this_studio/inputs/generated/MIX_4114.inp"
}