{
  "converged": true,
  "method": "simplified_thermodynamic_model",
  "note": "Using simplified model until Cemdata18 integration complete",
  "temperature_K": 298.15,
  "pressure_bar": 1.01325,
  "CO2_fraction": 0.4,
  "pCO2_bar": 0.4053,
  "phases": {
    "Calcite": {
      "moles": 0.01506317,
      "mass_kg": 0.0015076726853
    },
    "C-S-H_1.0": {
      "moles": 0.17397912,
      "mass_kg": 0.0295764504
    },
    "Silica_gel": {
      "moles": 0.9784783099999999,
      "mass_kg": 0.05878697686479999
    },
    "Ettringite": {
      "moles": 0.00512595,
      "mass_kg": 0.006433067249999999
    },
    "Hydrotalcite": {
      "moles": 0.017156936999999997,
      "mass_kg": 0.007600523090999999
    }
  },
  "pH": 8.5,
  "pe": 4.0,
  "Eh": 0.24,
  "system_mass_kg": 0.10390469029109999,
  "input_composition": {
    "Ca": 0.18904229,
    "Si": 1.15245743,
    "Al": 0.4738386,
    "Fe": 0.06749152,
    "Mg": 0.05718979,
    "K": 0.06227016,
    "Na": 0.05274692,
    "S": 0.0307557,
    "O": 6.37397431,
    "H": 5.6618604,
    "C": 0.01506317
  },
  "execution_time": 1.0013580322265625e-05,
  "mix_id": "MIX_0550",
  "input_file": "/teamspace/studios/this_studio/inputs/generated/MIX_0550.inp"
}