{
  "converged": true,
  "method": "simplified_thermodynamic_model",
  "note": "Using simplified model until Cemdata18 integration complete",
  "temperature_K": 298.15,
  "pressure_bar": 1.01325,
  "CO2_fraction": 0.35,
  "pCO2_bar": 0.3546375,
  "phases": {
    "Calcite": {
      "moles": 0.015657830776875,
      "mass_kg": 0.0015671922824574186
    },
    "C-S-H_1.0": {
      "moles": 0.388176869223125,
      "mass_kg": 0.06599006776793126
    },
    "Silica_gel": {
      "moles": 0.8927407907768751,
      "mass_kg": 0.053635866709874656
    },
    "Ettringite": {
      "moles": 0.011960551666666666,
      "mass_kg": 0.015010492341666664
    },
    "Hydrotalcite": {
      "moles": 0.029014203,
      "mass_kg": 0.012853291929
    }
  },
  "pH": 8.7268125,
  "pe": 4.0,
  "Eh": 0.24,
  "system_mass_kg": 0.14905691103093,
  "input_composition": {
    "Ca": 0.4038347,
    "Si": 1.28091766,
    "Al": 0.54266472,
    "Fe": 0.07518652,
    "Mg": 0.09671401,
    "K": 0.06410463,
    "Na": 0.04692051,
    "S": 0.07176331,
    "O": 8.95799326,
    "H": 9.32541712,
    "C": 0.01766066
  },
  "execution_time": 0.00014972686767578125,
  "mix_id": "MIX_1649",
  "input_file": "/teamspace/studios/this_studio/inputs/generated/MIX_1649.inp"
}