{
  "converged": true,
  "method": "simplified_thermodynamic_model",
  "note": "Using simplified model until Cemdata18 integration complete",
  "temperature_K": 298.15,
  "pressure_bar": 1.01325,
  "CO2_fraction": 0.15,
  "pCO2_bar": 0.1519875,
  "phases": {
    "Calcite": {
      "moles": 0.0041997831946875,
      "mass_kg": 0.0004203562999562719
    },
    "C-S-H_1.0": {
      "moles": 0.6240033768053125,
      "mass_kg": 0.10608057405690313
    },
    "Silica_gel": {
      "moles": 1.1965498631946874,
      "mass_kg": 0.07188871578073681
    },
    "Ettringite": {
      "moles": 0.013669201666666667,
      "mass_kg": 0.017154848091666664
    },
    "Hydrotalcite": {
      "moles": 0.037722929999999995,
      "mass_kg": 0.01671125799
    }
  },
  "pH": 9.7400625,
  "pe": 4.0,
  "Eh": 0.24,
  "system_mass_kg": 0.21225575221926288,
  "input_composition": {
    "Ca": 0.62820316,
    "Si": 1.82055324,
    "Al": 0.68962636,
    "Fe": 0.13129085,
    "Mg": 0.1257431,
    "K": 0.08061489,
    "Na": 0.13819757,
    "S": 0.08201521,
    "O": 13.33109979,
    "H": 14.65422691,
    "C": 0.01105297
  },
  "execution_time": 9.298324584960938e-06,
  "mix_id": "MIX_4392",
  "input_file": "/teamspace/studios/this_studio/inputs/generated/MIX_4392.inp"
}