{
  "converged": true,
  "method": "simplified_thermodynamic_model",
  "note": "Using simplified model until Cemdata18 integration complete",
  "temperature_K": 298.15,
  "pressure_bar": 1.01325,
  "CO2_fraction": 0.4,
  "pCO2_bar": 0.4053,
  "phases": {
    "Calcite": {
      "moles": 0.03248903,
      "mass_kg": 0.0032518270127
    },
    "C-S-H_1.0": {
      "moles": 0.8888803599999999,
      "mass_kg": 0.1511096612
    },
    "Silica_gel": {
      "moles": 0.61092353,
      "mass_kg": 0.0367042856824
    },
    "Ettringite": {
      "moles": 0.030755703333333332,
      "mass_kg": 0.03859840768333333
    },
    "Hydrotalcite": {
      "moles": 0.059159792999999995,
      "mass_kg": 0.026207788298999998
    }
  },
  "pH": 8.5,
  "pe": 4.0,
  "Eh": 0.24,
  "system_mass_kg": 0.2558719698774333,
  "input_composition": {
    "Ca": 0.92136939,
    "Si": 1.49980389,
    "Al": 0.67632719,
    "Fe": 0.07312751,
    "Mg": 0.19719931,
    "K": 0.06227016,
    "Na": 0.15233141,
    "S": 0.18453422,
    "O": 15.29365715,
    "H": 18.65083423,
    "C": 0.03248903
  },
  "execution_time": 2.1696090698242188e-05,
  "mix_id": "MIX_3913",
  "input_file": "/teamspace/studios/this_studio/inputs/generated/MIX_3913.inp"
}