{
  "converged": true,
  "method": "simplified_thermodynamic_model",
  "note": "Using simplified model until Cemdata18 integration complete",
  "temperature_K": 298.15,
  "pressure_bar": 1.01325,
  "CO2_fraction": 0.4,
  "pCO2_bar": 0.4053,
  "phases": {
    "Calcite": {
      "moles": 0.03248903,
      "mass_kg": 0.0032518270127
    },
    "C-S-H_1.0": {
      "moles": 0.5370808899999999,
      "mass_kg": 0.0913037513
    },
    "Silica_gel": {
      "moles": 1.3563699200000001,
      "mass_kg": 0.0814907047936
    },
    "Ettringite": {
      "moles": 0.010251901666666667,
      "mass_kg": 0.012866136591666666
    },
    "Hydrotalcite": {
      "moles": 0.033435555,
      "mass_kg": 0.014811950865
    }
  },
  "pH": 8.5,
  "pe": 4.0,
  "Eh": 0.24,
  "system_mass_kg": 0.20372437056296666,
  "input_composition": {
    "Ca": 0.56956992,
    "Si": 1.89345081,
    "Al": 0.69228619,
    "Fe": 0.14292352,
    "Mg": 0.11145185,
    "K": 0.08428383,
    "Na": 0.15233141,
    "S": 0.06151141,
    "O": 15.41397498,
    "H": 18.65083423,
    "C": 0.03248903
  },
  "execution_time": 9.775161743164062e-06,
  "mix_id": "MIX_4585",
  "input_file": "/teamspace/studios/this_studio/inputs/generated/MIX_4585.inp"
}