{
  "converged": true,
  "method": "simplified_thermodynamic_model",
  "note": "Using simplified model until Cemdata18 integration complete",
  "temperature_K": 298.15,
  "pressure_bar": 1.01325,
  "CO2_fraction": 0.4,
  "pCO2_bar": 0.4053,
  "phases": {
    "Calcite": {
      "moles": 0.023906,
      "mass_kg": 0.00239275154
    },
    "C-S-H_1.0": {
      "moles": 0.53608787,
      "mass_kg": 0.0911349379
    },
    "Silica_gel": {
      "moles": 0.9463660199999999,
      "mass_kg": 0.056857670481599995
    },
    "Ettringite": {
      "moles": 0.015377851666666666,
      "mass_kg": 0.019299203841666664
    },
    "Hydrotalcite": {
      "moles": 0.036584094,
      "mass_kg": 0.016206753642
    }
  },
  "pH": 8.5,
  "pe": 4.0,
  "Eh": 0.24,
  "system_mass_kg": 0.18589131740526665,
  "input_composition": {
    "Ca": 0.55999387,
    "Si": 1.48245389,
    "Al": 0.61415066,
    "Fe": 0.09451418,
    "Mg": 0.12194698,
    "K": 0.06960805,
    "Na": 0.05557388,
    "S": 0.09226711,
    "O": 10.59238526,
    "H": 10.99067014,
    "C": 0.023906
  },
  "execution_time": 1.1682510375976562e-05,
  "mix_id": "MIX_3008",
  "input_file": "/teamspace/studios/this_studio/inputs/generated/MIX_3008.inp"
}