{
  "converged": true,
  "method": "simplified_thermodynamic_model",
  "note": "Using simplified model until Cemdata18 integration complete",
  "temperature_K": 298.15,
  "pressure_bar": 1.01325,
  "CO2_fraction": 0.35,
  "pCO2_bar": 0.3546375,
  "phases": {
    "Calcite": {
      "moles": 0.0295188640621875,
      "mass_kg": 0.0029545431039843468
    },
    "C-S-H_1.0": {
      "moles": 0.9504837759378125,
      "mass_kg": 0.16158224190942813
    },
    "Silica_gel": {
      "moles": 0.45076787406218755,
      "mass_kg": 0.02708213387365623
    },
    "Ettringite": {
      "moles": 0.034173003333333334,
      "mass_kg": 0.04288711918333333
    },
    "Hydrotalcite": {
      "moles": 0.063447168,
      "mass_kg": 0.028107095424
    }
  },
  "pH": 8.7268125,
  "pe": 4.0,
  "Eh": 0.24,
  "system_mass_kg": 0.262613133494402,
  "input_composition": {
    "Ca": 0.98000264,
    "Si": 1.40125165,
    "Al": 0.67366736,
    "Fe": 0.06149484,
    "Mg": 0.21149056,
    "K": 0.05860121,
    "Na": 0.0884567,
    "S": 0.20503802,
    "O": 19.17399662,
    "H": 26.64404884,
    "C": 0.03329469
  },
  "execution_time": 9.775161743164062e-06,
  "mix_id": "MIX_3779",
  "input_file": "/teamspace/studios/this_studio/inputs/generated/MIX_3779.inp"
}