{
  "converged": true,
  "method": "simplified_thermodynamic_model",
  "note": "Using simplified model until Cemdata18 integration complete",
  "temperature_K": 298.15,
  "pressure_bar": 1.01325,
  "CO2_fraction": 0.3,
  "pCO2_bar": 0.303975,
  "phases": {
    "Calcite": {
      "moles": 0.017444160129374997,
      "mass_kg": 0.0017459859873491434
    },
    "C-S-H_1.0": {
      "moles": 0.322675029870625,
      "mass_kg": 0.05485475507800626
    },
    "Silica_gel": {
      "moles": 1.413841790129375,
      "mass_kg": 0.08494361475097285
    },
    "Ettringite": {
      "moles": 0.002562975,
      "mass_kg": 0.0032165336249999994
    },
    "Hydrotalcite": {
      "moles": 0.020506445999999998,
      "mass_kg": 0.009084355577999999
    }
  },
  "pH": 8.980125000000001,
  "pe": 4.0,
  "Eh": 0.24,
  "system_mass_kg": 0.15384524501932825,
  "input_composition": {
    "Ca": 0.34011919,
    "Si": 1.73651682,
    "Al": 0.62412504,
    "Fe": 0.13813669,
    "Mg": 0.06835482,
    "K": 0.0833666,
    "Na": 0.07114995,
    "S": 0.01537785,
    "O": 15.18571987,
    "H": 19.98303666,
    "C": 0.02295473
  },
  "execution_time": 1.7404556274414062e-05,
  "mix_id": "MIX_3539",
  "input_file": "/teamspace/studios/this_studio/inputs/generated/MIX_3539.inp"
}