{
  "converged": true,
  "method": "simplified_thermodynamic_model",
  "note": "Using simplified model until Cemdata18 integration complete",
  "temperature_K": 298.15,
  "pressure_bar": 1.01325,
  "CO2_fraction": 0.15,
  "pCO2_bar": 0.1519875,
  "phases": {
    "Calcite": {
      "moles": 0.0044145453318749995,
      "mass_kg": 0.0004418518422673687
    },
    "C-S-H_1.0": {
      "moles": 0.511604384668125,
      "mass_kg": 0.08697274539358126
    },
    "Silica_gel": {
      "moles": 1.066314755331875,
      "mass_kg": 0.06406419050033905
    },
    "Ettringite": {
      "moles": 0.012814876666666667,
      "mass_kg": 0.016082670216666668
    },
    "Hydrotalcite": {
      "moles": 0.033368564999999996,
      "mass_kg": 0.014782274294999998
    }
  },
  "pH": 9.7400625,
  "pe": 4.0,
  "Eh": 0.24,
  "system_mass_kg": 0.18234373224785436,
  "input_composition": {
    "Ca": 0.51601893,
    "Si": 1.57791914,
    "Al": 0.61614554,
    "Fe": 0.10323869,
    "Mg": 0.11122855,
    "K": 0.07235976,
    "Na": 0.14526449,
    "S": 0.07688926,
    "O": 15.21639668,
    "H": 19.98303667,
    "C": 0.01161818
  },
  "execution_time": 1.3113021850585938e-05,
  "mix_id": "MIX_3051",
  "input_file": "/teamspace/studios/this_studio/inputs/generated/MIX_3051.inp"
}