{
  "converged": true,
  "method": "simplified_thermodynamic_model",
  "note": "Using simplified model until Cemdata18 integration complete",
  "temperature_K": 298.15,
  "pressure_bar": 1.01325,
  "CO2_fraction": 0.15,
  "pCO2_bar": 0.1519875,
  "phases": {
    "Calcite": {
      "moles": 0.0019447864537499998,
      "mass_kg": 0.0001946536761558375
    },
    "C-S-H_1.0": {
      "moles": 0.11380594354625,
      "mass_kg": 0.0193470104028625
    },
    "Silica_gel": {
      "moles": 1.12646259645375,
      "mass_kg": 0.06767787279494131
    },
    "Ettringite": {
      "moles": 0.000854325,
      "mass_kg": 0.0010721778749999999
    },
    "Hydrotalcite": {
      "moles": 0.011797719,
      "mass_kg": 0.005226389517
    }
  },
  "pH": 9.7400625,
  "pe": 4.0,
  "Eh": 0.24,
  "system_mass_kg": 0.09351810426595965,
  "input_composition": {
    "Ca": 0.11575073,
    "Si": 1.24026854,
    "Al": 0.47716339,
    "Fe": 0.08203236,
    "Mg": 0.03932573,
    "K": 0.06685634,
    "Na": 0.0639949,
    "S": 0.00512595,
    "O": 5.39722558,
    "H": 3.66355677,
    "C": 0.00511828
  },
  "execution_time": 9.298324584960938e-06,
  "mix_id": "MIX_1032",
  "input_file": "/teamspace/studios/this_studio/inputs/generated/MIX_1032.inp"
}