{
  "converged": true,
  "method": "simplified_thermodynamic_model",
  "note": "Using simplified model until Cemdata18 integration complete",
  "temperature_K": 298.15,
  "pressure_bar": 1.01325,
  "CO2_fraction": 0.15,
  "pCO2_bar": 0.1519875,
  "phases": {
    "Calcite": {
      "moles": 0.0021463256784374995,
      "mass_kg": 0.0002148257371548093
    },
    "C-S-H_1.0": {
      "moles": 0.1282627143215625,
      "mass_kg": 0.021804661434665626
    },
    "Silica_gel": {
      "moles": 1.0898025356784375,
      "mass_kg": 0.06547533634356054
    },
    "Ettringite": {
      "moles": 0.00170865,
      "mass_kg": 0.0021443557499999997
    },
    "Hydrotalcite": {
      "moles": 0.012869562,
      "mass_kg": 0.0057012159659999995
    }
  },
  "pH": 9.7400625,
  "pe": 4.0,
  "Eh": 0.24,
  "system_mass_kg": 0.09534039523138096,
  "input_composition": {
    "Ca": 0.13040904,
    "Si": 1.21806525,
    "Al": 0.47649844,
    "Fe": 0.07912419,
    "Mg": 0.04289854,
    "K": 0.06593911,
    "Na": 0.05274692,
    "S": 0.0102519,
    "O": 6.37519832,
    "H": 5.6618604,
    "C": 0.00564869
  },
  "execution_time": 1.0728836059570312e-05,
  "mix_id": "MIX_0918",
  "input_file": "/teamspace/studios/this_studio/inputs/generated/MIX_0918.inp"
}