{
  "converged": true,
  "method": "simplified_thermodynamic_model",
  "note": "Using simplified model until Cemdata18 integration complete",
  "temperature_K": 298.15,
  "pressure_bar": 1.01325,
  "CO2_fraction": 0.4,
  "pCO2_bar": 0.4053,
  "phases": {
    "Calcite": {
      "moles": 0.03269213,
      "mass_kg": 0.0032721552916999998
    },
    "C-S-H_1.0": {
      "moles": 0.47824454,
      "mass_kg": 0.0813015718
    },
    "Silica_gel": {
      "moles": 1.5014897200000001,
      "mass_kg": 0.0902095023776
    },
    "Ettringite": {
      "moles": 0.0068346,
      "mass_kg": 0.008577422999999999
    },
    "Hydrotalcite": {
      "moles": 0.029148182999999998,
      "mass_kg": 0.012912645068999999
    }
  },
  "pH": 8.5,
  "pe": 4.0,
  "Eh": 0.24,
  "system_mass_kg": 0.1962732975383,
  "input_composition": {
    "Ca": 0.51093667,
    "Si": 1.97973426,
    "Al": 0.69494602,
    "Fe": 0.15455619,
    "Mg": 0.09716061,
    "K": 0.08795278,
    "Na": 0.19241863,
    "S": 0.0410076,
    "O": 15.49582899,
    "H": 18.65083419,
    "C": 0.03269213
  },
  "execution_time": 9.298324584960938e-06,
  "mix_id": "MIX_4701",
  "input_file": "/teamspace/studios/this_studio/inputs/generated/MIX_4701.inp"
}