{
  "converged": true,
  "method": "simplified_thermodynamic_model",
  "note": "Using simplified model until Cemdata18 integration complete",
  "temperature_K": 298.15,
  "pressure_bar": 1.01325,
  "CO2_fraction": 0.25,
  "pCO2_bar": 0.2533125,
  "phases": {
    "Calcite": {
      "moles": 0.007988690981249998,
      "mass_kg": 0.0007995880803133123
    },
    "C-S-H_1.0": {
      "moles": 0.24926288901875,
      "mass_kg": 0.0423746911331875
    },
    "Silica_gel": {
      "moles": 1.19567432098125,
      "mass_kg": 0.07183611320455349
    },
    "Ettringite": {
      "moles": 0.0034173,
      "mass_kg": 0.0042887114999999995
    },
    "Hydrotalcite": {
      "moles": 0.01829577,
      "mass_kg": 0.00810502611
    }
  },
  "pH": 9.2334375,
  "pe": 4.0,
  "Eh": 0.24,
  "system_mass_kg": 0.1274041300280543,
  "input_composition": {
    "Ca": 0.25725158,
    "Si": 1.44493721,
    "Al": 0.5493143,
    "Fe": 0.10426819,
    "Mg": 0.0609859,
    "K": 0.073277,
    "Na": 0.04692051,
    "S": 0.0205038,
    "O": 8.99803388,
    "H": 9.32541712,
    "C": 0.01261476
  },
  "execution_time": 1.1682510375976562e-05,
  "mix_id": "MIX_2177",
  "input_file": "/teamspace/studios/this_studio/inputs/generated/MIX_2177.inp"
}