{
  "converged": true,
  "method": "simplified_thermodynamic_model",
  "note": "Using simplified model until Cemdata18 integration complete",
  "temperature_K": 298.15,
  "pressure_bar": 1.01325,
  "CO2_fraction": 0.3,
  "pCO2_bar": 0.303975,
  "phases": {
    "Calcite": {
      "moles": 0.015081035681249999,
      "mass_kg": 0.0015094608613363124
    },
    "C-S-H_1.0": {
      "moles": 0.28106322431874997,
      "mass_kg": 0.0477807481341875
    },
    "Silica_gel": {
      "moles": 1.5319506056812502,
      "mass_kg": 0.09203959238932952
    },
    "Hydrotalcite": {
      "moles": 0.017290917,
      "mass_kg": 0.007659876231
    }
  },
  "pH": 8.980125000000001,
  "pe": 4.0,
  "Eh": 0.24,
  "system_mass_kg": 0.14898967761585333,
  "input_composition": {
    "Ca": 0.29614426,
    "Si": 1.81301383,
    "Al": 0.62611991,
    "Fe": 0.1468612,
    "Mg": 0.05763639,
    "K": 0.08611831,
    "Na": 0.12406373,
    "S": 0.0,
    "O": 12.27812403,
    "H": 13.98812569,
    "C": 0.0198451
  },
  "execution_time": 7.867813110351562e-06,
  "mix_id": "MIX_3657",
  "input_file": "/teamspace/studios/this_studio/inputs/generated/MIX_3657.inp"
}