{
  "converged": true,
  "method": "simplified_thermodynamic_model",
  "note": "Using simplified model until Cemdata18 integration complete",
  "temperature_K": 298.15,
  "pressure_bar": 1.01325,
  "CO2_fraction": 0.3,
  "pCO2_bar": 0.303975,
  "phases": {
    "Calcite": {
      "moles": 0.013281131311875,
      "mass_kg": 0.0013293084330055686
    },
    "C-S-H_1.0": {
      "moles": 0.36123694868812495,
      "mass_kg": 0.06141028127698125
    },
    "Silica_gel": {
      "moles": 0.9703698113118749,
      "mass_kg": 0.05829981826361745
    },
    "Ettringite": {
      "moles": 0.010251901666666667,
      "mass_kg": 0.012866136591666666
    },
    "Hydrotalcite": {
      "moles": 0.026870514,
      "mass_kg": 0.011903637702000001
    }
  },
  "pH": 8.980125000000001,
  "pe": 4.0,
  "Eh": 0.24,
  "system_mass_kg": 0.14580918226727094,
  "input_composition": {
    "Ca": 0.37451808,
    "Si": 1.33160676,
    "Al": 0.54399463,
    "Fe": 0.08100285,
    "Mg": 0.08956838,
    "K": 0.06593911,
    "Na": 0.08159744,
    "S": 0.06151141,
    "O": 11.01906414,
    "H": 13.32202445,
    "C": 0.01747661
  },
  "execution_time": 1.1920928955078125e-05,
  "mix_id": "MIX_1751",
  "input_file": "/teamspace/studios/this_studio/inputs/generated/MIX_1751.inp"
}